,yq,s,mw,C,D,accuracy_train,precision_train,recall_train,accuracy_test,precision_test,recall_test
0,0.6,4,0.0,3,3,0.8002610966057441,0.7946768060836502,0.6785714285714286,0.7647058823529411,0.7916666666666666,0.5588235294117647
1,0.7,5,1.2,3,2,0.7924281984334204,0.6714975845410628,0.6043478260869565,0.7176470588235294,0.5357142857142857,0.5769230769230769
2,0.6,3,1.2,3,2,0.7754569190600522,0.7281879194630873,0.7045454545454546,0.788235294117647,0.7222222222222222,0.7647058823529411
3,0.5,0,1.6,1,3,0.734640522875817,0.7472527472527473,0.7101827676240209,0.7441860465116279,0.7333333333333333,0.7674418604651163
4,0.7,7,1.6,3,3,0.814621409921671,0.6995515695067265,0.6753246753246753,0.7176470588235294,0.5294117647058824,0.36
5,0.6,5,1.6,2,3,0.7872062663185379,0.7983539094650206,0.6298701298701299,0.6941176470588235,0.6428571428571429,0.5294117647058824
6,0.5,9,0.8,2,3,0.7650130548302873,0.8090909090909091,0.6953125,0.7529411764705882,0.8,0.6666666666666666
7,0.6,8,1.2,2,2,0.7754569190600522,0.7361111111111112,0.6883116883116883,0.8,0.7575757575757576,0.7352941176470589
8,0.5,2,0.0,3,2,0.7741514360313316,0.8240740740740741,0.6971279373368147,0.7411764705882353,0.7692307692307693,0.6976744186046512
9,0.5,2,1.6,2,2,0.7637075718015666,0.7953216374269005,0.7101827676240209,0.7294117647058823,0.75,0.6976744186046512
10,0.7,1,0.8,3,3,0.8054830287206266,0.7098445595854922,0.5956521739130435,0.8117647058823529,0.7272727272727273,0.6153846153846154
11,0.7,9,2.0,2,2,0.7924281984334204,0.6730769230769231,0.6060606060606061,0.7764705882352941,0.6363636363636364,0.56
12,0.7,3,1.2,1,3,0.793733681462141,0.7,0.5478260869565217,0.7176470588235294,0.55,0.4230769230769231
13,0.6,5,0.8,1,3,0.762402088772846,0.7603305785123967,0.5974025974025974,0.7411764705882353,0.7142857142857143,0.5882352941176471
14,0.5,2,1.2,2,3,0.7650130548302873,0.8222222222222222,0.6762402088772846,0.7411764705882353,0.7837837837837838,0.6744186046511628
15,0.5,0,1.6,3,2,0.7830065359477124,0.8144927536231884,0.7336814621409922,0.686046511627907,0.7222222222222222,0.6046511627906976
16,0.5,4,0.4,2,3,0.7715404699738904,0.782608695652174,0.7519582245430809,0.7176470588235294,0.7111111111111111,0.7441860465116279
17,0.7,6,0.8,3,2,0.7976501305483029,0.680952380952381,0.6190476190476191,0.7764705882352941,0.6153846153846154,0.64
18,0.5,3,0.8,1,3,0.7349869451697127,0.7284263959390863,0.7493472584856397,0.788235294117647,0.7777777777777778,0.813953488372093
19,0.6,6,0.4,1,2,0.7637075718015666,0.7591836734693878,0.6038961038961039,0.7294117647058823,0.7391304347826086,0.5
20,0.7,4,1.6,1,3,0.7859007832898173,0.6422413793103449,0.6478260869565218,0.788235294117647,0.6428571428571429,0.6923076923076923
21,0.7,1,1.2,3,2,0.7859007832898173,0.6556603773584906,0.6043478260869565,0.8823529411764706,0.8636363636363636,0.7307692307692307
22,0.5,9,0.4,1,3,0.7467362924281984,0.7567567567567568,0.7291666666666666,0.7294117647058823,0.7567567567567568,0.6666666666666666
23,0.6,2,0.4,1,2,0.7597911227154047,0.75,0.6038961038961039,0.7529411764705882,0.7407407407407407,0.5882352941176471
24,0.7,2,0.4,2,2,0.7950391644908616,0.642023346303502,0.717391304347826,0.7411764705882353,0.5833333333333334,0.5384615384615384
25,0.5,9,2.0,1,2,0.7297650130548303,0.7196029776674938,0.7552083333333334,0.7058823529411765,0.717948717948718,0.6666666666666666
26,0.6,2,1.6,1,3,0.7610966057441253,0.7551020408163265,0.6006493506493507,0.7529411764705882,0.7407407407407407,0.5882352941176471
27,0.7,7,0.4,3,2,0.8015665796344648,0.6820276497695853,0.6406926406926406,0.7529411764705882,0.6111111111111112,0.44
28,0.6,6,2.0,2,3,0.7872062663185379,0.7457627118644068,0.7142857142857143,0.7058823529411765,0.6451612903225806,0.5882352941176471
29,0.6,9,0.0,1,3,0.7676240208877284,0.7777777777777778,0.5909090909090909,0.6823529411764706,0.6,0.6176470588235294
30,0.7,0,0.0,2,3,0.8065359477124183,0.6863636363636364,0.6565217391304348,0.7209302325581395,0.5384615384615384,0.5384615384615384
31,0.7,4,1.2,3,3,0.8120104438642297,0.7263157894736842,0.6,0.7529411764705882,0.6086956521739131,0.5384615384615384
32,0.7,2,2.0,2,3,0.8067885117493473,0.7070707070707071,0.6086956521739131,0.7294117647058823,0.5652173913043478,0.5
33,0.6,8,2.0,1,2,0.7467362924281984,0.7050359712230215,0.6363636363636364,0.8117647058823529,0.7647058823529411,0.7647058823529411
34,0.6,9,2.0,1,3,0.7676240208877284,0.7559055118110236,0.6233766233766234,0.6823529411764706,0.6,0.6176470588235294
35,0.5,0,0.0,1,3,0.7398692810457517,0.7598870056497176,0.7023498694516971,0.686046511627907,0.7,0.6511627906976745
36,0.7,2,0.4,1,2,0.7859007832898173,0.6330645161290323,0.6826086956521739,0.7411764705882353,0.5833333333333334,0.5384615384615384
37,0.6,2,0.0,3,3,0.8015665796344648,0.7746478873239436,0.7142857142857143,0.7058823529411765,0.6363636363636364,0.6176470588235294
38,0.6,2,0.4,3,2,0.7845953002610966,0.7457044673539519,0.7045454545454546,0.7764705882352941,0.7272727272727273,0.7058823529411765
39,0.7,2,0.8,2,3,0.8067885117493473,0.7070707070707071,0.6086956521739131,0.7294117647058823,0.5652173913043478,0.5
40,0.7,5,2.0,1,3,0.7819843342036553,0.6932515337423313,0.49130434782608695,0.788235294117647,0.7222222222222222,0.5
41,0.7,6,1.6,3,3,0.8107049608355091,0.7362637362637363,0.5800865800865801,0.8352941176470589,0.7619047619047619,0.64
42,0.5,3,2.0,3,3,0.7845953002610966,0.8011049723756906,0.7571801566579635,0.6941176470588235,0.7073170731707317,0.6744186046511628
43,0.5,3,1.2,1,3,0.7349869451697127,0.7284263959390863,0.7493472584856397,0.788235294117647,0.7777777777777778,0.813953488372093
44,0.7,8,0.8,3,3,0.8172323759791122,0.7219512195121951,0.6406926406926406,0.7647058823529411,0.6190476190476191,0.52
45,0.7,5,0.0,2,2,0.7924281984334204,0.6731707317073171,0.6,0.8,0.7368421052631579,0.5384615384615384
46,0.6,8,0.0,3,2,0.7780678851174935,0.7518248175182481,0.6688311688311688,0.8,0.7575757575757576,0.7352941176470589
47,0.7,0,0.4,3,2,0.8052287581699347,0.6919431279620853,0.6347826086956522,0.7441860465116279,0.5769230769230769,0.5769230769230769
48,0.5,2,0.4,3,3,0.7859007832898173,0.8033240997229917,0.7571801566579635,0.7294117647058823,0.7083333333333334,0.7906976744186046
49,0.6,3,1.2,2,3,0.7806788511749347,0.782258064516129,0.6298701298701299,0.7411764705882353,0.7307692307692307,0.5588235294117647
50,0.5,0,1.2,3,2,0.7790849673202614,0.8057142857142857,0.7362924281984334,0.7209302325581395,0.7435897435897436,0.6744186046511628
51,0.7,1,0.4,2,3,0.7911227154046997,0.6715686274509803,0.5956521739130435,0.8823529411764706,0.9,0.6923076923076923
52,0.5,5,0.8,3,2,0.7728459530026109,0.8235294117647058,0.6945169712793734,0.7529411764705882,0.7894736842105263,0.6976744186046512
53,0.7,3,0.4,2,3,0.8093994778067886,0.71875,0.6,0.7529411764705882,0.631578947368421,0.46153846153846156
54,0.5,0,0.8,1,3,0.734640522875817,0.7472527472527473,0.7101827676240209,0.7441860465116279,0.7333333333333333,0.7674418604651163
55,0.5,7,0.0,3,3,0.783289817232376,0.8303030303030303,0.7135416666666666,0.7764705882352941,0.8108108108108109,0.7142857142857143
56,0.5,5,2.0,1,3,0.7441253263707572,0.7367088607594937,0.7597911227154047,0.6823529411764706,0.6666666666666666,0.7441860465116279
57,0.6,7,0.0,1,3,0.762402088772846,0.7560975609756098,0.6038961038961039,0.7411764705882353,0.7307692307692307,0.5588235294117647
58,0.6,6,0.4,3,3,0.7976501305483029,0.7741935483870968,0.7012987012987013,0.7764705882352941,0.7586206896551724,0.6470588235294118
59,0.6,3,1.2,1,2,0.7480417754569191,0.7060931899641577,0.6396103896103896,0.8235294117647058,0.8064516129032258,0.7352941176470589
60,0.6,1,0.0,1,3,0.7637075718015666,0.7316176470588235,0.6482084690553745,0.7529411764705882,0.7333333333333333,0.6285714285714286
61,0.7,7,0.0,2,3,0.8067885117493473,0.726775956284153,0.5757575757575758,0.7529411764705882,0.6111111111111112,0.44
62,0.5,0,0.4,3,3,0.788235294117647,0.8298507462686567,0.7258485639686684,0.7325581395348837,0.7631578947368421,0.6744186046511628
63,0.7,4,1.6,3,3,0.8198433420365535,0.7346938775510204,0.6260869565217392,0.7529411764705882,0.6086956521739131,0.5384615384615384
64,0.6,3,0.8,2,3,0.7819843342036553,0.7545126353790613,0.6785714285714286,0.7647058823529411,0.7333333333333333,0.6470588235294118
65,0.6,9,0.4,2,2,0.779373368146214,0.7662835249042146,0.6493506493506493,0.7176470588235294,0.631578947368421,0.7058823529411765
66,0.5,9,0.0,1,2,0.7349869451697127,0.7191283292978208,0.7734375,0.7294117647058823,0.7567567567567568,0.6666666666666666
67,0.7,9,0.0,2,2,0.7885117493472585,0.6751269035532995,0.5757575757575758,0.8,0.7,0.56
68,0.6,6,2.0,2,2,0.7780678851174935,0.7346938775510204,0.7012987012987013,0.7176470588235294,0.6666666666666666,0.5882352941176471
69,0.5,2,0.0,1,2,0.7389033942558747,0.7577464788732394,0.7023498694516971,0.6705882352941176,0.6530612244897959,0.7441860465116279
70,0.7,5,0.4,1,3,0.7859007832898173,0.6853932584269663,0.5304347826086957,0.788235294117647,0.7222222222222222,0.5
71,0.7,7,1.6,2,3,0.8054830287206266,0.7029702970297029,0.6147186147186147,0.7529411764705882,0.6,0.48
72,0.7,6,0.4,2,2,0.7924281984334204,0.6764705882352942,0.5974025974025974,0.7764705882352941,0.6153846153846154,0.64
73,0.7,4,0.8,1,3,0.7859007832898173,0.6422413793103449,0.6478260869565218,0.788235294117647,0.6428571428571429,0.6923076923076923
74,0.7,0,1.6,3,2,0.8052287581699347,0.6956521739130435,0.6260869565217392,0.7441860465116279,0.5769230769230769,0.5769230769230769
75,0.7,6,0.8,1,3,0.7845953002610966,0.6813186813186813,0.5367965367965368,0.788235294117647,0.6521739130434783,0.6
76,0.6,3,2.0,2,3,0.779373368146214,0.7704280155642024,0.6428571428571429,0.7647058823529411,0.7333333333333333,0.6470588235294118
77,0.7,8,0.4,1,3,0.7911227154046997,0.6497890295358649,0.6666666666666666,0.7411764705882353,0.56,0.56
78,0.5,9,0.4,1,2,0.7349869451697127,0.7191283292978208,0.7734375,0.7294117647058823,0.7567567567567568,0.6666666666666666
79,0.6,6,0.8,1,3,0.7637075718015666,0.7613168724279835,0.6006493506493507,0.7294117647058823,0.7391304347826086,0.5
80,0.7,4,1.6,3,2,0.7859007832898173,0.65,0.6217391304347826,0.7411764705882353,0.5714285714285714,0.6153846153846154
81,0.7,1,2.0,1,2,0.7754569190600522,0.6593406593406593,0.5217391304347826,0.8823529411764706,0.8636363636363636,0.7307692307692307
82,0.7,5,1.6,2,3,0.8002610966057441,0.7015706806282722,0.5826086956521739,0.788235294117647,0.7,0.5384615384615384
83,0.6,7,2.0,2,3,0.7780678851174935,0.7827868852459017,0.6201298701298701,0.7411764705882353,0.7307692307692307,0.5588235294117647
84,0.7,7,2.0,2,3,0.8067885117493473,0.7064676616915423,0.6147186147186147,0.7764705882352941,0.6666666666666666,0.48
85,0.5,6,0.4,2,2,0.7571801566579635,0.8074534161490683,0.6770833333333334,0.7176470588235294,0.725,0.6904761904761905
86,0.7,9,0.8,1,2,0.7819843342036553,0.6311475409836066,0.6666666666666666,0.7529411764705882,0.5625,0.72
87,0.5,5,2.0,2,2,0.7545691906005222,0.782608695652174,0.7049608355091384,0.7176470588235294,0.7567567567567568,0.6511627906976745
88,0.7,0,1.6,2,2,0.7986928104575164,0.7,0.5782608695652174,0.7441860465116279,0.5833333333333334,0.5384615384615384
89,0.6,9,0.4,3,2,0.7819843342036553,0.7640449438202247,0.6623376623376623,0.7058823529411765,0.6216216216216216,0.6764705882352942
90,0.5,3,0.4,3,2,0.7754569190600522,0.8057971014492754,0.7258485639686684,0.7294117647058823,0.7380952380952381,0.7209302325581395
91,0.5,2,0.8,1,3,0.741514360313316,0.7353689567430025,0.7545691906005222,0.6941176470588235,0.6491228070175439,0.8604651162790697
92,0.6,8,0.0,2,2,0.7754569190600522,0.7361111111111112,0.6883116883116883,0.8,0.7575757575757576,0.7352941176470589
93,0.5,8,1.2,1,3,0.7467362924281984,0.7328431372549019,0.7786458333333334,0.7411764705882353,0.7631578947368421,0.6904761904761905
94,0.5,3,0.0,2,2,0.762402088772846,0.8150470219435737,0.6788511749347258,0.6823529411764706,0.7105263157894737,0.627906976744186
95,0.5,2,1.2,3,3,0.7702349869451697,0.7883008356545961,0.7389033942558747,0.6941176470588235,0.6976744186046512,0.6976744186046512
96,0.6,2,2.0,2,2,0.7780678851174935,0.7464285714285714,0.6785714285714286,0.788235294117647,0.75,0.7058823529411765
97,0.6,5,1.2,3,2,0.783289817232376,0.7553956834532374,0.6818181818181818,0.6823529411764706,0.6060606060606061,0.5882352941176471
98,0.5,5,1.6,1,2,0.737597911227154,0.7219512195121951,0.7728459530026109,0.6823529411764706,0.6666666666666666,0.7441860465116279
99,0.6,8,1.6,3,2,0.7702349869451697,0.7426470588235294,0.6558441558441559,0.7529411764705882,0.7241379310344828,0.6176470588235294
100,0.6,3,1.2,2,2,0.7689295039164491,0.7347670250896058,0.6655844155844156,0.8352941176470589,0.8333333333333334,0.7352941176470589
101,0.5,5,0.0,1,2,0.7402088772845953,0.7584269662921348,0.7049608355091384,0.6823529411764706,0.6904761904761905,0.6744186046511628
102,0.5,5,2.0,3,3,0.7845953002610966,0.807909604519774,0.7467362924281984,0.7176470588235294,0.7435897435897436,0.6744186046511628
103,0.6,5,2.0,3,2,0.7845953002610966,0.7474048442906575,0.7012987012987013,0.6823529411764706,0.6060606060606061,0.5882352941176471
104,0.7,5,1.2,1,2,0.783289817232376,0.6702127659574468,0.5478260869565217,0.788235294117647,0.7222222222222222,0.5
105,0.7,1,1.6,1,2,0.7754569190600522,0.6593406593406593,0.5217391304347826,0.8823529411764706,0.8636363636363636,0.7307692307692307
106,0.7,0,0.8,1,2,0.792156862745098,0.6939890710382514,0.5521739130434783,0.7558139534883721,0.6086956521739131,0.5384615384615384
107,0.5,5,0.0,2,3,0.7767624020887729,0.8117647058823529,0.720626631853786,0.6823529411764706,0.7105263157894737,0.627906976744186
108,0.6,2,0.0,2,2,0.7780678851174935,0.7464285714285714,0.6785714285714286,0.788235294117647,0.75,0.7058823529411765
109,0.5,4,1.6,1,3,0.7441253263707572,0.7547683923705722,0.7232375979112271,0.6941176470588235,0.717948717948718,0.6511627906976745
110,0.5,6,2.0,2,3,0.7650130548302873,0.8090909090909091,0.6953125,0.7176470588235294,0.7045454545454546,0.7380952380952381
111,0.5,6,1.6,3,2,0.7676240208877284,0.8065476190476191,0.7057291666666666,0.7058823529411765,0.7073170731707317,0.6904761904761905
112,0.5,6,2.0,3,2,0.7676240208877284,0.8065476190476191,0.7057291666666666,0.7058823529411765,0.7073170731707317,0.6904761904761905
113,0.6,0,0.4,3,2,0.788235294117647,0.7491408934707904,0.7100977198697068,0.7558139534883721,0.7692307692307693,0.5714285714285714
114,0.6,7,1.2,1,3,0.762402088772846,0.7441860465116279,0.6233766233766234,0.7176470588235294,0.6785714285714286,0.5588235294117647
115,0.6,8,1.2,1,2,0.7467362924281984,0.7050359712230215,0.6363636363636364,0.8117647058823529,0.7647058823529411,0.7647058823529411
116,0.6,0,0.8,1,3,0.7633986928104575,0.7581967213114754,0.6026058631921825,0.7209302325581395,0.7619047619047619,0.45714285714285713
117,0.5,8,2.0,3,2,0.7780678851174935,0.8282208588957055,0.703125,0.6823529411764706,0.7419354838709677,0.5476190476190477
118,0.7,7,2.0,3,2,0.7989556135770235,0.6807511737089202,0.6277056277056277,0.7411764705882353,0.5789473684210527,0.44
119,0.6,7,0.0,3,2,0.783289817232376,0.7465277777777778,0.698051948051948,0.7294117647058823,0.6774193548387096,0.6176470588235294
120,0.6,3,2.0,3,2,0.779373368146214,0.7564575645756457,0.6655844155844156,0.7764705882352941,0.7419354838709677,0.6764705882352942
121,0.6,7,1.2,2,3,0.7898172323759791,0.7615658362989324,0.6948051948051948,0.7529411764705882,0.7096774193548387,0.6470588235294118
122,0.6,4,1.2,1,3,0.7558746736292428,0.7489711934156379,0.5909090909090909,0.788235294117647,0.8636363636363636,0.5588235294117647
123,0.6,7,0.0,1,2,0.762402088772846,0.7560975609756098,0.6038961038961039,0.7411764705882353,0.7307692307692307,0.5588235294117647
124,0.7,5,0.4,1,2,0.783289817232376,0.6702127659574468,0.5478260869565217,0.788235294117647,0.7222222222222222,0.5
125,0.6,4,1.2,2,3,0.7806788511749347,0.8070175438596491,0.5974025974025974,0.7411764705882353,0.7142857142857143,0.5882352941176471
126,0.6,0,0.4,1,3,0.7633986928104575,0.7581967213114754,0.6026058631921825,0.7209302325581395,0.7619047619047619,0.45714285714285713
127,0.6,2,2.0,2,3,0.7898172323759791,0.7672727272727272,0.685064935064935,0.7647058823529411,0.75,0.6176470588235294
128,0.7,3,2.0,2,2,0.7989556135770235,0.6844660194174758,0.6130434782608696,0.7176470588235294,0.55,0.4230769230769231
129,0.5,1,1.2,1,2,0.7193211488250653,0.7038834951456311,0.7571801566579635,0.8470588235294118,0.8260869565217391,0.8837209302325582
130,0.5,7,1.6,3,3,0.7872062663185379,0.8221574344023324,0.734375,0.8,0.8048780487804879,0.7857142857142857
131,0.5,1,1.2,2,3,0.7558746736292428,0.7333333333333333,0.804177545691906,0.7294117647058823,0.7272727272727273,0.7441860465116279
132,0.7,2,1.6,2,3,0.8067885117493473,0.7070707070707071,0.6086956521739131,0.7294117647058823,0.5652173913043478,0.5
133,0.7,3,1.6,3,3,0.8237597911227154,0.7092511013215859,0.7,0.7176470588235294,0.5454545454545454,0.46153846153846156
134,0.7,0,1.6,1,2,0.792156862745098,0.6939890710382514,0.5521739130434783,0.7558139534883721,0.6086956521739131,0.5384615384615384
135,0.7,0,0.4,1,2,0.792156862745098,0.6939890710382514,0.5521739130434783,0.7558139534883721,0.6086956521739131,0.5384615384615384
136,0.5,9,0.8,1,2,0.7297650130548303,0.7196029776674938,0.7552083333333334,0.7058823529411765,0.717948717948718,0.6666666666666666
137,0.7,1,2.0,2,2,0.7767624020887729,0.6411483253588517,0.5826086956521739,0.8235294117647058,0.6896551724137931,0.7692307692307693
138,0.7,0,0.4,2,2,0.7986928104575164,0.6958762886597938,0.5869565217391305,0.7441860465116279,0.5833333333333334,0.5384615384615384
139,0.6,5,0.8,2,2,0.7806788511749347,0.7517985611510791,0.6785714285714286,0.7647058823529411,0.7333333333333333,0.6470588235294118
140,0.6,8,0.0,1,2,0.7519582245430809,0.7418032786885246,0.5876623376623377,0.8117647058823529,0.78125,0.7352941176470589
141,0.6,6,0.8,2,2,0.779373368146214,0.7662835249042146,0.6493506493506493,0.7294117647058823,0.72,0.5294117647058824
142,0.7,5,0.8,2,2,0.7885117493472585,0.6666666666666666,0.591304347826087,0.7176470588235294,0.5357142857142857,0.5769230769230769
143,0.7,5,0.4,3,2,0.7989556135770235,0.677570093457944,0.6304347826086957,0.788235294117647,0.6818181818181818,0.5769230769230769
144,0.6,0,1.6,3,2,0.7869281045751634,0.7465753424657534,0.7100977198697068,0.7558139534883721,0.7692307692307693,0.5714285714285714
145,0.7,9,0.0,1,2,0.7819843342036553,0.6311475409836066,0.6666666666666666,0.7529411764705882,0.5625,0.72
146,0.6,6,1.6,3,3,0.7963446475195822,0.7733812949640287,0.698051948051948,0.7764705882352941,0.7777777777777778,0.6176470588235294
147,0.5,0,1.2,1,3,0.734640522875817,0.7195121951219512,0.7702349869451697,0.7325581395348837,0.7083333333333334,0.7906976744186046
148,0.5,8,0.0,2,2,0.7663185378590078,0.8360655737704918,0.6640625,0.6470588235294118,0.7307692307692307,0.4523809523809524
149,0.7,7,0.0,1,2,0.7872062663185379,0.6827956989247311,0.5497835497835498,0.7647058823529411,0.6470588235294118,0.44
150,0.6,9,2.0,3,2,0.779373368146214,0.7308970099667774,0.7142857142857143,0.6823529411764706,0.5897435897435898,0.6764705882352942
151,0.6,1,0.0,2,2,0.7845953002610966,0.75177304964539,0.6905537459283387,0.7176470588235294,0.6486486486486487,0.6857142857142857
152,0.5,2,0.0,2,2,0.7637075718015666,0.7953216374269005,0.7101827676240209,0.7294117647058823,0.75,0.6976744186046512
153,0.6,2,0.8,1,3,0.7610966057441253,0.7551020408163265,0.6006493506493507,0.7529411764705882,0.7407407407407407,0.5882352941176471
154,0.6,8,0.0,2,3,0.7806788511749347,0.7554744525547445,0.672077922077922,0.7529411764705882,0.696969696969697,0.6764705882352942
155,0.5,2,0.8,3,2,0.7741514360313316,0.8240740740740741,0.6971279373368147,0.7411764705882353,0.7692307692307693,0.6976744186046512
156,0.5,8,0.4,2,2,0.7715404699738904,0.8157099697885196,0.703125,0.6352941176470588,0.6896551724137931,0.47619047619047616
157,0.5,9,1.6,3,3,0.7806788511749347,0.8103448275862069,0.734375,0.8,0.8571428571428571,0.7142857142857143
158,0.7,1,1.6,3,2,0.7859007832898173,0.6556603773584906,0.6043478260869565,0.8823529411764706,0.8636363636363636,0.7307692307692307
159,0.6,6,0.0,2,3,0.7963446475195822,0.7733812949640287,0.698051948051948,0.7529411764705882,0.7096774193548387,0.6470588235294118
160,0.7,2,0.8,2,2,0.793733681462141,0.6764705882352942,0.6,0.7411764705882353,0.5909090909090909,0.5
161,0.6,9,0.4,2,3,0.7872062663185379,0.7474402730375427,0.711038961038961,0.7176470588235294,0.6190476190476191,0.7647058823529411
162,0.5,1,0.4,1,2,0.720626631853786,0.7076167076167076,0.7519582245430809,0.8117647058823529,0.7872340425531915,0.8604651162790697
163,0.6,7,0.4,2,3,0.7806788511749347,0.767175572519084,0.6525974025974026,0.6941176470588235,0.6538461538461539,0.5
164,0.7,9,1.2,1,2,0.7806788511749347,0.6684491978609626,0.5411255411255411,0.8,0.7222222222222222,0.52
165,0.7,6,1.6,3,2,0.7976501305483029,0.6862745098039216,0.6060606060606061,0.788235294117647,0.6296296296296297,0.68
166,0.5,9,1.2,3,3,0.779373368146214,0.7961432506887053,0.7526041666666666,0.7058823529411765,0.7297297297297297,0.6428571428571429
167,0.6,6,2.0,3,3,0.7950391644908616,0.745928338762215,0.7435064935064936,0.7176470588235294,0.65625,0.6176470588235294
168,0.7,8,2.0,2,3,0.8015665796344648,0.7025641025641025,0.5930735930735931,0.7529411764705882,0.6111111111111112,0.44
169,0.5,7,0.0,2,3,0.7715404699738904,0.7927170868347339,0.7369791666666666,0.8117647058823529,0.8095238095238095,0.8095238095238095
170,0.7,8,2.0,1,2,0.7754569190600522,0.6439024390243903,0.5714285714285714,0.7764705882352941,0.6363636363636364,0.56
171,0.6,8,1.6,2,3,0.7845953002610966,0.7562724014336918,0.685064935064935,0.8,0.7575757575757576,0.7352941176470589
172,0.6,8,0.8,2,2,0.7754569190600522,0.7361111111111112,0.6883116883116883,0.8,0.7575757575757576,0.7352941176470589
173,0.6,8,0.8,1,2,0.7519582245430809,0.7418032786885246,0.5876623376623377,0.8117647058823529,0.78125,0.7352941176470589
174,0.5,4,0.8,1,3,0.7441253263707572,0.7547683923705722,0.7232375979112271,0.6941176470588235,0.717948717948718,0.6511627906976745
175,0.7,0,0.4,2,3,0.807843137254902,0.6666666666666666,0.7217391304347827,0.7325581395348837,0.5483870967741935,0.6538461538461539
176,0.6,2,2.0,1,2,0.7532637075718016,0.7132616487455197,0.6461038961038961,0.7647058823529411,0.71875,0.6764705882352942
177,0.5,4,1.6,2,3,0.7597911227154047,0.7518987341772152,0.7754569190600522,0.6941176470588235,0.7073170731707317,0.6744186046511628
178,0.7,4,0.4,3,3,0.8133159268929504,0.7061611374407583,0.6478260869565218,0.7764705882352941,0.6296296296296297,0.6538461538461539
179,0.5,5,1.2,1,3,0.7441253263707572,0.7367088607594937,0.7597911227154047,0.6823529411764706,0.6666666666666666,0.7441860465116279
180,0.5,3,1.2,1,2,0.7297650130548303,0.7146341463414634,0.7650130548302873,0.7764705882352941,0.74,0.8604651162790697
181,0.7,1,0.8,1,3,0.779373368146214,0.6763005780346821,0.508695652173913,0.8705882352941177,0.8571428571428571,0.6923076923076923
182,0.7,5,0.0,1,3,0.7872062663185379,0.6830601092896175,0.5434782608695652,0.7647058823529411,0.6875,0.4230769230769231
183,0.7,6,0.4,3,2,0.7976501305483029,0.680952380952381,0.6190476190476191,0.7764705882352941,0.6153846153846154,0.64
184,0.6,6,0.8,1,2,0.7637075718015666,0.7591836734693878,0.6038961038961039,0.7294117647058823,0.7391304347826086,0.5
185,0.5,7,1.2,2,2,0.7558746736292428,0.8229508196721311,0.6536458333333334,0.788235294117647,0.8529411764705882,0.6904761904761905
186,0.6,8,0.4,3,2,0.7819843342036553,0.7508896797153025,0.685064935064935,0.788235294117647,0.7352941176470589,0.7352941176470589
187,0.5,6,0.8,1,3,0.7467362924281984,0.7581521739130435,0.7265625,0.6588235294117647,0.6666666666666666,0.6190476190476191
188,0.7,5,0.8,1,3,0.7859007832898173,0.6853932584269663,0.5304347826086957,0.788235294117647,0.7222222222222222,0.5
189,0.6,0,2.0,1,2,0.7581699346405228,0.7178571428571429,0.6547231270358306,0.7209302325581395,0.7391304347826086,0.4857142857142857
190,0.6,9,1.6,2,3,0.7859007832898173,0.7903225806451613,0.6363636363636364,0.7529411764705882,0.782608695652174,0.5294117647058824
191,0.7,5,0.4,2,3,0.8028720626631853,0.6926829268292682,0.6173913043478261,0.7764705882352941,0.64,0.6153846153846154
192,0.7,6,2.0,2,3,0.8002610966057441,0.7241379310344828,0.5454545454545454,0.788235294117647,0.6666666666666666,0.56
193,0.7,7,2.0,1,2,0.7872062663185379,0.6827956989247311,0.5497835497835498,0.7647058823529411,0.6470588235294118,0.44
194,0.6,8,1.2,3,2,0.7702349869451697,0.7426470588235294,0.6558441558441559,0.7529411764705882,0.7241379310344828,0.6176470588235294
195,0.7,7,0.8,1,3,0.7911227154046997,0.6983240223463687,0.5411255411255411,0.7411764705882353,0.6,0.36
196,0.5,1,2.0,3,2,0.7571801566579635,0.7759103641456583,0.7232375979112271,0.7411764705882353,0.7837837837837838,0.6744186046511628
197,0.7,4,1.2,3,2,0.7911227154046997,0.6715686274509803,0.5956521739130435,0.8117647058823529,0.7272727272727273,0.6153846153846154
198,0.6,1,0.8,1,3,0.7637075718015666,0.7316176470588235,0.6482084690553745,0.7529411764705882,0.7333333333333333,0.6285714285714286
199,0.6,4,0.0,2,2,0.7689295039164491,0.7509578544061303,0.6363636363636364,0.8235294117647058,0.88,0.6470588235294118
200,0.7,9,1.2,3,3,0.8133159268929504,0.7135922330097088,0.6363636363636364,0.788235294117647,0.6666666666666666,0.56
201,0.5,6,0.4,3,3,0.7898172323759791,0.8105849582172702,0.7578125,0.6470588235294118,0.65,0.6190476190476191
202,0.6,6,0.0,1,2,0.7637075718015666,0.7591836734693878,0.6038961038961039,0.7294117647058823,0.7391304347826086,0.5
203,0.6,0,0.4,2,2,0.7803921568627451,0.7491039426523297,0.6807817589576547,0.7558139534883721,0.7692307692307693,0.5714285714285714
204,0.7,3,2.0,2,3,0.8093994778067886,0.71875,0.6,0.7529411764705882,0.631578947368421,0.46153846153846156
205,0.5,0,0.4,1,2,0.7372549019607844,0.7556179775280899,0.7023498694516971,0.6976744186046512,0.7073170731707317,0.6744186046511628
206,0.5,6,0.0,1,2,0.741514360313316,0.7527173913043478,0.7213541666666666,0.6588235294117647,0.6666666666666666,0.6190476190476191
207,0.7,2,0.4,3,2,0.7989556135770235,0.6792452830188679,0.6260869565217392,0.7411764705882353,0.5909090909090909,0.5
208,0.6,4,2.0,3,3,0.7924281984334204,0.7709090909090909,0.6883116883116883,0.7176470588235294,0.6785714285714286,0.5588235294117647
209,0.6,5,1.6,1,2,0.7571801566579635,0.7194244604316546,0.6493506493506493,0.7529411764705882,0.696969696969697,0.6764705882352942
210,0.7,8,1.2,1,2,0.7872062663185379,0.640495867768595,0.670995670995671,0.7764705882352941,0.6071428571428571,0.68
211,0.7,0,0.8,2,2,0.7986928104575164,0.6958762886597938,0.5869565217391305,0.7441860465116279,0.5833333333333334,0.5384615384615384
212,0.5,7,1.6,2,2,0.7532637075718016,0.807570977917981,0.6666666666666666,0.788235294117647,0.8333333333333334,0.7142857142857143
213,0.7,7,0.8,2,2,0.7976501305483029,0.680952380952381,0.6190476190476191,0.7529411764705882,0.6111111111111112,0.44
214,0.7,2,0.8,1,2,0.7859007832898173,0.6330645161290323,0.6826086956521739,0.7411764705882353,0.5833333333333334,0.5384615384615384
215,0.6,8,0.8,3,2,0.7859007832898173,0.7416107382550335,0.7175324675324676,0.788235294117647,0.7222222222222222,0.7647058823529411
216,0.5,2,1.2,2,2,0.7637075718015666,0.7953216374269005,0.7101827676240209,0.7294117647058823,0.75,0.6976744186046512
217,0.5,1,0.8,2,3,0.762402088772846,0.793002915451895,0.7101827676240209,0.7647058823529411,0.8484848484848485,0.6511627906976745
218,0.6,6,0.0,2,2,0.779373368146214,0.7662835249042146,0.6493506493506493,0.7294117647058823,0.72,0.5294117647058824
219,0.7,7,1.2,3,2,0.8028720626631853,0.6754385964912281,0.6666666666666666,0.7294117647058823,0.55,0.44
220,0.6,1,0.8,2,2,0.7819843342036553,0.7573529411764706,0.6710097719869706,0.7411764705882353,0.6857142857142857,0.6857142857142857
221,0.6,7,1.2,1,2,0.758485639686684,0.7220216606498195,0.6493506493506493,0.7176470588235294,0.6470588235294118,0.6470588235294118
222,0.5,3,0.0,1,3,0.7402088772845953,0.7613636363636364,0.6997389033942559,0.7764705882352941,0.8,0.7441860465116279
223,0.6,7,1.2,3,3,0.7976501305483029,0.7931034482758621,0.672077922077922,0.7176470588235294,0.6785714285714286,0.5588235294117647
224,0.7,8,1.6,1,2,0.7872062663185379,0.640495867768595,0.670995670995671,0.7764705882352941,0.6071428571428571,0.68
225,0.6,2,0.4,3,3,0.7963446475195822,0.7550335570469798,0.7305194805194806,0.7529411764705882,0.6857142857142857,0.7058823529411765
226,0.7,1,0.0,2,3,0.7963446475195822,0.6927083333333334,0.5782608695652174,0.8470588235294118,0.76,0.7307692307692307
227,0.5,0,2.0,1,3,0.734640522875817,0.7472527472527473,0.7101827676240209,0.7441860465116279,0.7333333333333333,0.7674418604651163
228,0.5,8,0.8,3,2,0.7780678851174935,0.8322981366459627,0.6979166666666666,0.6470588235294118,0.7142857142857143,0.47619047619047616
229,0.7,7,2.0,1,3,0.7885117493472585,0.7197452229299363,0.48917748917748916,0.7411764705882353,0.6,0.36
230,0.5,4,0.4,1,2,0.7389033942558747,0.7226277372262774,0.7754569190600522,0.7058823529411765,0.7045454545454546,0.7209302325581395
231,0.7,2,1.6,2,2,0.793733681462141,0.6764705882352942,0.6,0.7411764705882353,0.5909090909090909,0.5
232,0.6,0,0.0,3,2,0.7869281045751634,0.7465753424657534,0.7100977198697068,0.7558139534883721,0.7692307692307693,0.5714285714285714
233,0.6,7,0.4,2,2,0.7780678851174935,0.7482014388489209,0.6753246753246753,0.7529411764705882,0.7407407407407407,0.5882352941176471
234,0.6,3,2.0,1,3,0.7545691906005222,0.7205882352941176,0.6363636363636364,0.8352941176470589,0.8333333333333334,0.7352941176470589
235,0.5,8,1.6,1,3,0.7467362924281984,0.7328431372549019,0.7786458333333334,0.7411764705882353,0.7631578947368421,0.6904761904761905
236,0.7,3,1.2,3,3,0.8172323759791122,0.7205882352941176,0.6391304347826087,0.7294117647058823,0.5652173913043478,0.5
237,0.5,3,1.6,1,2,0.7297650130548303,0.7146341463414634,0.7650130548302873,0.7764705882352941,0.74,0.8604651162790697
238,0.7,9,0.4,2,2,0.7872062663185379,0.6338582677165354,0.696969696969697,0.7529411764705882,0.5588235294117647,0.76
239,0.5,5,0.4,2,2,0.758485639686684,0.8322147651006712,0.6475195822454308,0.7529411764705882,0.7894736842105263,0.6976744186046512
240,0.5,6,1.2,2,3,0.7637075718015666,0.8394648829431438,0.6536458333333334,0.7176470588235294,0.725,0.6904761904761905
241,0.5,8,1.6,1,2,0.737597911227154,0.7194244604316546,0.78125,0.7058823529411765,0.7575757575757576,0.5952380952380952
242,0.5,5,0.0,3,2,0.7754569190600522,0.7828418230563002,0.762402088772846,0.7411764705882353,0.7142857142857143,0.813953488372093
243,0.6,9,2.0,3,3,0.7950391644908616,0.7937743190661478,0.6623376623376623,0.7411764705882353,0.75,0.5294117647058824
244,0.6,5,0.0,3,2,0.783289817232376,0.75,0.6915584415584416,0.7647058823529411,0.7333333333333333,0.6470588235294118
245,0.6,7,2.0,1,3,0.762402088772846,0.7441860465116279,0.6233766233766234,0.7176470588235294,0.6785714285714286,0.5588235294117647
246,0.5,0,0.4,1,3,0.7372549019607844,0.7472826086956522,0.7180156657963447,0.7558139534883721,0.7619047619047619,0.7441860465116279
247,0.5,1,0.4,2,3,0.7663185378590078,0.8090909090909091,0.6971279373368147,0.7764705882352941,0.875,0.6511627906976745
248,0.5,3,0.4,2,3,0.7741514360313316,0.8052325581395349,0.7232375979112271,0.7411764705882353,0.8,0.6511627906976745
249,0.5,2,0.8,2,3,0.7650130548302873,0.8222222222222222,0.6762402088772846,0.7176470588235294,0.7567567567567568,0.6511627906976745
250,0.5,6,0.0,2,3,0.7728459530026109,0.8162650602409639,0.7057291666666666,0.7058823529411765,0.7428571428571429,0.6190476190476191
251,0.6,6,1.2,2,2,0.7780678851174935,0.7346938775510204,0.7012987012987013,0.7176470588235294,0.6666666666666666,0.5882352941176471
252,0.7,4,0.0,1,2,0.7819843342036553,0.6285714285714286,0.6695652173913044,0.788235294117647,0.6428571428571429,0.6923076923076923
253,0.7,3,1.2,1,2,0.7924281984334204,0.6939890710382514,0.5521739130434783,0.7176470588235294,0.55,0.4230769230769231
254,0.7,9,0.8,3,3,0.8133159268929504,0.7135922330097088,0.6363636363636364,0.788235294117647,0.6666666666666666,0.56
255,0.5,4,1.6,3,3,0.7819843342036553,0.7950819672131147,0.7597911227154047,0.7647058823529411,0.8108108108108109,0.6976744186046512
256,0.6,5,0.8,1,2,0.762402088772846,0.7581967213114754,0.6006493506493507,0.7411764705882353,0.7142857142857143,0.5882352941176471
257,0.7,2,0.0,1,3,0.793733681462141,0.6730769230769231,0.6086956521739131,0.7294117647058823,0.5714285714285714,0.46153846153846156
258,0.7,5,1.6,1,3,0.7859007832898173,0.6853932584269663,0.5304347826086957,0.788235294117647,0.7222222222222222,0.5
259,0.7,1,1.6,3,3,0.8067885117493473,0.6880733944954128,0.6521739130434783,0.8,0.68,0.6538461538461539
260,0.6,1,0.4,3,3,0.7924281984334204,0.8057851239669421,0.6351791530944625,0.788235294117647,0.7931034482758621,0.6571428571428571
261,0.5,6,0.0,3,3,0.7872062663185379,0.8507936507936508,0.6979166666666666,0.7411764705882353,0.7631578947368421,0.6904761904761905
262,0.6,1,0.0,1,2,0.758485639686684,0.7520661157024794,0.5928338762214984,0.7647058823529411,0.7586206896551724,0.6285714285714286
263,0.7,2,1.2,2,2,0.793733681462141,0.6764705882352942,0.6,0.7411764705882353,0.5909090909090909,0.5
264,0.6,3,1.6,3,2,0.7754569190600522,0.7281879194630873,0.7045454545454546,0.788235294117647,0.7222222222222222,0.7647058823529411
265,0.5,4,2.0,3,2,0.7545691906005222,0.7262180974477959,0.8172323759791122,0.6823529411764706,0.6739130434782609,0.7209302325581395
266,0.5,3,2.0,1,3,0.7349869451697127,0.7284263959390863,0.7493472584856397,0.788235294117647,0.7777777777777778,0.813953488372093
267,0.5,4,2.0,2,3,0.7597911227154047,0.7506297229219143,0.7780678851174935,0.6941176470588235,0.7073170731707317,0.6744186046511628
268,0.5,4,0.4,3,2,0.7715404699738904,0.7971428571428572,0.7284595300261096,0.788235294117647,0.8378378378378378,0.7209302325581395
269,0.7,9,1.2,2,2,0.7924281984334204,0.6730769230769231,0.6060606060606061,0.7764705882352941,0.6363636363636364,0.56
270,0.6,9,1.2,2,3,0.7845953002610966,0.7562724014336918,0.685064935064935,0.6941176470588235,0.6111111111111112,0.6470588235294118
271,0.5,0,0.4,3,2,0.7830065359477124,0.8144927536231884,0.7336814621409922,0.686046511627907,0.7222222222222222,0.6046511627906976
272,0.5,7,0.4,1,3,0.7336814621409922,0.7295918367346939,0.7447916666666666,0.7647058823529411,0.7894736842105263,0.7142857142857143
273,0.7,1,2.0,3,3,0.8067885117493473,0.6880733944954128,0.6521739130434783,0.8,0.68,0.6538461538461539
274,0.7,7,2.0,3,3,0.8159268929503917,0.7102803738317757,0.658008658008658,0.7294117647058823,0.5625,0.36
275,0.6,1,0.4,2,2,0.7819843342036553,0.7573529411764706,0.6710097719869706,0.7411764705882353,0.6857142857142857,0.6857142857142857
276,0.7,4,1.6,2,2,0.7872062663185379,0.6700507614213198,0.5739130434782609,0.8117647058823529,0.7272727272727273,0.6153846153846154
277,0.6,5,0.8,3,2,0.7872062663185379,0.7561837455830389,0.6948051948051948,0.6823529411764706,0.6129032258064516,0.5588235294117647
278,0.6,0,1.2,3,2,0.788235294117647,0.7491408934707904,0.7100977198697068,0.7558139534883721,0.7692307692307693,0.5714285714285714
279,0.5,2,2.0,3,3,0.7924281984334204,0.8111111111111111,0.762402088772846,0.6823529411764706,0.6818181818181818,0.6976744186046512
280,0.5,5,2.0,3,2,0.7715404699738904,0.825,0.6892950391644909,0.7058823529411765,0.75,0.627906976744186
281,0.7,4,1.6,2,3,0.8002610966057441,0.7452229299363057,0.508695652173913,0.7529411764705882,0.6086956521739131,0.5384615384615384
282,0.5,4,2.0,2,2,0.7480417754569191,0.7199074074074074,0.8120104438642297,0.7176470588235294,0.7111111111111111,0.7441860465116279
283,0.6,9,0.8,3,2,0.7819843342036553,0.7640449438202247,0.6623376623376623,0.7058823529411765,0.6216216216216216,0.6764705882352942
284,0.7,7,0.8,1,2,0.7872062663185379,0.6827956989247311,0.5497835497835498,0.7647058823529411,0.6470588235294118,0.44
285,0.5,0,1.2,2,3,0.7633986928104575,0.7563451776649747,0.7780678851174935,0.7093023255813954,0.6956521739130435,0.7441860465116279
286,0.5,9,0.8,1,3,0.7402088772845953,0.7377892030848329,0.7473958333333334,0.7294117647058823,0.7567567567567568,0.6666666666666666
287,0.5,9,1.2,2,3,0.7754569190600522,0.7834224598930482,0.7630208333333334,0.7294117647058823,0.7435897435897436,0.6904761904761905
288,0.6,7,0.4,1,3,0.762402088772846,0.7581967213114754,0.6006493506493507,0.7411764705882353,0.7307692307692307,0.5588235294117647
289,0.5,2,2.0,2,2,0.758485639686684,0.801829268292683,0.6866840731070496,0.7294117647058823,0.75,0.6976744186046512
290,0.6,3,2.0,1,2,0.7480417754569191,0.7060931899641577,0.6396103896103896,0.8235294117647058,0.8064516129032258,0.7352941176470589
291,0.6,7,1.6,1,2,0.758485639686684,0.7220216606498195,0.6493506493506493,0.7176470588235294,0.6470588235294118,0.6470588235294118
292,0.5,8,1.2,2,2,0.7715404699738904,0.8157099697885196,0.703125,0.6352941176470588,0.6896551724137931,0.47619047619047616
293,0.6,1,0.8,1,2,0.7571801566579635,0.7168458781362007,0.6514657980456026,0.7411764705882353,0.7096774193548387,0.6285714285714286
294,0.6,1,1.2,2,2,0.7819843342036553,0.7573529411764706,0.6710097719869706,0.7411764705882353,0.6857142857142857,0.6857142857142857
295,0.6,4,0.4,2,2,0.7715404699738904,0.7418181818181818,0.6623376623376623,0.8117647058823529,0.8461538461538461,0.6470588235294118
296,0.5,5,1.6,2,3,0.7754569190600522,0.8093841642228738,0.720626631853786,0.7176470588235294,0.7435897435897436,0.6744186046511628
297,0.5,0,1.2,1,2,0.7320261437908496,0.7181372549019608,0.7650130548302873,0.7441860465116279,0.7142857142857143,0.813953488372093
298,0.6,9,2.0,2,3,0.7859007832898173,0.7903225806451613,0.6363636363636364,0.7529411764705882,0.782608695652174,0.5294117647058824
299,0.7,2,0.0,3,3,0.8185378590078329,0.7357512953367875,0.6173913043478261,0.7529411764705882,0.6666666666666666,0.38461538461538464
300,0.7,6,1.6,2,2,0.7924281984334204,0.6764705882352942,0.5974025974025974,0.7764705882352941,0.6153846153846154,0.64
301,0.7,2,0.8,1,3,0.7898172323759791,0.648068669527897,0.6565217391304348,0.7411764705882353,0.5909090909090909,0.5
302,0.7,5,0.4,3,3,0.814621409921671,0.7784810126582279,0.5347826086956522,0.7647058823529411,0.6363636363636364,0.5384615384615384
303,0.7,4,0.8,2,2,0.7872062663185379,0.6303501945525292,0.7043478260869566,0.788235294117647,0.6428571428571429,0.6923076923076923
304,0.7,1,1.2,3,3,0.8028720626631853,0.700507614213198,0.6,0.8823529411764706,0.8636363636363636,0.7307692307692307
305,0.5,7,0.8,2,2,0.7558746736292428,0.8229508196721311,0.6536458333333334,0.788235294117647,0.8529411764705882,0.6904761904761905
306,0.7,3,0.0,2,2,0.8015665796344648,0.7010309278350515,0.591304347826087,0.7058823529411765,0.5238095238095238,0.4230769230769231
307,0.7,9,1.6,1,3,0.7859007832898173,0.6425531914893617,0.6536796536796536,0.7529411764705882,0.5714285714285714,0.64
308,0.7,8,1.6,1,3,0.7911227154046997,0.6550218340611353,0.6493506493506493,0.7764705882352941,0.6071428571428571,0.68
309,0.5,4,1.6,2,2,0.7480417754569191,0.7199074074074074,0.8120104438642297,0.7176470588235294,0.7111111111111111,0.7441860465116279
310,0.5,3,0.4,1,2,0.7297650130548303,0.7146341463414634,0.7650130548302873,0.7764705882352941,0.74,0.8604651162790697
311,0.5,7,2.0,2,2,0.7441253263707572,0.7685714285714286,0.7005208333333334,0.7176470588235294,0.7045454545454546,0.7380952380952381
312,0.5,6,1.2,3,2,0.7689295039164491,0.8017492711370262,0.7161458333333334,0.7294117647058823,0.7317073170731707,0.7142857142857143
313,0.5,0,2.0,1,2,0.7320261437908496,0.7181372549019608,0.7650130548302873,0.7441860465116279,0.7142857142857143,0.813953488372093
314,0.5,6,2.0,2,2,0.7571801566579635,0.8074534161490683,0.6770833333333334,0.7176470588235294,0.725,0.6904761904761905
315,0.7,1,1.2,1,3,0.779373368146214,0.6763005780346821,0.508695652173913,0.8705882352941177,0.8571428571428571,0.6923076923076923
316,0.5,2,0.0,1,3,0.7454308093994778,0.7865853658536586,0.6736292428198434,0.6588235294117647,0.6458333333333334,0.7209302325581395
317,0.6,2,1.2,2,2,0.7780678851174935,0.7464285714285714,0.6785714285714286,0.788235294117647,0.75,0.7058823529411765
318,0.6,8,1.2,1,3,0.7545691906005222,0.7222222222222222,0.6331168831168831,0.8117647058823529,0.7647058823529411,0.7647058823529411
319,0.6,0,2.0,2,3,0.7869281045751634,0.7627737226277372,0.6807817589576547,0.7674418604651163,0.8,0.5714285714285714
320,0.5,3,0.8,3,2,0.7689295039164491,0.8121212121212121,0.6997389033942559,0.7411764705882353,0.7560975609756098,0.7209302325581395
321,0.5,7,1.2,3,3,0.7898172323759791,0.8194842406876791,0.7447916666666666,0.8,0.7906976744186046,0.8095238095238095
322,0.5,1,0.8,3,2,0.7637075718015666,0.8098159509202454,0.6892950391644909,0.8235294117647058,0.9666666666666667,0.6744186046511628
323,0.7,8,2.0,3,3,0.8080939947780679,0.71,0.6147186147186147,0.7411764705882353,0.5652173913043478,0.52
324,0.7,9,1.2,2,3,0.8015665796344648,0.6908212560386473,0.6190476190476191,0.788235294117647,0.7058823529411765,0.48
325,0.7,8,1.2,3,3,0.8159268929503917,0.7272727272727273,0.6233766233766234,0.7764705882352941,0.65,0.52
326,0.5,2,1.2,3,2,0.7741514360313316,0.8240740740740741,0.6971279373368147,0.7411764705882353,0.7692307692307693,0.6976744186046512
327,0.6,7,0.0,3,3,0.8107049608355091,0.7839721254355401,0.7305194805194806,0.6588235294117647,0.5862068965517241,0.5
328,0.7,2,2.0,1,2,0.7859007832898173,0.6774193548387096,0.5478260869565217,0.7529411764705882,0.6190476190476191,0.5
329,0.5,1,2.0,2,3,0.7558746736292428,0.7333333333333333,0.804177545691906,0.7294117647058823,0.7272727272727273,0.7441860465116279
330,0.5,5,2.0,1,2,0.737597911227154,0.7219512195121951,0.7728459530026109,0.6823529411764706,0.6666666666666666,0.7441860465116279
331,0.6,2,1.6,2,2,0.7780678851174935,0.7464285714285714,0.6785714285714286,0.788235294117647,0.75,0.7058823529411765
332,0.6,3,0.0,3,3,0.8054830287206266,0.7676767676767676,0.7402597402597403,0.7176470588235294,0.6470588235294118,0.6470588235294118
333,0.7,4,0.8,2,3,0.8015665796344648,0.695,0.6043478260869565,0.8117647058823529,0.7083333333333334,0.6538461538461539
334,0.7,8,2.0,3,2,0.7924281984334204,0.6451612903225806,0.6926406926406926,0.7411764705882353,0.56,0.56
335,0.5,7,2.0,2,3,0.7519582245430809,0.7803468208092486,0.703125,0.7647058823529411,0.775,0.7380952380952381
336,0.5,0,0.8,3,3,0.7830065359477124,0.8144927536231884,0.7336814621409922,0.7325581395348837,0.7631578947368421,0.6744186046511628
337,0.7,6,0.8,2,2,0.7924281984334204,0.6764705882352942,0.5974025974025974,0.7764705882352941,0.6153846153846154,0.64
338,0.5,8,0.4,1,3,0.7480417754569191,0.7588075880758808,0.7291666666666666,0.7176470588235294,0.7647058823529411,0.6190476190476191
339,0.5,2,1.6,1,3,0.741514360313316,0.7353689567430025,0.7545691906005222,0.6941176470588235,0.6491228070175439,0.8604651162790697
340,0.6,4,2.0,3,2,0.7715404699738904,0.7301038062283737,0.685064935064935,0.7411764705882353,0.6764705882352942,0.6764705882352942
341,0.6,3,0.8,3,2,0.7754569190600522,0.7281879194630873,0.7045454545454546,0.788235294117647,0.7222222222222222,0.7647058823529411
342,0.6,5,0.0,1,2,0.762402088772846,0.7581967213114754,0.6006493506493507,0.7411764705882353,0.7142857142857143,0.5882352941176471
343,0.5,8,0.8,3,3,0.7859007832898173,0.7894736842105263,0.78125,0.6941176470588235,0.7,0.6666666666666666
344,0.6,6,0.4,2,3,0.7872062663185379,0.8008298755186722,0.6266233766233766,0.7529411764705882,0.7241379310344828,0.6176470588235294
345,0.6,6,1.2,1,3,0.7689295039164491,0.7416974169741697,0.6525974025974026,0.7176470588235294,0.6785714285714286,0.5588235294117647
346,0.6,8,0.0,1,3,0.7532637075718016,0.7468879668049793,0.5844155844155844,0.8117647058823529,0.78125,0.7352941176470589
347,0.5,1,0.0,3,3,0.7872062663185379,0.8179190751445087,0.7389033942558747,0.8,0.8823529411764706,0.6976744186046512
348,0.7,2,0.0,2,2,0.793733681462141,0.6764705882352942,0.6,0.7411764705882353,0.5909090909090909,0.5
349,0.5,3,1.6,3,3,0.7976501305483029,0.8081081081081081,0.7806788511749347,0.6941176470588235,0.673469387755102,0.7674418604651163
350,0.7,3,0.0,1,2,0.7924281984334204,0.6939890710382514,0.5521739130434783,0.7176470588235294,0.55,0.4230769230769231
351,0.5,5,0.8,3,3,0.7911227154046997,0.8021680216802168,0.7728459530026109,0.7176470588235294,0.7567567567567568,0.6511627906976745
352,0.6,5,0.0,3,3,0.8028720626631853,0.7793594306049823,0.711038961038961,0.7176470588235294,0.6666666666666666,0.5882352941176471
353,0.6,8,2.0,2,2,0.7597911227154047,0.7094594594594594,0.6818181818181818,0.8,0.7428571428571429,0.7647058823529411
354,0.5,9,0.4,3,2,0.7663185378590078,0.8193146417445483,0.6848958333333334,0.788235294117647,0.8157894736842105,0.7380952380952381
355,0.5,9,2.0,3,3,0.7728459530026109,0.7837837837837838,0.7552083333333334,0.7529411764705882,0.7441860465116279,0.7619047619047619
356,0.6,1,1.6,3,3,0.7963446475195822,0.7412140575079872,0.755700325732899,0.7058823529411765,0.625,0.7142857142857143
357,0.6,7,0.4,1,2,0.762402088772846,0.7560975609756098,0.6038961038961039,0.7411764705882353,0.7307692307692307,0.5588235294117647
358,0.6,9,0.8,1,2,0.7663185378590078,0.7676348547717843,0.6006493506493507,0.7058823529411765,0.6216216216216216,0.6764705882352942
359,0.7,1,0.4,3,2,0.7859007832898173,0.6586538461538461,0.5956521739130435,0.8823529411764706,0.8636363636363636,0.7307692307692307
360,0.6,0,0.0,1,2,0.7620915032679738,0.7530364372469636,0.6058631921824105,0.7209302325581395,0.7619047619047619,0.45714285714285713
361,0.5,2,1.6,3,3,0.7767624020887729,0.8154761904761905,0.7154046997389034,0.7764705882352941,0.8,0.7441860465116279
362,0.5,3,2.0,2,3,0.762402088772846,0.773841961852861,0.741514360313316,0.6941176470588235,0.717948717948718,0.6511627906976745
363,0.7,8,0.0,2,3,0.8093994778067886,0.6872246696035242,0.6753246753246753,0.7529411764705882,0.6,0.48
364,0.5,6,1.6,3,3,0.783289817232376,0.8096590909090909,0.7421875,0.7176470588235294,0.7142857142857143,0.7142857142857143
365,0.5,6,1.2,2,2,0.762402088772846,0.8117283950617284,0.6848958333333334,0.7294117647058823,0.7209302325581395,0.7380952380952381
366,0.6,6,1.6,2,2,0.7780678851174935,0.7346938775510204,0.7012987012987013,0.7176470588235294,0.6666666666666666,0.5882352941176471
367,0.6,8,0.8,3,3,0.7963446475195822,0.7857142857142857,0.6785714285714286,0.788235294117647,0.75,0.7058823529411765
368,0.7,9,1.2,1,3,0.7859007832898173,0.6425531914893617,0.6536796536796536,0.7529411764705882,0.5714285714285714,0.64
369,0.6,9,1.2,1,2,0.7637075718015666,0.730909090909091,0.6525974025974026,0.6823529411764706,0.5897435897435898,0.6764705882352942
370,0.5,6,0.0,3,2,0.7728459530026109,0.8143712574850299,0.7083333333333334,0.7176470588235294,0.725,0.6904761904761905
371,0.6,4,0.8,1,3,0.7558746736292428,0.7489711934156379,0.5909090909090909,0.788235294117647,0.8636363636363636,0.5588235294117647
372,0.6,6,1.6,1,2,0.762402088772846,0.7266187050359713,0.6558441558441559,0.7176470588235294,0.6785714285714286,0.5588235294117647
373,0.6,3,0.4,3,3,0.7911227154046997,0.7936507936507936,0.6493506493506493,0.7647058823529411,0.71875,0.6764705882352942
374,0.7,1,0.4,1,2,0.7754569190600522,0.6593406593406593,0.5217391304347826,0.8823529411764706,0.8636363636363636,0.7307692307692307
375,0.5,8,1.6,2,2,0.7715404699738904,0.8157099697885196,0.703125,0.6352941176470588,0.6896551724137931,0.47619047619047616
376,0.5,5,0.8,2,2,0.758485639686684,0.8322147651006712,0.6475195822454308,0.7529411764705882,0.7894736842105263,0.6976744186046512
377,0.7,5,2.0,1,2,0.783289817232376,0.6702127659574468,0.5478260869565217,0.788235294117647,0.7222222222222222,0.5
378,0.6,9,1.6,1,3,0.7676240208877284,0.7559055118110236,0.6233766233766234,0.6823529411764706,0.6,0.6176470588235294
379,0.5,9,2.0,3,2,0.7663185378590078,0.8193146417445483,0.6848958333333334,0.788235294117647,0.8157894736842105,0.7380952380952381
380,0.7,7,0.0,2,2,0.7976501305483029,0.6862745098039216,0.6060606060606061,0.7647058823529411,0.6470588235294118,0.44
381,0.6,2,1.6,1,2,0.7597911227154047,0.75,0.6038961038961039,0.7529411764705882,0.7407407407407407,0.5882352941176471
382,0.6,8,0.8,1,3,0.7532637075718016,0.7468879668049793,0.5844155844155844,0.8117647058823529,0.78125,0.7352941176470589
383,0.6,2,0.8,2,2,0.7780678851174935,0.7464285714285714,0.6785714285714286,0.788235294117647,0.75,0.7058823529411765
384,0.6,0,1.6,1,2,0.7581699346405228,0.7178571428571429,0.6547231270358306,0.7209302325581395,0.7391304347826086,0.4857142857142857
385,0.7,1,1.2,2,2,0.7806788511749347,0.655,0.5695652173913044,0.8823529411764706,0.8636363636363636,0.7307692307692307
386,0.7,6,1.2,3,2,0.7976501305483029,0.680952380952381,0.6190476190476191,0.7764705882352941,0.6153846153846154,0.64
387,0.6,0,1.2,2,2,0.7803921568627451,0.7491039426523297,0.6807817589576547,0.7558139534883721,0.7692307692307693,0.5714285714285714
388,0.6,7,0.8,1,2,0.762402088772846,0.7560975609756098,0.6038961038961039,0.7411764705882353,0.7307692307692307,0.5588235294117647
389,0.6,0,2.0,3,3,0.7869281045751634,0.7465753424657534,0.7100977198697068,0.7558139534883721,0.8181818181818182,0.5142857142857142
390,0.5,8,1.6,3,3,0.7885117493472585,0.7983870967741935,0.7734375,0.6588235294117647,0.6666666666666666,0.6190476190476191
391,0.5,9,2.0,1,3,0.7402088772845953,0.7377892030848329,0.7473958333333334,0.7294117647058823,0.7567567567567568,0.6666666666666666
392,0.5,5,1.2,2,2,0.758485639686684,0.801829268292683,0.6866840731070496,0.7647058823529411,0.7948717948717948,0.7209302325581395
393,0.6,6,0.0,3,3,0.8028720626631853,0.7793594306049823,0.711038961038961,0.7176470588235294,0.6785714285714286,0.5588235294117647
394,0.6,4,1.2,3,2,0.7728459530026109,0.7392857142857143,0.672077922077922,0.7529411764705882,0.7241379310344828,0.6176470588235294
395,0.7,0,0.4,1,3,0.7947712418300653,0.7109826589595376,0.5347826086956522,0.7558139534883721,0.6086956521739131,0.5384615384615384
396,0.5,3,1.6,2,2,0.7571801566579635,0.7940298507462686,0.6945169712793734,0.6235294117647059,0.6410256410256411,0.5813953488372093
397,0.5,4,1.6,1,2,0.7389033942558747,0.7226277372262774,0.7754569190600522,0.7058823529411765,0.7045454545454546,0.7209302325581395
398,0.6,6,0.8,2,3,0.783289817232376,0.7649253731343284,0.6655844155844156,0.7294117647058823,0.72,0.5294117647058824
399,0.6,6,0.4,1,3,0.7637075718015666,0.7613168724279835,0.6006493506493507,0.7294117647058823,0.7391304347826086,0.5
400,0.5,1,0.0,1,2,0.7232375979112271,0.7142857142857143,0.7441253263707572,0.8,0.7954545454545454,0.813953488372093
401,0.6,2,0.0,1,3,0.7610966057441253,0.7551020408163265,0.6006493506493507,0.7529411764705882,0.7407407407407407,0.5882352941176471
402,0.5,5,1.2,3,2,0.7715404699738904,0.825,0.6892950391644909,0.7058823529411765,0.75,0.627906976744186
403,0.7,6,2.0,3,2,0.7963446475195822,0.6811594202898551,0.6103896103896104,0.7764705882352941,0.6153846153846154,0.64
404,0.5,2,0.0,3,3,0.7859007832898173,0.8155619596541787,0.7389033942558747,0.7294117647058823,0.717391304347826,0.7674418604651163
405,0.5,4,0.8,2,2,0.7493472584856397,0.7493472584856397,0.7493472584856397,0.7176470588235294,0.7435897435897436,0.6744186046511628
406,0.5,4,0.8,2,3,0.758485639686684,0.7578125,0.7597911227154047,0.6941176470588235,0.717948717948718,0.6511627906976745
407,0.6,2,2.0,1,3,0.7610966057441253,0.7306273062730627,0.6428571428571429,0.7647058823529411,0.71875,0.6764705882352942
408,0.5,1,0.4,1,3,0.7310704960835509,0.7275064267352185,0.7389033942558747,0.8,0.7954545454545454,0.813953488372093
409,0.6,2,0.4,1,3,0.7610966057441253,0.7551020408163265,0.6006493506493507,0.7529411764705882,0.7407407407407407,0.5882352941176471
410,0.6,2,1.2,1,2,0.7597911227154047,0.75,0.6038961038961039,0.7529411764705882,0.7407407407407407,0.5882352941176471
411,0.7,0,0.0,2,2,0.7986928104575164,0.69,0.6,0.7558139534883721,0.6,0.5769230769230769
412,0.5,7,1.2,3,2,0.7689295039164491,0.7867036011080333,0.7395833333333334,0.7058823529411765,0.7073170731707317,0.6904761904761905
413,0.6,3,0.4,2,3,0.7819843342036553,0.7545126353790613,0.6785714285714286,0.7647058823529411,0.7333333333333333,0.6470588235294118
414,0.7,7,0.4,2,2,0.7976501305483029,0.680952380952381,0.6190476190476191,0.7529411764705882,0.6111111111111112,0.44
415,0.6,8,0.4,1,3,0.7532637075718016,0.7468879668049793,0.5844155844155844,0.8117647058823529,0.78125,0.7352941176470589
416,0.7,8,1.2,3,2,0.7989556135770235,0.6934673366834171,0.5974025974025974,0.8235294117647058,0.7272727272727273,0.64
417,0.5,5,0.4,3,3,0.7780678851174935,0.8297213622291022,0.6997389033942559,0.7294117647058823,0.75,0.6976744186046512
418,0.6,3,1.2,1,3,0.7545691906005222,0.7205882352941176,0.6363636363636364,0.8352941176470589,0.8333333333333334,0.7352941176470589
419,0.7,0,0.8,2,3,0.8065359477124183,0.711340206185567,0.6,0.7558139534883721,0.6086956521739131,0.5384615384615384
420,0.5,2,2.0,2,3,0.7663185378590078,0.7817679558011049,0.7389033942558747,0.7058823529411765,0.6956521739130435,0.7441860465116279
421,0.5,5,0.0,2,2,0.758485639686684,0.8322147651006712,0.6475195822454308,0.7529411764705882,0.7894736842105263,0.6976744186046512
422,0.5,2,0.8,2,2,0.7637075718015666,0.7953216374269005,0.7101827676240209,0.7294117647058823,0.75,0.6976744186046512
423,0.7,2,2.0,2,2,0.793733681462141,0.6764705882352942,0.6,0.7411764705882353,0.5909090909090909,0.5
424,0.6,0,2.0,3,2,0.7712418300653595,0.7156862745098039,0.7133550488599348,0.7558139534883721,0.75,0.6
425,0.6,5,0.0,1,3,0.762402088772846,0.7581967213114754,0.6006493506493507,0.7411764705882353,0.7142857142857143,0.5882352941176471
426,0.6,4,0.4,3,2,0.7806788511749347,0.7380952380952381,0.7045454545454546,0.7529411764705882,0.6857142857142857,0.7058823529411765
427,0.5,2,0.4,2,2,0.7637075718015666,0.7953216374269005,0.7101827676240209,0.7294117647058823,0.75,0.6976744186046512
428,0.5,6,0.8,3,3,0.7819843342036553,0.8073654390934845,0.7421875,0.6823529411764706,0.6744186046511628,0.6904761904761905
429,0.6,6,1.2,2,3,0.7911227154046997,0.7466666666666667,0.7272727272727273,0.7176470588235294,0.6666666666666666,0.5882352941176471
430,0.6,3,0.0,2,3,0.7845953002610966,0.7718631178707225,0.6590909090909091,0.7764705882352941,0.7586206896551724,0.6470588235294118
431,0.7,6,1.2,1,2,0.7845953002610966,0.6793478260869565,0.5411255411255411,0.788235294117647,0.6521739130434783,0.6
432,0.5,1,2.0,1,3,0.7323759791122716,0.6986607142857143,0.8172323759791122,0.7764705882352941,0.74,0.8604651162790697
433,0.6,0,0.4,3,3,0.7986928104575164,0.7575757575757576,0.7328990228013029,0.7674418604651163,0.8,0.5714285714285714
434,0.7,9,0.0,2,3,0.7989556135770235,0.6807511737089202,0.6277056277056277,0.7411764705882353,0.5483870967741935,0.68
435,0.6,7,1.2,3,2,0.7806788511749347,0.7464788732394366,0.6883116883116883,0.6705882352941176,0.6,0.5294117647058824
436,0.7,3,0.0,3,2,0.8080939947780679,0.7044334975369458,0.6217391304347826,0.7058823529411765,0.5238095238095238,0.4230769230769231
437,0.7,7,1.2,3,3,0.8133159268929504,0.6981981981981982,0.670995670995671,0.7294117647058823,0.5625,0.36
438,0.7,9,1.6,3,2,0.7976501305483029,0.6743119266055045,0.6363636363636364,0.7764705882352941,0.625,0.6
439,0.5,6,1.6,2,2,0.7571801566579635,0.8074534161490683,0.6770833333333334,0.7176470588235294,0.725,0.6904761904761905
440,0.7,1,0.4,2,2,0.7806788511749347,0.655,0.5695652173913044,0.8823529411764706,0.8636363636363636,0.7307692307692307
441,0.6,9,1.2,1,3,0.7676240208877284,0.7559055118110236,0.6233766233766234,0.6823529411764706,0.6,0.6176470588235294
442,0.7,6,0.4,2,3,0.8015665796344648,0.7206703910614525,0.5584415584415584,0.788235294117647,0.6666666666666666,0.56
443,0.6,4,0.0,1,3,0.7558746736292428,0.7489711934156379,0.5909090909090909,0.788235294117647,0.8636363636363636,0.5588235294117647
444,0.5,6,2.0,1,3,0.7467362924281984,0.7411167512690355,0.7604166666666666,0.6470588235294118,0.6363636363636364,0.6666666666666666
445,0.6,7,2.0,3,2,0.7806788511749347,0.7464788732394366,0.6883116883116883,0.6705882352941176,0.6,0.5294117647058824
446,0.6,0,0.4,2,3,0.7843137254901961,0.7591240875912408,0.6775244299674267,0.7558139534883721,0.7692307692307693,0.5714285714285714
447,0.7,4,1.2,1,3,0.7859007832898173,0.6422413793103449,0.6478260869565218,0.788235294117647,0.6428571428571429,0.6923076923076923
448,0.7,1,2.0,3,2,0.7859007832898173,0.6556603773584906,0.6043478260869565,0.8823529411764706,0.8636363636363636,0.7307692307692307
449,0.5,3,0.8,3,3,0.7976501305483029,0.8081081081081081,0.7806788511749347,0.6941176470588235,0.673469387755102,0.7674418604651163
450,0.5,0,1.6,2,3,0.7647058823529411,0.8029850746268656,0.7023498694516971,0.7441860465116279,0.7692307692307693,0.6976744186046512
451,0.5,8,0.4,3,3,0.7885117493472585,0.8384146341463414,0.7161458333333334,0.6705882352941176,0.7058823529411765,0.5714285714285714
452,0.6,0,1.2,1,3,0.7647058823529411,0.7326007326007326,0.6514657980456026,0.7209302325581395,0.7391304347826086,0.4857142857142857
453,0.7,3,1.2,2,2,0.8015665796344648,0.693069306930693,0.6086956521739131,0.7176470588235294,0.55,0.4230769230769231
454,0.5,7,1.2,1,2,0.7245430809399478,0.7094430992736077,0.7630208333333334,0.8117647058823529,0.782608695652174,0.8571428571428571
455,0.5,8,1.2,2,3,0.7715404699738904,0.8426229508196721,0.6692708333333334,0.6352941176470588,0.6896551724137931,0.47619047619047616
456,0.5,5,0.8,2,3,0.7728459530026109,0.7960339943342776,0.7336814621409922,0.7058823529411765,0.725,0.6744186046511628
457,0.7,7,1.6,1,3,0.7911227154046997,0.6983240223463687,0.5411255411255411,0.7411764705882353,0.6,0.36
458,0.5,1,0.4,3,3,0.7780678851174935,0.8051575931232091,0.7336814621409922,0.7529411764705882,0.7894736842105263,0.6976744186046512
459,0.6,3,0.8,2,2,0.7689295039164491,0.7347670250896058,0.6655844155844156,0.8352941176470589,0.8333333333333334,0.7352941176470589
460,0.5,1,0.4,3,2,0.7637075718015666,0.8098159509202454,0.6892950391644909,0.8235294117647058,0.9666666666666667,0.6744186046511628
461,0.5,4,1.2,2,3,0.758485639686684,0.7578125,0.7597911227154047,0.6941176470588235,0.7073170731707317,0.6744186046511628
462,0.5,9,0.4,2,2,0.7532637075718016,0.8239202657807309,0.6458333333333334,0.7764705882352941,0.8484848484848485,0.6666666666666666
463,0.6,4,1.6,3,2,0.779373368146214,0.7372013651877133,0.7012987012987013,0.7411764705882353,0.6875,0.6470588235294118
464,0.7,3,0.8,2,2,0.8015665796344648,0.7010309278350515,0.591304347826087,0.7058823529411765,0.5238095238095238,0.4230769230769231
465,0.5,5,0.4,2,3,0.7754569190600522,0.7988668555240793,0.7362924281984334,0.7058823529411765,0.725,0.6744186046511628
466,0.6,7,1.6,1,3,0.762402088772846,0.7441860465116279,0.6233766233766234,0.7176470588235294,0.6785714285714286,0.5588235294117647
467,0.5,8,2.0,2,3,0.7728459530026109,0.8162650602409639,0.7057291666666666,0.6470588235294118,0.6764705882352942,0.5476190476190477
468,0.6,5,1.2,2,3,0.783289817232376,0.7366666666666667,0.7175324675324676,0.7764705882352941,0.7142857142857143,0.7352941176470589
469,0.6,8,0.4,2,3,0.779373368146214,0.7473309608540926,0.6818181818181818,0.8117647058823529,0.78125,0.7352941176470589
470,0.5,5,0.8,1,3,0.7441253263707572,0.7367088607594937,0.7597911227154047,0.6823529411764706,0.6666666666666666,0.7441860465116279
471,0.7,1,1.2,1,2,0.7754569190600522,0.6593406593406593,0.5217391304347826,0.8823529411764706,0.8636363636363636,0.7307692307692307
472,0.7,2,1.6,3,3,0.8159268929503917,0.714975845410628,0.6434782608695652,0.7176470588235294,0.5416666666666666,0.5
473,0.6,4,1.2,2,2,0.7689295039164491,0.7314487632508834,0.672077922077922,0.7176470588235294,0.6470588235294118,0.6470588235294118
474,0.7,9,0.4,2,3,0.8067885117493473,0.6812227074235808,0.6753246753246753,0.7764705882352941,0.6666666666666666,0.48
475,0.7,4,1.2,2,3,0.8002610966057441,0.7452229299363057,0.508695652173913,0.7529411764705882,0.6086956521739131,0.5384615384615384
476,0.6,1,2.0,3,2,0.783289817232376,0.7545126353790613,0.6807817589576547,0.7294117647058823,0.6666666666666666,0.6857142857142857
477,0.5,6,0.0,2,2,0.7571801566579635,0.746268656716418,0.78125,0.6588235294117647,0.6585365853658537,0.6428571428571429
478,0.6,3,1.6,2,3,0.7715404699738904,0.7333333333333333,0.6785714285714286,0.7647058823529411,0.7058823529411765,0.7058823529411765
479,0.6,3,0.4,1,3,0.7506527415143603,0.7407407407407407,0.5844155844155844,0.8352941176470589,0.8571428571428571,0.7058823529411765
480,0.5,0,0.0,2,2,0.7647058823529411,0.8327868852459016,0.6631853785900783,0.7093023255813954,0.78125,0.5813953488372093
481,0.5,2,1.6,2,3,0.7663185378590078,0.7817679558011049,0.7389033942558747,0.7058823529411765,0.6956521739130435,0.7441860465116279
482,0.7,9,2.0,1,3,0.783289817232376,0.6815642458100558,0.5281385281385281,0.8,0.75,0.48
483,0.6,1,2.0,1,3,0.7637075718015666,0.7316176470588235,0.6482084690553745,0.7529411764705882,0.7333333333333333,0.6285714285714286
484,0.6,0,2.0,2,2,0.7738562091503268,0.7161290322580646,0.7231270358306189,0.7558139534883721,0.75,0.6
485,0.7,3,0.8,3,2,0.8093994778067886,0.6981132075471698,0.6434782608695652,0.7058823529411765,0.5238095238095238,0.4230769230769231
486,0.5,0,2.0,3,2,0.7764705882352941,0.823170731707317,0.7049608355091384,0.7325581395348837,0.7941176470588235,0.627906976744186
487,0.7,8,0.8,3,2,0.7989556135770235,0.6934673366834171,0.5974025974025974,0.8235294117647058,0.7272727272727273,0.64
488,0.6,3,0.8,1,3,0.7506527415143603,0.7407407407407407,0.5844155844155844,0.8352941176470589,0.8571428571428571,0.7058823529411765
489,0.7,8,2.0,2,2,0.783289817232376,0.6359832635983264,0.658008658008658,0.7411764705882353,0.56,0.56
490,0.7,1,1.6,2,3,0.793733681462141,0.6836734693877551,0.5826086956521739,0.8470588235294118,0.76,0.7307692307692307
491,0.5,4,1.6,3,2,0.7610966057441253,0.767379679144385,0.7493472584856397,0.7647058823529411,0.7948717948717948,0.7209302325581395
492,0.5,5,2.0,2,3,0.7676240208877284,0.7971014492753623,0.7180156657963447,0.7411764705882353,0.7837837837837838,0.6744186046511628
493,0.5,1,2.0,3,3,0.7741514360313316,0.8260869565217391,0.6945169712793734,0.7294117647058823,0.7941176470588235,0.627906976744186
494,0.7,0,2.0,1,3,0.7947712418300653,0.7109826589595376,0.5347826086956522,0.7558139534883721,0.6086956521739131,0.5384615384615384
495,0.5,9,1.6,2,2,0.7480417754569191,0.7938461538461539,0.671875,0.7764705882352941,0.8285714285714286,0.6904761904761905
496,0.6,7,0.8,1,3,0.762402088772846,0.7581967213114754,0.6006493506493507,0.7411764705882353,0.7307692307692307,0.5588235294117647
497,0.5,0,0.0,1,2,0.7372549019607844,0.7556179775280899,0.7023498694516971,0.6976744186046512,0.7073170731707317,0.6744186046511628
498,0.7,3,1.6,1,3,0.7924281984334204,0.7028571428571428,0.5347826086956522,0.7294117647058823,0.5789473684210527,0.4230769230769231
499,0.5,2,1.2,1,2,0.7349869451697127,0.7205882352941176,0.7676240208877284,0.6941176470588235,0.6491228070175439,0.8604651162790697
500,0.7,8,1.2,2,2,0.7963446475195822,0.649402390438247,0.7056277056277056,0.7764705882352941,0.6071428571428571,0.68
501,0.7,7,1.2,1,2,0.7872062663185379,0.6827956989247311,0.5497835497835498,0.7647058823529411,0.6470588235294118,0.44
502,0.7,8,2.0,1,3,0.7911227154046997,0.6550218340611353,0.6493506493506493,0.7764705882352941,0.6071428571428571,0.68
503,0.7,5,1.2,3,3,0.8159268929503917,0.7305699481865285,0.6130434782608696,0.7647058823529411,0.625,0.5769230769230769
504,0.7,6,2.0,2,2,0.7924281984334204,0.6764705882352942,0.5974025974025974,0.7764705882352941,0.6153846153846154,0.64
505,0.6,2,1.6,3,3,0.7950391644908616,0.7870722433460076,0.672077922077922,0.7647058823529411,0.75,0.6176470588235294
506,0.5,5,0.4,1,3,0.7441253263707572,0.7367088607594937,0.7597911227154047,0.6823529411764706,0.6666666666666666,0.7441860465116279
507,0.6,6,1.6,1,3,0.7689295039164491,0.7416974169741697,0.6525974025974026,0.7176470588235294,0.6785714285714286,0.5588235294117647
508,0.6,1,2.0,1,2,0.7571801566579635,0.7168458781362007,0.6514657980456026,0.7411764705882353,0.7096774193548387,0.6285714285714286
509,0.6,0,0.4,1,2,0.7620915032679738,0.7530364372469636,0.6058631921824105,0.7209302325581395,0.7619047619047619,0.45714285714285713
510,0.7,9,0.4,3,2,0.7976501305483029,0.6743119266055045,0.6363636363636364,0.7764705882352941,0.625,0.6
511,0.7,6,0.4,3,3,0.8120104438642297,0.7253886010362695,0.6060606060606061,0.7647058823529411,0.6190476190476191,0.52
512,0.6,1,1.2,1,2,0.7571801566579635,0.7168458781362007,0.6514657980456026,0.7411764705882353,0.7096774193548387,0.6285714285714286
513,0.7,1,0.8,2,3,0.793733681462141,0.7142857142857143,0.5217391304347826,0.8470588235294118,0.8095238095238095,0.6538461538461539
514,0.6,1,1.2,3,3,0.7924281984334204,0.8109243697478992,0.6286644951140065,0.6705882352941176,0.6060606060606061,0.5714285714285714
515,0.5,4,1.2,1,3,0.7441253263707572,0.7547683923705722,0.7232375979112271,0.6941176470588235,0.717948717948718,0.6511627906976745
516,0.6,8,2.0,3,3,0.7859007832898173,0.7769230769230769,0.6558441558441559,0.7529411764705882,0.7241379310344828,0.6176470588235294
517,0.7,8,0.0,3,2,0.8015665796344648,0.6926829268292682,0.6147186147186147,0.8117647058823529,0.6956521739130435,0.64
518,0.7,8,1.6,3,3,0.8107049608355091,0.6853448275862069,0.6883116883116883,0.7294117647058823,0.5357142857142857,0.6
519,0.6,4,0.4,3,3,0.7963446475195822,0.8015873015873016,0.6558441558441559,0.7176470588235294,0.6666666666666666,0.5882352941176471
520,0.7,0,0.8,1,3,0.7947712418300653,0.7109826589595376,0.5347826086956522,0.7558139534883721,0.6086956521739131,0.5384615384615384
521,0.5,4,2.0,1,2,0.7389033942558747,0.7226277372262774,0.7754569190600522,0.7058823529411765,0.7045454545454546,0.7209302325581395
522,0.7,0,0.8,3,3,0.8130718954248366,0.704225352112676,0.6521739130434783,0.7558139534883721,0.5925925925925926,0.6153846153846154
523,0.6,2,0.4,2,2,0.7780678851174935,0.7464285714285714,0.6785714285714286,0.788235294117647,0.75,0.7058823529411765
524,0.7,4,2.0,1,3,0.7859007832898173,0.6422413793103449,0.6478260869565218,0.788235294117647,0.6428571428571429,0.6923076923076923
525,0.6,9,1.2,2,2,0.779373368146214,0.7662835249042146,0.6493506493506493,0.7176470588235294,0.631578947368421,0.7058823529411765
526,0.7,2,1.2,3,3,0.8172323759791122,0.7163461538461539,0.6478260869565218,0.7058823529411765,0.52,0.5
527,0.6,1,1.2,3,2,0.7950391644908616,0.7435064935064936,0.745928338762215,0.7411764705882353,0.6756756756756757,0.7142857142857143
528,0.7,5,1.6,3,3,0.8093994778067886,0.795774647887324,0.49130434782608695,0.7294117647058823,0.5714285714285714,0.46153846153846156
529,0.5,9,1.2,1,2,0.7349869451697127,0.7191283292978208,0.7734375,0.7294117647058823,0.7567567567567568,0.6666666666666666
530,0.6,1,1.6,3,2,0.7950391644908616,0.7435064935064936,0.745928338762215,0.7411764705882353,0.6756756756756757,0.7142857142857143
531,0.6,9,0.0,2,2,0.779373368146214,0.7622641509433963,0.6558441558441559,0.7058823529411765,0.6216216216216216,0.6764705882352942
532,0.6,4,1.6,2,2,0.7689295039164491,0.7314487632508834,0.672077922077922,0.7176470588235294,0.6470588235294118,0.6470588235294118
533,0.6,9,0.0,2,3,0.7898172323759791,0.779467680608365,0.6655844155844156,0.6823529411764706,0.6060606060606061,0.5882352941176471
534,0.7,7,0.0,3,3,0.8185378590078329,0.7346938775510204,0.6233766233766234,0.7176470588235294,0.5238095238095238,0.44
535,0.7,1,0.4,3,3,0.8054830287206266,0.7098445595854922,0.5956521739130435,0.8117647058823529,0.7272727272727273,0.6153846153846154
536,0.6,5,1.2,3,3,0.8002610966057441,0.7924528301886793,0.6818181818181818,0.6823529411764706,0.6129032258064516,0.5588235294117647
537,0.6,4,0.8,3,3,0.7976501305483029,0.8097165991902834,0.6493506493506493,0.7529411764705882,0.7241379310344828,0.6176470588235294
538,0.5,7,0.0,1,3,0.7349869451697127,0.7593123209169055,0.6901041666666666,0.788235294117647,0.8,0.7619047619047619
539,0.7,3,0.4,3,3,0.8133159268929504,0.7403314917127072,0.5826086956521739,0.7176470588235294,0.55,0.4230769230769231
540,0.7,3,1.2,3,2,0.8093994778067886,0.6981132075471698,0.6434782608695652,0.7058823529411765,0.5238095238095238,0.4230769230769231
541,0.6,5,0.4,3,3,0.8002610966057441,0.8112449799196787,0.6558441558441559,0.7058823529411765,0.68,0.5
542,0.6,5,1.2,1,3,0.7650130548302873,0.737037037037037,0.6461038961038961,0.7529411764705882,0.696969696969697,0.6764705882352942
543,0.5,9,0.4,3,3,0.7819843342036553,0.8144927536231884,0.7317708333333334,0.7647058823529411,0.7894736842105263,0.7142857142857143
544,0.7,8,1.6,2,2,0.7911227154046997,0.6858638743455497,0.5670995670995671,0.8235294117647058,0.7272727272727273,0.64
545,0.7,8,0.4,3,2,0.7989556135770235,0.6934673366834171,0.5974025974025974,0.8235294117647058,0.7272727272727273,0.64
546,0.7,8,0.4,2,2,0.7963446475195822,0.649402390438247,0.7056277056277056,0.7764705882352941,0.6071428571428571,0.68
547,0.6,1,0.4,1,3,0.758485639686684,0.7541666666666667,0.5895765472312704,0.7647058823529411,0.7586206896551724,0.6285714285714286
548,0.6,5,2.0,1,3,0.7650130548302873,0.737037037037037,0.6461038961038961,0.7529411764705882,0.696969696969697,0.6764705882352942
549,0.5,1,1.2,3,2,0.7637075718015666,0.8098159509202454,0.6892950391644909,0.8235294117647058,0.9666666666666667,0.6744186046511628
550,0.6,6,1.6,3,2,0.7898172323759791,0.7692307692307693,0.6818181818181818,0.7176470588235294,0.6923076923076923,0.5294117647058824
551,0.6,8,0.8,2,3,0.7845953002610966,0.7562724014336918,0.685064935064935,0.8,0.7575757575757576,0.7352941176470589
552,0.6,5,0.4,1,3,0.762402088772846,0.7603305785123967,0.5974025974025974,0.7411764705882353,0.7142857142857143,0.5882352941176471
553,0.7,7,0.8,3,3,0.8172323759791122,0.7116279069767442,0.6623376623376623,0.7294117647058823,0.5625,0.36
554,0.5,3,0.0,2,3,0.7663185378590078,0.8148148148148148,0.6892950391644909,0.6823529411764706,0.7105263157894737,0.627906976744186
555,0.6,6,0.4,2,2,0.779373368146214,0.7662835249042146,0.6493506493506493,0.7294117647058823,0.72,0.5294117647058824
556,0.7,0,1.2,3,2,0.8052287581699347,0.6956521739130435,0.6260869565217392,0.7441860465116279,0.5769230769230769,0.5769230769230769
557,0.6,5,1.6,1,3,0.7650130548302873,0.737037037037037,0.6461038961038961,0.7529411764705882,0.696969696969697,0.6764705882352942
558,0.7,8,0.0,1,2,0.7872062663185379,0.640495867768595,0.670995670995671,0.7764705882352941,0.6071428571428571,0.68
559,0.6,2,1.2,3,3,0.8002610966057441,0.7719298245614035,0.7142857142857143,0.7647058823529411,0.75,0.6176470588235294
560,0.6,1,0.0,2,3,0.7872062663185379,0.7571428571428571,0.6905537459283387,0.7176470588235294,0.6486486486486487,0.6857142857142857
561,0.7,2,0.8,3,3,0.8172323759791122,0.7142857142857143,0.6521739130434783,0.7058823529411765,0.52,0.5
562,0.6,9,1.2,3,3,0.793733681462141,0.8,0.6493506493506493,0.7529411764705882,0.76,0.5588235294117647
563,0.7,7,0.4,1,3,0.7911227154046997,0.6983240223463687,0.5411255411255411,0.7411764705882353,0.6,0.36
564,0.6,8,1.2,2,3,0.7845953002610966,0.7562724014336918,0.685064935064935,0.8,0.7575757575757576,0.7352941176470589
565,0.5,8,1.6,2,3,0.7754569190600522,0.8212121212121212,0.7057291666666666,0.6588235294117647,0.7096774193548387,0.5238095238095238
566,0.6,0,0.8,2,3,0.7843137254901961,0.7591240875912408,0.6775244299674267,0.7558139534883721,0.7692307692307693,0.5714285714285714
567,0.5,7,0.8,3,2,0.7650130548302873,0.7588832487309645,0.7786458333333334,0.7176470588235294,0.6956521739130435,0.7619047619047619
568,0.5,2,2.0,1,2,0.7349869451697127,0.7205882352941176,0.7676240208877284,0.6941176470588235,0.6491228070175439,0.8604651162790697
569,0.7,1,0.0,1,2,0.7754569190600522,0.6593406593406593,0.5217391304347826,0.8823529411764706,0.8636363636363636,0.7307692307692307
570,0.5,2,0.0,2,3,0.7741514360313316,0.8143712574850299,0.7101827676240209,0.6823529411764706,0.6904761904761905,0.6744186046511628
571,0.5,5,0.4,3,2,0.7728459530026109,0.8235294117647058,0.6945169712793734,0.7529411764705882,0.7894736842105263,0.6976744186046512
572,0.6,0,0.0,1,3,0.7633986928104575,0.7581967213114754,0.6026058631921825,0.7209302325581395,0.7619047619047619,0.45714285714285713
573,0.7,7,1.2,1,3,0.7911227154046997,0.6983240223463687,0.5411255411255411,0.7411764705882353,0.6,0.36
574,0.6,0,0.8,3,2,0.788235294117647,0.7491408934707904,0.7100977198697068,0.7558139534883721,0.7692307692307693,0.5714285714285714
575,0.5,2,2.0,1,3,0.741514360313316,0.7353689567430025,0.7545691906005222,0.6941176470588235,0.6491228070175439,0.8604651162790697
576,0.6,4,0.4,1,2,0.7545691906005222,0.7459016393442623,0.5909090909090909,0.8,0.8695652173913043,0.5882352941176471
577,0.6,0,0.8,1,2,0.7620915032679738,0.7530364372469636,0.6058631921824105,0.7209302325581395,0.7619047619047619,0.45714285714285713
578,0.6,3,0.0,1,2,0.7480417754569191,0.7060931899641577,0.6396103896103896,0.8235294117647058,0.8064516129032258,0.7352941176470589
579,0.6,5,0.4,1,2,0.762402088772846,0.7581967213114754,0.6006493506493507,0.7411764705882353,0.7142857142857143,0.5882352941176471
580,0.7,4,0.4,3,2,0.7924281984334204,0.6748768472906403,0.5956521739130435,0.8117647058823529,0.7272727272727273,0.6153846153846154
581,0.6,1,1.6,1,2,0.7571801566579635,0.7168458781362007,0.6514657980456026,0.7411764705882353,0.7096774193548387,0.6285714285714286
582,0.7,1,0.0,3,3,0.8015665796344648,0.6598360655737705,0.7,0.8588235294117647,0.8181818181818182,0.6923076923076923
583,0.6,4,0.4,1,3,0.7558746736292428,0.7489711934156379,0.5909090909090909,0.788235294117647,0.8636363636363636,0.5588235294117647
584,0.7,3,0.8,1,3,0.793733681462141,0.7,0.5478260869565217,0.7176470588235294,0.55,0.4230769230769231
585,0.5,0,2.0,3,3,0.7725490196078432,0.8195718654434251,0.6997389033942559,0.6744186046511628,0.7027027027027027,0.6046511627906976
586,0.6,8,0.0,3,3,0.7950391644908616,0.7725631768953068,0.6948051948051948,0.7764705882352941,0.7272727272727273,0.7058823529411765
587,0.7,6,0.4,1,2,0.7845953002610966,0.6793478260869565,0.5411255411255411,0.788235294117647,0.6521739130434783,0.6
588,0.7,8,0.4,1,2,0.7872062663185379,0.640495867768595,0.670995670995671,0.7764705882352941,0.6071428571428571,0.68
589,0.7,6,2.0,1,2,0.7845953002610966,0.6793478260869565,0.5411255411255411,0.788235294117647,0.6521739130434783,0.6
590,0.6,3,1.6,1,3,0.7545691906005222,0.7205882352941176,0.6363636363636364,0.8352941176470589,0.8333333333333334,0.7352941176470589
591,0.5,6,0.8,1,2,0.741514360313316,0.7268292682926829,0.7760416666666666,0.6705882352941176,0.6590909090909091,0.6904761904761905
592,0.6,2,1.2,2,3,0.7911227154046997,0.7450331125827815,0.7305194805194806,0.7058823529411765,0.6451612903225806,0.5882352941176471
593,0.6,4,0.0,3,2,0.7741514360313316,0.7402135231316725,0.6753246753246753,0.8,0.8148148148148148,0.6470588235294118
594,0.6,5,2.0,1,2,0.7571801566579635,0.7194244604316546,0.6493506493506493,0.7529411764705882,0.696969696969697,0.6764705882352942
595,0.5,1,0.8,2,2,0.7558746736292428,0.7848837209302325,0.7049608355091384,0.788235294117647,0.9032258064516129,0.6511627906976745
596,0.7,1,0.0,3,2,0.7859007832898173,0.6586538461538461,0.5956521739130435,0.8823529411764706,0.8636363636363636,0.7307692307692307
597,0.6,9,0.0,1,2,0.7663185378590078,0.7676348547717843,0.6006493506493507,0.7058823529411765,0.6216216216216216,0.6764705882352942
598,0.7,2,0.0,3,2,0.7989556135770235,0.6792452830188679,0.6260869565217392,0.7411764705882353,0.5909090909090909,0.5
599,0.7,4,2.0,2,3,0.8002610966057441,0.7452229299363057,0.508695652173913,0.7529411764705882,0.6086956521739131,0.5384615384615384
600,0.7,8,0.8,2,3,0.8080939947780679,0.6909090909090909,0.658008658008658,0.7529411764705882,0.6,0.48
601,0.5,0,2.0,2,3,0.7633986928104575,0.7563451776649747,0.7780678851174935,0.7093023255813954,0.6956521739130435,0.7441860465116279
602,0.6,4,0.0,1,2,0.7545691906005222,0.7459016393442623,0.5909090909090909,0.8,0.8695652173913043,0.5882352941176471
603,0.6,8,1.6,1,2,0.7467362924281984,0.7050359712230215,0.6363636363636364,0.8117647058823529,0.7647058823529411,0.7647058823529411
604,0.7,6,0.8,1,2,0.7845953002610966,0.6793478260869565,0.5411255411255411,0.788235294117647,0.6521739130434783,0.6
605,0.7,9,1.2,3,2,0.7976501305483029,0.6743119266055045,0.6363636363636364,0.7764705882352941,0.625,0.6
606,0.6,3,1.6,1,2,0.7480417754569191,0.7060931899641577,0.6396103896103896,0.8235294117647058,0.8064516129032258,0.7352941176470589
607,0.6,3,1.6,2,2,0.7689295039164491,0.7347670250896058,0.6655844155844156,0.8352941176470589,0.8333333333333334,0.7352941176470589
608,0.5,3,0.0,1,2,0.7323759791122716,0.7472222222222222,0.7023498694516971,0.7647058823529411,0.7804878048780488,0.7441860465116279
609,0.5,6,1.2,3,3,0.7885117493472585,0.7936507936507936,0.78125,0.7294117647058823,0.7111111111111111,0.7619047619047619
610,0.6,6,2.0,1,3,0.7689295039164491,0.7416974169741697,0.6525974025974026,0.7176470588235294,0.6785714285714286,0.5588235294117647
611,0.5,6,0.4,2,3,0.7650130548302873,0.7786885245901639,0.7421875,0.6823529411764706,0.7142857142857143,0.5952380952380952
612,0.7,3,2.0,3,3,0.8159268929503917,0.7170731707317073,0.6391304347826087,0.7411764705882353,0.6,0.46153846153846156
613,0.7,0,2.0,2,3,0.8065359477124183,0.711340206185567,0.6,0.7558139534883721,0.6086956521739131,0.5384615384615384
614,0.6,8,1.6,2,2,0.7715404699738904,0.740072202166065,0.6655844155844156,0.8,0.7575757575757576,0.7352941176470589
615,0.7,0,0.0,1,2,0.792156862745098,0.6939890710382514,0.5521739130434783,0.7558139534883721,0.6086956521739131,0.5384615384615384
616,0.6,5,0.0,2,3,0.783289817232376,0.75,0.6915584415584416,0.7764705882352941,0.7419354838709677,0.6764705882352942
617,0.7,1,0.8,3,2,0.7859007832898173,0.6556603773584906,0.6043478260869565,0.8823529411764706,0.8636363636363636,0.7307692307692307
618,0.6,1,0.0,3,3,0.7976501305483029,0.8015873015873016,0.6579804560260586,0.7764705882352941,0.7352941176470589,0.7142857142857143
619,0.6,0,1.6,3,3,0.7986928104575164,0.7610921501706485,0.7263843648208469,0.7093023255813954,0.6923076923076923,0.5142857142857142
620,0.5,8,1.2,3,2,0.7819843342036553,0.8422712933753943,0.6953125,0.6705882352941176,0.75,0.5
621,0.6,8,0.4,3,3,0.7898172323759791,0.7732342007434945,0.6753246753246753,0.8,0.7575757575757576,0.7352941176470589
622,0.7,8,1.2,2,3,0.8080939947780679,0.6909090909090909,0.658008658008658,0.7529411764705882,0.6,0.48
623,0.5,2,2.0,3,2,0.7741514360313316,0.8240740740740741,0.6971279373368147,0.7411764705882353,0.7692307692307693,0.6976744186046512
624,0.7,7,2.0,2,2,0.793733681462141,0.6780487804878049,0.6017316017316018,0.7411764705882353,0.5789473684210527,0.44
625,0.7,1,2.0,2,3,0.793733681462141,0.6836734693877551,0.5826086956521739,0.8470588235294118,0.76,0.7307692307692307
626,0.7,2,0.8,3,2,0.7989556135770235,0.6792452830188679,0.6260869565217392,0.7411764705882353,0.5909090909090909,0.5
627,0.7,4,1.2,1,2,0.7819843342036553,0.6285714285714286,0.6695652173913044,0.788235294117647,0.6428571428571429,0.6923076923076923
628,0.5,5,1.2,3,3,0.7950391644908616,0.7868020304568528,0.8093994778067886,0.7411764705882353,0.7692307692307693,0.6976744186046512
629,0.5,0,0.8,3,2,0.7790849673202614,0.8057142857142857,0.7362924281984334,0.7209302325581395,0.7435897435897436,0.6744186046511628
630,0.7,7,1.2,2,2,0.7976501305483029,0.680952380952381,0.6190476190476191,0.7529411764705882,0.6111111111111112,0.44
631,0.6,7,0.8,3,3,0.7950391644908616,0.7337461300309598,0.7694805194805194,0.7176470588235294,0.6388888888888888,0.6764705882352942
632,0.7,7,1.6,1,2,0.7872062663185379,0.6827956989247311,0.5497835497835498,0.7647058823529411,0.6470588235294118,0.44
633,0.5,1,0.0,2,2,0.7519582245430809,0.7987616099071208,0.6736292428198434,0.8,0.9333333333333333,0.6511627906976745
634,0.7,5,2.0,3,3,0.8159268929503917,0.7305699481865285,0.6130434782608696,0.7647058823529411,0.625,0.5769230769230769
635,0.7,3,0.0,1,3,0.7950391644908616,0.7062146892655368,0.5434782608695652,0.6941176470588235,0.5,0.34615384615384615
636,0.5,7,0.4,1,2,0.7271540469973891,0.7410468319559229,0.7005208333333334,0.7764705882352941,0.7948717948717948,0.7380952380952381
637,0.6,6,0.0,1,3,0.7637075718015666,0.7591836734693878,0.6038961038961039,0.7294117647058823,0.7391304347826086,0.5
638,0.7,6,1.2,3,3,0.8107049608355091,0.715,0.6190476190476191,0.7647058823529411,0.6190476190476191,0.52
639,0.7,1,0.0,2,2,0.7845953002610966,0.6633165829145728,0.5739130434782609,0.8823529411764706,0.8636363636363636,0.7307692307692307
640,0.7,5,0.8,3,3,0.814621409921671,0.7417582417582418,0.5869565217391305,0.788235294117647,0.7,0.5384615384615384
641,0.5,3,2.0,2,2,0.7571801566579635,0.7940298507462686,0.6945169712793734,0.6235294117647059,0.6410256410256411,0.5813953488372093
642,0.5,1,1.6,2,3,0.7558746736292428,0.7333333333333333,0.804177545691906,0.7294117647058823,0.7272727272727273,0.7441860465116279
643,0.5,9,0.0,2,3,0.7689295039164491,0.8,0.71875,0.8,0.8571428571428571,0.7142857142857143
644,0.7,9,0.8,1,3,0.7859007832898173,0.6425531914893617,0.6536796536796536,0.7529411764705882,0.5714285714285714,0.64
645,0.6,1,0.4,3,2,0.7950391644908616,0.7435064935064936,0.745928338762215,0.7411764705882353,0.6756756756756757,0.7142857142857143
646,0.6,3,0.8,1,2,0.7493472584856397,0.7357723577235772,0.5876623376623377,0.8352941176470589,0.8571428571428571,0.7058823529411765
647,0.7,1,1.2,2,3,0.7924281984334204,0.6731707317073171,0.6,0.8823529411764706,0.8076923076923077,0.8076923076923077
648,0.5,6,0.8,2,3,0.7650130548302873,0.7786885245901639,0.7421875,0.6823529411764706,0.7142857142857143,0.5952380952380952
649,0.7,2,0.0,2,3,0.8054830287206266,0.7396449704142012,0.5434782608695652,0.7176470588235294,0.55,0.4230769230769231
650,0.6,7,0.8,3,2,0.7806788511749347,0.7464788732394366,0.6883116883116883,0.6705882352941176,0.6,0.5294117647058824
651,0.7,4,0.0,1,3,0.7859007832898173,0.6398305084745762,0.6565217391304348,0.788235294117647,0.6428571428571429,0.6923076923076923
652,0.7,1,1.6,1,3,0.779373368146214,0.6763005780346821,0.508695652173913,0.8705882352941177,0.8571428571428571,0.6923076923076923
653,0.7,9,0.4,1,3,0.7859007832898173,0.6425531914893617,0.6536796536796536,0.7529411764705882,0.5714285714285714,0.64
654,0.6,5,1.6,2,2,0.7767624020887729,0.7584905660377359,0.6525974025974026,0.6823529411764706,0.6206896551724138,0.5294117647058824
655,0.5,6,0.0,1,3,0.7519582245430809,0.7593582887700535,0.7395833333333334,0.6705882352941176,0.675,0.6428571428571429
656,0.5,7,2.0,3,2,0.7610966057441253,0.7815126050420168,0.7265625,0.6823529411764706,0.7027027027027027,0.6190476190476191
657,0.7,5,0.0,3,3,0.8185378590078329,0.745945945945946,0.6,0.788235294117647,0.7,0.5384615384615384
658,0.7,1,0.8,2,2,0.7806788511749347,0.655,0.5695652173913044,0.8823529411764706,0.8636363636363636,0.7307692307692307
659,0.5,7,1.6,2,3,0.7663185378590078,0.8213166144200627,0.6822916666666666,0.788235294117647,0.8157894736842105,0.7380952380952381
660,0.6,7,2.0,3,3,0.7950391644908616,0.796078431372549,0.6590909090909091,0.6823529411764706,0.6206896551724138,0.5294117647058824
661,0.7,4,0.4,2,3,0.8028720626631853,0.6666666666666666,0.6869565217391305,0.8117647058823529,0.6785714285714286,0.7307692307692307
662,0.5,6,0.8,3,2,0.7702349869451697,0.7971428571428572,0.7265625,0.6941176470588235,0.6818181818181818,0.7142857142857143
663,0.6,2,1.2,3,2,0.779373368146214,0.7421602787456446,0.6915584415584416,0.7176470588235294,0.6388888888888888,0.6764705882352942
664,0.6,6,1.2,3,2,0.7898172323759791,0.7692307692307693,0.6818181818181818,0.7176470588235294,0.6923076923076923,0.5294117647058824
665,0.7,9,0.0,1,3,0.7898172323759791,0.6732673267326733,0.5887445887445888,0.7411764705882353,0.5483870967741935,0.68
666,0.7,0,1.2,1,3,0.7947712418300653,0.7109826589595376,0.5347826086956522,0.7558139534883721,0.6086956521739131,0.5384615384615384
667,0.5,2,0.8,3,3,0.7754569190600522,0.790633608815427,0.7493472584856397,0.7647058823529411,0.7555555555555555,0.7906976744186046
668,0.6,9,0.0,3,2,0.7872062663185379,0.7655677655677655,0.6785714285714286,0.7058823529411765,0.6216216216216216,0.6764705882352942
669,0.7,0,0.0,3,2,0.8052287581699347,0.6956521739130435,0.6260869565217392,0.7441860465116279,0.5769230769230769,0.5769230769230769
670,0.7,9,0.4,3,3,0.8133159268929504,0.7135922330097088,0.6363636363636364,0.788235294117647,0.6666666666666666,0.56
671,0.7,0,0.4,3,3,0.8156862745098039,0.7192118226600985,0.6347826086956522,0.7558139534883721,0.5925925925925926,0.6153846153846154
672,0.5,3,0.0,3,3,0.7976501305483029,0.8048128342245989,0.7859007832898173,0.7058823529411765,0.6875,0.7674418604651163
673,0.5,8,0.0,1,3,0.7480417754569191,0.7588075880758808,0.7291666666666666,0.7176470588235294,0.7647058823529411,0.6190476190476191
674,0.6,6,1.2,3,3,0.8002610966057441,0.7992277992277992,0.672077922077922,0.7411764705882353,0.7,0.6176470588235294
675,0.6,5,2.0,3,3,0.8015665796344648,0.7910447761194029,0.6883116883116883,0.6823529411764706,0.6129032258064516,0.5588235294117647
676,0.5,8,2.0,3,3,0.7885117493472585,0.7983870967741935,0.7734375,0.6588235294117647,0.6666666666666666,0.6190476190476191
677,0.5,5,1.6,3,2,0.7715404699738904,0.825,0.6892950391644909,0.7058823529411765,0.75,0.627906976744186
678,0.5,0,0.4,2,3,0.7699346405228759,0.7982708933717579,0.7232375979112271,0.7209302325581395,0.7317073170731707,0.6976744186046512
679,0.5,8,0.8,1,3,0.7467362924281984,0.7328431372549019,0.7786458333333334,0.7411764705882353,0.7631578947368421,0.6904761904761905
680,0.6,4,1.6,1,2,0.7493472584856397,0.7071428571428572,0.6428571428571429,0.8235294117647058,0.88,0.6470588235294118
681,0.7,6,2.0,1,3,0.7845953002610966,0.6875,0.5238095238095238,0.8117647058823529,0.7142857142857143,0.6
682,0.7,9,0.4,1,2,0.7819843342036553,0.6311475409836066,0.6666666666666666,0.7529411764705882,0.5625,0.72
683,0.7,9,2.0,3,2,0.7976501305483029,0.6743119266055045,0.6363636363636364,0.7764705882352941,0.625,0.6
684,0.5,9,0.0,3,3,0.7845953002610966,0.826865671641791,0.7213541666666666,0.7647058823529411,0.84375,0.6428571428571429
685,0.5,6,0.4,3,2,0.7702349869451697,0.7971428571428572,0.7265625,0.6941176470588235,0.6818181818181818,0.7142857142857143
686,0.6,2,1.6,2,3,0.7898172323759791,0.7672727272727272,0.685064935064935,0.7647058823529411,0.75,0.6176470588235294
687,0.5,8,1.2,3,3,0.7885117493472585,0.846875,0.7057291666666666,0.6941176470588235,0.75,0.5714285714285714
688,0.7,6,0.8,2,3,0.8015665796344648,0.7112299465240641,0.5757575757575758,0.788235294117647,0.6666666666666666,0.56
689,0.5,4,1.2,3,2,0.7676240208877284,0.8134556574923547,0.6945169712793734,0.8,0.8823529411764706,0.6976744186046512
690,0.7,6,0.0,1,2,0.7845953002610966,0.6793478260869565,0.5411255411255411,0.788235294117647,0.6521739130434783,0.6
691,0.6,0,0.0,2,3,0.7934640522875817,0.7632508833922261,0.7035830618892508,0.7906976744186046,0.8148148148148148,0.6285714285714286
692,0.5,1,0.4,2,2,0.7558746736292428,0.7848837209302325,0.7049608355091384,0.788235294117647,0.9032258064516129,0.6511627906976745
693,0.7,9,0.8,3,2,0.7976501305483029,0.6743119266055045,0.6363636363636364,0.7764705882352941,0.625,0.6
694,0.5,8,2.0,1,3,0.7402088772845953,0.7306733167082294,0.7630208333333334,0.7176470588235294,0.78125,0.5952380952380952
695,0.5,8,0.0,2,3,0.7728459530026109,0.7916666666666666,0.7421875,0.7176470588235294,0.8,0.5714285714285714
696,0.7,2,0.4,1,3,0.7898172323759791,0.648068669527897,0.6565217391304348,0.7411764705882353,0.5909090909090909,0.5
697,0.6,4,2.0,1,3,0.7571801566579635,0.7226277372262774,0.6428571428571429,0.8117647058823529,0.875,0.6176470588235294
698,0.5,7,1.2,1,3,0.7323759791122716,0.7243107769423559,0.7526041666666666,0.7764705882352941,0.7674418604651163,0.7857142857142857
699,0.7,2,0.0,1,2,0.7859007832898173,0.6774193548387096,0.5478260869565217,0.7529411764705882,0.6190476190476191,0.5
700,0.5,5,1.6,1,3,0.7441253263707572,0.7367088607594937,0.7597911227154047,0.6823529411764706,0.6666666666666666,0.7441860465116279
701,0.6,8,1.6,3,3,0.7898172323759791,0.7732342007434945,0.6753246753246753,0.8,0.7575757575757576,0.7352941176470589
702,0.7,4,0.8,1,2,0.7819843342036553,0.6285714285714286,0.6695652173913044,0.788235294117647,0.6428571428571429,0.6923076923076923
703,0.6,0,0.8,3,3,0.7973856209150327,0.7585034013605442,0.7263843648208469,0.7674418604651163,0.7777777777777778,0.6
704,0.6,6,2.0,3,2,0.7767624020887729,0.7260726072607261,0.7142857142857143,0.7294117647058823,0.6666666666666666,0.6470588235294118
705,0.7,3,0.8,3,3,0.8133159268929504,0.7403314917127072,0.5826086956521739,0.7176470588235294,0.55,0.4230769230769231
706,0.5,1,2.0,1,2,0.7193211488250653,0.7038834951456311,0.7571801566579635,0.8470588235294118,0.8260869565217391,0.8837209302325582
707,0.6,5,0.8,3,3,0.7976501305483029,0.7953667953667953,0.6688311688311688,0.6823529411764706,0.6060606060606061,0.5882352941176471
708,0.7,3,1.2,2,3,0.8093994778067886,0.6981132075471698,0.6434782608695652,0.7058823529411765,0.5217391304347826,0.46153846153846156
709,0.6,5,1.6,3,2,0.7845953002610966,0.7474048442906575,0.7012987012987013,0.6823529411764706,0.6060606060606061,0.5882352941176471
710,0.6,1,1.2,1,3,0.7637075718015666,0.7316176470588235,0.6482084690553745,0.7529411764705882,0.7333333333333333,0.6285714285714286
711,0.6,1,1.6,2,3,0.7885117493472585,0.7377049180327869,0.7328990228013029,0.7058823529411765,0.631578947368421,0.6857142857142857
712,0.6,9,0.8,2,2,0.779373368146214,0.7662835249042146,0.6493506493506493,0.7176470588235294,0.631578947368421,0.7058823529411765
713,0.6,9,1.6,3,2,0.779373368146214,0.7308970099667774,0.7142857142857143,0.6823529411764706,0.5897435897435898,0.6764705882352942
714,0.6,0,1.2,3,3,0.7947712418300653,0.7314814814814815,0.7719869706840391,0.7441860465116279,0.7407407407407407,0.5714285714285714
715,0.6,5,1.6,3,3,0.7963446475195822,0.796875,0.6623376623376623,0.7176470588235294,0.6666666666666666,0.5882352941176471
716,0.5,0,0.0,3,2,0.7830065359477124,0.8144927536231884,0.7336814621409922,0.686046511627907,0.7222222222222222,0.6046511627906976
717,0.7,7,1.6,2,2,0.7976501305483029,0.680952380952381,0.6190476190476191,0.7529411764705882,0.6111111111111112,0.44
718,0.5,9,2.0,2,3,0.7728459530026109,0.7932960893854749,0.7395833333333334,0.7647058823529411,0.7894736842105263,0.7142857142857143
719,0.6,6,2.0,1,2,0.762402088772846,0.7266187050359713,0.6558441558441559,0.7176470588235294,0.6785714285714286,0.5588235294117647
720,0.5,7,1.6,3,2,0.7689295039164491,0.7867036011080333,0.7395833333333334,0.7058823529411765,0.7073170731707317,0.6904761904761905
721,0.5,9,0.8,3,2,0.7663185378590078,0.8193146417445483,0.6848958333333334,0.788235294117647,0.8157894736842105,0.7380952380952381
722,0.6,2,0.8,2,3,0.7898172323759791,0.7672727272727272,0.685064935064935,0.7647058823529411,0.75,0.6176470588235294
723,0.6,6,1.6,2,3,0.7872062663185379,0.7424749163879598,0.7207792207792207,0.7176470588235294,0.6666666666666666,0.5882352941176471
724,0.6,0,1.6,2,3,0.7830065359477124,0.7342192691029901,0.7198697068403909,0.7558139534883721,0.75,0.6
725,0.5,5,0.0,3,3,0.7898172323759791,0.8284023668639053,0.7310704960835509,0.6823529411764706,0.7222222222222222,0.6046511627906976
726,0.6,7,1.2,2,2,0.7689295039164491,0.7106109324758842,0.7175324675324676,0.7176470588235294,0.6388888888888888,0.6764705882352942
727,0.7,9,1.6,3,3,0.8093994778067886,0.717948717948718,0.6060606060606061,0.788235294117647,0.6666666666666666,0.56
728,0.5,2,1.6,1,2,0.7349869451697127,0.7205882352941176,0.7676240208877284,0.6941176470588235,0.6491228070175439,0.8604651162790697
729,0.7,2,2.0,3,2,0.7989556135770235,0.6792452830188679,0.6260869565217392,0.7411764705882353,0.5909090909090909,0.5
730,0.7,2,0.4,3,3,0.8172323759791122,0.7184466019417476,0.6434782608695652,0.6823529411764706,0.48,0.46153846153846156
731,0.5,4,0.4,1,3,0.7441253263707572,0.7547683923705722,0.7232375979112271,0.6941176470588235,0.717948717948718,0.6511627906976745
732,0.6,1,2.0,2,3,0.7885117493472585,0.7377049180327869,0.7328990228013029,0.7058823529411765,0.631578947368421,0.6857142857142857
733,0.6,2,0.8,1,2,0.7597911227154047,0.75,0.6038961038961039,0.7529411764705882,0.7407407407407407,0.5882352941176471
734,0.5,8,2.0,2,2,0.7715404699738904,0.8157099697885196,0.703125,0.6352941176470588,0.6896551724137931,0.47619047619047616
735,0.6,4,1.2,1,2,0.7545691906005222,0.7459016393442623,0.5909090909090909,0.8,0.8695652173913043,0.5882352941176471
736,0.5,4,0.0,1,2,0.7389033942558747,0.7226277372262774,0.7754569190600522,0.7058823529411765,0.7045454545454546,0.7209302325581395
737,0.7,0,1.2,3,3,0.8169934640522876,0.7295918367346939,0.6217391304347826,0.7790697674418605,0.64,0.6153846153846154
738,0.5,3,1.6,3,2,0.7715404699738904,0.7795698924731183,0.7571801566579635,0.6823529411764706,0.6818181818181818,0.6976744186046512
739,0.5,3,2.0,3,2,0.7689295039164491,0.7614213197969543,0.783289817232376,0.6705882352941176,0.6666666666666666,0.6976744186046512
740,0.6,4,1.6,1,3,0.7571801566579635,0.7226277372262774,0.6428571428571429,0.8117647058823529,0.875,0.6176470588235294
741,0.5,3,0.0,3,2,0.7728459530026109,0.8157099697885196,0.7049608355091384,0.6705882352941176,0.6923076923076923,0.627906976744186
742,0.6,7,2.0,2,2,0.7689295039164491,0.7106109324758842,0.7175324675324676,0.7176470588235294,0.6388888888888888,0.6764705882352942
743,0.6,5,0.4,3,2,0.7872062663185379,0.7561837455830389,0.6948051948051948,0.6823529411764706,0.6129032258064516,0.5588235294117647
744,0.6,5,1.2,1,2,0.7571801566579635,0.7194244604316546,0.6493506493506493,0.7529411764705882,0.696969696969697,0.6764705882352942
745,0.5,3,2.0,1,2,0.7297650130548303,0.7146341463414634,0.7650130548302873,0.7764705882352941,0.74,0.8604651162790697
746,0.7,6,1.2,1,3,0.7845953002610966,0.6813186813186813,0.5367965367965368,0.788235294117647,0.6521739130434783,0.6
747,0.5,9,1.2,1,3,0.741514360313316,0.7527173913043478,0.7213541666666666,0.7176470588235294,0.7647058823529411,0.6190476190476191
748,0.5,4,0.4,2,2,0.7545691906005222,0.8217821782178217,0.6501305483028721,0.7764705882352941,0.875,0.6511627906976745
749,0.7,2,2.0,1,3,0.7872062663185379,0.6892655367231638,0.5304347826086957,0.7647058823529411,0.65,0.5
750,0.6,7,0.0,2,2,0.779373368146214,0.740484429065744,0.6948051948051948,0.7647058823529411,0.75,0.6176470588235294
751,0.5,6,0.4,1,2,0.741514360313316,0.7268292682926829,0.7760416666666666,0.6705882352941176,0.6590909090909091,0.6904761904761905
752,0.5,8,1.2,1,2,0.737597911227154,0.7194244604316546,0.78125,0.7058823529411765,0.7575757575757576,0.5952380952380952
753,0.5,7,0.8,3,3,0.7950391644908616,0.810958904109589,0.7708333333333334,0.8,0.7777777777777778,0.8333333333333334
754,0.7,4,0.0,3,2,0.7950391644908616,0.665158371040724,0.6391304347826087,0.8,0.6666666666666666,0.6923076923076923
755,0.5,9,1.6,1,3,0.741514360313316,0.7527173913043478,0.7213541666666666,0.7176470588235294,0.7647058823529411,0.6190476190476191
756,0.6,1,0.0,3,2,0.7950391644908616,0.7435064935064936,0.745928338762215,0.7411764705882353,0.6756756756756757,0.7142857142857143
757,0.5,9,1.6,1,2,0.7349869451697127,0.7191283292978208,0.7734375,0.7294117647058823,0.7567567567567568,0.6666666666666666
758,0.6,9,2.0,2,2,0.7741514360313316,0.7170418006430869,0.724025974025974,0.6941176470588235,0.6,0.7058823529411765
759,0.7,4,1.6,1,2,0.7819843342036553,0.6285714285714286,0.6695652173913044,0.788235294117647,0.6428571428571429,0.6923076923076923
760,0.7,3,1.6,2,3,0.8080939947780679,0.7004830917874396,0.6304347826086957,0.7176470588235294,0.5454545454545454,0.46153846153846156
761,0.7,2,1.2,3,2,0.7989556135770235,0.6792452830188679,0.6260869565217392,0.7411764705882353,0.5909090909090909,0.5
762,0.5,7,0.0,1,2,0.7284595300261096,0.7458100558659218,0.6953125,0.788235294117647,0.8,0.7619047619047619
763,0.5,8,0.8,2,2,0.7715404699738904,0.8157099697885196,0.703125,0.6352941176470588,0.6896551724137931,0.47619047619047616
764,0.6,1,0.8,3,2,0.7859007832898173,0.7581227436823105,0.6840390879478827,0.7294117647058823,0.6666666666666666,0.6857142857142857
765,0.7,5,0.0,2,3,0.8015665796344648,0.7321428571428571,0.5347826086956522,0.788235294117647,0.7,0.5384615384615384
766,0.7,0,1.2,2,2,0.7986928104575164,0.7,0.5782608695652174,0.7441860465116279,0.5833333333333334,0.5384615384615384
767,0.7,0,1.2,2,3,0.807843137254902,0.7128205128205128,0.6043478260869565,0.7790697674418605,0.6666666666666666,0.5384615384615384
768,0.6,8,2.0,2,3,0.7845953002610966,0.7375415282392026,0.7207792207792207,0.788235294117647,0.7352941176470589,0.7352941176470589
769,0.5,0,0.8,2,2,0.7647058823529411,0.8161993769470405,0.6840731070496083,0.6976744186046512,0.7575757575757576,0.5813953488372093
770,0.6,3,0.4,3,2,0.7767624020887729,0.7437722419928826,0.6785714285714286,0.7529411764705882,0.696969696969697,0.6764705882352942
771,0.6,1,0.4,2,3,0.7872062663185379,0.7589928057553957,0.6872964169381107,0.7176470588235294,0.6486486486486487,0.6857142857142857
772,0.7,8,0.8,1,3,0.7911227154046997,0.6550218340611353,0.6493506493506493,0.7764705882352941,0.6071428571428571,0.68
773,0.5,4,1.2,2,2,0.7480417754569191,0.7199074074074074,0.8120104438642297,0.7176470588235294,0.7111111111111111,0.7441860465116279
774,0.7,3,1.6,2,2,0.8015665796344648,0.693069306930693,0.6086956521739131,0.7176470588235294,0.55,0.4230769230769231
775,0.6,5,2.0,2,3,0.7872062663185379,0.7821011673151751,0.6525974025974026,0.7058823529411765,0.6666666666666666,0.5294117647058824
776,0.7,0,1.6,1,3,0.7947712418300653,0.7109826589595376,0.5347826086956522,0.7558139534883721,0.6086956521739131,0.5384615384615384
777,0.7,6,0.0,2,3,0.8002610966057441,0.7468354430379747,0.5108225108225108,0.788235294117647,0.6666666666666666,0.56
778,0.5,7,0.4,2,3,0.7610966057441253,0.8018018018018018,0.6953125,0.788235294117647,0.8157894736842105,0.7380952380952381
779,0.5,7,0.8,2,3,0.7676240208877284,0.8047337278106509,0.7083333333333334,0.8117647058823529,0.825,0.7857142857142857
780,0.5,7,0.4,2,2,0.7558746736292428,0.8229508196721311,0.6536458333333334,0.788235294117647,0.8529411764705882,0.6904761904761905
781,0.5,0,0.0,3,3,0.7934640522875817,0.8260869565217391,0.7441253263707572,0.6976744186046512,0.717948717948718,0.6511627906976745
782,0.5,6,2.0,3,3,0.7885117493472585,0.8,0.7708333333333334,0.7411764705882353,0.7272727272727273,0.7619047619047619
783,0.5,6,1.6,1,3,0.7467362924281984,0.7581521739130435,0.7265625,0.6588235294117647,0.6666666666666666,0.6190476190476191
784,0.5,1,0.8,3,3,0.779373368146214,0.8282208588957055,0.7049608355091384,0.7647058823529411,0.8709677419354839,0.627906976744186
785,0.5,1,1.6,3,3,0.7754569190600522,0.8005698005698005,0.7336814621409922,0.7647058823529411,0.8285714285714286,0.6744186046511628
786,0.5,6,1.2,1,2,0.741514360313316,0.7268292682926829,0.7760416666666666,0.6705882352941176,0.6590909090909091,0.6904761904761905
787,0.5,9,0.8,3,3,0.7780678851174935,0.8039772727272727,0.7369791666666666,0.7764705882352941,0.7948717948717948,0.7380952380952381
788,0.7,0,2.0,3,3,0.8169934640522876,0.7647058823529411,0.5652173913043478,0.7558139534883721,0.6,0.5769230769230769
789,0.5,3,1.6,2,3,0.7741514360313316,0.8017241379310345,0.7284595300261096,0.7294117647058823,0.75,0.6976744186046512
790,0.6,6,0.4,3,2,0.7898172323759791,0.7692307692307693,0.6818181818181818,0.7176470588235294,0.6923076923076923,0.5294117647058824
791,0.5,4,0.0,3,2,0.7715404699738904,0.7971428571428572,0.7284595300261096,0.788235294117647,0.8378378378378378,0.7209302325581395
792,0.6,1,0.8,2,3,0.7885117493472585,0.7377049180327869,0.7328990228013029,0.7058823529411765,0.631578947368421,0.6857142857142857
793,0.6,9,0.4,1,2,0.7663185378590078,0.7676348547717843,0.6006493506493507,0.7058823529411765,0.6216216216216216,0.6764705882352942
794,0.5,7,2.0,1,2,0.7245430809399478,0.7094430992736077,0.7630208333333334,0.8117647058823529,0.782608695652174,0.8571428571428571
795,0.5,7,2.0,1,3,0.7323759791122716,0.7243107769423559,0.7526041666666666,0.7764705882352941,0.7674418604651163,0.7857142857142857
796,0.5,4,1.2,1,2,0.7389033942558747,0.7226277372262774,0.7754569190600522,0.7058823529411765,0.7045454545454546,0.7209302325581395
797,0.7,3,0.0,2,3,0.8120104438642297,0.7107843137254902,0.6304347826086957,0.7058823529411765,0.52,0.5
798,0.6,5,0.4,2,2,0.7806788511749347,0.7517985611510791,0.6785714285714286,0.7647058823529411,0.7333333333333333,0.6470588235294118
799,0.6,9,0.8,2,3,0.7924281984334204,0.7689530685920578,0.6915584415584416,0.7647058823529411,0.6842105263157895,0.7647058823529411
800,0.6,5,1.2,2,2,0.7767624020887729,0.7584905660377359,0.6525974025974026,0.6823529411764706,0.6206896551724138,0.5294117647058824
801,0.7,4,0.0,3,3,0.8120104438642297,0.7263157894736842,0.6,0.7529411764705882,0.6086956521739131,0.5384615384615384
802,0.7,9,0.8,2,3,0.8067885117493473,0.6877828054298643,0.658008658008658,0.7764705882352941,0.6666666666666666,0.48
803,0.5,9,0.4,2,3,0.7754569190600522,0.7834224598930482,0.7630208333333334,0.7294117647058823,0.7435897435897436,0.6904761904761905
804,0.5,9,1.6,3,2,0.7663185378590078,0.8193146417445483,0.6848958333333334,0.788235294117647,0.8157894736842105,0.7380952380952381
805,0.6,2,1.2,1,3,0.7610966057441253,0.7551020408163265,0.6006493506493507,0.7529411764705882,0.7407407407407407,0.5882352941176471
806,0.7,8,0.0,1,3,0.7924281984334204,0.6782178217821783,0.5930735930735931,0.7764705882352941,0.6153846153846154,0.64
807,0.5,1,1.2,2,2,0.7558746736292428,0.7848837209302325,0.7049608355091384,0.788235294117647,0.9032258064516129,0.6511627906976745
808,0.5,9,0.0,2,2,0.7532637075718016,0.8239202657807309,0.6458333333333334,0.7764705882352941,0.8484848484848485,0.6666666666666666
809,0.7,5,2.0,2,3,0.7976501305483029,0.7272727272727273,0.5217391304347826,0.7411764705882353,0.5909090909090909,0.5
810,0.7,0,1.6,2,3,0.8065359477124183,0.711340206185567,0.6,0.7558139534883721,0.6086956521739131,0.5384615384615384
811,0.5,9,1.2,3,2,0.7663185378590078,0.8193146417445483,0.6848958333333334,0.788235294117647,0.8157894736842105,0.7380952380952381
812,0.6,9,0.4,1,3,0.7663185378590078,0.7676348547717843,0.6006493506493507,0.7058823529411765,0.6216216216216216,0.6764705882352942
813,0.6,1,2.0,3,3,0.793733681462141,0.7991967871485943,0.6482084690553745,0.7176470588235294,0.6666666666666666,0.6285714285714286
814,0.6,4,0.0,2,3,0.7859007832898173,0.7608695652173914,0.6818181818181818,0.8,0.8148148148148148,0.6470588235294118
815,0.5,1,2.0,2,2,0.741514360313316,0.7605633802816901,0.7049608355091384,0.7058823529411765,0.78125,0.5813953488372093
816,0.7,8,0.8,1,2,0.7872062663185379,0.640495867768595,0.670995670995671,0.7764705882352941,0.6071428571428571,0.68
817,0.7,6,1.6,1,2,0.7845953002610966,0.6793478260869565,0.5411255411255411,0.788235294117647,0.6521739130434783,0.6
818,0.5,1,1.2,3,3,0.7806788511749347,0.8028169014084507,0.7441253263707572,0.7058823529411765,0.7368421052631579,0.6511627906976745
819,0.5,3,1.2,3,3,0.7859007832898173,0.8101983002832861,0.7467362924281984,0.6941176470588235,0.673469387755102,0.7674418604651163
820,0.6,4,0.8,2,2,0.7689295039164491,0.7314487632508834,0.672077922077922,0.7176470588235294,0.6470588235294118,0.6470588235294118
821,0.6,2,0.8,3,3,0.8015665796344648,0.8,0.6753246753246753,0.7058823529411765,0.6551724137931034,0.5588235294117647
822,0.5,8,0.8,2,3,0.7741514360313316,0.7971830985915493,0.7369791666666666,0.6705882352941176,0.71875,0.5476190476190477
823,0.6,5,2.0,2,2,0.7767624020887729,0.7584905660377359,0.6525974025974026,0.6823529411764706,0.6206896551724138,0.5294117647058824
824,0.6,9,0.4,3,3,0.7989556135770235,0.7655172413793103,0.7207792207792207,0.7294117647058823,0.6341463414634146,0.7647058823529411
825,0.6,0,1.2,1,2,0.7581699346405228,0.7178571428571429,0.6547231270358306,0.7209302325581395,0.7391304347826086,0.4857142857142857
826,0.5,8,0.4,2,3,0.7754569190600522,0.8136094674556213,0.7161458333333334,0.6823529411764706,0.7419354838709677,0.5476190476190477
827,0.5,8,0.8,1,2,0.737597911227154,0.7194244604316546,0.78125,0.7058823529411765,0.7575757575757576,0.5952380952380952
828,0.6,3,0.4,1,2,0.7493472584856397,0.7357723577235772,0.5876623376623377,0.8352941176470589,0.8571428571428571,0.7058823529411765
829,0.7,3,0.0,3,3,0.8198433420365535,0.719047619047619,0.6565217391304348,0.6588235294117647,0.42105263157894735,0.3076923076923077
830,0.5,5,1.2,2,3,0.7754569190600522,0.7988668555240793,0.7362924281984334,0.7058823529411765,0.725,0.6744186046511628
831,0.7,9,0.8,2,2,0.7872062663185379,0.6338582677165354,0.696969696969697,0.7529411764705882,0.5588235294117647,0.76
832,0.5,3,1.2,2,2,0.7571801566579635,0.7940298507462686,0.6945169712793734,0.6235294117647059,0.6410256410256411,0.5813953488372093
833,0.6,8,2.0,3,2,0.7702349869451697,0.7323943661971831,0.6753246753246753,0.7529411764705882,0.7241379310344828,0.6176470588235294
834,0.6,4,0.4,2,3,0.7767624020887729,0.7490909090909091,0.6688311688311688,0.7294117647058823,0.6896551724137931,0.5882352941176471
835,0.6,3,0.4,2,2,0.7689295039164491,0.7347670250896058,0.6655844155844156,0.8352941176470589,0.8333333333333334,0.7352941176470589
836,0.6,7,0.8,2,2,0.7780678851174935,0.7482014388489209,0.6753246753246753,0.7529411764705882,0.7407407407407407,0.5882352941176471
837,0.7,1,2.0,1,3,0.779373368146214,0.6763005780346821,0.508695652173913,0.8705882352941177,0.8571428571428571,0.6923076923076923
838,0.6,0,0.0,3,3,0.7973856209150327,0.7814814814814814,0.6872964169381107,0.7441860465116279,0.782608695652174,0.5142857142857142
839,0.5,7,1.2,2,3,0.7676240208877284,0.8047337278106509,0.7083333333333334,0.8117647058823529,0.825,0.7857142857142857
840,0.5,7,1.6,1,2,0.7245430809399478,0.7094430992736077,0.7630208333333334,0.8117647058823529,0.782608695652174,0.8571428571428571
841,0.7,8,0.0,2,2,0.7963446475195822,0.649402390438247,0.7056277056277056,0.7764705882352941,0.6071428571428571,0.68
842,0.5,7,0.4,3,3,0.7741514360313316,0.8005698005698005,0.7317708333333334,0.7411764705882353,0.75,0.7142857142857143
843,0.7,7,1.6,3,2,0.7989556135770235,0.6807511737089202,0.6277056277056277,0.7411764705882353,0.5789473684210527,0.44
844,0.7,8,0.4,3,3,0.8159268929503917,0.7272727272727273,0.6233766233766234,0.7764705882352941,0.65,0.52
845,0.6,9,1.6,1,2,0.7637075718015666,0.730909090909091,0.6525974025974026,0.6823529411764706,0.5897435897435898,0.6764705882352942
846,0.7,9,1.6,1,2,0.7806788511749347,0.6684491978609626,0.5411255411255411,0.8,0.7222222222222222,0.52
847,0.7,9,1.6,2,3,0.8067885117493473,0.6877828054298643,0.658008658008658,0.7764705882352941,0.6666666666666666,0.48
848,0.7,4,0.4,1,2,0.7819843342036553,0.6285714285714286,0.6695652173913044,0.788235294117647,0.6428571428571429,0.6923076923076923
849,0.6,7,1.6,2,3,0.7898172323759791,0.7615658362989324,0.6948051948051948,0.7529411764705882,0.7096774193548387,0.6470588235294118
850,0.7,5,0.0,1,2,0.783289817232376,0.6702127659574468,0.5478260869565217,0.788235294117647,0.7222222222222222,0.5
851,0.5,3,1.2,2,3,0.7767624020887729,0.8099415204678363,0.7232375979112271,0.7411764705882353,0.7837837837837838,0.6744186046511628
852,0.6,1,0.8,3,3,0.8002610966057441,0.740625,0.7719869706840391,0.6823529411764706,0.5952380952380952,0.7142857142857143
853,0.5,2,0.4,1,3,0.741514360313316,0.7353689567430025,0.7545691906005222,0.6941176470588235,0.6491228070175439,0.8604651162790697
854,0.7,3,0.8,1,2,0.7924281984334204,0.6939890710382514,0.5521739130434783,0.7176470588235294,0.55,0.4230769230769231
855,0.6,8,2.0,1,3,0.7545691906005222,0.7222222222222222,0.6331168831168831,0.8117647058823529,0.7647058823529411,0.7647058823529411
856,0.6,8,1.6,1,3,0.7545691906005222,0.7222222222222222,0.6331168831168831,0.8117647058823529,0.7647058823529411,0.7647058823529411
857,0.6,0,0.8,2,2,0.7803921568627451,0.7491039426523297,0.6807817589576547,0.7558139534883721,0.7692307692307693,0.5714285714285714
858,0.5,3,1.6,1,3,0.7349869451697127,0.7284263959390863,0.7493472584856397,0.788235294117647,0.7777777777777778,0.813953488372093
859,0.7,1,0.8,1,2,0.7754569190600522,0.6593406593406593,0.5217391304347826,0.8823529411764706,0.8636363636363636,0.7307692307692307
860,0.5,0,0.8,2,3,0.7686274509803922,0.8029411764705883,0.7127937336814621,0.6627906976744186,0.6944444444444444,0.5813953488372093
861,0.5,4,0.4,3,3,0.7767624020887729,0.7896174863387978,0.7545691906005222,0.7294117647058823,0.7272727272727273,0.7441860465116279
862,0.7,8,0.4,2,3,0.8054830287206266,0.6971153846153846,0.6277056277056277,0.7764705882352941,0.6363636363636364,0.56
863,0.5,1,0.0,3,2,0.7637075718015666,0.8098159509202454,0.6892950391644909,0.8235294117647058,0.9666666666666667,0.6744186046511628
864,0.7,7,0.8,2,3,0.8067885117493473,0.7064676616915423,0.6147186147186147,0.7294117647058823,0.5625,0.36
865,0.7,7,0.0,1,3,0.7963446475195822,0.6811594202898551,0.6103896103896104,0.7647058823529411,0.6470588235294118,0.44
866,0.5,4,0.0,2,3,0.7715404699738904,0.7905027932960894,0.7389033942558747,0.7294117647058823,0.7380952380952381,0.7209302325581395
867,0.5,5,1.2,1,2,0.737597911227154,0.7219512195121951,0.7728459530026109,0.6823529411764706,0.6666666666666666,0.7441860465116279
868,0.7,5,1.6,1,2,0.783289817232376,0.6702127659574468,0.5478260869565217,0.788235294117647,0.7222222222222222,0.5
869,0.5,3,0.8,2,2,0.7571801566579635,0.7940298507462686,0.6945169712793734,0.6235294117647059,0.6410256410256411,0.5813953488372093
870,0.6,9,1.2,3,2,0.779373368146214,0.7308970099667774,0.7142857142857143,0.6823529411764706,0.5897435897435898,0.6764705882352942
871,0.7,2,1.6,1,3,0.7885117493472585,0.6440677966101694,0.6608695652173913,0.7529411764705882,0.6086956521739131,0.5384615384615384
872,0.6,7,0.4,3,2,0.7780678851174935,0.7536764705882353,0.6655844155844156,0.7411764705882353,0.7307692307692307,0.5588235294117647
873,0.7,4,0.4,1,3,0.7859007832898173,0.6422413793103449,0.6478260869565218,0.788235294117647,0.6428571428571429,0.6923076923076923
874,0.5,1,1.6,2,2,0.741514360313316,0.7605633802816901,0.7049608355091384,0.7058823529411765,0.78125,0.5813953488372093
875,0.7,5,1.2,1,3,0.7859007832898173,0.6853932584269663,0.5304347826086957,0.788235294117647,0.7222222222222222,0.5
876,0.5,1,0.8,1,2,0.7193211488250653,0.7038834951456311,0.7571801566579635,0.8470588235294118,0.8260869565217391,0.8837209302325582
877,0.7,3,2.0,1,3,0.7924281984334204,0.7028571428571428,0.5347826086956522,0.7294117647058823,0.5789473684210527,0.4230769230769231
878,0.6,3,1.6,3,3,0.7976501305483029,0.7575757575757576,0.7305194805194806,0.7529411764705882,0.7096774193548387,0.6470588235294118
879,0.6,4,2.0,1,2,0.7493472584856397,0.7071428571428572,0.6428571428571429,0.8235294117647058,0.88,0.6470588235294118
880,0.6,6,1.2,1,2,0.762402088772846,0.7266187050359713,0.6558441558441559,0.7176470588235294,0.6785714285714286,0.5588235294117647
881,0.7,4,0.4,2,2,0.7872062663185379,0.6324110671936759,0.6956521739130435,0.788235294117647,0.6428571428571429,0.6923076923076923
882,0.7,0,2.0,2,2,0.7986928104575164,0.7,0.5782608695652174,0.7441860465116279,0.5833333333333334,0.5384615384615384
883,0.7,6,2.0,3,3,0.8067885117493473,0.7371428571428571,0.5584415584415584,0.8117647058823529,0.68,0.68
884,0.6,5,0.0,2,2,0.7806788511749347,0.7517985611510791,0.6785714285714286,0.7647058823529411,0.7333333333333333,0.6470588235294118
885,0.5,9,0.0,3,2,0.7676240208877284,0.8238993710691824,0.6822916666666666,0.7647058823529411,0.8055555555555556,0.6904761904761905
886,0.6,4,2.0,2,2,0.7689295039164491,0.7314487632508834,0.672077922077922,0.7176470588235294,0.6470588235294118,0.6470588235294118
887,0.7,6,0.4,1,3,0.7859007832898173,0.6850828729281768,0.5367965367965368,0.788235294117647,0.6666666666666666,0.56
888,0.5,7,0.4,3,2,0.7650130548302873,0.7588832487309645,0.7786458333333334,0.7176470588235294,0.6956521739130435,0.7619047619047619
889,0.6,5,0.8,2,3,0.7859007832898173,0.78125,0.6493506493506493,0.7058823529411765,0.6666666666666666,0.5294117647058824
890,0.7,9,2.0,3,3,0.8067885117493473,0.6912442396313364,0.6493506493506493,0.788235294117647,0.6842105263157895,0.52
891,0.7,8,1.6,3,2,0.7924281984334204,0.6451612903225806,0.6926406926406926,0.7411764705882353,0.56,0.56
892,0.6,3,2.0,2,2,0.7637075718015666,0.730909090909091,0.6525974025974026,0.7764705882352941,0.7419354838709677,0.6764705882352942
893,0.5,1,1.6,3,2,0.7610966057441253,0.7958579881656804,0.7023498694516971,0.7647058823529411,0.8285714285714286,0.6744186046511628
894,0.5,8,0.0,3,3,0.7898172323759791,0.8328358208955224,0.7265625,0.6941176470588235,0.75,0.5714285714285714
895,0.7,6,0.0,3,3,0.814621409921671,0.7213930348258707,0.6277056277056277,0.788235294117647,0.6521739130434783,0.6
896,0.5,2,0.4,3,2,0.7741514360313316,0.8240740740740741,0.6971279373368147,0.7411764705882353,0.7692307692307693,0.6976744186046512
897,0.6,1,0.4,1,2,0.758485639686684,0.7520661157024794,0.5928338762214984,0.7647058823529411,0.7586206896551724,0.6285714285714286
898,0.5,0,1.6,3,3,0.7816993464052288,0.8016759776536313,0.7493472584856397,0.7674418604651163,0.7948717948717948,0.7209302325581395
899,0.7,5,0.8,2,3,0.8002610966057441,0.7015706806282722,0.5826086956521739,0.788235294117647,0.7,0.5384615384615384
900,0.6,2,2.0,3,2,0.7819843342036553,0.7491166077738516,0.6883116883116883,0.7176470588235294,0.65625,0.6176470588235294
901,0.7,5,0.8,1,2,0.783289817232376,0.6702127659574468,0.5478260869565217,0.788235294117647,0.7222222222222222,0.5
902,0.7,1,0.4,1,3,0.779373368146214,0.6763005780346821,0.508695652173913,0.8705882352941177,0.8571428571428571,0.6923076923076923
903,0.5,0,0.4,2,2,0.7647058823529411,0.8161993769470405,0.6840731070496083,0.6976744186046512,0.7575757575757576,0.5813953488372093
904,0.5,9,0.8,2,2,0.7532637075718016,0.8239202657807309,0.6458333333333334,0.7764705882352941,0.8484848484848485,0.6666666666666666
905,0.5,9,1.2,2,2,0.7532637075718016,0.8239202657807309,0.6458333333333334,0.7764705882352941,0.8484848484848485,0.6666666666666666
906,0.7,0,2.0,1,2,0.792156862745098,0.6939890710382514,0.5521739130434783,0.7558139534883721,0.6086956521739131,0.5384615384615384
907,0.7,2,2.0,3,3,0.8224543080939948,0.7303921568627451,0.6478260869565218,0.7176470588235294,0.5416666666666666,0.5
908,0.7,5,2.0,2,2,0.7885117493472585,0.6666666666666666,0.591304347826087,0.7176470588235294,0.5357142857142857,0.5769230769230769
909,0.6,8,1.2,3,3,0.7911227154046997,0.7983870967741935,0.6428571428571429,0.8117647058823529,0.8214285714285714,0.6764705882352942
910,0.5,4,0.0,2,2,0.7545691906005222,0.7468354430379747,0.7702349869451697,0.7294117647058823,0.75,0.6976744186046512
911,0.7,7,0.8,3,2,0.8028720626631853,0.6754385964912281,0.6666666666666666,0.7294117647058823,0.55,0.44
912,0.5,0,0.8,1,2,0.7320261437908496,0.7181372549019608,0.7650130548302873,0.7441860465116279,0.7142857142857143,0.813953488372093
913,0.5,1,1.6,1,3,0.7323759791122716,0.6986607142857143,0.8172323759791122,0.7764705882352941,0.74,0.8604651162790697
914,0.5,3,0.4,1,3,0.7349869451697127,0.7284263959390863,0.7493472584856397,0.788235294117647,0.7777777777777778,0.813953488372093
915,0.5,8,0.4,1,2,0.737597911227154,0.7194244604316546,0.78125,0.7058823529411765,0.7575757575757576,0.5952380952380952
916,0.7,0,0.8,3,2,0.8052287581699347,0.6919431279620853,0.6347826086956522,0.7441860465116279,0.5769230769230769,0.5769230769230769
917,0.7,6,1.2,2,3,0.8015665796344648,0.7112299465240641,0.5757575757575758,0.788235294117647,0.6666666666666666,0.56
918,0.6,6,0.8,3,2,0.7898172323759791,0.7692307692307693,0.6818181818181818,0.7176470588235294,0.6923076923076923,0.5294117647058824
919,0.6,4,2.0,2,3,0.7845953002610966,0.7942386831275721,0.6266233766233766,0.7294117647058823,0.6896551724137931,0.5882352941176471
920,0.5,0,1.2,2,2,0.7647058823529411,0.8161993769470405,0.6840731070496083,0.6976744186046512,0.7575757575757576,0.5813953488372093
921,0.5,0,1.2,3,3,0.7738562091503268,0.8088235294117647,0.7180156657963447,0.6744186046511628,0.6923076923076923,0.627906976744186
922,0.7,6,1.6,1,3,0.7845953002610966,0.6813186813186813,0.5367965367965368,0.788235294117647,0.6521739130434783,0.6
923,0.7,8,1.2,1,3,0.7911227154046997,0.6550218340611353,0.6493506493506493,0.7764705882352941,0.6071428571428571,0.68
924,0.5,9,2.0,2,2,0.7480417754569191,0.7938461538461539,0.671875,0.7764705882352941,0.8285714285714286,0.6904761904761905
925,0.5,5,0.4,1,2,0.737597911227154,0.7219512195121951,0.7728459530026109,0.6823529411764706,0.6666666666666666,0.7441860465116279
926,0.5,0,0.0,2,3,0.7777777777777778,0.8276923076923077,0.7023498694516971,0.6976744186046512,0.7297297297297297,0.627906976744186
927,0.5,8,0.0,1,2,0.737597911227154,0.7194244604316546,0.78125,0.7058823529411765,0.7575757575757576,0.5952380952380952
928,0.7,5,1.6,2,2,0.7885117493472585,0.6666666666666666,0.591304347826087,0.7176470588235294,0.5357142857142857,0.5769230769230769
929,0.6,4,0.8,3,2,0.7819843342036553,0.7456445993031359,0.6948051948051948,0.8117647058823529,0.8461538461538461,0.6470588235294118
930,0.7,1,0.0,1,3,0.7806788511749347,0.6490384615384616,0.5869565217391305,0.8823529411764706,0.9,0.6923076923076923
931,0.7,3,2.0,1,2,0.7924281984334204,0.6939890710382514,0.5521739130434783,0.7176470588235294,0.55,0.4230769230769231
932,0.6,1,1.6,2,2,0.7819843342036553,0.7573529411764706,0.6710097719869706,0.7411764705882353,0.6857142857142857,0.6857142857142857
933,0.5,1,0.0,2,3,0.762402088772846,0.8036253776435045,0.6945169712793734,0.8117647058823529,0.9655172413793104,0.6511627906976745
934,0.6,5,0.4,2,3,0.7885117493472585,0.7786259541984732,0.6623376623376623,0.7176470588235294,0.7272727272727273,0.47058823529411764
935,0.6,3,0.0,2,2,0.7689295039164491,0.7347670250896058,0.6655844155844156,0.8352941176470589,0.8333333333333334,0.7352941176470589
936,0.7,3,0.8,2,3,0.8093994778067886,0.71875,0.6,0.7529411764705882,0.631578947368421,0.46153846153846156
937,0.7,2,1.2,2,3,0.8067885117493473,0.7070707070707071,0.6086956521739131,0.7294117647058823,0.5652173913043478,0.5
938,0.7,3,0.4,2,2,0.8015665796344648,0.7010309278350515,0.591304347826087,0.7058823529411765,0.5238095238095238,0.4230769230769231
939,0.5,6,0.8,2,2,0.7571801566579635,0.8074534161490683,0.6770833333333334,0.7176470588235294,0.725,0.6904761904761905
940,0.7,4,1.2,2,2,0.7872062663185379,0.6324110671936759,0.6956521739130435,0.788235294117647,0.6428571428571429,0.6923076923076923
941,0.5,7,1.6,1,3,0.7323759791122716,0.7243107769423559,0.7526041666666666,0.7764705882352941,0.7674418604651163,0.7857142857142857
942,0.5,3,1.2,3,2,0.7689295039164491,0.7614213197969543,0.783289817232376,0.6705882352941176,0.6666666666666666,0.6976744186046512
943,0.7,7,0.4,3,3,0.8172323759791122,0.7116279069767442,0.6623376623376623,0.7294117647058823,0.5625,0.36
944,0.7,2,1.2,1,2,0.7859007832898173,0.6774193548387096,0.5478260869565217,0.7529411764705882,0.6190476190476191,0.5
945,0.5,4,1.2,3,3,0.783289817232376,0.8073654390934845,0.7441253263707572,0.7529411764705882,0.775,0.7209302325581395
946,0.5,4,2.0,1,3,0.7441253263707572,0.7547683923705722,0.7232375979112271,0.6941176470588235,0.717948717948718,0.6511627906976745
947,0.5,3,0.8,1,2,0.7297650130548303,0.7146341463414634,0.7650130548302873,0.7764705882352941,0.74,0.8604651162790697
948,0.7,8,1.6,2,3,0.8067885117493473,0.6985645933014354,0.6320346320346321,0.7529411764705882,0.6,0.48
949,0.6,2,0.4,2,3,0.7898172323759791,0.7672727272727272,0.685064935064935,0.7647058823529411,0.75,0.6176470588235294
950,0.6,7,1.6,2,2,0.7689295039164491,0.7106109324758842,0.7175324675324676,0.7176470588235294,0.6388888888888888,0.6764705882352942
951,0.6,6,0.0,3,2,0.783289817232376,0.7553956834532374,0.6818181818181818,0.7294117647058823,0.6896551724137931,0.5882352941176471
952,0.6,2,1.6,3,2,0.779373368146214,0.7421602787456446,0.6915584415584416,0.7176470588235294,0.6388888888888888,0.6764705882352942
953,0.7,1,1.6,2,2,0.7767624020887729,0.6411483253588517,0.5826086956521739,0.8235294117647058,0.6896551724137931,0.7692307692307693
954,0.6,9,2.0,1,2,0.7637075718015666,0.730909090909091,0.6525974025974026,0.6823529411764706,0.5897435897435898,0.6764705882352942
955,0.5,6,1.6,1,2,0.741514360313316,0.7268292682926829,0.7760416666666666,0.6705882352941176,0.6590909090909091,0.6904761904761905
956,0.5,4,0.8,1,2,0.7389033942558747,0.7226277372262774,0.7754569190600522,0.7058823529411765,0.7045454545454546,0.7209302325581395
957,0.7,4,2.0,3,3,0.814621409921671,0.691304347826087,0.691304347826087,0.7647058823529411,0.6071428571428571,0.6538461538461539
958,0.6,9,1.6,3,3,0.8002610966057441,0.779783393501805,0.7012987012987013,0.7294117647058823,0.6571428571428571,0.6764705882352942
959,0.7,4,0.0,2,2,0.7911227154046997,0.675,0.5869565217391305,0.8,0.68,0.6538461538461539
960,0.7,4,2.0,3,2,0.7859007832898173,0.65,0.6217391304347826,0.7411764705882353,0.5714285714285714,0.6153846153846154
961,0.7,3,1.6,1,2,0.7924281984334204,0.6939890710382514,0.5521739130434783,0.7176470588235294,0.55,0.4230769230769231
962,0.5,1,0.0,1,3,0.7349869451697127,0.717391304347826,0.7754569190600522,0.788235294117647,0.7659574468085106,0.8372093023255814
963,0.5,0,1.6,1,2,0.7320261437908496,0.7181372549019608,0.7650130548302873,0.7441860465116279,0.7142857142857143,0.813953488372093
964,0.6,1,1.6,1,3,0.7637075718015666,0.7316176470588235,0.6482084690553745,0.7529411764705882,0.7333333333333333,0.6285714285714286
965,0.7,4,0.0,2,3,0.8093994778067886,0.7333333333333333,0.5739130434782609,0.7647058823529411,0.6363636363636364,0.5384615384615384
966,0.5,3,0.8,2,3,0.7689295039164491,0.7909604519774012,0.7310704960835509,0.7529411764705882,0.7894736842105263,0.6976744186046512
967,0.7,4,0.8,3,3,0.814621409921671,0.7135922330097088,0.6391304347826087,0.8117647058823529,0.7083333333333334,0.6538461538461539
968,0.6,0,1.6,2,2,0.7803921568627451,0.7491039426523297,0.6807817589576547,0.7558139534883721,0.7692307692307693,0.5714285714285714
969,0.7,9,1.6,2,2,0.7924281984334204,0.6730769230769231,0.6060606060606061,0.7764705882352941,0.6363636363636364,0.56
970,0.5,6,2.0,1,2,0.7362924281984334,0.7241379310344828,0.765625,0.6470588235294118,0.6363636363636364,0.6666666666666666
971,0.5,2,0.4,2,3,0.7676240208877284,0.8233438485804416,0.6814621409921671,0.7176470588235294,0.7714285714285715,0.627906976744186
972,0.7,3,1.6,3,2,0.8093994778067886,0.6981132075471698,0.6434782608695652,0.7058823529411765,0.5238095238095238,0.4230769230769231
973,0.7,6,0.0,2,2,0.7950391644908616,0.6831683168316832,0.5974025974025974,0.788235294117647,0.6521739130434783,0.6
974,0.7,4,2.0,1,2,0.779373368146214,0.6648648648648648,0.5347826086956522,0.8117647058823529,0.7272727272727273,0.6153846153846154
975,0.7,6,0.8,3,3,0.8107049608355091,0.715,0.6190476190476191,0.7647058823529411,0.6190476190476191,0.52
976,0.7,3,0.4,1,3,0.793733681462141,0.702247191011236,0.5434782608695652,0.7176470588235294,0.55,0.4230769230769231
977,0.5,2,1.6,3,2,0.7741514360313316,0.8240740740740741,0.6971279373368147,0.7411764705882353,0.7692307692307693,0.6976744186046512
978,0.6,2,0.0,1,2,0.7597911227154047,0.75,0.6038961038961039,0.7529411764705882,0.7407407407407407,0.5882352941176471
979,0.5,4,0.8,3,3,0.7806788511749347,0.8062678062678063,0.7389033942558747,0.7176470588235294,0.7435897435897436,0.6744186046511628
980,0.7,5,1.2,2,2,0.7885117493472585,0.6666666666666666,0.591304347826087,0.7176470588235294,0.5357142857142857,0.5769230769230769
981,0.6,0,1.2,2,3,0.7830065359477124,0.7342192691029901,0.7198697068403909,0.7558139534883721,0.75,0.6
982,0.6,3,0.8,3,3,0.7950391644908616,0.7491749174917491,0.737012987012987,0.7647058823529411,0.7333333333333333,0.6470588235294118
983,0.7,6,0.0,3,2,0.8015665796344648,0.6820276497695853,0.6406926406926406,0.788235294117647,0.6296296296296297,0.68
984,0.5,4,0.0,1,3,0.7467362924281984,0.7404580152671756,0.7597911227154047,0.6823529411764706,0.7105263157894737,0.627906976744186
985,0.7,4,2.0,2,2,0.779373368146214,0.6286919831223629,0.6478260869565218,0.7647058823529411,0.6,0.6923076923076923
986,0.5,5,0.8,1,2,0.737597911227154,0.7219512195121951,0.7728459530026109,0.6823529411764706,0.6666666666666666,0.7441860465116279
987,0.5,8,0.4,3,2,0.7780678851174935,0.8282208588957055,0.703125,0.6823529411764706,0.7419354838709677,0.5476190476190477
988,0.6,0,0.0,2,2,0.7803921568627451,0.7491039426523297,0.6807817589576547,0.7558139534883721,0.7692307692307693,0.5714285714285714
989,0.7,0,1.2,1,2,0.792156862745098,0.6939890710382514,0.5521739130434783,0.7558139534883721,0.6086956521739131,0.5384615384615384
990,0.7,7,0.4,1,2,0.7872062663185379,0.6827956989247311,0.5497835497835498,0.7647058823529411,0.6470588235294118,0.44
991,0.5,2,1.2,1,3,0.741514360313316,0.7353689567430025,0.7545691906005222,0.6941176470588235,0.6491228070175439,0.8604651162790697
992,0.6,7,2.0,1,2,0.758485639686684,0.7220216606498195,0.6493506493506493,0.7176470588235294,0.6470588235294118,0.6470588235294118
993,0.7,9,2.0,1,2,0.7806788511749347,0.6684491978609626,0.5411255411255411,0.8,0.7222222222222222,0.52
994,0.6,3,1.2,3,3,0.7924281984334204,0.7944664031620553,0.6525974025974026,0.7529411764705882,0.7096774193548387,0.6470588235294118
995,0.5,2,0.8,1,2,0.7349869451697127,0.7205882352941176,0.7676240208877284,0.6941176470588235,0.6491228070175439,0.8604651162790697
996,0.7,9,2.0,2,3,0.8067885117493473,0.6877828054298643,0.658008658008658,0.7764705882352941,0.6666666666666666,0.48
997,0.5,7,0.0,2,2,0.7558746736292428,0.8229508196721311,0.6536458333333334,0.788235294117647,0.8529411764705882,0.6904761904761905
998,0.7,0,0.0,3,3,0.8104575163398693,0.6808510638297872,0.6956521739130435,0.7093023255813954,0.5185185185185185,0.5384615384615384
999,0.6,8,0.4,1,2,0.7519582245430809,0.7418032786885246,0.5876623376623377,0.8117647058823529,0.78125,0.7352941176470589
1000,0.7,7,0.0,3,2,0.8015665796344648,0.6787330316742082,0.6493506493506493,0.7411764705882353,0.5789473684210527,0.44
1001,0.5,4,0.8,3,2,0.7702349869451697,0.8035190615835777,0.7154046997389034,0.7529411764705882,0.7894736842105263,0.6976744186046512
1002,0.6,2,2.0,3,3,0.7963446475195822,0.7857142857142857,0.6785714285714286,0.7176470588235294,0.6470588235294118,0.6470588235294118
1003,0.7,5,2.0,3,2,0.7924281984334204,0.6714975845410628,0.6043478260869565,0.7176470588235294,0.5357142857142857,0.5769230769230769
1004,0.5,8,0.0,3,2,0.7780678851174935,0.8322981366459627,0.6979166666666666,0.6470588235294118,0.7142857142857143,0.47619047619047616
1005,0.6,2,0.0,2,3,0.7924281984334204,0.7508417508417509,0.724025974025974,0.6941176470588235,0.6333333333333333,0.5588235294117647
1006,0.7,3,2.0,3,2,0.8093994778067886,0.6981132075471698,0.6434782608695652,0.7058823529411765,0.5238095238095238,0.4230769230769231
1007,0.6,3,2.0,3,3,0.7911227154046997,0.7661870503597122,0.6915584415584416,0.7529411764705882,0.696969696969697,0.6764705882352942
1008,0.7,0,0.0,1,3,0.7973856209150327,0.6829268292682927,0.6086956521739131,0.7093023255813954,0.52,0.5
1009,0.7,2,0.4,2,3,0.8080939947780679,0.7195767195767195,0.591304347826087,0.7176470588235294,0.5454545454545454,0.46153846153846156
1010,0.6,7,0.8,2,3,0.7845953002610966,0.7871485943775101,0.6363636363636364,0.7058823529411765,0.6956521739130435,0.47058823529411764
1011,0.5,4,2.0,3,3,0.7767624020887729,0.7804232804232805,0.7702349869451697,0.7529411764705882,0.75,0.7674418604651163
1012,0.7,9,0.0,3,2,0.7976501305483029,0.6743119266055045,0.6363636363636364,0.7764705882352941,0.625,0.6
1013,0.5,7,2.0,3,3,0.7819843342036553,0.8163265306122449,0.7291666666666666,0.7529411764705882,0.7560975609756098,0.7380952380952381
1014,0.5,7,0.8,1,3,0.7323759791122716,0.7243107769423559,0.7526041666666666,0.7764705882352941,0.7674418604651163,0.7857142857142857
1015,0.5,9,1.6,2,3,0.762402088772846,0.821656050955414,0.671875,0.8,0.8787878787878788,0.6904761904761905
1016,0.5,2,0.4,1,2,0.7349869451697127,0.7205882352941176,0.7676240208877284,0.6941176470588235,0.6491228070175439,0.8604651162790697
1017,0.5,8,1.6,3,2,0.7819843342036553,0.8422712933753943,0.6953125,0.6705882352941176,0.75,0.5
1018,0.5,0,2.0,2,2,0.7477124183006536,0.7844311377245509,0.6840731070496083,0.7441860465116279,0.7560975609756098,0.7209302325581395
1019,0.5,1,1.2,1,3,0.7323759791122716,0.6986607142857143,0.8172323759791122,0.7764705882352941,0.74,0.8604651162790697
1020,0.6,0,2.0,1,3,0.7647058823529411,0.7326007326007326,0.6514657980456026,0.7209302325581395,0.7391304347826086,0.4857142857142857
1021,0.6,4,0.8,2,3,0.7806788511749347,0.8070175438596491,0.5974025974025974,0.7411764705882353,0.7142857142857143,0.5882352941176471
1022,0.7,8,0.0,3,3,0.8172323759791122,0.7263681592039801,0.6320346320346321,0.8,0.6666666666666666,0.64
1023,0.6,1,1.2,2,3,0.7885117493472585,0.7377049180327869,0.7328990228013029,0.7058823529411765,0.631578947368421,0.6857142857142857
1024,0.6,7,1.6,3,3,0.7976501305483029,0.7953667953667953,0.6688311688311688,0.6823529411764706,0.6206896551724138,0.5294117647058824
1025,0.6,6,0.8,3,3,0.7898172323759791,0.7692307692307693,0.6818181818181818,0.7294117647058823,0.7037037037037037,0.5588235294117647
1026,0.5,0,1.6,2,2,0.7686274509803922,0.7994186046511628,0.7180156657963447,0.6976744186046512,0.7297297297297297,0.627906976744186
1027,0.7,5,1.2,2,3,0.8015665796344648,0.7321428571428571,0.5347826086956522,0.788235294117647,0.7,0.5384615384615384
1028,0.6,9,1.6,2,2,0.7741514360313316,0.7170418006430869,0.724025974025974,0.6941176470588235,0.6,0.7058823529411765
1029,0.7,3,0.4,3,2,0.8093994778067886,0.6981132075471698,0.6434782608695652,0.7058823529411765,0.5238095238095238,0.4230769230769231
1030,0.6,0,1.6,1,3,0.7647058823529411,0.7326007326007326,0.6514657980456026,0.7209302325581395,0.7391304347826086,0.4857142857142857
1031,0.6,7,1.6,3,2,0.7806788511749347,0.7464788732394366,0.6883116883116883,0.6705882352941176,0.6,0.5294117647058824
1032,0.5,3,0.4,2,2,0.762402088772846,0.8150470219435737,0.6788511749347258,0.6823529411764706,0.7105263157894737,0.627906976744186
1033,0.5,6,1.2,1,3,0.7467362924281984,0.7581521739130435,0.7265625,0.6588235294117647,0.6666666666666666,0.6190476190476191
1034,0.6,4,1.6,2,3,0.7845953002610966,0.7942386831275721,0.6266233766233766,0.7294117647058823,0.6896551724137931,0.5882352941176471
1035,0.5,7,0.8,1,2,0.7271540469973891,0.7410468319559229,0.7005208333333334,0.7764705882352941,0.7948717948717948,0.7380952380952381
1036,0.6,8,0.4,2,2,0.7754569190600522,0.7361111111111112,0.6883116883116883,0.8,0.7575757575757576,0.7352941176470589
1037,0.7,6,1.2,2,2,0.7924281984334204,0.6764705882352942,0.5974025974025974,0.7764705882352941,0.6153846153846154,0.64
1038,0.6,7,0.0,2,3,0.7819843342036553,0.7491166077738516,0.6883116883116883,0.7764705882352941,0.6923076923076923,0.7941176470588235
1039,0.5,1,0.8,1,3,0.7323759791122716,0.6986607142857143,0.8172323759791122,0.7764705882352941,0.74,0.8604651162790697
1040,0.7,7,0.4,2,3,0.8067885117493473,0.7064676616915423,0.6147186147186147,0.7294117647058823,0.5625,0.36
1041,0.7,2,1.2,1,3,0.7898172323759791,0.648068669527897,0.6565217391304348,0.7411764705882353,0.5909090909090909,0.5
1042,0.7,9,0.0,3,3,0.8080939947780679,0.6842105263157895,0.6753246753246753,0.7529411764705882,0.5625,0.72
1043,0.7,3,0.4,1,2,0.7924281984334204,0.6939890710382514,0.5521739130434783,0.7176470588235294,0.55,0.4230769230769231
1044,0.7,0,1.6,3,3,0.8169934640522876,0.7647058823529411,0.5652173913043478,0.7558139534883721,0.6,0.5769230769230769
1045,0.6,7,0.4,3,3,0.7911227154046997,0.7327044025157232,0.7564935064935064,0.7294117647058823,0.6571428571428571,0.6764705882352942
1046,0.7,5,1.6,3,2,0.7924281984334204,0.6714975845410628,0.6043478260869565,0.7176470588235294,0.5357142857142857,0.5769230769230769
1047,0.6,9,0.0,3,3,0.8093994778067886,0.8045112781954887,0.6948051948051948,0.6823529411764706,0.6129032258064516,0.5588235294117647
1048,0.5,6,1.6,2,3,0.7650130548302873,0.8090909090909091,0.6953125,0.7176470588235294,0.7045454545454546,0.7380952380952381
1049,0.7,7,1.2,2,3,0.8054830287206266,0.7411764705882353,0.5454545454545454,0.7411764705882353,0.5882352941176471,0.4
1050,0.7,5,0.4,2,2,0.7911227154046997,0.6682692307692307,0.6043478260869565,0.7764705882352941,0.6666666666666666,0.5384615384615384
1051,0.6,9,0.8,1,3,0.7663185378590078,0.7676348547717843,0.6006493506493507,0.7058823529411765,0.6216216216216216,0.6764705882352942
1052,0.6,4,0.8,1,2,0.7545691906005222,0.7459016393442623,0.5909090909090909,0.8,0.8695652173913043,0.5882352941176471
1053,0.5,7,0.0,3,2,0.7689295039164491,0.7867036011080333,0.7395833333333334,0.7058823529411765,0.7073170731707317,0.6904761904761905
1054,0.5,5,1.6,3,3,0.7767624020887729,0.8291925465838509,0.6971279373368147,0.7176470588235294,0.7567567567567568,0.6511627906976745
1055,0.5,6,0.4,1,3,0.7467362924281984,0.7581521739130435,0.7265625,0.6588235294117647,0.6666666666666666,0.6190476190476191
1056,0.6,2,0.8,3,2,0.7845953002610966,0.7457044673539519,0.7045454545454546,0.7764705882352941,0.7272727272727273,0.7058823529411765
1057,0.6,9,0.8,3,3,0.8028720626631853,0.7643097643097643,0.737012987012987,0.7647058823529411,0.675,0.7941176470588235
1058,0.7,8,0.8,2,2,0.7963446475195822,0.649402390438247,0.7056277056277056,0.7764705882352941,0.6071428571428571,0.68
1059,0.5,9,0.0,1,3,0.7467362924281984,0.7567567567567568,0.7291666666666666,0.7294117647058823,0.7567567567567568,0.6666666666666666
1060,0.5,3,0.4,3,3,0.7976501305483029,0.7984293193717278,0.7963446475195822,0.6823529411764706,0.6739130434782609,0.7209302325581395
1061,0.7,2,1.6,3,2,0.7989556135770235,0.6792452830188679,0.6260869565217392,0.7411764705882353,0.5909090909090909,0.5
1062,0.5,5,1.6,2,2,0.758485639686684,0.801829268292683,0.6866840731070496,0.7647058823529411,0.7948717948717948,0.7209302325581395
1063,0.5,8,2.0,1,2,0.737597911227154,0.7194244604316546,0.78125,0.7058823529411765,0.7575757575757576,0.5952380952380952
1064,0.5,5,0.0,1,3,0.7467362924281984,0.7707736389684814,0.7023498694516971,0.6823529411764706,0.6904761904761905,0.6744186046511628
1065,0.6,2,0.0,3,2,0.7845953002610966,0.7457044673539519,0.7045454545454546,0.7764705882352941,0.7272727272727273,0.7058823529411765
1066,0.7,6,1.6,2,3,0.804177545691906,0.697560975609756,0.6190476190476191,0.8,0.6538461538461539,0.68
1067,0.6,4,1.2,3,3,0.7976501305483029,0.8097165991902834,0.6493506493506493,0.7529411764705882,0.7241379310344828,0.6176470588235294
1068,0.7,5,0.0,3,2,0.7950391644908616,0.6666666666666666,0.6347826086956522,0.7294117647058823,0.5517241379310345,0.6153846153846154
1069,0.7,0,2.0,3,2,0.8052287581699347,0.6956521739130435,0.6260869565217392,0.7441860465116279,0.5769230769230769,0.5769230769230769
1070,0.7,5,0.8,3,2,0.7950391644908616,0.6666666666666666,0.6347826086956522,0.7294117647058823,0.5517241379310345,0.6153846153846154
1071,0.7,2,1.6,1,2,0.7859007832898173,0.6774193548387096,0.5478260869565217,0.7529411764705882,0.6190476190476191,0.5
1072,0.7,6,0.0,1,3,0.7872062663185379,0.6650485436893204,0.5930735930735931,0.788235294117647,0.64,0.64
1073,0.5,4,0.0,3,3,0.7924281984334204,0.8313609467455622,0.7336814621409922,0.7294117647058823,0.75,0.6976744186046512
1074,0.5,1,1.6,1,2,0.7193211488250653,0.7038834951456311,0.7571801566579635,0.8470588235294118,0.8260869565217391,0.8837209302325582
1075,0.6,3,0.0,1,3,0.7545691906005222,0.7205882352941176,0.6363636363636364,0.8352941176470589,0.8333333333333334,0.7352941176470589
1076,0.6,3,0.0,3,2,0.7767624020887729,0.7437722419928826,0.6785714285714286,0.7529411764705882,0.696969696969697,0.6764705882352942
1077,0.6,4,1.6,3,3,0.7950391644908616,0.7806691449814126,0.6818181818181818,0.7294117647058823,0.6896551724137931,0.5882352941176471
1078,0.7,4,0.8,3,2,0.7924281984334204,0.6748768472906403,0.5956521739130435,0.8117647058823529,0.7272727272727273,0.6153846153846154
1079,0.6,1,2.0,2,2,0.7780678851174935,0.7231270358306189,0.7231270358306189,0.7176470588235294,0.6486486486486487,0.6857142857142857
