,yq,s,mw,C,D,accuracy_train,precision_train,recall_train,accuracy_test,precision_test,recall_test
0,0.6,4,0.0,3,3,0.7696335078534031,0.7124183006535948,0.7124183006535948,0.8,0.7741935483870968,0.7058823529411765
1,0.6,3,1.0,3,3,0.7212041884816754,0.7384615384615385,0.47058823529411764,0.7411764705882353,0.8,0.47058823529411764
2,0.6,7,0.2,2,2,0.7356020942408377,0.7166666666666667,0.5620915032679739,0.8470588235294118,0.92,0.6764705882352942
3,0.6,6,0.6,1,2,0.7159685863874345,0.6666666666666666,0.5816993464052288,0.6941176470588235,0.6538461538461539,0.5
4,0.5,9,0.8,2,3,0.7111111111111111,0.7547169811320755,0.6266318537859008,0.7023809523809523,0.7073170731707317,0.6904761904761905
5,0.5,2,0.0,3,2,0.7329842931937173,0.7129186602870813,0.7801047120418848,0.6941176470588235,0.660377358490566,0.813953488372093
6,0.5,9,1.0,2,3,0.7045751633986929,0.7896678966789668,0.5587467362924282,0.6428571428571429,0.7142857142857143,0.47619047619047616
7,0.7,1,0.8,3,3,0.7643979057591623,0.7951807228915663,0.28820960698689957,0.7411764705882353,0.75,0.23076923076923078
8,0.7,2,1.0,1,3,0.7329842931937173,0.711864406779661,0.18340611353711792,0.7764705882352941,0.8888888888888888,0.3076923076923077
9,0.5,1,1.0,2,2,0.7002617801047121,0.71671388101983,0.662303664921466,0.6352941176470588,0.6764705882352942,0.5348837209302325
10,0.7,1,0.6,2,3,0.7643979057591623,0.7094017094017094,0.3624454148471616,0.6823529411764706,0.47058823529411764,0.3076923076923077
11,0.6,5,0.8,1,3,0.7264397905759162,0.702928870292887,0.5490196078431373,0.6705882352941176,0.6071428571428571,0.5
12,0.5,4,0.4,2,3,0.7015706806282722,0.712707182320442,0.675392670157068,0.7529411764705882,0.7894736842105263,0.6976744186046512
13,0.5,9,1.0,1,3,0.7084967320261438,0.75,0.6266318537859008,0.7023809523809523,0.7073170731707317,0.6904761904761905
14,0.7,6,0.8,3,2,0.7369109947643979,0.6629213483146067,0.2565217391304348,0.8,0.8333333333333334,0.4
15,0.6,2,0.6,2,2,0.7447643979057592,0.7018181818181818,0.630718954248366,0.7058823529411765,0.6451612903225806,0.5882352941176471
16,0.5,3,0.8,1,3,0.7172774869109948,0.7577639751552795,0.6387434554973822,0.6,0.6285714285714286,0.5116279069767442
17,0.6,6,0.4,1,2,0.7159685863874345,0.6666666666666666,0.5816993464052288,0.6941176470588235,0.6538461538461539,0.5
18,0.5,9,0.4,1,3,0.7202614379084967,0.7435158501440923,0.6736292428198434,0.6547619047619048,0.6444444444444445,0.6904761904761905
19,0.6,2,0.4,1,2,0.725130890052356,0.7201834862385321,0.5130718954248366,0.6823529411764706,0.6296296296296297,0.5
20,0.7,2,0.4,2,2,0.7513089005235603,0.6402877697841727,0.388646288209607,0.7647058823529411,0.75,0.34615384615384615
21,0.7,7,0.4,3,2,0.7630890052356021,0.6432748538011696,0.4782608695652174,0.6705882352941176,0.43478260869565216,0.4
22,0.6,9,0.0,1,3,0.738562091503268,0.7154471544715447,0.5751633986928104,0.7619047619047619,0.7333333333333333,0.6470588235294118
23,0.5,1,0.6,1,2,0.7054973821989529,0.7415384615384616,0.6308900523560209,0.6588235294117647,0.71875,0.5348837209302325
24,0.7,0,0.0,2,3,0.7774869109947644,0.6903225806451613,0.4672489082969432,0.7529411764705882,0.631578947368421,0.46153846153846156
25,0.7,5,0.2,2,2,0.7670157068062827,0.6313131313131313,0.5434782608695652,0.6823529411764706,0.45,0.36
26,0.5,0,0.0,1,3,0.7094240837696335,0.7051282051282052,0.7198952879581152,0.7294117647058823,0.7272727272727273,0.7441860465116279
27,0.7,2,0.4,1,2,0.7421465968586387,0.5851063829787234,0.48034934497816595,0.8117647058823529,0.8125,0.5
28,0.6,2,0.0,3,3,0.7774869109947644,0.7361111111111112,0.6928104575163399,0.6941176470588235,0.6333333333333333,0.5588235294117647
29,0.6,2,0.4,3,2,0.7578534031413613,0.7641921397379913,0.5718954248366013,0.7176470588235294,0.6923076923076923,0.5294117647058824
30,0.6,5,0.2,2,3,0.7709424083769634,0.7651821862348178,0.6176470588235294,0.5882352941176471,0.4827586206896552,0.4117647058823529
31,0.7,8,0.2,3,2,0.7774869109947644,0.6282051282051282,0.6391304347826087,0.7058823529411765,0.5,0.56
32,0.7,2,0.8,2,3,0.7447643979057592,0.7125,0.24890829694323144,0.7764705882352941,0.8181818181818182,0.34615384615384615
33,0.7,8,0.8,3,3,0.7630890052356021,0.7634408602150538,0.30869565217391304,0.7529411764705882,0.6666666666666666,0.32
34,0.6,2,1.0,1,3,0.7225130890052356,0.6910569105691057,0.5555555555555556,0.6588235294117647,0.5862068965517241,0.5
35,0.7,5,0.0,2,2,0.768324607329843,0.6255924170616114,0.5739130434782609,0.6823529411764706,0.45454545454545453,0.4
36,0.6,8,0.0,3,2,0.7709424083769634,0.754863813229572,0.6339869281045751,0.6941176470588235,0.6428571428571429,0.5294117647058824
37,0.5,4,0.2,2,3,0.7212041884816754,0.744927536231884,0.6727748691099477,0.7764705882352941,0.8529411764705882,0.6744186046511628
38,0.7,0,0.4,3,2,0.7552356020942408,0.6666666666666666,0.36681222707423583,0.6823529411764706,0.4666666666666667,0.2692307692307692
39,0.5,2,0.4,3,3,0.7277486910994765,0.8020833333333334,0.6047120418848168,0.7176470588235294,0.7435897435897436,0.6744186046511628
40,0.7,2,0.2,3,2,0.768324607329843,0.6710526315789473,0.44541484716157204,0.7411764705882353,0.6666666666666666,0.3076923076923077
41,0.5,8,1.0,1,3,0.6989528795811518,0.7398119122257053,0.6161879895561357,0.6941176470588235,0.7666666666666667,0.5476190476190477
42,0.6,8,1.0,2,3,0.7198952879581152,0.6916666666666667,0.5424836601307189,0.7058823529411765,0.6451612903225806,0.5882352941176471
43,0.6,6,1.0,1,3,0.7225130890052356,0.6926229508196722,0.5522875816993464,0.6941176470588235,0.6538461538461539,0.5
44,0.7,1,0.4,2,3,0.7801047120418848,0.6783625730994152,0.5065502183406113,0.6941176470588235,0.5,0.46153846153846156
45,0.5,0,0.6,3,2,0.7159685863874345,0.7350427350427351,0.675392670157068,0.6941176470588235,0.7575757575757576,0.5813953488372093
46,0.5,5,0.8,3,2,0.7015706806282722,0.739938080495356,0.6240208877284595,0.7058823529411765,0.7297297297297297,0.6428571428571429
47,0.7,0,0.2,1,3,0.7604712041884817,0.6513157894736842,0.43231441048034935,0.7529411764705882,0.631578947368421,0.46153846153846156
48,0.5,5,0.6,2,3,0.725130890052356,0.7678018575851393,0.6475195822454308,0.6705882352941176,0.6944444444444444,0.5952380952380952
49,0.7,3,0.4,2,3,0.7787958115183246,0.6744186046511628,0.5065502183406113,0.7176470588235294,0.5555555555555556,0.38461538461538464
50,0.5,0,0.8,1,3,0.6963350785340314,0.734375,0.6151832460732984,0.7647058823529411,0.8484848484848485,0.6511627906976745
51,0.5,7,0.0,3,3,0.7735602094240838,0.7807486631016043,0.762402088772846,0.6588235294117647,0.6382978723404256,0.7142857142857143
52,0.6,7,0.0,1,3,0.7356020942408377,0.6940298507462687,0.6078431372549019,0.7764705882352941,0.7142857142857143,0.7352941176470589
53,0.6,6,0.6,3,3,0.7552356020942408,0.8051282051282052,0.5130718954248366,0.7058823529411765,0.6551724137931034,0.5588235294117647
54,0.6,6,0.4,3,3,0.7643979057591623,0.7603305785123967,0.6013071895424836,0.7058823529411765,0.6551724137931034,0.5588235294117647
55,0.5,0,1.0,1,3,0.6963350785340314,0.734375,0.6151832460732984,0.7647058823529411,0.8484848484848485,0.6511627906976745
56,0.6,1,0.0,1,3,0.7460732984293194,0.7258064516129032,0.5882352941176471,0.7411764705882353,0.8333333333333334,0.4411764705882353
57,0.5,6,0.2,1,3,0.7068062827225131,0.7214484679665738,0.6762402088772846,0.7176470588235294,0.6956521739130435,0.7619047619047619
58,0.7,7,0.0,2,3,0.7814136125654451,0.6759776536312849,0.5260869565217391,0.7411764705882353,0.56,0.56
59,0.7,4,0.6,3,2,0.7473821989528796,0.6698113207547169,0.31004366812227074,0.7529411764705882,0.7272727272727273,0.3076923076923077
60,0.6,9,0.6,2,3,0.7450980392156863,0.7381974248927039,0.5620915032679739,0.7619047619047619,0.7916666666666666,0.5588235294117647
61,0.5,0,0.4,3,3,0.7408376963350786,0.8129251700680272,0.6256544502617801,0.6705882352941176,0.7586206896551724,0.5116279069767442
62,0.5,1,0.2,3,2,0.7447643979057592,0.7648725212464589,0.7068062827225131,0.6588235294117647,0.7058823529411765,0.5581395348837209
63,0.6,3,0.8,2,3,0.7290575916230366,0.7071129707112971,0.5522875816993464,0.6470588235294118,0.5909090909090909,0.38235294117647056
64,0.7,5,0.2,1,2,0.756544502617801,0.6182795698924731,0.5,0.6941176470588235,0.47368421052631576,0.36
65,0.6,9,0.4,2,2,0.742483660130719,0.7224489795918367,0.5784313725490197,0.7619047619047619,0.7692307692307693,0.5882352941176471
66,0.5,9,0.0,1,2,0.7111111111111111,0.7076923076923077,0.720626631853786,0.6428571428571429,0.6304347826086957,0.6904761904761905
67,0.7,9,0.0,2,2,0.7673202614379085,0.6203703703703703,0.5826086956521739,0.6785714285714286,0.4583333333333333,0.44
68,0.6,3,0.6,2,3,0.7486910994764397,0.7663551401869159,0.5359477124183006,0.7176470588235294,0.7272727272727273,0.47058823529411764
69,0.5,2,0.0,1,2,0.7081151832460733,0.7154471544715447,0.6910994764397905,0.7058823529411765,0.6875,0.7674418604651163
70,0.7,4,0.2,3,2,0.7670157068062827,0.6208530805687204,0.5720524017467249,0.7411764705882353,0.5714285714285714,0.6153846153846154
71,0.5,7,0.6,3,2,0.7028795811518325,0.7096774193548387,0.6892950391644909,0.7058823529411765,0.7297297297297297,0.6428571428571429
72,0.7,5,0.4,1,3,0.7657068062827225,0.6688741721854304,0.4391304347826087,0.7176470588235294,0.5294117647058824,0.36
73,0.7,6,0.4,2,2,0.7526178010471204,0.6073298429319371,0.5043478260869565,0.7529411764705882,0.625,0.4
74,0.7,4,0.8,1,3,0.7460732984293194,0.6605504587155964,0.314410480349345,0.7764705882352941,0.7333333333333333,0.4230769230769231
75,0.7,6,0.8,1,3,0.7539267015706806,0.6721311475409836,0.3565217391304348,0.7411764705882353,0.6666666666666666,0.24
76,0.7,8,0.4,1,3,0.7630890052356021,0.6560509554140127,0.44782608695652176,0.7529411764705882,0.6111111111111112,0.44
77,0.5,9,0.4,1,2,0.7111111111111111,0.7189189189189189,0.6945169712793734,0.6785714285714286,0.6595744680851063,0.7380952380952381
78,0.7,5,0.6,1,2,0.7356020942408377,0.6147540983606558,0.32608695652173914,0.7176470588235294,0.5454545454545454,0.24
79,0.6,6,0.8,1,3,0.7212041884816754,0.6768060836501901,0.5816993464052288,0.6941176470588235,0.6538461538461539,0.5
80,0.6,5,1.0,3,3,0.7421465968586387,0.7379912663755459,0.5522875816993464,0.6470588235294118,0.5909090909090909,0.38235294117647056
81,0.7,5,0.6,3,3,0.7735602094240838,0.7244094488188977,0.4,0.7647058823529411,0.631578947368421,0.48
82,0.5,6,0.4,2,2,0.7028795811518325,0.7119565217391305,0.6840731070496083,0.7176470588235294,0.6956521739130435,0.7619047619047619
83,0.7,9,0.8,1,2,0.7359477124183007,0.6346153846153846,0.28695652173913044,0.6666666666666666,0.3333333333333333,0.12
84,0.7,0,0.6,2,2,0.7486910994764397,0.6989247311827957,0.2838427947598253,0.7176470588235294,0.6,0.23076923076923078
85,0.7,6,1.0,3,2,0.7225130890052356,0.65,0.16956521739130434,0.7647058823529411,0.8571428571428571,0.24
86,0.6,9,0.4,3,2,0.7503267973856209,0.7254901960784313,0.6045751633986928,0.7738095238095238,0.7777777777777778,0.6176470588235294
87,0.5,3,0.4,3,2,0.725130890052356,0.7324324324324324,0.7094240837696335,0.5647058823529412,0.575,0.5348837209302325
88,0.5,2,0.8,1,3,0.7107329842931938,0.7539432176656151,0.6256544502617801,0.6941176470588235,0.6976744186046512,0.6976744186046512
89,0.6,8,0.0,2,2,0.7539267015706806,0.7234848484848485,0.6241830065359477,0.6588235294117647,0.5862068965517241,0.5
90,0.6,4,1.0,1,3,0.7107329842931938,0.6763485477178424,0.5326797385620915,0.7647058823529411,0.75,0.6176470588235294
91,0.7,1,0.6,2,2,0.7513089005235603,0.6291390728476821,0.4148471615720524,0.6823529411764706,0.47368421052631576,0.34615384615384615
92,0.5,8,0.6,1,2,0.7028795811518325,0.7085561497326203,0.6919060052219321,0.6941176470588235,0.7352941176470589,0.5952380952380952
93,0.5,3,0.0,2,2,0.7421465968586387,0.7936507936507936,0.6544502617801047,0.611764705882353,0.65625,0.4883720930232558
94,0.7,5,0.2,1,3,0.7630890052356021,0.6580645161290323,0.4434782608695652,0.7411764705882353,0.5882352941176471,0.4
95,0.5,5,0.0,1,2,0.7133507853403142,0.7,0.7493472584856397,0.6588235294117647,0.6444444444444445,0.6904761904761905
96,0.5,0,1.0,2,2,0.6963350785340314,0.75,0.5890052356020943,0.6588235294117647,0.7692307692307693,0.46511627906976744
97,0.7,0,0.8,1,2,0.7395287958115183,0.6041666666666666,0.3799126637554585,0.7764705882352941,0.7333333333333333,0.4230769230769231
98,0.5,5,0.0,2,3,0.731675392670157,0.7664670658682635,0.6684073107049608,0.611764705882353,0.6285714285714286,0.5238095238095238
99,0.7,4,0.6,1,3,0.7526178010471204,0.6515151515151515,0.37554585152838427,0.7764705882352941,0.6842105263157895,0.5
100,0.6,4,1.0,1,2,0.7081151832460733,0.6707818930041153,0.5326797385620915,0.7647058823529411,0.75,0.6176470588235294
101,0.6,2,0.0,2,2,0.75,0.7290836653386454,0.5980392156862745,0.7294117647058823,0.6774193548387096,0.6176470588235294
102,0.6,9,0.2,1,2,0.7294117647058823,0.7053941908713693,0.5555555555555556,0.7619047619047619,0.75,0.6176470588235294
103,0.5,5,0.6,2,2,0.7172774869109948,0.7507507507507507,0.6527415143603134,0.6588235294117647,0.6756756756756757,0.5952380952380952
104,0.5,9,0.6,2,3,0.7111111111111111,0.7547169811320755,0.6266318537859008,0.7023809523809523,0.7073170731707317,0.6904761904761905
105,0.7,8,0.2,1,3,0.7630890052356021,0.6560509554140127,0.44782608695652176,0.7529411764705882,0.6111111111111112,0.44
106,0.6,0,0.4,3,2,0.7513089005235603,0.7521739130434782,0.565359477124183,0.7058823529411765,0.6551724137931034,0.5588235294117647
107,0.6,0,0.8,1,3,0.7225130890052356,0.678030303030303,0.5849673202614379,0.7058823529411765,0.6551724137931034,0.5588235294117647
108,0.7,2,1.0,3,3,0.756544502617801,0.7792207792207793,0.26200873362445415,0.7647058823529411,0.875,0.2692307692307692
109,0.7,5,0.2,2,3,0.7761780104712042,0.6705202312138728,0.5043478260869565,0.7411764705882353,0.5789473684210527,0.44
110,0.6,7,0.0,3,2,0.7513089005235603,0.7396694214876033,0.5849673202614379,0.8117647058823529,0.8214285714285714,0.6764705882352942
111,0.6,7,0.6,3,3,0.75,0.7426160337552743,0.5751633986928104,0.7294117647058823,0.6896551724137931,0.5882352941176471
112,0.6,7,0.0,1,2,0.7303664921465969,0.6736111111111112,0.6339869281045751,0.7764705882352941,0.7142857142857143,0.7352941176470589
113,0.6,7,1.0,2,2,0.7133507853403142,0.6775510204081633,0.5424836601307189,0.7176470588235294,0.7083333333333334,0.5
114,0.7,5,0.4,1,2,0.756544502617801,0.6182795698924731,0.5,0.6941176470588235,0.47368421052631576,0.36
115,0.7,8,1.0,3,2,0.7408376963350786,0.7051282051282052,0.2391304347826087,0.7294117647058823,0.625,0.2
116,0.5,9,0.2,1,3,0.7202614379084967,0.7435158501440923,0.6736292428198434,0.6547619047619048,0.6444444444444445,0.6904761904761905
117,0.6,0,0.4,1,3,0.7382198952879581,0.7038461538461539,0.5980392156862745,0.7529411764705882,0.7241379310344828,0.6176470588235294
118,0.5,7,0.2,1,3,0.7068062827225131,0.7264957264957265,0.6657963446475196,0.7294117647058823,0.7714285714285715,0.6428571428571429
119,0.5,2,0.6,3,2,0.7094240837696335,0.7469135802469136,0.6335078534031413,0.7176470588235294,0.7111111111111111,0.7441860465116279
120,0.5,5,1.0,3,3,0.7107329842931938,0.7213114754098361,0.6892950391644909,0.6705882352941176,0.6842105263157895,0.6190476190476191
121,0.5,9,1.0,1,2,0.7058823529411765,0.7438271604938271,0.6292428198433421,0.7023809523809523,0.7073170731707317,0.6904761904761905
122,0.6,3,1.0,1,2,0.725130890052356,0.6983471074380165,0.5522875816993464,0.6470588235294118,0.5909090909090909,0.38235294117647056
123,0.7,6,0.6,2,2,0.7552356020942408,0.6692913385826772,0.3695652173913043,0.7529411764705882,0.6428571428571429,0.36
124,0.7,0,0.4,1,2,0.7460732984293194,0.5945945945945946,0.48034934497816595,0.7764705882352941,0.6521739130434783,0.5769230769230769
125,0.5,9,0.8,1,2,0.7058823529411765,0.7438271604938271,0.6292428198433421,0.7023809523809523,0.7073170731707317,0.6904761904761905
126,0.7,0,0.4,2,2,0.75,0.6759259259259259,0.31877729257641924,0.6941176470588235,0.5,0.23076923076923078
127,0.6,5,0.8,2,2,0.7264397905759162,0.6995884773662552,0.5555555555555556,0.6705882352941176,0.6071428571428571,0.5
128,0.6,8,0.0,1,2,0.7382198952879581,0.70703125,0.5915032679738562,0.6941176470588235,0.625,0.5882352941176471
129,0.7,5,0.2,3,2,0.774869109947644,0.6407766990291263,0.5739130434782609,0.6941176470588235,0.47619047619047616,0.4
130,0.7,0,0.6,1,3,0.7526178010471204,0.6754385964912281,0.33624454148471616,0.7764705882352941,0.8888888888888888,0.3076923076923077
131,0.6,6,0.8,2,2,0.7159685863874345,0.6666666666666666,0.5816993464052288,0.6941176470588235,0.6538461538461539,0.5
132,0.5,3,0.2,1,3,0.7172774869109948,0.7357954545454546,0.6780104712041884,0.6470588235294118,0.6666666666666666,0.6046511627906976
133,0.7,5,0.8,2,2,0.7539267015706806,0.7282608695652174,0.29130434782608694,0.6823529411764706,0.4166666666666667,0.2
134,0.7,5,0.4,3,2,0.7657068062827225,0.7217391304347827,0.36086956521739133,0.6588235294117647,0.3888888888888889,0.28
135,0.7,9,0.0,1,2,0.7555555555555555,0.6149732620320856,0.5,0.6904761904761905,0.4782608695652174,0.44
136,0.5,8,0.0,2,2,0.7212041884816754,0.7814569536423841,0.6161879895561357,0.7294117647058823,0.7714285714285715,0.6428571428571429
137,0.7,7,0.0,1,2,0.7539267015706806,0.6129032258064516,0.4956521739130435,0.7294117647058823,0.5416666666666666,0.52
138,0.6,1,0.0,2,2,0.75,0.6936026936026936,0.673202614379085,0.6470588235294118,0.5769230769230769,0.4411764705882353
139,0.5,2,0.0,2,2,0.7198952879581152,0.7153846153846154,0.7303664921465969,0.6941176470588235,0.6666666666666666,0.7906976744186046
140,0.6,2,0.8,1,3,0.7264397905759162,0.70995670995671,0.5359477124183006,0.6705882352941176,0.6071428571428571,0.5
141,0.6,8,0.0,2,3,0.7722513089005235,0.7391304347826086,0.6666666666666666,0.6705882352941176,0.59375,0.5588235294117647
142,0.5,2,0.8,3,2,0.7054973821989529,0.7430340557275542,0.6282722513089005,0.6941176470588235,0.6976744186046512,0.6976744186046512
143,0.5,8,0.4,2,2,0.7028795811518325,0.7085561497326203,0.6919060052219321,0.6941176470588235,0.7352941176470589,0.5952380952380952
144,0.5,5,0.2,2,2,0.7264397905759162,0.7471590909090909,0.6866840731070496,0.6235294117647059,0.6190476190476191,0.6190476190476191
145,0.5,3,0.6,1,3,0.7172774869109948,0.7577639751552795,0.6387434554973822,0.6,0.6285714285714286,0.5116279069767442
146,0.6,6,0.0,2,3,0.7617801047120419,0.7167832167832168,0.6699346405228758,0.7294117647058823,0.6666666666666666,0.6470588235294118
147,0.7,2,0.8,2,2,0.7447643979057592,0.6847826086956522,0.27510917030567683,0.7647058823529411,0.8,0.3076923076923077
148,0.6,9,0.4,2,3,0.7490196078431373,0.7394957983193278,0.5751633986928104,0.7619047619047619,0.7916666666666666,0.5588235294117647
149,0.5,1,0.4,1,2,0.7028795811518325,0.707774798927614,0.6910994764397905,0.7176470588235294,0.7567567567567568,0.6511627906976745
150,0.7,2,0.6,1,3,0.7473821989528796,0.65,0.3406113537117904,0.7647058823529411,0.875,0.2692307692307692
151,0.6,7,0.4,2,3,0.7395287958115183,0.7276595744680852,0.5588235294117647,0.7294117647058823,0.6896551724137931,0.5882352941176471
152,0.6,4,0.6,3,3,0.7539267015706806,0.7610619469026548,0.5620915032679739,0.7176470588235294,0.75,0.4411764705882353
153,0.5,1,0.2,3,3,0.75,0.7752161383285303,0.7041884816753927,0.6588235294117647,0.675,0.627906976744186
154,0.7,2,0.6,2,2,0.7447643979057592,0.6847826086956522,0.27510917030567683,0.7647058823529411,0.8,0.3076923076923077
155,0.5,4,0.6,3,3,0.7277486910994765,0.8085106382978723,0.5968586387434555,0.7058823529411765,0.8461538461538461,0.5116279069767442
156,0.5,4,0.2,3,2,0.7342931937172775,0.770392749244713,0.6675392670157068,0.7647058823529411,0.8108108108108109,0.6976744186046512
157,0.7,2,0.6,3,2,0.75,0.6862745098039216,0.3056768558951965,0.7647058823529411,0.8,0.3076923076923077
158,0.6,3,0.6,1,3,0.7290575916230366,0.6911196911196911,0.5849673202614379,0.7058823529411765,0.6666666666666666,0.5294117647058824
159,0.6,1,0.2,2,2,0.75,0.7254901960784313,0.6045751633986928,0.7176470588235294,0.75,0.4411764705882353
160,0.5,7,0.0,2,3,0.75,0.7874251497005988,0.6866840731070496,0.6352941176470588,0.627906976744186,0.6428571428571429
161,0.7,1,0.2,2,3,0.7840314136125655,0.686046511627907,0.5152838427947598,0.6941176470588235,0.5,0.46153846153846156
162,0.5,1,0.6,3,3,0.7238219895287958,0.7598784194528876,0.6544502617801047,0.6705882352941176,0.7586206896551724,0.5116279069767442
163,0.6,9,1.0,2,3,0.7150326797385621,0.6705426356589147,0.565359477124183,0.75,0.7241379310344828,0.6176470588235294
164,0.7,8,0.6,2,2,0.7526178010471204,0.6339869281045751,0.4217391304347826,0.6823529411764706,0.4444444444444444,0.32
165,0.6,8,0.8,2,2,0.7198952879581152,0.6716417910447762,0.5882352941176471,0.6823529411764706,0.6,0.6176470588235294
166,0.6,5,1.0,2,2,0.7225130890052356,0.6821705426356589,0.5751633986928104,0.6823529411764706,0.6129032258064516,0.5588235294117647
167,0.7,8,1.0,2,2,0.7408376963350786,0.7051282051282052,0.2391304347826087,0.7294117647058823,0.625,0.2
168,0.6,8,0.8,1,2,0.7198952879581152,0.6716417910447762,0.5882352941176471,0.6823529411764706,0.6,0.6176470588235294
169,0.5,4,0.8,1,3,0.7015706806282722,0.7436708860759493,0.6151832460732984,0.7529411764705882,0.8055555555555556,0.6744186046511628
170,0.7,0,0.4,2,3,0.7722513089005235,0.6519337016574586,0.5152838427947598,0.8,0.6956521739130435,0.6153846153846154
171,0.7,4,0.4,3,3,0.7801047120418848,0.7699115044247787,0.3799126637554585,0.7294117647058823,0.6153846153846154,0.3076923076923077
172,0.7,6,0.2,2,2,0.7578534031413613,0.6119402985074627,0.5347826086956522,0.7647058823529411,0.6470588235294118,0.44
173,0.7,8,0.2,2,3,0.7840314136125655,0.7443609022556391,0.43043478260869567,0.6705882352941176,0.4117647058823529,0.28
174,0.7,3,0.6,3,3,0.7879581151832461,0.7863247863247863,0.4017467248908297,0.6823529411764706,0.46153846153846156,0.23076923076923078
175,0.7,1,0.8,1,3,0.7591623036649214,0.6923076923076923,0.3537117903930131,0.7058823529411765,0.5333333333333333,0.3076923076923077
176,0.7,5,0.0,1,3,0.7670157068062827,0.6666666666666666,0.45217391304347826,0.7176470588235294,0.5294117647058824,0.36
177,0.7,6,0.4,3,2,0.7526178010471204,0.6073298429319371,0.5043478260869565,0.7529411764705882,0.625,0.4
178,0.6,6,0.8,1,2,0.7159685863874345,0.6666666666666666,0.5816993464052288,0.6941176470588235,0.6538461538461539,0.5
179,0.6,8,0.4,3,2,0.7604712041884817,0.7450199203187251,0.6111111111111112,0.6705882352941176,0.625,0.4411764705882353
180,0.5,6,0.8,1,3,0.6989528795811518,0.7413249211356467,0.6135770234986945,0.7411764705882353,0.7380952380952381,0.7380952380952381
181,0.6,0,1.0,2,2,0.7172774869109948,0.6829268292682927,0.5490196078431373,0.7058823529411765,0.6666666666666666,0.5294117647058824
182,0.7,5,0.8,1,3,0.7486910994764397,0.6610169491525424,0.3391304347826087,0.7764705882352941,0.6363636363636364,0.56
183,0.7,6,0.2,2,3,0.7761780104712042,0.6705202312138728,0.5043478260869565,0.7411764705882353,0.6153846153846154,0.32
184,0.7,5,0.4,2,3,0.7774869109947644,0.6851851851851852,0.4826086956521739,0.7176470588235294,0.5294117647058824,0.36
185,0.7,7,0.6,3,2,0.768324607329843,0.6625766871165644,0.46956521739130436,0.7058823529411765,0.5,0.4
186,0.5,3,0.6,1,2,0.7133507853403142,0.7492354740061162,0.6413612565445026,0.5882352941176471,0.6111111111111112,0.5116279069767442
187,0.7,7,0.8,1,3,0.75,0.6788990825688074,0.3217391304347826,0.7647058823529411,0.6666666666666666,0.4
188,0.6,1,1.0,1,3,0.7172774869109948,0.7102803738317757,0.49673202614379086,0.6588235294117647,0.6,0.4411764705882353
189,0.6,1,0.8,1,3,0.725130890052356,0.683206106870229,0.5849673202614379,0.6588235294117647,0.5925925925925926,0.47058823529411764
190,0.6,3,0.2,1,2,0.7408376963350786,0.725,0.5686274509803921,0.6470588235294118,0.5714285714285714,0.47058823529411764
191,0.5,8,0.6,3,3,0.7408376963350786,0.8438661710037175,0.5926892950391645,0.6470588235294118,0.6875,0.5238095238095238
192,0.5,2,0.6,1,3,0.7107329842931938,0.7539432176656151,0.6256544502617801,0.6941176470588235,0.6976744186046512,0.6976744186046512
193,0.6,4,0.0,2,2,0.75,0.7017543859649122,0.6535947712418301,0.7529411764705882,0.76,0.5588235294117647
194,0.7,6,0.6,3,3,0.7657068062827225,0.7383177570093458,0.34347826086956523,0.788235294117647,0.7333333333333333,0.44
195,0.5,6,0.4,3,3,0.7395287958115183,0.7929936305732485,0.6501305483028721,0.7647058823529411,0.775,0.7380952380952381
196,0.5,4,0.6,2,2,0.6963350785340314,0.7329192546583851,0.6178010471204188,0.7529411764705882,0.8055555555555556,0.6744186046511628
197,0.6,6,0.0,1,2,0.7329842931937173,0.6976744186046512,0.5882352941176471,0.7529411764705882,0.7096774193548387,0.6470588235294118
198,0.6,0,0.4,2,2,0.7460732984293194,0.7545454545454545,0.5424836601307189,0.7176470588235294,0.6666666666666666,0.5882352941176471
199,0.5,9,0.6,2,2,0.7111111111111111,0.7469512195121951,0.639686684073107,0.6904761904761905,0.6904761904761905,0.6904761904761905
200,0.5,0,0.4,1,2,0.6989528795811518,0.7054054054054054,0.6832460732984293,0.7411764705882353,0.7560975609756098,0.7209302325581395
201,0.7,9,1.0,2,3,0.7620915032679738,0.7857142857142857,0.28695652173913044,0.7142857142857143,0.5714285714285714,0.16
202,0.5,6,0.0,1,2,0.7054973821989529,0.7438271604938271,0.6292428198433421,0.6941176470588235,0.7,0.6666666666666666
203,0.5,9,0.2,3,2,0.7437908496732026,0.7791044776119403,0.6814621409921671,0.7023809523809523,0.717948717948718,0.6666666666666666
204,0.7,2,0.4,3,2,0.7630890052356021,0.7181818181818181,0.34497816593886466,0.7529411764705882,0.6923076923076923,0.34615384615384615
205,0.5,7,1.0,2,3,0.7041884816753927,0.7150684931506849,0.6814621409921671,0.7176470588235294,0.75,0.6428571428571429
206,0.5,0,1.0,2,3,0.6963350785340314,0.734375,0.6151832460732984,0.7647058823529411,0.8484848484848485,0.6511627906976745
207,0.7,0,0.8,2,2,0.743455497382199,0.6987951807228916,0.25327510917030566,0.7058823529411765,0.5555555555555556,0.19230769230769232
208,0.7,7,0.8,2,2,0.7460732984293194,0.7,0.27391304347826084,0.7411764705882353,0.6363636363636364,0.28
209,0.7,2,0.8,1,2,0.7395287958115183,0.6190476190476191,0.3406113537117904,0.7294117647058823,0.6,0.34615384615384615
210,0.6,8,0.8,3,2,0.7356020942408377,0.7407407407407407,0.5228758169934641,0.7058823529411765,0.6666666666666666,0.5294117647058824
211,0.7,3,0.2,2,2,0.7630890052356021,0.6121495327102804,0.5720524017467249,0.7529411764705882,0.6086956521739131,0.5384615384615384
212,0.5,7,0.6,2,3,0.7041884816753927,0.7150684931506849,0.6814621409921671,0.7176470588235294,0.75,0.6428571428571429
213,0.5,1,0.8,2,3,0.7094240837696335,0.75,0.6282722513089005,0.6705882352941176,0.7419354838709677,0.5348837209302325
214,0.6,6,0.0,2,2,0.7486910994764397,0.7244094488188977,0.6013071895424836,0.7411764705882353,0.7,0.6176470588235294
215,0.7,0,1.0,1,3,0.7526178010471204,0.6754385964912281,0.33624454148471616,0.7764705882352941,0.8888888888888888,0.3076923076923077
216,0.5,6,0.2,2,2,0.7329842931937173,0.7579250720461095,0.6866840731070496,0.6823529411764706,0.6744186046511628,0.6904761904761905
217,0.6,1,0.8,2,2,0.725130890052356,0.683206106870229,0.5849673202614379,0.6588235294117647,0.5925925925925926,0.47058823529411764
218,0.5,3,0.0,1,3,0.7225130890052356,0.7374301675977654,0.6910994764397905,0.5882352941176471,0.6,0.5581395348837209
219,0.5,5,1.0,1,2,0.7068062827225131,0.7131367292225201,0.6945169712793734,0.6705882352941176,0.675,0.6428571428571429
220,0.7,4,0.2,1,2,0.7513089005235603,0.6042780748663101,0.49344978165938863,0.7411764705882353,0.5833333333333334,0.5384615384615384
221,0.7,3,1.0,3,3,0.7630890052356021,0.7727272727272727,0.29694323144104806,0.6941176470588235,0.5,0.19230769230769232
222,0.6,2,0.4,3,3,0.7630890052356021,0.7682403433476395,0.5849673202614379,0.7294117647058823,0.7037037037037037,0.5588235294117647
223,0.7,1,0.0,2,3,0.7853403141361257,0.6756756756756757,0.5458515283842795,0.7176470588235294,0.5416666666666666,0.5
224,0.7,1,1.0,1,3,0.7578534031413613,0.7037037037037037,0.3318777292576419,0.7176470588235294,0.5714285714285714,0.3076923076923077
225,0.7,1,0.6,1,3,0.7604712041884817,0.6716417910447762,0.3930131004366812,0.7176470588235294,0.5555555555555556,0.38461538461538464
226,0.6,8,0.6,2,3,0.75,0.7366255144032922,0.5849673202614379,0.6705882352941176,0.6153846153846154,0.47058823529411764
227,0.7,1,1.0,1,2,0.7356020942408377,0.6363636363636364,0.27510917030567683,0.6823529411764706,0.4444444444444444,0.15384615384615385
228,0.5,8,0.8,3,2,0.6989528795811518,0.7475728155339806,0.6031331592689295,0.6941176470588235,0.75,0.5714285714285714
229,0.5,4,0.4,1,2,0.6976439790575916,0.7035040431266847,0.6832460732984293,0.7529411764705882,0.7894736842105263,0.6976744186046512
230,0.5,7,0.2,3,2,0.7421465968586387,0.7852760736196319,0.6684073107049608,0.6823529411764706,0.7272727272727273,0.5714285714285714
231,0.6,0,0.0,3,2,0.7630890052356021,0.7593360995850622,0.5980392156862745,0.7294117647058823,0.6774193548387096,0.6176470588235294
232,0.6,7,0.4,2,2,0.7264397905759162,0.6963562753036437,0.5620915032679739,0.7294117647058823,0.6896551724137931,0.5882352941176471
233,0.5,8,0.6,2,3,0.7159685863874345,0.7922535211267606,0.587467362924282,0.6352941176470588,0.72,0.42857142857142855
234,0.6,1,1.0,2,2,0.725130890052356,0.683206106870229,0.5849673202614379,0.6588235294117647,0.5925925925925926,0.47058823529411764
235,0.5,2,1.0,3,2,0.7054973821989529,0.7430340557275542,0.6282722513089005,0.6941176470588235,0.6976744186046512,0.6976744186046512
236,0.7,9,0.4,2,2,0.7516339869281046,0.6886792452830188,0.3173913043478261,0.7142857142857143,0.5384615384615384,0.28
237,0.5,2,0.6,1,2,0.7054973821989529,0.7430340557275542,0.6282722513089005,0.6941176470588235,0.6976744186046512,0.6976744186046512
238,0.5,5,0.4,2,2,0.7198952879581152,0.7632398753894081,0.639686684073107,0.611764705882353,0.6216216216216216,0.5476190476190477
239,0.5,3,1.0,2,2,0.7133507853403142,0.7492354740061162,0.6413612565445026,0.5882352941176471,0.6111111111111112,0.5116279069767442
240,0.5,2,0.6,3,3,0.7238219895287958,0.7663551401869159,0.643979057591623,0.7058823529411765,0.7142857142857143,0.6976744186046512
241,0.5,8,1.0,3,2,0.6963350785340314,0.7725631768953068,0.5587467362924282,0.6470588235294118,0.7,0.5
242,0.5,5,0.0,3,2,0.743455497382199,0.775811209439528,0.6866840731070496,0.7411764705882353,0.7631578947368421,0.6904761904761905
243,0.6,5,0.0,3,2,0.7709424083769634,0.7190635451505016,0.7026143790849673,0.6352941176470588,0.5454545454545454,0.5294117647058824
244,0.5,0,0.4,1,3,0.7041884816753927,0.7228571428571429,0.662303664921466,0.7411764705882353,0.7560975609756098,0.7209302325581395
245,0.5,1,0.4,2,3,0.7356020942408377,0.8,0.6282722513089005,0.611764705882353,0.6785714285714286,0.4418604651162791
246,0.7,6,1.0,3,3,0.7382198952879581,0.6923076923076923,0.23478260869565218,0.7647058823529411,0.7777777777777778,0.28
247,0.5,3,0.4,2,3,0.7473821989528796,0.7771260997067448,0.693717277486911,0.6235294117647059,0.6486486486486487,0.5581395348837209
248,0.5,8,1.0,3,3,0.6819371727748691,0.7380952380952381,0.566579634464752,0.6470588235294118,0.7142857142857143,0.47619047619047616
249,0.5,2,0.8,2,3,0.7107329842931938,0.7539432176656151,0.6256544502617801,0.6941176470588235,0.6976744186046512,0.6976744186046512
250,0.5,6,0.0,2,3,0.7421465968586387,0.7627118644067796,0.7049608355091384,0.6941176470588235,0.6818181818181818,0.7142857142857143
251,0.7,8,1.0,1,3,0.7486910994764397,0.6862745098039216,0.30434782608695654,0.7411764705882353,0.6363636363636364,0.28
252,0.7,4,0.0,1,2,0.7526178010471204,0.6,0.5240174672489083,0.7529411764705882,0.6,0.5769230769230769
253,0.7,9,0.8,3,3,0.7712418300653595,0.8021978021978022,0.3173913043478261,0.7142857142857143,0.5714285714285714,0.16
254,0.7,3,0.2,2,3,0.7840314136125655,0.6797752808988764,0.5283842794759825,0.7176470588235294,0.55,0.4230769230769231
255,0.5,3,0.2,2,2,0.7421465968586387,0.7936507936507936,0.6544502617801047,0.611764705882353,0.65625,0.4883720930232558
256,0.6,5,0.8,1,2,0.7264397905759162,0.6995884773662552,0.5555555555555556,0.6705882352941176,0.6071428571428571,0.5
257,0.7,2,0.0,1,3,0.7578534031413613,0.6341463414634146,0.45414847161572053,0.7764705882352941,0.7333333333333333,0.4230769230769231
258,0.7,8,0.6,1,3,0.7526178010471204,0.6880733944954128,0.32608695652173914,0.7411764705882353,0.6153846153846154,0.32
259,0.7,4,0.2,2,2,0.7657068062827225,0.6146788990825688,0.5851528384279476,0.7411764705882353,0.5769230769230769,0.5769230769230769
260,0.6,1,0.4,3,3,0.7722513089005235,0.7598425196850394,0.630718954248366,0.7058823529411765,0.7647058823529411,0.38235294117647056
261,0.6,1,0.6,3,3,0.7735602094240838,0.7383512544802867,0.673202614379085,0.7294117647058823,0.7037037037037037,0.5588235294117647
262,0.7,3,1.0,2,3,0.7643979057591623,0.8024691358024691,0.2838427947598253,0.6823529411764706,0.4444444444444444,0.15384615384615385
263,0.5,6,0.0,3,3,0.774869109947644,0.8075801749271136,0.7232375979112271,0.6941176470588235,0.6904761904761905,0.6904761904761905
264,0.6,1,0.0,1,2,0.7395287958115183,0.7065637065637066,0.5980392156862745,0.7294117647058823,0.7894736842105263,0.4411764705882353
265,0.6,3,0.6,2,2,0.7277486910994765,0.6929133858267716,0.5751633986928104,0.6823529411764706,0.6521739130434783,0.4411764705882353
266,0.7,6,1.0,1,2,0.7408376963350786,0.6481481481481481,0.30434782608695654,0.7411764705882353,0.6153846153846154,0.32
267,0.5,4,0.4,3,2,0.7094240837696335,0.7040816326530612,0.7225130890052356,0.7411764705882353,0.7560975609756098,0.7209302325581395
268,0.7,9,0.2,3,3,0.796078431372549,0.7176470588235294,0.5304347826086957,0.6785714285714286,0.4444444444444444,0.32
269,0.5,4,0.6,1,3,0.7015706806282722,0.7436708860759493,0.6151832460732984,0.7529411764705882,0.8055555555555556,0.6744186046511628
270,0.5,0,0.4,3,2,0.7303664921465969,0.7802547770700637,0.6413612565445026,0.6823529411764706,0.75,0.5581395348837209
271,0.5,7,0.4,1,3,0.7041884816753927,0.7150684931506849,0.6814621409921671,0.7176470588235294,0.75,0.6428571428571429
272,0.5,5,0.6,1,3,0.7068062827225131,0.7492163009404389,0.6240208877284595,0.7058823529411765,0.7428571428571429,0.6190476190476191
273,0.7,2,0.2,1,2,0.7408376963350786,0.5828877005347594,0.4759825327510917,0.8117647058823529,0.75,0.5769230769230769
274,0.7,5,1.0,1,2,0.7395287958115183,0.6448598130841121,0.3,0.7411764705882353,0.5714285714285714,0.48
275,0.6,1,0.4,2,2,0.75,0.7254901960784313,0.6045751633986928,0.7176470588235294,0.75,0.4411764705882353
276,0.5,6,0.6,1,2,0.6989528795811518,0.71671388101983,0.660574412532637,0.7176470588235294,0.6956521739130435,0.7619047619047619
277,0.6,5,0.8,3,2,0.7643979057591623,0.752,0.6143790849673203,0.5882352941176471,0.4838709677419355,0.4411764705882353
278,0.6,4,0.2,3,3,0.7761780104712042,0.7528089887640449,0.6568627450980392,0.7529411764705882,0.7407407407407407,0.5882352941176471
279,0.7,7,0.2,1,3,0.7617801047120419,0.6558441558441559,0.4391304347826087,0.7529411764705882,0.5909090909090909,0.52
280,0.5,9,0.2,3,3,0.7686274509803922,0.8259493670886076,0.6814621409921671,0.6428571428571429,0.6578947368421053,0.5952380952380952
281,0.6,9,0.8,3,2,0.7333333333333333,0.7236842105263158,0.5392156862745098,0.7142857142857143,0.7083333333333334,0.5
282,0.7,7,0.8,1,2,0.7421465968586387,0.6170212765957447,0.3782608695652174,0.7411764705882353,0.5882352941176471,0.4
283,0.5,9,0.8,1,3,0.7111111111111111,0.7547169811320755,0.6266318537859008,0.7023809523809523,0.7073170731707317,0.6904761904761905
284,0.6,7,1.0,1,3,0.7133507853403142,0.6790123456790124,0.5392156862745098,0.7176470588235294,0.7083333333333334,0.5
285,0.5,7,0.6,1,3,0.7041884816753927,0.7150684931506849,0.6814621409921671,0.7176470588235294,0.75,0.6428571428571429
286,0.6,7,0.4,1,3,0.731675392670157,0.662379421221865,0.673202614379085,0.6941176470588235,0.6176470588235294,0.6176470588235294
287,0.6,6,0.6,3,2,0.7382198952879581,0.6948529411764706,0.6176470588235294,0.6941176470588235,0.625,0.5882352941176471
288,0.6,1,0.8,1,2,0.725130890052356,0.683206106870229,0.5849673202614379,0.6588235294117647,0.5925925925925926,0.47058823529411764
289,0.6,5,0.6,1,2,0.7277486910994765,0.71875,0.5261437908496732,0.6470588235294118,0.5833333333333334,0.4117647058823529
290,0.6,9,0.6,1,2,0.7294117647058823,0.6701030927835051,0.6372549019607843,0.6904761904761905,0.6111111111111112,0.6470588235294118
291,0.6,4,0.4,2,2,0.7408376963350786,0.7142857142857143,0.5882352941176471,0.8,0.8148148148148148,0.6470588235294118
292,0.6,8,1.0,1,2,0.7198952879581152,0.6885245901639344,0.5490196078431373,0.7058823529411765,0.6451612903225806,0.5882352941176471
293,0.6,7,0.2,2,3,0.7526178010471204,0.7142857142857143,0.6372549019607843,0.7411764705882353,0.6764705882352942,0.6764705882352942
294,0.7,3,0.2,3,3,0.7879581151832461,0.6700507614213198,0.5764192139737991,0.7294117647058823,0.5652173913043478,0.5
295,0.7,2,0.0,3,3,0.7918848167539267,0.6699029126213593,0.6026200873362445,0.7058823529411765,0.5263157894736842,0.38461538461538464
296,0.5,9,1.0,3,2,0.7150326797385621,0.7554179566563467,0.6370757180156658,0.6190476190476191,0.6388888888888888,0.5476190476190477
297,0.6,2,0.2,2,3,0.7539267015706806,0.7543103448275862,0.5718954248366013,0.7176470588235294,0.6785714285714286,0.5588235294117647
298,0.7,2,0.8,1,3,0.7473821989528796,0.6636363636363637,0.31877729257641924,0.7647058823529411,0.875,0.2692307692307692
299,0.7,5,0.4,3,3,0.7840314136125655,0.6900584795321637,0.5130434782608696,0.7294117647058823,0.55,0.44
300,0.6,3,0.6,1,2,0.725130890052356,0.6791044776119403,0.5947712418300654,0.6823529411764706,0.6521739130434783,0.4411764705882353
301,0.6,3,0.2,1,3,0.7473821989528796,0.703971119133574,0.6372549019607843,0.6235294117647059,0.5357142857142857,0.4411764705882353
302,0.6,3,0.2,2,2,0.756544502617801,0.7272727272727273,0.6274509803921569,0.6588235294117647,0.5806451612903226,0.5294117647058824
303,0.6,9,0.2,2,2,0.742483660130719,0.7224489795918367,0.5784313725490197,0.7619047619047619,0.7692307692307693,0.5882352941176471
304,0.7,4,0.8,2,2,0.7395287958115183,0.6666666666666666,0.26200873362445415,0.788235294117647,0.9,0.34615384615384615
305,0.5,7,0.8,2,2,0.7028795811518325,0.7096774193548387,0.6892950391644909,0.7058823529411765,0.7297297297297297,0.6428571428571429
306,0.7,0,0.2,1,2,0.7460732984293194,0.5935828877005348,0.4847161572052402,0.788235294117647,0.6818181818181818,0.5769230769230769
307,0.7,6,0.2,3,3,0.7840314136125655,0.6795580110497238,0.5347826086956522,0.7764705882352941,0.6875,0.44
308,0.7,3,0.0,2,2,0.7630890052356021,0.6071428571428571,0.5938864628820961,0.7647058823529411,0.6153846153846154,0.6153846153846154
309,0.5,6,0.2,3,3,0.743455497382199,0.8025889967637541,0.6475195822454308,0.7529411764705882,0.7560975609756098,0.7380952380952381
310,0.6,4,1.0,3,2,0.7081151832460733,0.6707818930041153,0.5326797385620915,0.7647058823529411,0.75,0.6176470588235294
311,0.7,3,1.0,3,2,0.7421465968586387,0.7222222222222222,0.22707423580786026,0.6823529411764706,0.4,0.07692307692307693
312,0.7,4,1.0,1,2,0.7382198952879581,0.6330275229357798,0.30131004366812225,0.7411764705882353,0.6666666666666666,0.3076923076923077
313,0.5,3,0.4,1,2,0.7185863874345549,0.7325905292479109,0.6884816753926701,0.5647058823529412,0.575,0.5348837209302325
314,0.5,4,0.6,3,2,0.7068062827225131,0.7365269461077845,0.643979057591623,0.7647058823529411,0.8108108108108109,0.6976744186046512
315,0.7,7,0.6,1,2,0.7408376963350786,0.6379310344827587,0.3217391304347826,0.7058823529411765,0.5,0.28
316,0.5,7,0.2,2,3,0.75,0.7874251497005988,0.6866840731070496,0.6352941176470588,0.627906976744186,0.6428571428571429
317,0.5,1,0.2,1,3,0.7159685863874345,0.7323943661971831,0.680628272251309,0.6705882352941176,0.7027027027027027,0.6046511627906976
318,0.7,5,0.6,2,2,0.7539267015706806,0.7282608695652174,0.29130434782608694,0.6823529411764706,0.4166666666666667,0.2
319,0.5,2,0.0,1,3,0.7146596858638743,0.7369942196531792,0.6675392670157068,0.7058823529411765,0.6875,0.7674418604651163
320,0.5,2,1.0,1,3,0.7107329842931938,0.7539432176656151,0.6256544502617801,0.6941176470588235,0.6976744186046512,0.6976744186046512
321,0.6,8,0.2,2,2,0.7552356020942408,0.7351778656126482,0.6078431372549019,0.6705882352941176,0.6153846153846154,0.47058823529411764
322,0.5,3,0.8,3,2,0.7133507853403142,0.7492354740061162,0.6413612565445026,0.5882352941176471,0.6111111111111112,0.5116279069767442
323,0.5,3,1.0,1,2,0.7133507853403142,0.7492354740061162,0.6413612565445026,0.5882352941176471,0.6111111111111112,0.5116279069767442
324,0.7,7,0.2,3,2,0.7801047120418848,0.6383928571428571,0.6217391304347826,0.6941176470588235,0.4827586206896552,0.56
325,0.5,1,0.8,3,2,0.7107329842931938,0.7692307692307693,0.6020942408376964,0.6235294117647059,0.6666666666666666,0.5116279069767442
326,0.6,7,0.0,3,3,0.7709424083769634,0.7434944237918215,0.6535947712418301,0.6588235294117647,0.5925925925925926,0.47058823529411764
327,0.5,6,0.2,3,2,0.7356020942408377,0.7520891364902507,0.7049608355091384,0.6705882352941176,0.6666666666666666,0.6666666666666666
328,0.6,3,0.0,3,3,0.7853403141361257,0.7398648648648649,0.7156862745098039,0.7529411764705882,0.696969696969697,0.6764705882352942
329,0.7,9,1.0,1,3,0.7568627450980392,0.6864406779661016,0.3521739130434783,0.7142857142857143,0.5384615384615384,0.28
330,0.7,4,1.0,3,2,0.7329842931937173,0.676056338028169,0.2096069868995633,0.7647058823529411,0.875,0.2692307692307692
331,0.7,4,0.8,2,3,0.7617801047120419,0.8051948051948052,0.27074235807860264,0.6941176470588235,0.5,0.11538461538461539
332,0.7,4,0.2,3,3,0.7905759162303665,0.6751269035532995,0.5807860262008734,0.7764705882352941,0.64,0.6153846153846154
333,0.6,5,1.0,2,3,0.7408376963350786,0.7307692307692307,0.5588235294117647,0.6588235294117647,0.6190476190476191,0.38235294117647056
334,0.5,0,0.8,3,3,0.7185863874345549,0.7755775577557755,0.6151832460732984,0.6470588235294118,0.7241379310344828,0.4883720930232558
335,0.7,1,1.0,2,2,0.7447643979057592,0.639344262295082,0.3406113537117904,0.6823529411764706,0.46153846153846156,0.23076923076923078
336,0.7,6,0.8,2,2,0.7264397905759162,0.64,0.20869565217391303,0.7764705882352941,0.875,0.28
337,0.5,8,0.4,1,3,0.7041884816753927,0.7138964577656676,0.6840731070496083,0.7058823529411765,0.7575757575757576,0.5952380952380952
338,0.6,3,0.8,3,2,0.7395287958115183,0.7465437788018433,0.5294117647058824,0.6941176470588235,0.7222222222222222,0.38235294117647056
339,0.6,5,0.0,1,2,0.7486910994764397,0.7209302325581395,0.6078431372549019,0.6235294117647059,0.5333333333333333,0.47058823529411764
340,0.5,8,0.2,3,3,0.7460732984293194,0.794392523364486,0.6657963446475196,0.7411764705882353,0.7380952380952381,0.7380952380952381
341,0.7,7,1.0,1,2,0.7329842931937173,0.63,0.27391304347826084,0.7176470588235294,0.5454545454545454,0.24
342,0.5,8,0.8,3,3,0.6976439790575916,0.7360248447204969,0.618798955613577,0.6705882352941176,0.71875,0.5476190476190477
343,0.6,6,0.4,2,3,0.7539267015706806,0.7565217391304347,0.5686274509803921,0.7176470588235294,0.6785714285714286,0.5588235294117647
344,0.6,7,0.6,3,2,0.7277486910994765,0.6929133858267716,0.5751633986928104,0.7294117647058823,0.6896551724137931,0.5882352941176471
345,0.5,5,0.2,2,3,0.7395287958115183,0.7911392405063291,0.6527415143603134,0.6941176470588235,0.7105263157894737,0.6428571428571429
346,0.7,5,1.0,3,2,0.7421465968586387,0.726027397260274,0.23043478260869565,0.7176470588235294,0.5555555555555556,0.2
347,0.6,8,0.0,1,3,0.7473821989528796,0.7306122448979592,0.5849673202614379,0.6941176470588235,0.6333333333333333,0.5588235294117647
348,0.5,1,0.0,3,3,0.7617801047120419,0.767379679144385,0.7513089005235603,0.6352941176470588,0.6578947368421053,0.5813953488372093
349,0.7,2,0.0,2,2,0.7604712041884817,0.6474358974358975,0.4410480349344978,0.7529411764705882,0.7272727272727273,0.3076923076923077
350,0.7,3,0.0,1,2,0.75,0.584070796460177,0.5764192139737991,0.7058823529411765,0.5185185185185185,0.5384615384615384
351,0.5,5,0.8,3,3,0.7264397905759162,0.7735849056603774,0.6422976501305483,0.6352941176470588,0.6486486486486487,0.5714285714285714
352,0.6,6,1.0,3,3,0.7015706806282722,0.76,0.37254901960784315,0.6470588235294118,0.6,0.35294117647058826
353,0.6,8,0.6,3,2,0.7460732984293194,0.7295081967213115,0.5816993464052288,0.6705882352941176,0.6153846153846154,0.47058823529411764
354,0.6,5,0.0,3,3,0.7931937172774869,0.7450331125827815,0.7352941176470589,0.6470588235294118,0.5555555555555556,0.5882352941176471
355,0.6,0,1.0,3,2,0.7172774869109948,0.6829268292682927,0.5490196078431373,0.7058823529411765,0.6666666666666666,0.5294117647058824
356,0.5,9,0.4,3,2,0.7241830065359477,0.7544378698224852,0.6657963446475196,0.6309523809523809,0.6486486486486487,0.5714285714285714
357,0.5,0,0.2,3,2,0.7460732984293194,0.7974683544303798,0.6596858638743456,0.6588235294117647,0.7333333333333333,0.5116279069767442
358,0.6,1,1.0,2,3,0.731675392670157,0.7186147186147186,0.5424836601307189,0.6705882352941176,0.6153846153846154,0.47058823529411764
359,0.6,7,0.4,1,2,0.7264397905759162,0.6492307692307693,0.6895424836601307,0.6823529411764706,0.6,0.6176470588235294
360,0.6,9,0.8,1,2,0.7294117647058823,0.6701030927835051,0.6372549019607843,0.6904761904761905,0.6111111111111112,0.6470588235294118
361,0.7,1,0.6,1,2,0.7369109947643979,0.6147540983606558,0.32751091703056767,0.6823529411764706,0.4666666666666667,0.2692307692307692
362,0.7,1,0.4,3,2,0.7604712041884817,0.6455696202531646,0.44541484716157204,0.7176470588235294,0.5625,0.34615384615384615
363,0.6,0,0.0,1,2,0.7382198952879581,0.7038461538461539,0.5980392156862745,0.7176470588235294,0.6785714285714286,0.5588235294117647
364,0.5,0,0.6,1,3,0.6963350785340314,0.734375,0.6151832460732984,0.7647058823529411,0.8484848484848485,0.6511627906976745
365,0.7,8,0.0,2,3,0.7801047120418848,0.7719298245614035,0.3826086956521739,0.7176470588235294,0.5454545454545454,0.24
366,0.5,6,0.6,2,2,0.6989528795811518,0.71671388101983,0.660574412532637,0.7176470588235294,0.6956521739130435,0.7619047619047619
367,0.6,4,1.0,3,3,0.7041884816753927,0.7409638554216867,0.4019607843137255,0.7176470588235294,0.7083333333333334,0.5
368,0.7,4,1.0,2,3,0.756544502617801,0.7792207792207793,0.26200873362445415,0.7294117647058823,0.7142857142857143,0.19230769230769232
369,0.6,8,0.8,3,3,0.7408376963350786,0.7596153846153846,0.5163398692810458,0.7176470588235294,0.7272727272727273,0.47058823529411764
370,0.5,6,0.0,3,2,0.7460732984293194,0.7533512064343163,0.7336814621409922,0.6705882352941176,0.6521739130434783,0.7142857142857143
371,0.7,2,0.2,3,3,0.7918848167539267,0.6881720430107527,0.5589519650655022,0.7647058823529411,0.7142857142857143,0.38461538461538464
372,0.5,4,0.2,1,3,0.7015706806282722,0.7212643678160919,0.6570680628272252,0.7647058823529411,0.8108108108108109,0.6976744186046512
373,0.6,4,0.8,1,3,0.7133507853403142,0.669260700389105,0.5620915032679739,0.7529411764705882,0.7241379310344828,0.6176470588235294
374,0.7,9,1.0,2,2,0.7398692810457517,0.7246376811594203,0.21739130434782608,0.6904761904761905,0.42857142857142855,0.12
375,0.6,3,0.4,3,3,0.7604712041884817,0.7530864197530864,0.5980392156862745,0.7529411764705882,0.7407407407407407,0.5882352941176471
376,0.7,1,0.4,1,2,0.7486910994764397,0.6107784431137725,0.44541484716157204,0.7058823529411765,0.5263157894736842,0.38461538461538464
377,0.6,0,0.2,2,2,0.7486910994764397,0.7478260869565218,0.5620915032679739,0.7176470588235294,0.6785714285714286,0.5588235294117647
378,0.7,8,0.6,3,3,0.7761780104712042,0.797979797979798,0.34347826086956523,0.7411764705882353,0.6153846153846154,0.32
379,0.6,9,0.6,1,3,0.734640522875817,0.6832740213523132,0.6274509803921569,0.6904761904761905,0.6111111111111112,0.6470588235294118
380,0.5,5,0.8,2,2,0.7015706806282722,0.739938080495356,0.6240208877284595,0.7058823529411765,0.7297297297297297,0.6428571428571429
381,0.5,7,0.2,1,2,0.7028795811518325,0.7096774193548387,0.6892950391644909,0.7058823529411765,0.7297297297297297,0.6428571428571429
382,0.7,7,0.6,1,3,0.75,0.6788990825688074,0.3217391304347826,0.7647058823529411,0.6666666666666666,0.4
383,0.7,7,0.0,2,2,0.7696335078534031,0.625,0.5869565217391305,0.7058823529411765,0.5,0.56
384,0.6,6,0.2,3,2,0.7591623036649214,0.7364341085271318,0.6209150326797386,0.7411764705882353,0.7142857142857143,0.5882352941176471
385,0.6,8,0.8,1,3,0.7238219895287958,0.6833976833976834,0.5784313725490197,0.6823529411764706,0.6060606060606061,0.5882352941176471
386,0.6,2,0.8,2,2,0.725130890052356,0.7,0.5490196078431373,0.6823529411764706,0.6206896551724138,0.5294117647058824
387,0.7,3,0.6,1,2,0.7421465968586387,0.6481481481481481,0.3056768558951965,0.7058823529411765,0.5714285714285714,0.15384615384615385
388,0.6,6,0.6,1,3,0.7212041884816754,0.6795366795366795,0.5751633986928104,0.6941176470588235,0.6538461538461539,0.5
389,0.6,7,0.8,1,2,0.7159685863874345,0.6654275092936803,0.5849673202614379,0.7058823529411765,0.6666666666666666,0.5294117647058824
390,0.6,3,0.2,3,2,0.7670157068062827,0.7269503546099291,0.6699346405228758,0.6823529411764706,0.6060606060606061,0.5882352941176471
391,0.6,9,0.2,1,3,0.738562091503268,0.7304347826086957,0.5490196078431373,0.75,0.7407407407407407,0.5882352941176471
392,0.5,3,1.0,1,3,0.7172774869109948,0.7577639751552795,0.6387434554973822,0.6,0.6285714285714286,0.5116279069767442
393,0.6,6,0.0,3,3,0.7735602094240838,0.7097791798107256,0.7352941176470589,0.7529411764705882,0.6666666666666666,0.7647058823529411
394,0.7,0,0.6,2,3,0.7630890052356021,0.7352941176470589,0.32751091703056767,0.7764705882352941,0.7333333333333333,0.4230769230769231
395,0.5,5,1.0,3,2,0.7068062827225131,0.7131367292225201,0.6945169712793734,0.6705882352941176,0.675,0.6428571428571429
396,0.7,7,1.0,3,2,0.743455497382199,0.6634615384615384,0.3,0.7058823529411765,0.5,0.2
397,0.5,0,0.6,2,2,0.6924083769633508,0.7261538461538461,0.6178010471204188,0.7647058823529411,0.8484848484848485,0.6511627906976745
398,0.7,0,0.4,1,3,0.7604712041884817,0.6513157894736842,0.43231441048034935,0.7529411764705882,0.631578947368421,0.46153846153846156
399,0.6,6,0.8,2,3,0.7212041884816754,0.6768060836501901,0.5816993464052288,0.6941176470588235,0.6538461538461539,0.5
400,0.7,7,0.6,3,3,0.7761780104712042,0.7092198581560284,0.43478260869565216,0.7764705882352941,0.6875,0.44
401,0.6,0,0.6,1,2,0.7172774869109948,0.667910447761194,0.5849673202614379,0.7058823529411765,0.6551724137931034,0.5588235294117647
402,0.5,7,1.0,3,3,0.7041884816753927,0.7150684931506849,0.6814621409921671,0.7176470588235294,0.75,0.6428571428571429
403,0.6,6,0.4,1,3,0.7356020942408377,0.7363636363636363,0.5294117647058824,0.7176470588235294,0.6923076923076923,0.5294117647058824
404,0.5,1,0.0,1,2,0.7107329842931938,0.724233983286908,0.680628272251309,0.6705882352941176,0.7027027027027027,0.6046511627906976
405,0.6,2,0.0,1,3,0.7395287958115183,0.7296137339055794,0.5555555555555556,0.7529411764705882,0.7407407407407407,0.5882352941176471
406,0.5,4,1.0,1,3,0.6950261780104712,0.7335423197492164,0.612565445026178,0.7411764705882353,0.8387096774193549,0.6046511627906976
407,0.5,8,1.0,2,2,0.6819371727748691,0.7380952380952381,0.566579634464752,0.6588235294117647,0.7241379310344828,0.5
408,0.5,2,0.0,3,3,0.7591623036649214,0.7946428571428571,0.6989528795811518,0.7176470588235294,0.7209302325581395,0.7209302325581395
409,0.5,6,0.2,1,2,0.7028795811518325,0.7119565217391305,0.6840731070496083,0.7176470588235294,0.6956521739130435,0.7619047619047619
410,0.5,4,0.8,2,2,0.6963350785340314,0.7329192546583851,0.6178010471204188,0.7529411764705882,0.8055555555555556,0.6744186046511628
411,0.6,2,0.6,3,2,0.756544502617801,0.7238805970149254,0.6339869281045751,0.7176470588235294,0.6785714285714286,0.5588235294117647
412,0.7,7,0.2,3,3,0.7840314136125655,0.6633165829145728,0.5739130434782609,0.7058823529411765,0.5,0.56
413,0.5,1,0.2,2,3,0.7356020942408377,0.7727272727272727,0.6675392670157068,0.6470588235294118,0.6756756756756757,0.5813953488372093
414,0.5,4,0.8,2,3,0.7015706806282722,0.7436708860759493,0.6151832460732984,0.7529411764705882,0.8055555555555556,0.6744186046511628
415,0.5,1,0.4,1,3,0.7054973821989529,0.7150684931506849,0.6832460732984293,0.7294117647058823,0.7777777777777778,0.6511627906976745
416,0.6,2,0.4,1,3,0.7290575916230366,0.7239819004524887,0.5228758169934641,0.7529411764705882,0.76,0.5588235294117647
417,0.7,4,0.6,1,2,0.7382198952879581,0.6198347107438017,0.32751091703056767,0.7058823529411765,0.5384615384615384,0.2692307692307692
418,0.7,0,0.0,2,2,0.7657068062827225,0.6644736842105263,0.4410480349344978,0.7176470588235294,0.5555555555555556,0.38461538461538464
419,0.6,3,0.4,2,3,0.7526178010471204,0.7671232876712328,0.5490196078431373,0.7294117647058823,0.7391304347826086,0.5
420,0.7,7,0.4,2,2,0.7617801047120419,0.6538461538461539,0.4434782608695652,0.6705882352941176,0.42857142857142855,0.36
421,0.6,8,0.4,1,3,0.7421465968586387,0.7319148936170212,0.5620915032679739,0.6705882352941176,0.6,0.5294117647058824
422,0.6,0,0.6,3,3,0.7473821989528796,0.7603686635944701,0.5392156862745098,0.6588235294117647,0.6190476190476191,0.38235294117647056
423,0.5,5,0.4,3,3,0.7329842931937173,0.8054607508532423,0.6161879895561357,0.6352941176470588,0.6666666666666666,0.5238095238095238
424,0.7,0,0.8,2,3,0.7526178010471204,0.7083333333333334,0.29694323144104806,0.7529411764705882,0.6470588235294118,0.4230769230769231
425,0.5,1,1.0,1,2,0.7002617801047121,0.71671388101983,0.662303664921466,0.6352941176470588,0.6764705882352942,0.5348837209302325
426,0.5,5,0.0,2,2,0.7264397905759162,0.7471590909090909,0.6866840731070496,0.6235294117647059,0.6190476190476191,0.6190476190476191
427,0.5,2,0.8,2,2,0.7054973821989529,0.7430340557275542,0.6282722513089005,0.6941176470588235,0.6976744186046512,0.6976744186046512
428,0.6,5,0.0,1,3,0.7539267015706806,0.7379032258064516,0.5980392156862745,0.6588235294117647,0.5925925925925926,0.47058823529411764
429,0.6,4,0.4,3,2,0.7473821989528796,0.7467248908296943,0.5588235294117647,0.7647058823529411,0.7692307692307693,0.5882352941176471
430,0.5,2,0.4,2,2,0.7198952879581152,0.7153846153846154,0.7303664921465969,0.6941176470588235,0.6666666666666666,0.7906976744186046
431,0.6,5,0.6,3,3,0.7761780104712042,0.7606177606177607,0.6437908496732027,0.6235294117647059,0.5333333333333333,0.47058823529411764
432,0.5,6,0.8,3,3,0.6989528795811518,0.7413249211356467,0.6135770234986945,0.7411764705882353,0.7380952380952381,0.7380952380952381
433,0.6,3,0.0,2,3,0.774869109947644,0.7342657342657343,0.6862745098039216,0.6941176470588235,0.6333333333333333,0.5588235294117647
434,0.5,1,0.6,2,2,0.7054973821989529,0.7415384615384616,0.6308900523560209,0.6588235294117647,0.71875,0.5348837209302325
435,0.6,0,0.4,3,3,0.7643979057591623,0.7560975609756098,0.6078431372549019,0.6941176470588235,0.6538461538461539,0.5
436,0.6,7,0.6,2,2,0.7277486910994765,0.6929133858267716,0.5751633986928104,0.7294117647058823,0.6896551724137931,0.5882352941176471
437,0.6,6,1.0,1,2,0.7198952879581152,0.6869918699186992,0.5522875816993464,0.6941176470588235,0.6538461538461539,0.5
438,0.7,9,0.0,2,3,0.7869281045751634,0.6871508379888268,0.5347826086956522,0.7023809523809523,0.5,0.4
439,0.7,3,0.0,3,2,0.7670157068062827,0.6976744186046512,0.3930131004366812,0.7294117647058823,0.6153846153846154,0.3076923076923077
440,0.7,1,0.4,2,2,0.7539267015706806,0.6339869281045751,0.42358078602620086,0.7176470588235294,0.5625,0.34615384615384615
441,0.5,1,0.6,1,3,0.7094240837696335,0.75,0.6282722513089005,0.6705882352941176,0.7419354838709677,0.5348837209302325
442,0.7,6,0.4,2,3,0.7761780104712042,0.6705202312138728,0.5043478260869565,0.7411764705882353,0.6153846153846154,0.32
443,0.6,4,0.0,1,3,0.7408376963350786,0.7195121951219512,0.5784313725490197,0.7647058823529411,0.7916666666666666,0.5588235294117647
444,0.5,0,0.2,1,3,0.7041884816753927,0.7228571428571429,0.662303664921466,0.7411764705882353,0.7560975609756098,0.7209302325581395
445,0.6,0,0.4,2,3,0.7526178010471204,0.7695852534562212,0.545751633986928,0.7411764705882353,0.7142857142857143,0.5882352941176471
446,0.7,2,0.6,3,3,0.7774869109947644,0.7251908396946565,0.4148471615720524,0.7647058823529411,0.875,0.2692307692307692
447,0.6,2,0.2,3,3,0.7722513089005235,0.7558139534883721,0.6372549019607843,0.7411764705882353,0.7,0.6176470588235294
448,0.5,7,0.6,3,3,0.7041884816753927,0.7150684931506849,0.6814621409921671,0.7176470588235294,0.75,0.6428571428571429
449,0.7,6,0.6,1,3,0.7552356020942408,0.6592592592592592,0.3869565217391304,0.7294117647058823,0.6,0.24
450,0.5,3,0.8,3,3,0.7303664921465969,0.7716049382716049,0.6544502617801047,0.6470588235294118,0.6756756756756757,0.5813953488372093
451,0.5,8,0.4,3,3,0.7486910994764397,0.805111821086262,0.6579634464751958,0.5882352941176471,0.6060606060606061,0.47619047619047616
452,0.5,2,0.2,1,3,0.7146596858638743,0.7369942196531792,0.6675392670157068,0.7058823529411765,0.6875,0.7674418604651163
453,0.5,5,0.8,2,3,0.7068062827225131,0.7492163009404389,0.6240208877284595,0.7058823529411765,0.7428571428571429,0.6190476190476191
454,0.5,9,0.6,1,3,0.7111111111111111,0.7547169811320755,0.6266318537859008,0.7023809523809523,0.7073170731707317,0.6904761904761905
455,0.7,5,1.0,3,3,0.7526178010471204,0.7733333333333333,0.25217391304347825,0.7411764705882353,0.6363636363636364,0.28
456,0.5,1,0.4,3,3,0.7539267015706806,0.814935064935065,0.6570680628272252,0.6352941176470588,0.7142857142857143,0.46511627906976744
457,0.6,3,0.8,2,2,0.725130890052356,0.6983471074380165,0.5522875816993464,0.6470588235294118,0.5909090909090909,0.38235294117647056
458,0.5,1,0.4,3,2,0.7198952879581152,0.7441860465116279,0.6701570680628273,0.6705882352941176,0.7272727272727273,0.5581395348837209
459,0.5,9,0.4,2,2,0.7176470588235294,0.7313019390581718,0.6892950391644909,0.6547619047619048,0.6444444444444445,0.6904761904761905
460,0.7,3,0.8,2,2,0.7421465968586387,0.6702127659574468,0.27510917030567683,0.6705882352941176,0.4166666666666667,0.19230769230769232
461,0.6,0,0.2,3,3,0.774869109947644,0.7863247863247863,0.6013071895424836,0.7294117647058823,0.6896551724137931,0.5882352941176471
462,0.6,5,1.0,3,2,0.7225130890052356,0.6821705426356589,0.5751633986928104,0.6823529411764706,0.6129032258064516,0.5588235294117647
463,0.5,5,0.4,2,3,0.7212041884816754,0.7777777777777778,0.6214099216710183,0.611764705882353,0.6216216216216216,0.5476190476190477
464,0.7,9,0.6,3,2,0.7568627450980392,0.7340425531914894,0.3,0.7023809523809523,0.5,0.2
465,0.6,5,0.6,1,3,0.731675392670157,0.7285067873303167,0.5261437908496732,0.6470588235294118,0.5833333333333334,0.4117647058823529
466,0.7,9,0.6,2,3,0.7699346405228759,0.7213114754098361,0.3826086956521739,0.7023809523809523,0.5,0.16
467,0.6,4,0.2,1,3,0.7408376963350786,0.7195121951219512,0.5784313725490197,0.7647058823529411,0.7916666666666666,0.5588235294117647
468,0.6,8,0.4,2,3,0.7604712041884817,0.7530864197530864,0.5980392156862745,0.6705882352941176,0.6153846153846154,0.47058823529411764
469,0.6,4,1.0,2,3,0.7107329842931938,0.6763485477178424,0.5326797385620915,0.7647058823529411,0.75,0.6176470588235294
470,0.6,9,0.2,3,3,0.7790849673202614,0.7472924187725631,0.6764705882352942,0.7261904761904762,0.6774193548387096,0.6176470588235294
471,0.5,9,1.0,2,2,0.7058823529411765,0.7438271604938271,0.6292428198433421,0.7023809523809523,0.7073170731707317,0.6904761904761905
472,0.5,5,0.8,1,3,0.7068062827225131,0.7492163009404389,0.6240208877284595,0.7058823529411765,0.7428571428571429,0.6190476190476191
473,0.6,8,1.0,3,2,0.7198952879581152,0.6885245901639344,0.5490196078431373,0.7058823529411765,0.6451612903225806,0.5882352941176471
474,0.7,9,0.4,2,3,0.7790849673202614,0.6918238993710691,0.4782608695652174,0.7261904761904762,0.5555555555555556,0.4
475,0.5,6,0.0,2,2,0.7290575916230366,0.7167487684729064,0.7597911227154047,0.6941176470588235,0.66,0.7857142857142857
476,0.6,3,0.4,1,3,0.7408376963350786,0.7076923076923077,0.6013071895424836,0.6588235294117647,0.5925925925925926,0.47058823529411764
477,0.7,5,0.6,2,3,0.7604712041884817,0.674074074074074,0.39565217391304347,0.7647058823529411,0.6086956521739131,0.56
478,0.5,0,0.0,2,2,0.7356020942408377,0.7960526315789473,0.6335078534031413,0.6588235294117647,0.7333333333333333,0.5116279069767442
479,0.5,4,0.2,2,2,0.7094240837696335,0.7040816326530612,0.7225130890052356,0.7411764705882353,0.7560975609756098,0.7209302325581395
480,0.7,3,0.8,3,2,0.7473821989528796,0.725,0.25327510917030566,0.7058823529411765,0.5714285714285714,0.15384615384615385
481,0.7,8,0.8,3,2,0.7473821989528796,0.6581196581196581,0.3347826086956522,0.6705882352941176,0.4,0.24
482,0.6,3,0.8,1,3,0.7290575916230366,0.7071129707112971,0.5522875816993464,0.6470588235294118,0.5909090909090909,0.38235294117647056
483,0.7,0,0.6,3,3,0.7787958115183246,0.7777777777777778,0.36681222707423583,0.7647058823529411,0.6875,0.4230769230769231
484,0.5,3,0.2,3,2,0.75,0.7833827893175074,0.6910994764397905,0.6470588235294118,0.6857142857142857,0.5581395348837209
485,0.6,3,0.2,3,3,0.7643979057591623,0.8,0.5490196078431373,0.7411764705882353,0.7727272727272727,0.5
486,0.7,3,0.2,3,2,0.7657068062827225,0.6420454545454546,0.49344978165938863,0.7294117647058823,0.5714285714285714,0.46153846153846156
487,0.6,2,0.2,1,2,0.7277486910994765,0.7041666666666667,0.5522875816993464,0.7764705882352941,0.7777777777777778,0.6176470588235294
488,0.6,3,0.6,3,3,0.7591623036649214,0.7723214285714286,0.565359477124183,0.7058823529411765,0.7142857142857143,0.4411764705882353
489,0.7,2,1.0,2,2,0.7408376963350786,0.6962025316455697,0.24017467248908297,0.7647058823529411,0.8,0.3076923076923077
490,0.7,8,1.0,3,3,0.7486910994764397,0.7794117647058824,0.23043478260869565,0.6941176470588235,0.42857142857142855,0.12
491,0.7,1,1.0,2,3,0.7722513089005235,0.7272727272727273,0.38427947598253276,0.7411764705882353,0.625,0.38461538461538464
492,0.5,3,0.2,3,3,0.7578534031413613,0.7922848664688428,0.6989528795811518,0.6823529411764706,0.7105263157894737,0.627906976744186
493,0.7,2,1.0,2,3,0.7486910994764397,0.7176470588235294,0.2663755458515284,0.7764705882352941,0.8181818181818182,0.34615384615384615
494,0.5,1,0.2,2,2,0.7303664921465969,0.7732919254658385,0.6518324607329843,0.6352941176470588,0.6875,0.5116279069767442
495,0.6,7,0.8,1,3,0.7212041884816754,0.6754716981132075,0.5849673202614379,0.7058823529411765,0.6666666666666666,0.5294117647058824
496,0.7,2,1.0,3,2,0.7408376963350786,0.6962025316455697,0.24017467248908297,0.7647058823529411,0.8,0.3076923076923077
497,0.5,7,1.0,3,2,0.7028795811518325,0.7096774193548387,0.6892950391644909,0.7058823529411765,0.7297297297297297,0.6428571428571429
498,0.5,0,0.0,1,2,0.7054973821989529,0.6997455470737913,0.7198952879581152,0.7176470588235294,0.7111111111111111,0.7441860465116279
499,0.7,1,0.6,3,3,0.7709424083769634,0.7045454545454546,0.40611353711790393,0.6941176470588235,0.5,0.3076923076923077
500,0.7,4,0.6,2,2,0.7395287958115183,0.6666666666666666,0.26200873362445415,0.788235294117647,0.9,0.34615384615384615
501,0.6,5,0.2,3,3,0.7827225130890052,0.7713178294573644,0.6503267973856209,0.6470588235294118,0.5625,0.5294117647058824
502,0.6,9,1.0,3,2,0.7150326797385621,0.6679389312977099,0.5718954248366013,0.75,0.7241379310344828,0.6176470588235294
503,0.5,5,0.4,1,3,0.7107329842931938,0.7213114754098361,0.6892950391644909,0.6705882352941176,0.6842105263157895,0.6190476190476191
504,0.5,7,1.0,1,2,0.7028795811518325,0.7096774193548387,0.6892950391644909,0.7058823529411765,0.7297297297297297,0.6428571428571429
505,0.6,8,1.0,2,2,0.7198952879581152,0.6885245901639344,0.5490196078431373,0.7058823529411765,0.6451612903225806,0.5882352941176471
506,0.6,0,0.4,1,2,0.7342931937172775,0.7136929460580913,0.5620915032679739,0.7294117647058823,0.7037037037037037,0.5588235294117647
507,0.5,1,1.0,1,3,0.7002617801047121,0.71671388101983,0.662303664921466,0.6352941176470588,0.6764705882352942,0.5348837209302325
508,0.6,3,1.0,3,2,0.725130890052356,0.6983471074380165,0.5522875816993464,0.6470588235294118,0.5909090909090909,0.38235294117647056
509,0.6,4,0.2,1,2,0.7329842931937173,0.6976744186046512,0.5882352941176471,0.7529411764705882,0.76,0.5588235294117647
510,0.7,9,0.4,3,2,0.7568627450980392,0.7340425531914894,0.3,0.7023809523809523,0.5,0.2
511,0.7,6,0.4,3,3,0.7774869109947644,0.7631578947368421,0.3782608695652174,0.7764705882352941,0.7142857142857143,0.4
512,0.7,1,0.8,2,3,0.7617801047120419,0.6942148760330579,0.36681222707423583,0.6941176470588235,0.5,0.3076923076923077
513,0.5,7,1.0,1,3,0.7041884816753927,0.7150684931506849,0.6814621409921671,0.7176470588235294,0.75,0.6428571428571429
514,0.7,6,0.6,1,2,0.7421465968586387,0.5976331360946746,0.4391304347826087,0.7411764705882353,0.6153846153846154,0.32
515,0.5,2,1.0,2,3,0.7107329842931938,0.7539432176656151,0.6256544502617801,0.6941176470588235,0.6976744186046512,0.6976744186046512
516,0.7,2,0.6,1,2,0.7395287958115183,0.6190476190476191,0.3406113537117904,0.7294117647058823,0.6,0.34615384615384615
517,0.6,5,1.0,1,3,0.7225130890052356,0.6850393700787402,0.5686274509803921,0.6823529411764706,0.6129032258064516,0.5588235294117647
518,0.5,9,0.6,3,2,0.7150326797385621,0.7507598784194529,0.6449086161879896,0.6309523809523809,0.6571428571428571,0.5476190476190477
519,0.7,8,0.0,3,2,0.7722513089005235,0.6971830985915493,0.43043478260869567,0.6941176470588235,0.46153846153846156,0.24
520,0.6,5,0.6,2,3,0.7630890052356021,0.7340823970037453,0.6405228758169934,0.611764705882353,0.5161290322580645,0.47058823529411764
521,0.5,9,0.2,1,2,0.7124183006535948,0.7282913165266106,0.6788511749347258,0.6666666666666666,0.6590909090909091,0.6904761904761905
522,0.6,3,1.0,1,3,0.7264397905759162,0.7012448132780082,0.5522875816993464,0.6470588235294118,0.5909090909090909,0.38235294117647056
523,0.6,2,1.0,2,2,0.7238219895287958,0.6848249027237354,0.5751633986928104,0.6705882352941176,0.6,0.5294117647058824
524,0.6,4,0.4,3,3,0.7604712041884817,0.7303370786516854,0.6372549019607843,0.8,0.7931034482758621,0.6764705882352942
525,0.7,0,0.8,1,3,0.7526178010471204,0.6754385964912281,0.33624454148471616,0.7764705882352941,0.8888888888888888,0.3076923076923077
526,0.7,0,0.8,3,3,0.7617801047120419,0.7326732673267327,0.3231441048034934,0.7411764705882353,0.625,0.38461538461538464
527,0.6,2,0.4,2,2,0.7460732984293194,0.7333333333333333,0.5751633986928104,0.7294117647058823,0.6896551724137931,0.5882352941176471
528,0.6,5,0.6,3,2,0.7643979057591623,0.752,0.6143790849673203,0.5882352941176471,0.4838709677419355,0.4411764705882353
529,0.6,9,1.0,1,2,0.7150326797385621,0.6679389312977099,0.5718954248366013,0.75,0.7241379310344828,0.6176470588235294
530,0.6,9,0.0,2,2,0.7450980392156863,0.6718266253869969,0.7091503267973857,0.6904761904761905,0.6052631578947368,0.6764705882352942
531,0.6,2,0.6,1,2,0.725130890052356,0.7201834862385321,0.5130718954248366,0.6823529411764706,0.6296296296296297,0.5
532,0.6,9,0.0,2,3,0.7581699346405228,0.7093425605536332,0.6699346405228758,0.7619047619047619,0.7058823529411765,0.7058823529411765
533,0.7,7,0.0,3,3,0.7958115183246073,0.685,0.5956521739130435,0.6705882352941176,0.4482758620689655,0.52
534,0.7,1,0.4,3,3,0.7827225130890052,0.6842105263157895,0.5109170305676856,0.6705882352941176,0.45454545454545453,0.38461538461538464
535,0.6,4,0.6,2,2,0.7382198952879581,0.7345132743362832,0.5424836601307189,0.7764705882352941,0.8260869565217391,0.5588235294117647
536,0.6,1,0.6,2,2,0.7447643979057592,0.6933797909407665,0.6503267973856209,0.7176470588235294,0.6923076923076923,0.5294117647058824
537,0.7,4,1.0,1,3,0.7382198952879581,0.7101449275362319,0.21397379912663755,0.7294117647058823,0.6666666666666666,0.23076923076923078
538,0.6,4,0.8,3,3,0.7408376963350786,0.7307692307692307,0.5588235294117647,0.7764705882352941,0.7777777777777778,0.6176470588235294
539,0.7,9,0.6,3,3,0.7830065359477124,0.7711864406779662,0.39565217391304347,0.7261904761904762,0.625,0.2
540,0.5,7,0.0,1,3,0.7107329842931938,0.697560975609756,0.7467362924281984,0.7176470588235294,0.7142857142857143,0.7142857142857143
541,0.7,3,0.4,3,3,0.7905759162303665,0.7899159663865546,0.4104803493449782,0.6941176470588235,0.5,0.23076923076923078
542,0.6,5,0.4,3,3,0.7761780104712042,0.7547169811320755,0.6535947712418301,0.6352941176470588,0.5517241379310345,0.47058823529411764
543,0.6,0,0.2,1,3,0.7460732984293194,0.7258064516129032,0.5882352941176471,0.7294117647058823,0.7037037037037037,0.5588235294117647
544,0.5,9,0.4,3,3,0.7477124183006536,0.7987421383647799,0.6631853785900783,0.6309523809523809,0.6666666666666666,0.5238095238095238
545,0.7,8,0.4,3,2,0.7617801047120419,0.6445783132530121,0.4652173913043478,0.7058823529411765,0.5,0.36
546,0.7,8,0.4,2,2,0.7643979057591623,0.6157407407407407,0.5782608695652174,0.7176470588235294,0.52,0.52
547,0.7,5,1.0,1,3,0.7526178010471204,0.6880733944954128,0.32608695652173914,0.7294117647058823,0.5625,0.36
548,0.6,1,0.4,1,3,0.731675392670157,0.6891385767790262,0.6013071895424836,0.6941176470588235,0.6666666666666666,0.47058823529411764
549,0.6,8,0.6,1,2,0.7198952879581152,0.6716417910447762,0.5882352941176471,0.6823529411764706,0.6,0.6176470588235294
550,0.7,8,0.2,3,3,0.7905759162303665,0.6785714285714286,0.5782608695652174,0.7529411764705882,0.6,0.48
551,0.7,6,0.2,1,2,0.7526178010471204,0.6073298429319371,0.5043478260869565,0.7294117647058823,0.5714285714285714,0.32
552,0.6,8,0.8,2,3,0.7382198952879581,0.7598039215686274,0.5065359477124183,0.6352941176470588,0.5652173913043478,0.38235294117647056
553,0.6,5,0.4,1,3,0.743455497382199,0.7477477477477478,0.5424836601307189,0.6352941176470588,0.56,0.4117647058823529
554,0.7,7,0.8,3,3,0.7617801047120419,0.7553191489361702,0.30869565217391304,0.7176470588235294,0.5555555555555556,0.2
555,0.5,3,0.0,2,3,0.7473821989528796,0.833922261484099,0.6178010471204188,0.6235294117647059,0.7037037037037037,0.4418604651162791
556,0.6,6,0.4,2,2,0.7460732984293194,0.731404958677686,0.5784313725490197,0.7294117647058823,0.6896551724137931,0.5882352941176471
557,0.5,1,0.6,3,2,0.7198952879581152,0.7441860465116279,0.6701570680628273,0.6705882352941176,0.7272727272727273,0.5581395348837209
558,0.7,8,0.6,1,2,0.7408376963350786,0.6311475409836066,0.3347826086956522,0.6941176470588235,0.47058823529411764,0.32
559,0.7,8,0.0,1,2,0.7539267015706806,0.605,0.5260869565217391,0.7411764705882353,0.56,0.56
560,0.6,1,0.0,2,3,0.7643979057591623,0.7142857142857143,0.6862745098039216,0.7529411764705882,0.76,0.5588235294117647
561,0.7,2,0.8,3,3,0.7552356020942408,0.7560975609756098,0.27074235807860264,0.7529411764705882,0.7777777777777778,0.2692307692307692
562,0.7,6,0.6,3,2,0.7473821989528796,0.6456692913385826,0.3565217391304348,0.7529411764705882,0.6428571428571429,0.36
563,0.7,7,0.4,1,3,0.7617801047120419,0.6558441558441559,0.4391304347826087,0.7529411764705882,0.5909090909090909,0.52
564,0.6,0,0.8,2,3,0.7356020942408377,0.7260869565217392,0.545751633986928,0.7058823529411765,0.68,0.5
565,0.5,7,0.8,3,2,0.7028795811518325,0.7096774193548387,0.6892950391644909,0.7058823529411765,0.7297297297297297,0.6428571428571429
566,0.7,1,0.0,1,2,0.7539267015706806,0.6096256684491979,0.4978165938864629,0.7176470588235294,0.5454545454545454,0.46153846153846156
567,0.5,2,0.0,2,3,0.7408376963350786,0.735897435897436,0.7513089005235603,0.7294117647058823,0.6923076923076923,0.8372093023255814
568,0.5,5,0.4,3,2,0.7198952879581152,0.7648902821316614,0.6370757180156658,0.6352941176470588,0.6486486486486487,0.5714285714285714
569,0.6,0,0.0,1,3,0.7460732984293194,0.7258064516129032,0.5882352941176471,0.7294117647058823,0.7037037037037037,0.5588235294117647
570,0.6,8,1.0,3,3,0.7329842931937173,0.755,0.4934640522875817,0.7294117647058823,0.7391304347826086,0.5
571,0.6,0,0.8,3,2,0.7329842931937173,0.7256637168141593,0.5359477124183006,0.7294117647058823,0.7037037037037037,0.5588235294117647
572,0.5,5,0.6,3,3,0.7342931937172775,0.7922077922077922,0.6370757180156658,0.6470588235294118,0.6578947368421053,0.5952380952380952
573,0.5,0,1.0,3,3,0.7041884816753927,0.7746478873239436,0.5759162303664922,0.6941176470588235,0.7575757575757576,0.5813953488372093
574,0.6,4,0.4,1,2,0.7212041884816754,0.7360406091370558,0.4738562091503268,0.7529411764705882,0.782608695652174,0.5294117647058824
575,0.6,0,0.8,1,2,0.7172774869109948,0.667910447761194,0.5849673202614379,0.7058823529411765,0.6551724137931034,0.5588235294117647
576,0.6,3,0.0,1,2,0.7447643979057592,0.7142857142857143,0.6045751633986928,0.6470588235294118,0.5714285714285714,0.47058823529411764
577,0.5,0,1.0,3,2,0.7041884816753927,0.7582781456953642,0.599476439790576,0.7058823529411765,0.7647058823529411,0.6046511627906976
578,0.6,5,0.4,1,2,0.7447643979057592,0.7302904564315352,0.5751633986928104,0.6352941176470588,0.5555555555555556,0.4411764705882353
579,0.7,4,0.4,3,2,0.7591623036649214,0.6153846153846154,0.5240174672489083,0.7411764705882353,0.5833333333333334,0.5384615384615384
580,0.5,0,1.0,1,2,0.6924083769633508,0.7261538461538461,0.6178010471204188,0.7647058823529411,0.8484848484848485,0.6511627906976745
581,0.7,1,0.0,3,3,0.7918848167539267,0.7430555555555556,0.4672489082969432,0.7294117647058823,0.5882352941176471,0.38461538461538464
582,0.6,4,0.4,1,3,0.7290575916230366,0.7124463519313304,0.5424836601307189,0.7529411764705882,0.76,0.5588235294117647
583,0.7,3,0.8,1,3,0.7552356020942408,0.6909090909090909,0.3318777292576419,0.6705882352941176,0.4,0.15384615384615385
584,0.6,8,0.0,3,3,0.7866492146596858,0.7619047619047619,0.6797385620915033,0.6352941176470588,0.5483870967741935,0.5
585,0.7,6,0.4,1,2,0.7526178010471204,0.6073298429319371,0.5043478260869565,0.7294117647058823,0.5714285714285714,0.32
586,0.7,8,0.4,1,2,0.7526178010471204,0.6096256684491979,0.4956521739130435,0.7294117647058823,0.5416666666666666,0.52
587,0.5,6,0.8,1,2,0.693717277486911,0.7306501547987616,0.6161879895561357,0.7411764705882353,0.7380952380952381,0.7380952380952381
588,0.7,6,1.0,2,2,0.7238219895287958,0.6461538461538462,0.1826086956521739,0.7764705882352941,0.875,0.28
589,0.6,4,0.0,3,2,0.756544502617801,0.74,0.6045751633986928,0.7529411764705882,0.7407407407407407,0.5882352941176471
590,0.6,5,0.6,2,2,0.7526178010471204,0.772093023255814,0.5424836601307189,0.6,0.5,0.38235294117647056
591,0.5,1,0.8,2,2,0.7054973821989529,0.7415384615384616,0.6308900523560209,0.6588235294117647,0.71875,0.5348837209302325
592,0.7,1,0.0,3,2,0.7761780104712042,0.6330275229357798,0.6026200873362445,0.7176470588235294,0.5384615384615384,0.5384615384615384
593,0.6,9,0.0,1,2,0.730718954248366,0.6937984496124031,0.5849673202614379,0.7261904761904762,0.6896551724137931,0.5882352941176471
594,0.7,2,0.0,3,2,0.7696335078534031,0.7086614173228346,0.3930131004366812,0.7294117647058823,0.5882352941176471,0.38461538461538464
595,0.7,0,1.0,2,3,0.7408376963350786,0.7719298245614035,0.19213973799126638,0.7294117647058823,0.6666666666666666,0.23076923076923078
596,0.7,8,0.8,2,3,0.768324607329843,0.6992481203007519,0.4043478260869565,0.6941176470588235,0.47058823529411764,0.32
597,0.6,4,0.0,1,2,0.7329842931937173,0.6976744186046512,0.5882352941176471,0.7529411764705882,0.76,0.5588235294117647
598,0.7,6,0.8,1,2,0.7408376963350786,0.6481481481481481,0.30434782608695654,0.7411764705882353,0.6153846153846154,0.32
599,0.7,0,1.0,3,2,0.7369109947643979,0.7058823529411765,0.2096069868995633,0.7176470588235294,0.625,0.19230769230769232
600,0.5,8,0.2,1,3,0.7081151832460733,0.7259887005649718,0.6710182767624021,0.7058823529411765,0.7741935483870968,0.5714285714285714
601,0.6,8,0.6,2,2,0.7447643979057592,0.7159533073929961,0.6013071895424836,0.6705882352941176,0.6153846153846154,0.47058823529411764
602,0.7,0,0.2,3,2,0.7670157068062827,0.6808510638297872,0.4192139737991266,0.6823529411764706,0.47058823529411764,0.3076923076923077
603,0.7,8,0.6,3,2,0.7591623036649214,0.6554054054054054,0.4217391304347826,0.7058823529411765,0.5,0.44
604,0.5,8,0.2,1,2,0.7028795811518325,0.7085561497326203,0.6919060052219321,0.6941176470588235,0.7352941176470589,0.5952380952380952
605,0.6,7,0.2,3,2,0.7513089005235603,0.7396694214876033,0.5849673202614379,0.8117647058823529,0.8214285714285714,0.6764705882352942
606,0.5,3,0.0,1,2,0.7185863874345549,0.7325905292479109,0.6884816753926701,0.5647058823529412,0.575,0.5348837209302325
607,0.5,4,1.0,3,3,0.6950261780104712,0.7335423197492164,0.612565445026178,0.7411764705882353,0.8387096774193549,0.6046511627906976
608,0.5,6,0.6,3,3,0.7159685863874345,0.7862068965517242,0.5953002610966057,0.6705882352941176,0.6944444444444444,0.5952380952380952
609,0.6,2,0.6,1,3,0.7225130890052356,0.6727941176470589,0.5980392156862745,0.6941176470588235,0.6428571428571429,0.5294117647058824
610,0.5,6,0.4,2,3,0.7212041884816754,0.7125,0.7441253263707572,0.7058823529411765,0.6808510638297872,0.7619047619047619
611,0.7,7,0.6,2,2,0.7539267015706806,0.6458333333333334,0.4043478260869565,0.6941176470588235,0.47058823529411764,0.32
612,0.6,5,1.0,1,2,0.7225130890052356,0.6821705426356589,0.5751633986928104,0.6823529411764706,0.6129032258064516,0.5588235294117647
613,0.6,7,1.0,1,2,0.7133507853403142,0.6775510204081633,0.5424836601307189,0.7176470588235294,0.7083333333333334,0.5
614,0.7,0,0.0,1,2,0.7473821989528796,0.59,0.5152838427947598,0.788235294117647,0.6818181818181818,0.5769230769230769
615,0.6,5,0.0,2,3,0.774869109947644,0.7481481481481481,0.6601307189542484,0.611764705882353,0.5172413793103449,0.4411764705882353
616,0.7,1,0.8,3,2,0.7447643979057592,0.639344262295082,0.3406113537117904,0.6823529411764706,0.46153846153846156,0.23076923076923078
617,0.6,1,0.0,3,3,0.7827225130890052,0.7333333333333333,0.7189542483660131,0.7294117647058823,0.7037037037037037,0.5588235294117647
618,0.6,9,1.0,1,3,0.7150326797385621,0.6705426356589147,0.565359477124183,0.75,0.7241379310344828,0.6176470588235294
619,0.5,5,0.6,1,2,0.7015706806282722,0.739938080495356,0.6240208877284595,0.7058823529411765,0.7297297297297297,0.6428571428571429
620,0.6,8,0.4,3,3,0.7696335078534031,0.773109243697479,0.6013071895424836,0.6705882352941176,0.625,0.4411764705882353
621,0.6,6,1.0,3,2,0.7198952879581152,0.6869918699186992,0.5522875816993464,0.6941176470588235,0.6538461538461539,0.5
622,0.7,2,0.8,3,2,0.7460732984293194,0.6881720430107527,0.2794759825327511,0.7529411764705882,0.7272727272727273,0.3076923076923077
623,0.7,2,0.2,2,3,0.7787958115183246,0.6704545454545454,0.5152838427947598,0.7647058823529411,0.75,0.34615384615384615
624,0.5,0,0.8,3,2,0.6897905759162304,0.7580071174377224,0.5575916230366492,0.6588235294117647,0.7692307692307693,0.46511627906976744
625,0.6,7,0.8,3,3,0.7447643979057592,0.7341772151898734,0.5686274509803921,0.7411764705882353,0.7307692307692307,0.5588235294117647
626,0.5,1,0.0,2,2,0.7342931937172775,0.7671641791044777,0.6727748691099477,0.6705882352941176,0.7419354838709677,0.5348837209302325
627,0.7,5,0.6,1,3,0.7486910994764397,0.6610169491525424,0.3391304347826087,0.7764705882352941,0.6363636363636364,0.56
628,0.6,2,0.6,3,3,0.7630890052356021,0.757201646090535,0.6013071895424836,0.7058823529411765,0.6666666666666666,0.5294117647058824
629,0.7,3,0.0,1,3,0.7657068062827225,0.6524390243902439,0.4672489082969432,0.7411764705882353,0.5909090909090909,0.5
630,0.7,5,1.0,2,3,0.7395287958115183,0.7123287671232876,0.22608695652173913,0.7058823529411765,0.5,0.16
631,0.5,2,0.2,3,2,0.7329842931937173,0.7927631578947368,0.6308900523560209,0.6705882352941176,0.7027027027027027,0.6046511627906976
632,0.7,1,0.2,1,3,0.7657068062827225,0.6644736842105263,0.4410480349344978,0.7294117647058823,0.5714285714285714,0.46153846153846156
633,0.7,1,0.6,3,2,0.756544502617801,0.6442953020134228,0.4192139737991266,0.6823529411764706,0.47368421052631576,0.34615384615384615
634,0.5,7,0.4,1,2,0.7028795811518325,0.7096774193548387,0.6892950391644909,0.7058823529411765,0.7297297297297297,0.6428571428571429
635,0.5,6,0.6,1,3,0.7068062827225131,0.7214484679665738,0.6762402088772846,0.7176470588235294,0.6956521739130435,0.7619047619047619
636,0.6,6,0.0,1,3,0.7421465968586387,0.7224489795918367,0.5784313725490197,0.7411764705882353,0.7,0.6176470588235294
637,0.7,1,0.0,2,2,0.768324607329843,0.6226415094339622,0.5764192139737991,0.7176470588235294,0.5384615384615384,0.5384615384615384
638,0.7,5,0.8,3,3,0.7591623036649214,0.7738095238095238,0.2826086956521739,0.7176470588235294,0.5384615384615384,0.28
639,0.5,3,0.6,2,3,0.7172774869109948,0.7577639751552795,0.6387434554973822,0.6,0.6285714285714286,0.5116279069767442
640,0.6,4,0.6,1,3,0.7277486910994765,0.7008196721311475,0.5588235294117647,0.7529411764705882,0.7407407407407407,0.5882352941176471
641,0.7,8,0.2,1,2,0.7526178010471204,0.6096256684491979,0.4956521739130435,0.7294117647058823,0.5416666666666666,0.52
642,0.5,9,0.0,2,3,0.7503267973856209,0.7448979591836735,0.762402088772846,0.6666666666666666,0.64,0.7619047619047619
643,0.7,9,0.8,1,3,0.7568627450980392,0.6864406779661016,0.3521739130434783,0.7142857142857143,0.5384615384615384,0.28
644,0.6,1,0.4,3,2,0.7604712041884817,0.7303370786516854,0.6372549019607843,0.7176470588235294,0.75,0.4411764705882353
645,0.6,3,0.8,1,2,0.725130890052356,0.6983471074380165,0.5522875816993464,0.6470588235294118,0.5909090909090909,0.38235294117647056
646,0.6,0,0.6,1,3,0.7290575916230366,0.688212927756654,0.5915032679738562,0.7294117647058823,0.7037037037037037,0.5588235294117647
647,0.7,6,0.6,2,3,0.7578534031413613,0.7319587628865979,0.30869565217391304,0.7294117647058823,0.6,0.24
648,0.5,6,0.8,2,3,0.6989528795811518,0.7413249211356467,0.6135770234986945,0.7411764705882353,0.7380952380952381,0.7380952380952381
649,0.7,2,0.0,2,3,0.7787958115183246,0.6704545454545454,0.5152838427947598,0.7647058823529411,0.75,0.34615384615384615
650,0.5,2,0.6,2,3,0.7198952879581152,0.7576687116564417,0.6465968586387435,0.7411764705882353,0.7560975609756098,0.7209302325581395
651,0.6,7,0.8,3,2,0.7159685863874345,0.6654275092936803,0.5849673202614379,0.7058823529411765,0.6666666666666666,0.5294117647058824
652,0.7,4,0.0,1,3,0.7617801047120419,0.6407185628742516,0.4672489082969432,0.7647058823529411,0.6363636363636364,0.5384615384615384
653,0.7,9,0.4,1,3,0.7581699346405228,0.6717557251908397,0.3826086956521739,0.7023809523809523,0.5,0.28
654,0.5,6,0.0,1,3,0.7081151832460733,0.696078431372549,0.741514360313316,0.6941176470588235,0.66,0.7857142857142857
655,0.6,4,0.6,1,2,0.7225130890052356,0.6865079365079365,0.565359477124183,0.7294117647058823,0.6896551724137931,0.5882352941176471
656,0.6,8,0.2,3,2,0.7630890052356021,0.7358490566037735,0.6372549019607843,0.6588235294117647,0.5925925925925926,0.47058823529411764
657,0.5,9,0.6,1,2,0.7058823529411765,0.7438271604938271,0.6292428198433421,0.7023809523809523,0.7073170731707317,0.6904761904761905
658,0.7,9,0.6,2,2,0.7529411764705882,0.7204301075268817,0.29130434782608694,0.7142857142857143,0.5555555555555556,0.2
659,0.7,9,0.2,2,2,0.7620915032679738,0.6304347826086957,0.5043478260869565,0.6785714285714286,0.45,0.36
660,0.7,5,0.0,3,3,0.7945026178010471,0.7212121212121212,0.5173913043478261,0.7529411764705882,0.5833333333333334,0.56
661,0.7,1,0.8,2,2,0.7408376963350786,0.628099173553719,0.3318777292576419,0.6823529411764706,0.45454545454545453,0.19230769230769232
662,0.7,4,0.4,2,3,0.7801047120418848,0.6648648648648648,0.537117903930131,0.7647058823529411,0.6363636363636364,0.5384615384615384
663,0.5,6,0.8,3,2,0.693717277486911,0.7306501547987616,0.6161879895561357,0.7411764705882353,0.7380952380952381,0.7380952380952381
664,0.7,9,0.0,1,3,0.7686274509803922,0.673202614379085,0.44782608695652176,0.7142857142857143,0.5294117647058824,0.36
665,0.5,2,0.2,1,2,0.7081151832460733,0.7226890756302521,0.675392670157068,0.6941176470588235,0.6888888888888889,0.7209302325581395
666,0.5,2,0.8,3,3,0.7107329842931938,0.7539432176656151,0.6256544502617801,0.6941176470588235,0.6976744186046512,0.6976744186046512
667,0.6,9,0.6,3,3,0.7398692810457517,0.7609756097560976,0.5098039215686274,0.6904761904761905,0.6666666666666666,0.47058823529411764
668,0.7,0,0.2,3,3,0.7879581151832461,0.6717948717948717,0.5720524017467249,0.7529411764705882,0.6,0.5769230769230769
669,0.6,9,0.0,3,2,0.7594771241830065,0.7293233082706767,0.6339869281045751,0.75,0.7241379310344828,0.6176470588235294
670,0.6,8,0.6,3,3,0.756544502617801,0.7631578947368421,0.5686274509803921,0.6705882352941176,0.625,0.4411764705882353
671,0.7,0,0.0,3,2,0.7722513089005235,0.6845637583892618,0.44541484716157204,0.7058823529411765,0.5263157894736842,0.38461538461538464
672,0.7,9,0.4,3,3,0.7895424836601307,0.7315436241610739,0.47391304347826085,0.7023809523809523,0.5,0.2
673,0.6,1,0.6,1,3,0.731675392670157,0.6891385767790262,0.6013071895424836,0.6941176470588235,0.6666666666666666,0.47058823529411764
674,0.7,1,0.2,1,2,0.7539267015706806,0.6096256684491979,0.4978165938864629,0.7176470588235294,0.5454545454545454,0.46153846153846156
675,0.7,0,0.4,3,3,0.7801047120418848,0.7606837606837606,0.388646288209607,0.7176470588235294,0.5625,0.34615384615384615
676,0.7,4,0.2,1,3,0.7604712041884817,0.6474358974358975,0.4410480349344978,0.7529411764705882,0.6190476190476191,0.5
677,0.5,3,0.0,3,3,0.7630890052356021,0.7694369973190348,0.7513089005235603,0.6470588235294118,0.6585365853658537,0.627906976744186
678,0.6,3,1.0,2,2,0.725130890052356,0.6983471074380165,0.5522875816993464,0.6470588235294118,0.5909090909090909,0.38235294117647056
679,0.5,8,0.0,1,3,0.7094240837696335,0.7267605633802817,0.6736292428198434,0.7176470588235294,0.75,0.6428571428571429
680,0.6,0,1.0,3,3,0.7185863874345549,0.6857142857142857,0.5490196078431373,0.6941176470588235,0.6538461538461539,0.5
681,0.5,1,0.6,2,3,0.7094240837696335,0.75,0.6282722513089005,0.6705882352941176,0.7419354838709677,0.5348837209302325
682,0.5,6,1.0,1,3,0.7068062827225131,0.7492163009404389,0.6240208877284595,0.6941176470588235,0.7,0.6666666666666666
683,0.6,0,0.2,1,2,0.7342931937172775,0.7136929460580913,0.5620915032679739,0.7294117647058823,0.7037037037037037,0.5588235294117647
684,0.5,0,0.4,2,3,0.7329842931937173,0.8090277777777778,0.6099476439790575,0.6705882352941176,0.8,0.46511627906976744
685,0.5,8,0.8,1,3,0.7041884816753927,0.7460815047021944,0.6214099216710183,0.7058823529411765,0.7741935483870968,0.5714285714285714
686,0.7,9,0.4,1,2,0.7503267973856209,0.6211180124223602,0.43478260869565216,0.7023809523809523,0.5,0.4
687,0.5,0,0.2,2,2,0.7356020942408377,0.7960526315789473,0.6335078534031413,0.6588235294117647,0.7333333333333333,0.5116279069767442
688,0.6,7,1.0,2,3,0.725130890052356,0.7222222222222222,0.5098039215686274,0.7529411764705882,0.7407407407407407,0.5882352941176471
689,0.5,9,0.0,3,3,0.7725490196078432,0.7878787878787878,0.7467362924281984,0.6666666666666666,0.6458333333333334,0.7380952380952381
690,0.7,4,1.0,2,2,0.7303664921465969,0.6716417910447762,0.1965065502183406,0.7647058823529411,0.875,0.2692307692307692
691,0.5,6,0.4,3,2,0.7146596858638743,0.7704918032786885,0.6135770234986945,0.6941176470588235,0.7105263157894737,0.6428571428571429
692,0.5,5,0.6,3,2,0.7264397905759162,0.757396449704142,0.6684073107049608,0.6352941176470588,0.6410256410256411,0.5952380952380952
693,0.7,6,0.8,2,3,0.7578534031413613,0.6923076923076923,0.3521739130434783,0.7647058823529411,0.7272727272727273,0.32
694,0.6,6,0.2,3,3,0.768324607329843,0.7415730337078652,0.6470588235294118,0.7411764705882353,0.6764705882352942,0.6764705882352942
695,0.7,6,0.0,1,2,0.7539267015706806,0.6029411764705882,0.5347826086956522,0.7294117647058823,0.5714285714285714,0.32
696,0.6,0,0.0,2,3,0.7709424083769634,0.7364620938628159,0.6666666666666666,0.7529411764705882,0.6857142857142857,0.7058823529411765
697,0.5,1,0.4,2,2,0.7028795811518325,0.707774798927614,0.6910994764397905,0.7176470588235294,0.7567567567567568,0.6511627906976745
698,0.7,9,0.8,3,2,0.7516339869281046,0.7439024390243902,0.26521739130434785,0.6904761904761905,0.4444444444444444,0.16
699,0.5,6,1.0,2,2,0.7054973821989529,0.7438271604938271,0.6292428198433421,0.6941176470588235,0.7,0.6666666666666666
700,0.7,7,0.2,2,2,0.7696335078534031,0.625,0.5869565217391305,0.7058823529411765,0.5,0.56
701,0.5,6,1.0,1,2,0.7054973821989529,0.7438271604938271,0.6292428198433421,0.6941176470588235,0.7,0.6666666666666666
702,0.6,3,1.0,2,3,0.7264397905759162,0.7012448132780082,0.5522875816993464,0.6470588235294118,0.5909090909090909,0.38235294117647056
703,0.5,2,1.0,3,3,0.7107329842931938,0.7539432176656151,0.6256544502617801,0.6941176470588235,0.6976744186046512,0.6976744186046512
704,0.5,8,0.0,2,3,0.7342931937172775,0.7393617021276596,0.7258485639686684,0.6705882352941176,0.6521739130434783,0.7142857142857143
705,0.5,4,1.0,2,2,0.693717277486911,0.7283950617283951,0.6178010471204188,0.7411764705882353,0.8387096774193549,0.6046511627906976
706,0.7,2,0.2,1,3,0.7552356020942408,0.6363636363636364,0.4279475982532751,0.7764705882352941,0.7333333333333333,0.4230769230769231
707,0.7,2,0.4,1,3,0.7552356020942408,0.6363636363636364,0.4279475982532751,0.7647058823529411,0.7142857142857143,0.38461538461538464
708,0.6,6,0.6,2,3,0.7486910994764397,0.7298387096774194,0.5915032679738562,0.7176470588235294,0.65625,0.6176470588235294
709,0.7,2,0.0,1,2,0.7421465968586387,0.5808080808080808,0.5021834061135371,0.8117647058823529,0.75,0.5769230769230769
710,0.7,4,0.8,1,2,0.7382198952879581,0.6330275229357798,0.30131004366812225,0.7411764705882353,0.6666666666666666,0.3076923076923077
711,0.6,0,0.8,3,3,0.743455497382199,0.7777777777777778,0.5032679738562091,0.6705882352941176,0.6363636363636364,0.4117647058823529
712,0.6,2,0.2,3,2,0.756544502617801,0.74,0.6045751633986928,0.7294117647058823,0.6896551724137931,0.5882352941176471
713,0.5,7,0.2,2,2,0.7303664921465969,0.7864077669902912,0.6344647519582245,0.6823529411764706,0.7272727272727273,0.5714285714285714
714,0.6,6,1.0,2,3,0.7146596858638743,0.7444444444444445,0.43790849673202614,0.7058823529411765,0.6956521739130435,0.47058823529411764
715,0.6,8,1.0,1,3,0.7198952879581152,0.6916666666666667,0.5424836601307189,0.7058823529411765,0.6451612903225806,0.5882352941176471
716,0.7,3,0.8,3,3,0.774869109947644,0.7663551401869159,0.35807860262008734,0.6823529411764706,0.45454545454545453,0.19230769230769232
717,0.7,7,0.6,2,3,0.7630890052356021,0.7289719626168224,0.3391304347826087,0.7294117647058823,0.5714285714285714,0.32
718,0.7,9,0.2,3,2,0.7738562091503268,0.659217877094972,0.5130434782608696,0.6666666666666666,0.4117647058823529,0.28
719,0.6,5,0.8,3,3,0.768324607329843,0.7590361445783133,0.6176470588235294,0.6,0.5,0.4411764705882353
720,0.7,7,0.2,2,3,0.7761780104712042,0.649746192893401,0.5565217391304348,0.7176470588235294,0.52,0.52
721,0.5,5,1.0,2,2,0.7068062827225131,0.7131367292225201,0.6945169712793734,0.6705882352941176,0.675,0.6428571428571429
722,0.6,9,0.8,2,2,0.7294117647058823,0.6701030927835051,0.6372549019607843,0.6904761904761905,0.6111111111111112,0.6470588235294118
723,0.6,7,0.2,1,2,0.7264397905759162,0.6492307692307693,0.6895424836601307,0.6823529411764706,0.6,0.6176470588235294
724,0.5,0,0.0,3,2,0.75,0.7920489296636085,0.6780104712041884,0.6705882352941176,0.7419354838709677,0.5348837209302325
725,0.6,3,0.2,2,3,0.7761780104712042,0.7402135231316725,0.6797385620915033,0.7058823529411765,0.6551724137931034,0.5588235294117647
726,0.5,6,0.6,2,3,0.7068062827225131,0.7214484679665738,0.6762402088772846,0.7176470588235294,0.6956521739130435,0.7619047619047619
727,0.5,0,0.2,1,2,0.6989528795811518,0.7054054054054054,0.6832460732984293,0.7411764705882353,0.7560975609756098,0.7209302325581395
728,0.5,3,0.2,2,3,0.7447643979057592,0.8025889967637541,0.6492146596858639,0.6352941176470588,0.65,0.6046511627906976
729,0.5,9,0.8,3,2,0.7150326797385621,0.7507598784194529,0.6449086161879896,0.6309523809523809,0.6571428571428571,0.5476190476190477
730,0.6,2,0.8,2,3,0.7552356020942408,0.7087719298245614,0.6601307189542484,0.6941176470588235,0.625,0.5882352941176471
731,0.5,0,0.2,3,3,0.7539267015706806,0.803125,0.6727748691099477,0.6470588235294118,0.7241379310344828,0.4883720930232558
732,0.5,9,0.2,2,2,0.722875816993464,0.7175572519083969,0.7362924281984334,0.6666666666666666,0.6458333333333334,0.7380952380952381
733,0.7,1,1.0,3,3,0.7643979057591623,0.7951807228915663,0.28820960698689957,0.7411764705882353,0.75,0.23076923076923078
734,0.5,5,0.0,3,3,0.7657068062827225,0.7786885245901639,0.7441253263707572,0.6588235294117647,0.6511627906976745,0.6666666666666666
735,0.7,2,0.6,2,3,0.756544502617801,0.672,0.36681222707423583,0.7647058823529411,0.6875,0.4230769230769231
736,0.5,4,1.0,3,2,0.693717277486911,0.7283950617283951,0.6178010471204188,0.7411764705882353,0.8387096774193549,0.6046511627906976
737,0.7,2,0.4,3,3,0.7853403141361257,0.6815642458100558,0.5327510917030568,0.7647058823529411,0.7142857142857143,0.38461538461538464
738,0.6,2,0.2,1,3,0.7342931937172775,0.7248908296943232,0.5424836601307189,0.7764705882352941,0.7777777777777778,0.6176470588235294
739,0.5,4,0.4,1,3,0.7015706806282722,0.712707182320442,0.675392670157068,0.7529411764705882,0.7894736842105263,0.6976744186046512
740,0.6,2,0.8,1,2,0.725130890052356,0.7,0.5490196078431373,0.6823529411764706,0.6206896551724138,0.5294117647058824
741,0.5,4,0.0,1,2,0.6976439790575916,0.7323076923076923,0.6230366492146597,0.7529411764705882,0.8055555555555556,0.6744186046511628
742,0.6,8,0.2,1,2,0.7382198952879581,0.70703125,0.5915032679738562,0.6941176470588235,0.625,0.5882352941176471
743,0.6,4,1.0,2,2,0.7081151832460733,0.6707818930041153,0.5326797385620915,0.7647058823529411,0.75,0.6176470588235294
744,0.5,7,0.6,2,2,0.7028795811518325,0.7096774193548387,0.6892950391644909,0.7058823529411765,0.7297297297297297,0.6428571428571429
745,0.5,3,0.0,3,2,0.7526178010471204,0.7915407854984894,0.6858638743455497,0.6,0.6363636363636364,0.4883720930232558
746,0.6,5,0.4,3,2,0.7617801047120419,0.7818181818181819,0.5620915032679739,0.6588235294117647,0.5925925925925926,0.47058823529411764
747,0.7,8,0.2,2,2,0.7670157068062827,0.625,0.5652173913043478,0.7176470588235294,0.5172413793103449,0.6
748,0.7,3,1.0,1,2,0.7421465968586387,0.6481481481481481,0.3056768558951965,0.7058823529411765,0.5714285714285714,0.15384615384615385
749,0.7,5,1.0,2,2,0.7473821989528796,0.7402597402597403,0.24782608695652175,0.6941176470588235,0.45454545454545453,0.2
750,0.5,4,0.4,2,2,0.7002617801047121,0.7230320699708455,0.6492146596858639,0.7411764705882353,0.8387096774193549,0.6046511627906976
751,0.6,7,0.0,2,2,0.7356020942408377,0.6984732824427481,0.5980392156862745,0.7058823529411765,0.68,0.5
752,0.5,6,0.4,1,2,0.7028795811518325,0.7119565217391305,0.6840731070496083,0.7176470588235294,0.6956521739130435,0.7619047619047619
753,0.5,7,0.8,3,3,0.7041884816753927,0.7150684931506849,0.6814621409921671,0.7176470588235294,0.75,0.6428571428571429
754,0.6,0,0.2,3,2,0.7630890052356021,0.7593360995850622,0.5980392156862745,0.7294117647058823,0.6774193548387096,0.6176470588235294
755,0.7,3,0.2,1,2,0.75,0.6021505376344086,0.4890829694323144,0.7529411764705882,0.6190476190476191,0.5
756,0.7,4,0.0,3,2,0.7735602094240838,0.6147540983606558,0.6550218340611353,0.7647058823529411,0.6,0.6923076923076923
757,0.6,1,0.0,3,2,0.7643979057591623,0.6993670886075949,0.7222222222222222,0.6470588235294118,0.5769230769230769,0.4411764705882353
758,0.7,9,1.0,1,2,0.7359477124183007,0.6346153846153846,0.28695652173913044,0.6666666666666666,0.3333333333333333,0.12
759,0.7,2,1.0,1,2,0.7395287958115183,0.6190476190476191,0.3406113537117904,0.7294117647058823,0.6,0.34615384615384615
760,0.7,6,0.2,1,3,0.7657068062827225,0.6624203821656051,0.45217391304347826,0.7176470588235294,0.5454545454545454,0.24
761,0.5,7,0.0,1,2,0.7068062827225131,0.6924939467312349,0.7467362924281984,0.7176470588235294,0.7142857142857143,0.7142857142857143
762,0.5,8,0.8,2,2,0.6819371727748691,0.7380952380952381,0.566579634464752,0.6588235294117647,0.7241379310344828,0.5
763,0.6,1,0.8,3,2,0.7356020942408377,0.6870503597122302,0.6241830065359477,0.6823529411764706,0.6206896551724138,0.5294117647058824
764,0.7,5,0.0,2,3,0.7814136125654451,0.6632124352331606,0.5565217391304348,0.6941176470588235,0.47368421052631576,0.36
765,0.6,6,1.0,2,2,0.7198952879581152,0.6869918699186992,0.5522875816993464,0.6941176470588235,0.6538461538461539,0.5
766,0.7,9,0.6,1,2,0.7503267973856209,0.6211180124223602,0.43478260869565216,0.7023809523809523,0.5,0.4
767,0.7,6,0.2,3,2,0.7630890052356021,0.6183574879227053,0.5565217391304348,0.8,0.7,0.56
768,0.5,4,1.0,1,2,0.693717277486911,0.7283950617283951,0.6178010471204188,0.7411764705882353,0.8387096774193549,0.6046511627906976
769,0.5,0,0.8,2,2,0.6924083769633508,0.7261538461538461,0.6178010471204188,0.7647058823529411,0.8484848484848485,0.6511627906976745
770,0.6,8,0.2,2,3,0.7722513089005235,0.7391304347826086,0.6666666666666666,0.6705882352941176,0.59375,0.5588235294117647
771,0.5,0,0.6,1,2,0.6924083769633508,0.7261538461538461,0.6178010471204188,0.7647058823529411,0.8484848484848485,0.6511627906976745
772,0.6,3,0.4,3,2,0.7578534031413613,0.759656652360515,0.5784313725490197,0.6823529411764706,0.64,0.47058823529411764
773,0.6,1,0.4,2,3,0.7591623036649214,0.7479674796747967,0.6013071895424836,0.6941176470588235,0.7222222222222222,0.38235294117647056
774,0.7,8,0.8,1,3,0.7526178010471204,0.6880733944954128,0.32608695652173914,0.7411764705882353,0.6153846153846154,0.32
775,0.5,4,0.2,3,3,0.743455497382199,0.7961783439490446,0.6544502617801047,0.788235294117647,0.8787878787878788,0.6744186046511628
776,0.7,8,1.0,2,3,0.7526178010471204,0.7808219178082192,0.24782608695652175,0.6823529411764706,0.375,0.12
777,0.6,1,0.6,3,2,0.7447643979057592,0.6933797909407665,0.6503267973856209,0.7176470588235294,0.6923076923076923,0.5294117647058824
778,0.5,4,0.2,1,2,0.6976439790575916,0.7035040431266847,0.6832460732984293,0.7529411764705882,0.7894736842105263,0.6976744186046512
779,0.7,6,0.0,2,3,0.7840314136125655,0.7044025157232704,0.48695652173913045,0.7294117647058823,0.6,0.24
780,0.5,7,0.4,2,3,0.7303664921465969,0.7521367521367521,0.6892950391644909,0.6588235294117647,0.6444444444444445,0.6904761904761905
781,0.5,7,0.8,2,3,0.7146596858638743,0.7835051546391752,0.5953002610966057,0.7058823529411765,0.7741935483870968,0.5714285714285714
782,0.5,7,0.4,2,2,0.7264397905759162,0.8,0.6057441253263708,0.6823529411764706,0.7272727272727273,0.5714285714285714
783,0.5,0,0.0,3,3,0.7657068062827225,0.7875354107648725,0.7277486910994765,0.6823529411764706,0.7222222222222222,0.6046511627906976
784,0.5,1,0.8,3,3,0.7290575916230366,0.8404669260700389,0.5654450261780105,0.6,0.6956521739130435,0.37209302325581395
785,0.6,9,1.0,2,2,0.7150326797385621,0.6679389312977099,0.5718954248366013,0.75,0.7241379310344828,0.6176470588235294
786,0.5,9,0.8,3,3,0.7163398692810458,0.7766666666666666,0.608355091383812,0.6904761904761905,0.75,0.5714285714285714
787,0.6,6,0.4,3,2,0.7526178010471204,0.7312252964426877,0.6045751633986928,0.7176470588235294,0.6666666666666666,0.5882352941176471
788,0.5,4,0.0,3,2,0.7342931937172775,0.770392749244713,0.6675392670157068,0.7764705882352941,0.8333333333333334,0.6976744186046512
789,0.5,9,0.2,2,3,0.7503267973856209,0.7711864406779662,0.7127937336814621,0.6190476190476191,0.625,0.5952380952380952
790,0.6,1,0.8,2,3,0.75,0.6910299003322259,0.6797385620915033,0.7058823529411765,0.6666666666666666,0.5294117647058824
791,0.6,9,0.4,1,2,0.7294117647058823,0.6701030927835051,0.6372549019607843,0.6904761904761905,0.6111111111111112,0.6470588235294118
792,0.6,7,0.6,1,3,0.7198952879581152,0.676923076923077,0.5751633986928104,0.7058823529411765,0.6666666666666666,0.5294117647058824
793,0.7,3,0.6,3,2,0.7604712041884817,0.7169811320754716,0.3318777292576419,0.7058823529411765,0.5555555555555556,0.19230769230769232
794,0.5,2,0.2,3,3,0.743455497382199,0.7569060773480663,0.7172774869109948,0.6352941176470588,0.6428571428571429,0.627906976744186
795,0.5,3,0.6,3,3,0.7356020942408377,0.78125,0.6544502617801047,0.6470588235294118,0.6585365853658537,0.627906976744186
796,0.5,9,1.0,3,3,0.7189542483660131,0.7781456953642384,0.6135770234986945,0.6547619047619048,0.6857142857142857,0.5714285714285714
797,0.5,8,0.2,2,3,0.7303664921465969,0.7657657657657657,0.6657963446475196,0.7529411764705882,0.8,0.6666666666666666
798,0.7,3,0.0,2,3,0.7853403141361257,0.6775956284153005,0.5414847161572053,0.7294117647058823,0.5652173913043478,0.5
799,0.6,5,0.4,2,2,0.7513089005235603,0.7735849056603774,0.5359477124183006,0.6588235294117647,0.5925925925925926,0.47058823529411764
800,0.6,9,0.8,2,3,0.742483660130719,0.7104247104247104,0.6013071895424836,0.7142857142857143,0.6388888888888888,0.6764705882352942
801,0.5,8,0.6,3,2,0.7133507853403142,0.7546583850931677,0.6344647519582245,0.6823529411764706,0.7272727272727273,0.5714285714285714
802,0.7,4,0.0,3,3,0.7971204188481675,0.725609756097561,0.519650655021834,0.7411764705882353,0.625,0.38461538461538464
803,0.6,4,0.2,2,3,0.7513089005235603,0.7521739130434782,0.565359477124183,0.7647058823529411,0.7692307692307693,0.5882352941176471
804,0.7,9,0.8,2,3,0.7607843137254902,0.7526881720430108,0.30434782608695654,0.7142857142857143,0.5555555555555556,0.2
805,0.5,9,0.4,2,3,0.734640522875817,0.774390243902439,0.6631853785900783,0.6190476190476191,0.6388888888888888,0.5476190476190477
806,0.7,8,0.0,1,3,0.7657068062827225,0.650887573964497,0.4782608695652174,0.7529411764705882,0.6111111111111112,0.44
807,0.6,7,1.0,3,2,0.7133507853403142,0.6775510204081633,0.5424836601307189,0.7176470588235294,0.7083333333333334,0.5
808,0.5,9,0.0,2,2,0.7294117647058823,0.782051282051282,0.6370757180156658,0.7142857142857143,0.7368421052631579,0.6666666666666666
809,0.6,9,0.4,1,3,0.7359477124183007,0.6897810218978102,0.6176470588235294,0.7142857142857143,0.6470588235294118,0.6470588235294118
810,0.7,3,0.6,2,3,0.7722513089005235,0.7777777777777778,0.33624454148471616,0.6941176470588235,0.5,0.23076923076923078
811,0.6,4,0.0,2,3,0.7617801047120419,0.7230215827338129,0.6568627450980392,0.7647058823529411,0.7916666666666666,0.5588235294117647
812,0.7,8,0.8,1,2,0.7342931937172775,0.6363636363636364,0.27391304347826084,0.6941176470588235,0.46153846153846156,0.24
813,0.6,4,0.6,2,3,0.7382198952879581,0.7366071428571429,0.5392156862745098,0.8,0.84,0.6176470588235294
814,0.7,9,0.6,1,3,0.7490196078431373,0.6461538461538462,0.3652173913043478,0.7142857142857143,0.5333333333333333,0.32
815,0.5,3,1.0,3,2,0.7133507853403142,0.7492354740061162,0.6413612565445026,0.5882352941176471,0.6111111111111112,0.5116279069767442
816,0.6,4,0.8,2,2,0.7094240837696335,0.6567164179104478,0.5751633986928104,0.7529411764705882,0.7241379310344828,0.6176470588235294
817,0.6,2,0.8,3,3,0.7552356020942408,0.7087719298245614,0.6601307189542484,0.6941176470588235,0.625,0.5882352941176471
818,0.5,8,0.8,2,3,0.7041884816753927,0.7460815047021944,0.6214099216710183,0.7058823529411765,0.7741935483870968,0.5714285714285714
819,0.5,4,1.0,2,3,0.6884816753926701,0.7706766917293233,0.5366492146596858,0.6823529411764706,0.8333333333333334,0.46511627906976744
820,0.6,6,0.2,2,2,0.7486910994764397,0.7244094488188977,0.6013071895424836,0.7411764705882353,0.7,0.6176470588235294
821,0.6,9,0.4,3,3,0.7660130718954249,0.7529880478087649,0.6176470588235294,0.7738095238095238,0.8,0.5882352941176471
822,0.5,8,0.4,2,3,0.7185863874345549,0.7896551724137931,0.597911227154047,0.6705882352941176,0.7692307692307693,0.47619047619047616
823,0.5,8,0.8,1,2,0.7002617801047121,0.7376543209876543,0.6240208877284595,0.6941176470588235,0.75,0.5714285714285714
824,0.6,3,0.4,1,2,0.7408376963350786,0.725,0.5686274509803921,0.6470588235294118,0.5714285714285714,0.47058823529411764
825,0.7,3,0.0,3,3,0.7984293193717278,0.694300518134715,0.5851528384279476,0.7294117647058823,0.5652173913043478,0.5
826,0.7,9,0.8,2,2,0.74640522875817,0.7195121951219512,0.2565217391304348,0.7023809523809523,0.5,0.16
827,0.6,4,0.4,2,3,0.7513089005235603,0.7521739130434782,0.565359477124183,0.7647058823529411,0.7692307692307693,0.5882352941176471
828,0.6,3,0.4,2,2,0.743455497382199,0.7291666666666666,0.5718954248366013,0.7294117647058823,0.72,0.5294117647058824
829,0.7,7,1.0,2,3,0.7657068062827225,0.7073170731707317,0.3782608695652174,0.7647058823529411,0.6666666666666666,0.4
830,0.6,7,0.8,2,2,0.7159685863874345,0.6654275092936803,0.5849673202614379,0.7058823529411765,0.6666666666666666,0.5294117647058824
831,0.5,7,0.6,1,2,0.7028795811518325,0.7096774193548387,0.6892950391644909,0.7058823529411765,0.7297297297297297,0.6428571428571429
832,0.6,0,0.0,3,3,0.7866492146596858,0.7391304347826086,0.7222222222222222,0.7529411764705882,0.6756756756756757,0.7352941176470589
833,0.6,7,0.6,2,3,0.7342931937172775,0.7172995780590717,0.5555555555555556,0.7647058823529411,0.7692307692307693,0.5882352941176471
834,0.7,8,0.0,2,2,0.768324607329843,0.6199095022624435,0.5956521739130435,0.7294117647058823,0.5333333333333333,0.64
835,0.6,7,1.0,3,3,0.7172774869109948,0.7445652173913043,0.4477124183006536,0.7176470588235294,0.7083333333333334,0.5
836,0.5,7,0.4,3,3,0.7382198952879581,0.8256227758007118,0.6057441253263708,0.7058823529411765,0.7428571428571429,0.6190476190476191
837,0.7,8,0.4,3,3,0.7853403141361257,0.7894736842105263,0.391304347826087,0.7176470588235294,0.5454545454545454,0.24
838,0.5,7,0.2,3,3,0.7591623036649214,0.7741046831955923,0.7336814621409922,0.6705882352941176,0.6666666666666666,0.6666666666666666
839,0.7,4,0.4,1,2,0.7513089005235603,0.6042780748663101,0.49344978165938863,0.7411764705882353,0.5833333333333334,0.5384615384615384
840,0.6,2,0.6,2,3,0.7526178010471204,0.7174721189591078,0.630718954248366,0.7058823529411765,0.6451612903225806,0.5882352941176471
841,0.7,3,1.0,2,2,0.7447643979057592,0.6976744186046512,0.26200873362445415,0.6823529411764706,0.4444444444444444,0.15384615384615385
842,0.7,5,0.0,1,2,0.7578534031413613,0.6178010471204188,0.5130434782608696,0.6941176470588235,0.47368421052631576,0.36
843,0.7,0,0.2,2,2,0.7591623036649214,0.6666666666666666,0.3930131004366812,0.6823529411764706,0.47058823529411764,0.3076923076923077
844,0.6,1,0.8,3,3,0.7473821989528796,0.7269076305220884,0.5915032679738562,0.6470588235294118,0.5833333333333334,0.4117647058823529
845,0.5,2,0.4,1,3,0.7146596858638743,0.7369942196531792,0.6675392670157068,0.7058823529411765,0.6875,0.7674418604651163
846,0.5,8,0.2,2,2,0.7225130890052356,0.7898305084745763,0.608355091383812,0.6235294117647059,0.6470588235294118,0.5238095238095238
847,0.7,3,0.8,1,2,0.7408376963350786,0.624,0.3406113537117904,0.6705882352941176,0.375,0.11538461538461539
848,0.6,0,0.8,2,2,0.7172774869109948,0.667910447761194,0.5849673202614379,0.7058823529411765,0.6551724137931034,0.5588235294117647
849,0.7,5,0.2,3,3,0.7866492146596858,0.6666666666666666,0.5826086956521739,0.7647058823529411,0.6190476190476191,0.52
850,0.7,1,0.8,1,2,0.7473821989528796,0.6285714285714286,0.38427947598253276,0.7058823529411765,0.5333333333333333,0.3076923076923077
851,0.7,3,0.2,1,3,0.7630890052356021,0.6558441558441559,0.4410480349344978,0.7176470588235294,0.5555555555555556,0.38461538461538464
852,0.5,0,0.8,2,3,0.6963350785340314,0.734375,0.6151832460732984,0.7647058823529411,0.8484848484848485,0.6511627906976745
853,0.6,4,0.2,3,2,0.75,0.7366255144032922,0.5849673202614379,0.7529411764705882,0.7407407407407407,0.5882352941176471
854,0.5,4,0.4,3,3,0.7342931937172775,0.7973421926910299,0.6282722513089005,0.7411764705882353,0.8888888888888888,0.5581395348837209
855,0.7,8,0.4,2,3,0.7814136125654451,0.6684491978609626,0.5434782608695652,0.7529411764705882,0.6,0.48
856,0.6,1,0.2,3,3,0.7735602094240838,0.7435897435897436,0.6633986928104575,0.7058823529411765,0.6956521739130435,0.47058823529411764
857,0.5,1,0.0,3,2,0.7460732984293194,0.7625698324022346,0.7146596858638743,0.6823529411764706,0.7222222222222222,0.6046511627906976
858,0.7,7,0.8,2,3,0.7657068062827225,0.7073170731707317,0.3782608695652174,0.7647058823529411,0.6666666666666666,0.4
859,0.7,7,0.0,1,3,0.7630890052356021,0.6814814814814815,0.4,0.7647058823529411,0.6470588235294118,0.44
860,0.5,4,0.0,2,3,0.7303664921465969,0.7233502538071066,0.7460732984293194,0.7411764705882353,0.7560975609756098,0.7209302325581395
861,0.7,2,0.2,2,2,0.756544502617801,0.6187845303867403,0.4890829694323144,0.7411764705882353,0.625,0.38461538461538464
862,0.5,3,0.6,3,2,0.7146596858638743,0.7484848484848485,0.6465968586387435,0.5882352941176471,0.6111111111111112,0.5116279069767442
863,0.5,3,0.8,2,2,0.7133507853403142,0.7492354740061162,0.6413612565445026,0.5882352941176471,0.6111111111111112,0.5116279069767442
864,0.6,1,0.2,1,3,0.7460732984293194,0.7258064516129032,0.5882352941176471,0.7411764705882353,0.8333333333333334,0.4411764705882353
865,0.6,5,0.2,2,2,0.7617801047120419,0.7403100775193798,0.6241830065359477,0.6470588235294118,0.5666666666666667,0.5
866,0.5,2,1.0,1,2,0.7054973821989529,0.7430340557275542,0.6282722513089005,0.6941176470588235,0.6976744186046512,0.6976744186046512
867,0.6,7,0.4,3,2,0.7513089005235603,0.7396694214876033,0.5849673202614379,0.8117647058823529,0.8214285714285714,0.6764705882352942
868,0.7,4,0.4,1,3,0.7604712041884817,0.6474358974358975,0.4410480349344978,0.7529411764705882,0.6190476190476191,0.5
869,0.5,5,1.0,1,3,0.7107329842931938,0.7213114754098361,0.6892950391644909,0.6705882352941176,0.6842105263157895,0.6190476190476191
870,0.5,5,0.2,3,2,0.7329842931937173,0.7655786350148368,0.6736292428198434,0.6588235294117647,0.6511627906976745,0.6666666666666666
871,0.6,0,0.6,2,3,0.7460732984293194,0.7522522522522522,0.545751633986928,0.7529411764705882,0.696969696969697,0.6764705882352942
872,0.5,1,0.8,1,2,0.7054973821989529,0.7415384615384616,0.6308900523560209,0.6588235294117647,0.71875,0.5348837209302325
873,0.6,7,0.6,1,2,0.7159685863874345,0.6654275092936803,0.5849673202614379,0.7058823529411765,0.6666666666666666,0.5294117647058824
874,0.7,4,0.4,2,2,0.7591623036649214,0.6153846153846154,0.5240174672489083,0.7411764705882353,0.5833333333333334,0.5384615384615384
875,0.6,8,0.2,1,3,0.7473821989528796,0.7306122448979592,0.5849673202614379,0.6941176470588235,0.6333333333333333,0.5588235294117647
876,0.6,5,0.0,2,2,0.7630890052356021,0.6996805111821086,0.7156862745098039,0.6470588235294118,0.5526315789473685,0.6176470588235294
877,0.7,6,1.0,1,3,0.7513089005235603,0.6818181818181818,0.32608695652173914,0.7411764705882353,0.6666666666666666,0.24
878,0.6,9,0.6,2,2,0.7294117647058823,0.6701030927835051,0.6372549019607843,0.6904761904761905,0.6111111111111112,0.6470588235294118
879,0.6,1,1.0,3,3,0.7342931937172775,0.7191489361702128,0.5522875816993464,0.6705882352941176,0.6153846153846154,0.47058823529411764
880,0.5,9,0.0,3,2,0.7437908496732026,0.7791044776119403,0.6814621409921671,0.7023809523809523,0.717948717948718,0.6666666666666666
881,0.7,6,0.4,1,3,0.7657068062827225,0.6624203821656051,0.45217391304347826,0.7176470588235294,0.5454545454545454,0.24
882,0.5,7,0.4,3,2,0.7277486910994765,0.8027681660899654,0.6057441253263708,0.6705882352941176,0.7333333333333333,0.5238095238095238
883,0.7,7,0.2,1,2,0.7539267015706806,0.6129032258064516,0.4956521739130435,0.7294117647058823,0.5416666666666666,0.52
884,0.6,5,0.8,2,3,0.7591623036649214,0.706081081081081,0.6830065359477124,0.6470588235294118,0.5555555555555556,0.5882352941176471
885,0.6,9,0.6,3,2,0.7372549019607844,0.7042801556420234,0.5915032679738562,0.6904761904761905,0.6428571428571429,0.5294117647058824
886,0.6,4,0.6,3,2,0.7303664921465969,0.717391304347826,0.5392156862745098,0.7529411764705882,0.782608695652174,0.5294117647058824
887,0.6,1,0.2,3,2,0.7604712041884817,0.7303370786516854,0.6372549019607843,0.7176470588235294,0.75,0.4411764705882353
888,0.5,8,0.0,3,3,0.7591623036649214,0.819935691318328,0.6657963446475196,0.6235294117647059,0.631578947368421,0.5714285714285714
889,0.5,8,1.0,2,3,0.6989528795811518,0.7398119122257053,0.6161879895561357,0.6941176470588235,0.7666666666666667,0.5476190476190477
890,0.7,6,0.0,3,3,0.7892670157068062,0.7065868263473054,0.5130434782608696,0.7294117647058823,0.5833333333333334,0.28
891,0.7,4,0.6,2,3,0.7670157068062827,0.7575757575757576,0.32751091703056767,0.7058823529411765,0.5555555555555556,0.19230769230769232
892,0.6,1,0.6,1,2,0.7290575916230366,0.6826568265682657,0.6045751633986928,0.6941176470588235,0.6666666666666666,0.47058823529411764
893,0.5,2,0.4,3,2,0.7277486910994765,0.7196969696969697,0.7460732984293194,0.6941176470588235,0.6666666666666666,0.7906976744186046
894,0.6,1,0.4,1,2,0.7290575916230366,0.6826568265682657,0.6045751633986928,0.6941176470588235,0.6666666666666666,0.47058823529411764
895,0.7,5,0.8,2,3,0.7604712041884817,0.7043478260869566,0.3521739130434783,0.7529411764705882,0.625,0.4
896,0.5,1,1.0,3,2,0.7002617801047121,0.71671388101983,0.662303664921466,0.6352941176470588,0.6764705882352942,0.5348837209302325
897,0.7,5,0.8,1,2,0.7356020942408377,0.6147540983606558,0.32608695652173914,0.7176470588235294,0.5454545454545454,0.24
898,0.7,1,0.4,1,3,0.7604712041884817,0.6716417910447762,0.3930131004366812,0.7176470588235294,0.5555555555555556,0.38461538461538464
899,0.5,0,0.4,2,2,0.731675392670157,0.8062283737024222,0.6099476439790575,0.6470588235294118,0.7241379310344828,0.4883720930232558
900,0.6,6,0.2,1,3,0.7421465968586387,0.7224489795918367,0.5784313725490197,0.7411764705882353,0.7,0.6176470588235294
901,0.5,8,0.6,1,3,0.7041884816753927,0.7138964577656676,0.6840731070496083,0.7058823529411765,0.7575757575757576,0.5952380952380952
902,0.5,9,0.8,2,2,0.7058823529411765,0.7438271604938271,0.6292428198433421,0.7023809523809523,0.7073170731707317,0.6904761904761905
903,0.6,2,1.0,3,3,0.7225130890052356,0.6910569105691057,0.5555555555555556,0.6588235294117647,0.5862068965517241,0.5
904,0.5,4,0.6,2,3,0.7015706806282722,0.7436708860759493,0.6151832460732984,0.7529411764705882,0.8055555555555556,0.6744186046511628
905,0.5,4,0.0,2,2,0.7212041884816754,0.7717041800643086,0.6282722513089005,0.7764705882352941,0.8529411764705882,0.6744186046511628
906,0.7,7,0.8,3,2,0.743455497382199,0.6634615384615384,0.3,0.7058823529411765,0.5,0.2
907,0.6,6,0.2,2,3,0.7578534031413613,0.7449392712550608,0.6013071895424836,0.7294117647058823,0.6896551724137931,0.5882352941176471
908,0.5,0,0.8,1,2,0.6924083769633508,0.7261538461538461,0.6178010471204188,0.7647058823529411,0.8484848484848485,0.6511627906976745
909,0.7,0,1.0,1,2,0.7369109947643979,0.6272727272727273,0.30131004366812225,0.8,0.9090909090909091,0.38461538461538464
910,0.5,1,1.0,3,3,0.7185863874345549,0.7950530035335689,0.5890052356020943,0.6,0.6666666666666666,0.4186046511627907
911,0.6,1,1.0,3,2,0.725130890052356,0.683206106870229,0.5849673202614379,0.6588235294117647,0.5925925925925926,0.47058823529411764
912,0.5,3,0.4,1,3,0.7212041884816754,0.7393767705382436,0.6832460732984293,0.5647058823529412,0.5789473684210527,0.5116279069767442
913,0.5,8,0.4,1,2,0.7028795811518325,0.7085561497326203,0.6919060052219321,0.6941176470588235,0.7352941176470589,0.5952380952380952
914,0.7,0,0.8,3,2,0.7447643979057592,0.6976744186046512,0.26200873362445415,0.7529411764705882,0.7272727272727273,0.3076923076923077
915,0.6,1,0.2,2,3,0.7591623036649214,0.7541666666666667,0.5915032679738562,0.7294117647058823,0.7894736842105263,0.4411764705882353
916,0.6,5,0.2,1,3,0.7539267015706806,0.7379032258064516,0.5980392156862745,0.6588235294117647,0.5925925925925926,0.47058823529411764
917,0.5,0,0.6,2,3,0.7054973821989529,0.7415384615384616,0.6308900523560209,0.7764705882352941,0.8333333333333334,0.6976744186046512
918,0.6,6,0.8,3,2,0.7277486910994765,0.7168141592920354,0.5294117647058824,0.6941176470588235,0.6428571428571429,0.5294117647058824
919,0.6,7,0.2,1,3,0.7342931937172775,0.6872727272727273,0.6176470588235294,0.7294117647058823,0.6774193548387096,0.6176470588235294
920,0.5,5,0.4,1,2,0.7068062827225131,0.7131367292225201,0.6945169712793734,0.6705882352941176,0.675,0.6428571428571429
921,0.5,0,0.0,2,3,0.7342931937172775,0.8096885813148789,0.612565445026178,0.6352941176470588,0.7142857142857143,0.46511627906976744
922,0.5,2,1.0,2,2,0.7054973821989529,0.7430340557275542,0.6282722513089005,0.6941176470588235,0.6976744186046512,0.6976744186046512
923,0.5,8,0.0,1,2,0.7041884816753927,0.6900726392251816,0.7441253263707572,0.7294117647058823,0.7317073170731707,0.7142857142857143
924,0.6,0,0.6,3,2,0.7539267015706806,0.7706422018348624,0.5490196078431373,0.7176470588235294,0.6923076923076923,0.5294117647058824
925,0.5,2,0.2,2,3,0.7329842931937173,0.7305699481865285,0.7382198952879581,0.6941176470588235,0.673469387755102,0.7674418604651163
926,0.6,4,0.8,3,2,0.7094240837696335,0.6567164179104478,0.5751633986928104,0.7529411764705882,0.7241379310344828,0.6176470588235294
927,0.5,3,1.0,2,3,0.7172774869109948,0.7577639751552795,0.6387434554973822,0.6,0.6285714285714286,0.5116279069767442
928,0.7,1,0.0,1,3,0.7657068062827225,0.6644736842105263,0.4410480349344978,0.7294117647058823,0.5714285714285714,0.46153846153846156
929,0.5,5,0.2,1,3,0.7120418848167539,0.7321937321937322,0.6710182767624021,0.6705882352941176,0.6944444444444444,0.5952380952380952
930,0.6,1,0.6,2,3,0.7539267015706806,0.7153284671532847,0.6405228758169934,0.7294117647058823,0.72,0.5294117647058824
931,0.5,1,0.0,2,3,0.7486910994764397,0.796875,0.6675392670157068,0.6705882352941176,0.7586206896551724,0.5116279069767442
932,0.7,3,1.0,1,3,0.7421465968586387,0.7666666666666667,0.20087336244541484,0.6823529411764706,0.42857142857142855,0.11538461538461539
933,0.6,5,0.4,2,3,0.7591623036649214,0.7346153846153847,0.6241830065359477,0.611764705882353,0.5172413793103449,0.4411764705882353
934,0.6,3,0.0,2,2,0.756544502617801,0.7127659574468085,0.6568627450980392,0.6823529411764706,0.6129032258064516,0.5588235294117647
935,0.7,3,0.8,2,3,0.7591623036649214,0.8082191780821918,0.2576419213973799,0.6823529411764706,0.4444444444444444,0.15384615384615385
936,0.5,3,1.0,3,3,0.7172774869109948,0.7577639751552795,0.6387434554973822,0.6,0.6285714285714286,0.5116279069767442
937,0.7,3,0.4,2,2,0.75,0.6826923076923077,0.31004366812227074,0.7176470588235294,0.5833333333333334,0.2692307692307692
938,0.5,6,0.8,2,2,0.693717277486911,0.7306501547987616,0.6161879895561357,0.7411764705882353,0.7380952380952381,0.7380952380952381
939,0.6,0,1.0,1,2,0.7172774869109948,0.6829268292682927,0.5490196078431373,0.7058823529411765,0.6666666666666666,0.5294117647058824
940,0.5,5,0.2,1,2,0.7068062827225131,0.7131367292225201,0.6945169712793734,0.6705882352941176,0.675,0.6428571428571429
941,0.6,6,0.2,1,2,0.7303664921465969,0.676056338028169,0.6274509803921569,0.7294117647058823,0.6666666666666666,0.6470588235294118
942,0.5,0,0.6,3,3,0.7238219895287958,0.7731629392971247,0.6335078534031413,0.6823529411764706,0.7352941176470589,0.5813953488372093
943,0.7,7,0.4,3,3,0.7814136125654451,0.7404580152671756,0.4217391304347826,0.7529411764705882,0.6428571428571429,0.36
944,0.5,0,0.2,2,3,0.7329842931937173,0.8090277777777778,0.6099476439790575,0.6705882352941176,0.8,0.46511627906976744
945,0.7,1,1.0,3,2,0.7486910994764397,0.7126436781609196,0.27074235807860264,0.7058823529411765,0.5454545454545454,0.23076923076923078
946,0.6,2,1.0,2,3,0.7225130890052356,0.6910569105691057,0.5555555555555556,0.6588235294117647,0.5862068965517241,0.5
947,0.5,3,0.8,1,2,0.7133507853403142,0.7492354740061162,0.6413612565445026,0.5882352941176471,0.6111111111111112,0.5116279069767442
948,0.6,2,0.4,2,3,0.75,0.7601809954751131,0.5490196078431373,0.7176470588235294,0.6923076923076923,0.5294117647058824
949,0.6,6,0.0,3,2,0.7578534031413613,0.7079037800687286,0.673202614379085,0.7411764705882353,0.6875,0.6470588235294118
950,0.5,8,0.2,3,2,0.7395287958115183,0.7929936305732485,0.6501305483028721,0.6470588235294118,0.6666666666666666,0.5714285714285714
951,0.7,8,1.0,1,2,0.7342931937172775,0.6363636363636364,0.27391304347826084,0.6941176470588235,0.46153846153846156,0.24
952,0.5,4,0.8,1,2,0.6963350785340314,0.7329192546583851,0.6178010471204188,0.7529411764705882,0.8055555555555556,0.6744186046511628
953,0.7,0,1.0,2,2,0.7369109947643979,0.7058823529411765,0.2096069868995633,0.7176470588235294,0.625,0.19230769230769232
954,0.5,1,0.2,1,2,0.7107329842931938,0.724233983286908,0.680628272251309,0.6705882352941176,0.7027027027027027,0.6046511627906976
955,0.7,4,0.0,2,2,0.7657068062827225,0.6146788990825688,0.5851528384279476,0.7411764705882353,0.5769230769230769,0.5769230769230769
956,0.7,7,1.0,2,2,0.7290575916230366,0.6419753086419753,0.22608695652173913,0.7294117647058823,0.625,0.2
957,0.7,9,0.2,2,3,0.7764705882352941,0.6594594594594595,0.5304347826086957,0.7380952380952381,0.5882352941176471,0.4
958,0.5,1,0.0,1,3,0.7159685863874345,0.7323943661971831,0.680628272251309,0.6705882352941176,0.7027027027027027,0.6046511627906976
959,0.7,4,0.0,2,3,0.7801047120418848,0.6967741935483871,0.47161572052401746,0.7411764705882353,0.6666666666666666,0.3076923076923077
960,0.5,3,0.8,2,3,0.7172774869109948,0.7577639751552795,0.6387434554973822,0.6,0.6285714285714286,0.5116279069767442
961,0.7,3,0.6,2,2,0.743455497382199,0.7088607594936709,0.2445414847161572,0.7058823529411765,0.5555555555555556,0.19230769230769232
962,0.7,4,0.8,3,3,0.7787958115183246,0.8191489361702128,0.33624454148471616,0.6941176470588235,0.5,0.11538461538461539
963,0.6,2,1.0,1,2,0.7238219895287958,0.6848249027237354,0.5751633986928104,0.6705882352941176,0.6,0.5294117647058824
964,0.6,2,0.2,2,2,0.75,0.7290836653386454,0.5980392156862745,0.7294117647058823,0.6774193548387096,0.6176470588235294
965,0.5,2,0.4,2,3,0.7277486910994765,0.7277486910994765,0.7277486910994765,0.6705882352941176,0.6470588235294118,0.7674418604651163
966,0.6,9,0.2,2,3,0.7620915032679738,0.7384615384615385,0.6274509803921569,0.7380952380952381,0.7142857142857143,0.5882352941176471
967,0.7,0,1.0,3,3,0.7513089005235603,0.7746478873239436,0.24017467248908297,0.7294117647058823,0.6363636363636364,0.2692307692307692
968,0.7,6,0.0,2,2,0.7604712041884817,0.6113744075829384,0.5608695652173913,0.7294117647058823,0.5625,0.36
969,0.6,6,0.6,2,2,0.7408376963350786,0.7231404958677686,0.5718954248366013,0.7058823529411765,0.6451612903225806,0.5882352941176471
970,0.7,6,0.8,3,3,0.768324607329843,0.7154471544715447,0.3826086956521739,0.7411764705882353,0.6666666666666666,0.24
971,0.5,6,1.0,2,3,0.7068062827225131,0.7492163009404389,0.6240208877284595,0.6941176470588235,0.7,0.6666666666666666
972,0.7,3,0.4,1,3,0.7630890052356021,0.6558441558441559,0.4410480349344978,0.7176470588235294,0.5555555555555556,0.38461538461538464
973,0.5,1,1.0,2,3,0.7002617801047121,0.71671388101983,0.662303664921466,0.6352941176470588,0.6764705882352942,0.5348837209302325
974,0.6,2,0.0,1,2,0.7329842931937173,0.6770833333333334,0.6372549019607843,0.7411764705882353,0.6666666666666666,0.7058823529411765
975,0.5,4,0.8,3,3,0.7238219895287958,0.8064516129032258,0.5890052356020943,0.7176470588235294,0.88,0.5116279069767442
976,0.6,3,0.8,3,3,0.7342931937172775,0.6973180076628352,0.5947712418300654,0.6705882352941176,0.6153846153846154,0.47058823529411764
977,0.7,6,0.0,3,2,0.7657068062827225,0.6133333333333333,0.6,0.7176470588235294,0.5294117647058824,0.36
978,0.5,4,0.0,1,3,0.7028795811518325,0.6858513189448441,0.7486910994764397,0.788235294117647,0.7906976744186046,0.7906976744186046
979,0.5,5,0.8,1,2,0.7015706806282722,0.739938080495356,0.6240208877284595,0.7058823529411765,0.7297297297297297,0.6428571428571429
980,0.6,2,1.0,3,2,0.7238219895287958,0.6848249027237354,0.5751633986928104,0.6705882352941176,0.6,0.5294117647058824
981,0.5,8,0.4,3,2,0.7198952879581152,0.7172236503856041,0.7284595300261096,0.6823529411764706,0.7027027027027027,0.6190476190476191
982,0.6,0,0.0,2,2,0.7513089005235603,0.7301587301587301,0.6013071895424836,0.7411764705882353,0.6764705882352942,0.6764705882352942
983,0.7,7,0.4,1,2,0.7539267015706806,0.6129032258064516,0.4956521739130435,0.7294117647058823,0.5416666666666666,0.52
984,0.7,1,0.2,3,3,0.7945026178010471,0.6978021978021978,0.5545851528384279,0.6941176470588235,0.5,0.46153846153846156
985,0.7,9,0.2,1,2,0.7529411764705882,0.6108108108108108,0.49130434782608695,0.7142857142857143,0.5238095238095238,0.44
986,0.5,5,0.2,3,3,0.7539267015706806,0.7963525835866262,0.6840731070496083,0.6823529411764706,0.6923076923076923,0.6428571428571429
987,0.5,7,1.0,2,2,0.7028795811518325,0.7096774193548387,0.6892950391644909,0.7058823529411765,0.7297297297297297,0.6428571428571429
988,0.5,2,0.8,1,2,0.7054973821989529,0.7430340557275542,0.6282722513089005,0.6941176470588235,0.6976744186046512,0.6976744186046512
989,0.7,4,0.2,2,3,0.7801047120418848,0.6648648648648648,0.537117903930131,0.7647058823529411,0.6363636363636364,0.5384615384615384
990,0.5,7,0.0,2,2,0.7303664921465969,0.780952380952381,0.6422976501305483,0.6941176470588235,0.7666666666666667,0.5476190476190477
991,0.7,0,0.0,3,3,0.7892670157068062,0.7048192771084337,0.5109170305676856,0.7529411764705882,0.631578947368421,0.46153846153846156
992,0.6,8,0.4,1,2,0.7329842931937173,0.7007874015748031,0.5816993464052288,0.6705882352941176,0.6,0.5294117647058824
993,0.7,7,0.0,3,2,0.7774869109947644,0.6327433628318584,0.6217391304347826,0.7058823529411765,0.5,0.6
994,0.5,4,0.8,3,2,0.6963350785340314,0.7329192546583851,0.6178010471204188,0.7529411764705882,0.8055555555555556,0.6744186046511628
995,0.5,8,0.0,3,2,0.7369109947643979,0.7935483870967742,0.6422976501305483,0.6352941176470588,0.6486486486486487,0.5714285714285714
996,0.6,2,0.0,2,3,0.7617801047120419,0.7214285714285714,0.6601307189542484,0.7529411764705882,0.7241379310344828,0.6176470588235294
997,0.6,8,0.2,3,3,0.7735602094240838,0.7670682730923695,0.6241830065359477,0.6705882352941176,0.6153846153846154,0.47058823529411764
998,0.7,0,0.0,1,3,0.7630890052356021,0.6739130434782609,0.40611353711790393,0.7529411764705882,0.6923076923076923,0.34615384615384615
999,0.7,2,0.4,2,3,0.7617801047120419,0.6850393700787402,0.3799126637554585,0.8,0.8461538461538461,0.4230769230769231
1000,0.6,7,0.8,2,3,0.731675392670157,0.7095435684647303,0.5588235294117647,0.7058823529411765,0.68,0.5
1001,0.7,9,0.0,3,2,0.7764705882352941,0.6322869955156951,0.6130434782608696,0.6785714285714286,0.4583333333333333,0.44
1002,0.7,0,0.2,2,3,0.774869109947644,0.6628571428571428,0.5065502183406113,0.7294117647058823,0.5714285714285714,0.46153846153846156
1003,0.7,9,0.2,1,3,0.7607843137254902,0.6516129032258065,0.4391304347826087,0.7142857142857143,0.5333333333333333,0.32
1004,0.5,7,0.8,1,3,0.7041884816753927,0.7150684931506849,0.6814621409921671,0.7176470588235294,0.75,0.6428571428571429
1005,0.7,5,0.6,3,2,0.7657068062827225,0.7217391304347827,0.36086956521739133,0.6588235294117647,0.3888888888888889,0.28
1006,0.5,3,0.6,2,2,0.7133507853403142,0.7492354740061162,0.6413612565445026,0.5882352941176471,0.6111111111111112,0.5116279069767442
1007,0.5,2,0.4,1,2,0.7081151832460733,0.7154471544715447,0.6910994764397905,0.7058823529411765,0.6875,0.7674418604651163
1008,0.7,7,1.0,3,3,0.75,0.76,0.24782608695652175,0.7294117647058823,0.625,0.2
1009,0.6,9,0.2,3,2,0.7594771241830065,0.7293233082706767,0.6339869281045751,0.75,0.7241379310344828,0.6176470588235294
1010,0.6,5,0.2,1,2,0.7447643979057592,0.7302904564315352,0.5751633986928104,0.6352941176470588,0.5555555555555556,0.4411764705882353
1011,0.7,0,0.6,1,2,0.7395287958115183,0.6041666666666666,0.3799126637554585,0.7764705882352941,0.7333333333333333,0.4230769230769231
1012,0.6,4,0.8,2,3,0.7342931937172775,0.7668393782383419,0.48366013071895425,0.6588235294117647,0.6470588235294118,0.3235294117647059
1013,0.5,8,1.0,1,2,0.6976439790575916,0.7345679012345679,0.6214099216710183,0.6941176470588235,0.7666666666666667,0.5476190476190477
1014,0.7,8,0.0,3,3,0.7905759162303665,0.7397260273972602,0.46956521739130436,0.7176470588235294,0.5294117647058824,0.36
1015,0.7,8,0.6,2,3,0.768324607329843,0.6962962962962963,0.40869565217391307,0.7294117647058823,0.5714285714285714,0.32
1016,0.5,5,1.0,2,3,0.7107329842931938,0.7213114754098361,0.6892950391644909,0.6705882352941176,0.6842105263157895,0.6190476190476191
1017,0.6,6,0.8,3,3,0.7329842931937173,0.7524752475247525,0.49673202614379086,0.6823529411764706,0.6296296296296297,0.5
1018,0.7,3,0.4,3,2,0.756544502617801,0.680672268907563,0.3537117903930131,0.6941176470588235,0.5,0.23076923076923078
1019,0.5,3,0.4,2,2,0.7185863874345549,0.7325905292479109,0.6884816753926701,0.5647058823529412,0.575,0.5348837209302325
1020,0.7,4,0.6,3,3,0.7840314136125655,0.8478260869565217,0.3406113537117904,0.7176470588235294,0.625,0.19230769230769232
1021,0.5,9,0.6,3,3,0.7254901960784313,0.7536656891495601,0.6710182767624021,0.6428571428571429,0.65,0.6190476190476191
1022,0.5,7,0.8,1,2,0.7028795811518325,0.7096774193548387,0.6892950391644909,0.7058823529411765,0.7297297297297297,0.6428571428571429
1023,0.6,8,0.4,2,2,0.7552356020942408,0.7351778656126482,0.6078431372549019,0.6705882352941176,0.6153846153846154,0.47058823529411764
1024,0.7,7,1.0,1,3,0.75,0.6788990825688074,0.3217391304347826,0.7647058823529411,0.6666666666666666,0.4
1025,0.7,9,1.0,3,3,0.7581699346405228,0.7710843373493976,0.2782608695652174,0.6904761904761905,0.42857142857142855,0.12
1026,0.6,4,0.2,2,2,0.743455497382199,0.7391304347826086,0.5555555555555556,0.7529411764705882,0.76,0.5588235294117647
1027,0.7,1,0.2,2,2,0.7670157068062827,0.6186046511627907,0.5807860262008734,0.7176470588235294,0.5384615384615384,0.5384615384615384
1028,0.6,7,0.0,2,3,0.7657068062827225,0.7228070175438597,0.673202614379085,0.7294117647058823,0.6571428571428571,0.6764705882352942
1029,0.5,1,0.8,1,3,0.7094240837696335,0.75,0.6282722513089005,0.6705882352941176,0.7419354838709677,0.5348837209302325
1030,0.5,4,0.6,1,2,0.6963350785340314,0.7329192546583851,0.6178010471204188,0.7529411764705882,0.8055555555555556,0.6744186046511628
1031,0.7,7,0.4,2,3,0.7827225130890052,0.6758241758241759,0.5347826086956522,0.7411764705882353,0.56,0.56
1032,0.7,1,0.2,3,2,0.774869109947644,0.6350710900473934,0.5851528384279476,0.7058823529411765,0.52,0.5
1033,0.7,9,0.0,3,3,0.7986928104575164,0.7,0.5782608695652174,0.7023809523809523,0.5,0.4
1034,0.7,3,0.4,1,2,0.7473821989528796,0.6058823529411764,0.4497816593886463,0.7294117647058823,0.5882352941176471,0.38461538461538464
1035,0.6,3,0.6,3,2,0.7486910994764397,0.7638888888888888,0.5392156862745098,0.7176470588235294,0.7272727272727273,0.47058823529411764
1036,0.6,7,0.4,3,3,0.7657068062827225,0.7451737451737451,0.630718954248366,0.7411764705882353,0.7,0.6176470588235294
1037,0.6,9,0.0,3,3,0.7777777777777778,0.7518518518518519,0.6633986928104575,0.7380952380952381,0.7,0.6176470588235294
1038,0.5,8,0.6,2,2,0.7081151832460733,0.7352941176470589,0.6527415143603134,0.6941176470588235,0.75,0.5714285714285714
1039,0.7,5,0.4,2,2,0.7604712041884817,0.6690647482014388,0.4043478260869565,0.6941176470588235,0.46153846153846156,0.24
1040,0.6,9,0.8,1,3,0.7281045751633987,0.6801470588235294,0.6045751633986928,0.7142857142857143,0.6470588235294118,0.6470588235294118
1041,0.5,6,1.0,3,3,0.7015706806282722,0.803921568627451,0.5352480417754569,0.7411764705882353,0.9166666666666666,0.5238095238095238
1042,0.5,6,0.2,2,3,0.7290575916230366,0.7894736842105263,0.6266318537859008,0.7294117647058823,0.7435897435897436,0.6904761904761905
1043,0.6,4,0.8,1,2,0.7094240837696335,0.6567164179104478,0.5751633986928104,0.7529411764705882,0.7241379310344828,0.6176470588235294
1044,0.7,3,0.6,1,3,0.7552356020942408,0.6909090909090909,0.3318777292576419,0.6705882352941176,0.4,0.15384615384615385
1045,0.6,1,1.0,1,2,0.725130890052356,0.683206106870229,0.5849673202614379,0.6588235294117647,0.5925925925925926,0.47058823529411764
1046,0.5,7,0.0,3,2,0.7395287958115183,0.7738095238095238,0.6788511749347258,0.7058823529411765,0.7741935483870968,0.5714285714285714
1047,0.5,6,1.0,3,2,0.7054973821989529,0.7438271604938271,0.6292428198433421,0.6941176470588235,0.7,0.6666666666666666
1048,0.6,0,1.0,2,3,0.7356020942408377,0.7385321100917431,0.5261437908496732,0.7294117647058823,0.72,0.5294117647058824
1049,0.5,6,0.4,1,3,0.7068062827225131,0.7214484679665738,0.6762402088772846,0.7176470588235294,0.6956521739130435,0.7619047619047619
1050,0.6,2,0.8,3,2,0.7395287958115183,0.7488372093023256,0.5261437908496732,0.6941176470588235,0.6666666666666666,0.47058823529411764
1051,0.6,9,0.8,3,3,0.7516339869281046,0.7761904761904762,0.5326797385620915,0.7142857142857143,0.7272727272727273,0.47058823529411764
1052,0.5,6,0.6,3,2,0.7146596858638743,0.7704918032786885,0.6135770234986945,0.6941176470588235,0.7105263157894737,0.6428571428571429
1053,0.7,8,0.8,2,2,0.7486910994764397,0.6557377049180327,0.34782608695652173,0.6823529411764706,0.4375,0.28
1054,0.5,9,0.0,1,3,0.7202614379084967,0.7435158501440923,0.6736292428198434,0.6547619047619048,0.6444444444444445,0.6904761904761905
1055,0.5,3,0.4,3,3,0.7369109947643979,0.7909967845659164,0.643979057591623,0.6941176470588235,0.717948717948718,0.6511627906976745
1056,0.6,8,0.6,1,3,0.7238219895287958,0.6833976833976834,0.5784313725490197,0.6823529411764706,0.6060606060606061,0.5882352941176471
1057,0.5,2,0.2,2,2,0.7198952879581152,0.7153846153846154,0.7303664921465969,0.6941176470588235,0.6666666666666666,0.7906976744186046
1058,0.5,5,0.0,1,3,0.7172774869109948,0.7168831168831169,0.720626631853786,0.6470588235294118,0.6428571428571429,0.6428571428571429
1059,0.6,2,0.0,3,2,0.7643979057591623,0.7316176470588235,0.6503267973856209,0.7294117647058823,0.6774193548387096,0.6176470588235294
1060,0.7,5,0.0,3,2,0.7774869109947644,0.6376146788990825,0.6043478260869565,0.6705882352941176,0.43478260869565216,0.4
1061,0.7,9,1.0,3,2,0.7398692810457517,0.7012987012987013,0.23478260869565218,0.6904761904761905,0.42857142857142855,0.12
1062,0.6,0,0.6,2,2,0.7172774869109948,0.667910447761194,0.5849673202614379,0.7058823529411765,0.6551724137931034,0.5588235294117647
1063,0.6,0,0.2,2,3,0.7670157068062827,0.7335766423357665,0.6568627450980392,0.7294117647058823,0.6666666666666666,0.6470588235294118
1064,0.6,0,1.0,1,3,0.7185863874345549,0.6857142857142857,0.5490196078431373,0.6941176470588235,0.6538461538461539,0.5
1065,0.7,6,1.0,2,3,0.7486910994764397,0.7159090909090909,0.27391304347826084,0.7647058823529411,0.8571428571428571,0.24
1066,0.7,4,1.0,3,3,0.7604712041884817,0.8026315789473685,0.2663755458515284,0.7058823529411765,0.6,0.11538461538461539
1067,0.7,0,0.6,3,2,0.75,0.6792452830188679,0.314410480349345,0.7294117647058823,0.6363636363636364,0.2692307692307692
1068,0.7,5,0.8,3,2,0.7526178010471204,0.7303370786516854,0.2826086956521739,0.6705882352941176,0.4,0.24
1069,0.6,9,1.0,3,3,0.7150326797385621,0.7156862745098039,0.477124183006536,0.7261904761904762,0.7391304347826086,0.5
1070,0.6,5,0.2,3,2,0.7643979057591623,0.7692307692307693,0.5882352941176471,0.6588235294117647,0.5925925925925926,0.47058823529411764
1071,0.7,6,0.0,1,3,0.768324607329843,0.6906474820143885,0.41739130434782606,0.6941176470588235,0.42857142857142855,0.12
1072,0.5,4,0.0,3,3,0.7552356020942408,0.7809798270893372,0.7094240837696335,0.788235294117647,0.8205128205128205,0.7441860465116279
1073,0.5,3,0.2,1,2,0.7185863874345549,0.7325905292479109,0.6884816753926701,0.5647058823529412,0.575,0.5348837209302325
1074,0.6,3,0.0,1,3,0.7513089005235603,0.7338709677419355,0.5947712418300654,0.6705882352941176,0.6153846153846154,0.47058823529411764
1075,0.5,2,0.6,2,2,0.7054973821989529,0.7430340557275542,0.6282722513089005,0.6941176470588235,0.6976744186046512,0.6976744186046512
1076,0.6,1,0.2,1,2,0.7395287958115183,0.7065637065637066,0.5980392156862745,0.7294117647058823,0.7894736842105263,0.4411764705882353
1077,0.6,3,0.0,3,2,0.7657068062827225,0.7197231833910035,0.6797385620915033,0.6941176470588235,0.6176470588235294,0.6176470588235294
1078,0.7,4,0.8,3,2,0.7447643979057592,0.6888888888888889,0.27074235807860264,0.7411764705882353,0.7,0.2692307692307692
1079,0.6,7,0.2,3,3,0.7657068062827225,0.7432950191570882,0.6339869281045751,0.7411764705882353,0.7,0.6176470588235294
