AR,FOS,FOSL1,FOXO1,GATA2,IRF1,MYC,NFATC1,NFKB1,RELA,SOX2,SPI1,STAT1,STAT2,STAT3,STAT4,STAT6,TBX21
0.16861283782872,-1.4729575069761,0.562729969078361,-0.213058262577373,0.112850774169262,-4.17745459031091,5.89279989839397,-1.19833646919671,-3.16234583503754,-2.72158251888259,0.547749032625365,-2.65169404792346,-1.00561200475887,-2.34976382512838,-1.86539172281026,-0.884604900080114,-2.02884792230296,-1.55014022480786
4.85513428801909,0.117220165627662,-0.270002666100026,0.0677427229812068,-0.379916668522637,-1.18525741313606,13.4153803089105,0.0125879445278008,-1.76635049522917,-2.07749677828543,-1.27358033401796,-1.78675725368717,1.40820689502494,-2.32072828753227,-0.427077394739579,-0.298422335503056,-2.90236209089911,-0.762694896084801
4.42941787475606,2.06904535632422,-0.316502660693593,-0.160455121142147,-0.184774301774412,-1.4130264382986,8.68155754576833,1.03003229481008,-1.5495815492266,-0.579017623954354,0.780413813160733,0.165955053780645,1.08209600642582,-0.920632829749743,3.34796692375657,-0.935379878143056,-1.6494450314678,-0.89100819987999
5.06279255171735,1.35688117370433,1.50956724457024,0.0856980764325074,-1.34237855060485,-2.25849237773892,9.44860220861984,-0.441136333017976,-0.710537701352845,0.180532705950615,0.36220488311001,-0.987047686698874,0.674470990170852,0.881913590913225,2.08902747207017,-1.94854162030162,-2.36630600776668,-1.68394151155898
-0.514527498343605,0.942561118609048,-0.864766268406166,0.0829149846082849,-1.41147823961094,11.2696800101331,5.22989551816752,3.13785301861862,7.86287697181704,8.01525922056958,-1.73560056267302,8.71402967089086,8.61259303405166,5.15095111482907,0.0309698095530713,1.08938563750278,1.23623113834853,7.00834095078282
4.52625731366018,2.65528355401269,-1.15918432822359,1.62977975419803,1.58914151041245,0.841831777171125,8.68313371408189,0.284050552109652,1.03915915351252,0.369126573605009,2.58411914732514,-0.817528440152135,2.68580427430816,1.26063081005327,0.121544202767641,-0.750862859353304,-0.8882139649037,-0.555505530505469
-0.870570181349786,1.19677393550251,-3.32368486866618,1.30464150000461,6.74706052737375,-0.917727612672255,2.3886033388451,-0.358236011921772,-1.6442836977211,-0.735338259320673,-1.70314327309154,4.80818256208439,0.104557858360446,-1.61872181886501,-1.03128639073203,0.192924254599529,-0.191076696554296,0.0412285638936073
0.92161999894792,0.765914536351836,3.14261810056071,-0.454546174692455,-1.93339210496298,-3.71762535549124,5.10020588220347,-0.797623336077038,-1.80344818297422,0.258270017140929,-0.991837789754158,-3.27091833749272,-0.58652774783584,-1.89990534214178,0.122653433321491,-1.71154694665668,-1.63904248051819,-1.67535512086536
2.17149266115654,1.24178070237819,3.21207991578387,-1.84124992893049,-1.41125220900657,-2.3365710187979,8.11721500996329,-2.16223068457843,-2.72560898281382,-2.27487897965982,-1.26971982781834,-1.54881707993535,-0.291400254592609,-1.66181833002655,0.0172802223851279,-0.944010652815383,0.031817151094652,-1.46585613143142
0.176894579254972,-3.13940466970919,-0.814428075423048,-1.13535009184706,-0.67138233093009,-3.53479310218193,6.25605541956999,-2.20732462332412,-3.4326237441001,-2.83093740310924,-2.04434499710158,-3.85652256912989,-1.94904460104113,-2.46595339312531,-2.32791923457184,-0.424592126010505,-2.44042851456085,-1.63978830425236
0.631890131960876,-3.15098058038643,-0.130717681336405,-1.36142627768092,0.0606999122193727,-4.10519261613229,10.5157241733025,-2.56763448983374,-4.33565980607438,-3.58623109843832,-1.53698776731517,-2.25601483342382,-2.14977215796733,-2.60857006110535,-1.76145757386629,0.22324064856731,-3.22466672505706,-1.07046432778223
4.32641696955686,1.62161674572695,-1.12891145002817,0.462511577534972,0.0807262133078513,-0.536354890629085,7.74521697732853,-0.768535635090604,2.77323932578588,1.91845469480838,-1.1476470842731,-0.294061602237476,1.96630524129978,-0.596683069707139,3.2941890539698,-0.696753669582023,0.480859119869783,-0.88842508332081
1.88617467833089,0.560493634943222,0.644496546371903,-0.575453543114831,0.0757895666048495,-1.13000468246652,4.20776942192365,-0.911721603230131,-0.698024926474333,-0.234903594152175,-1.39274383865842,-1.903161943187,1.33084490363459,-0.767516160533759,0.383235691065269,-1.62892312458536,0.140289065531793,-1.38549556713548
1.35092431308369,-0.316666872060561,-0.399358571612611,-0.226905488064644,0.242067046869847,3.02659167724727,0.0901859551557523,0.49385739542884,0.541266755037878,1.36822689344147,-0.320915677867672,-0.702727210380946,2.22928795517112,2.81486658881384,1.44220897220587,-0.942983885152534,-0.67574423841082,-0.547181790843588
1.53834789727743,5.92867708895619,0.230143723909151,1.10090628581307,-0.52201682040778,7.95979745779033,3.1826847411405,-0.556961690541528,10.0450620975057,10.558882219366,-0.330333484903318,2.23194583804155,10.293059291462,6.76986708142531,5.73092799873212,-1.55161593328515,3.51318387439768,-1.01523445301218
0.968985086759063,1.49655942981555,0.710053737210869,-0.180794285983297,-0.0553172263091335,-1.08977196183285,0.945817899980252,-0.242003040943458,-1.83933401219516,-0.266307066873933,-0.161443791426774,-0.36353530599679,1.34441186160676,0.395613096519634,0.26643774016404,-1.29295642338776,-0.897147070887024,-0.449436312614869
1.70487709796407,-0.743210361348938,-0.865747924776106,0.894835166126954,-0.627162465850734,-1.54078512266708,4.75224640007973,-0.614789273718379,2.28233885851997,1.3402853738046,1.77066614400628,-0.713470253501842,0.0939646231263622,1.72486314326927,-0.779355977480075,-0.468843118340354,0.182574613656323,-0.898923459607796
8.95553504474466,1.77976543179032,1.70654372243492,0.619293286149159,-0.985537903237151,0.935738210797904,8.55325848743388,0.905967640178098,2.83329452163794,2.53008136400309,1.14987734025152,-1.04301833293049,3.84823170502593,0.897905204468887,0.49655771556409,-1.61302056831466,-1.38757695896923,0.390180040925376
6.48320334236484,3.66038671072024,0.431127165247936,0.845922804786157,-0.109851163215385,4.80357593484749,7.66150553958598,0.712545887992053,4.56558700616666,6.04936585910447,0.214291441999123,0.426325925053854,8.08381206939902,3.73921635293468,2.92252927294909,-0.258249322072196,0.584619051989703,-0.642444047568599
1.55722132788109,0.842670053937386,1.24400789553558,-0.155459490624361,0.326361459802231,0.963104817809889,5.51546603472995,-2.27365048048018,0.498365418353111,-0.532340036796087,4.11431421716439,-0.546833830935057,2.14341703493894,0.182870586381166,0.749223541352332,1.82064656404297,0.891200673218325,-0.608688095329505
1.65117569559103,0.170575065543537,0.440149546610097,1.33824911186596,-0.815606014084751,-0.955213084913498,-0.766437045614809,0.06965499804733,0.67457653966377,0.797805873164914,-0.300879830431648,0.418723407460852,1.56972443877133,0.86100870416506,-0.029237154642169,-1.58283108556286,0.484751585898951,-1.3404577711728
8.11882083633249,9.26930916923747,3.84501703819699,1.59143691559301,-1.20001988344882,-2.9402631419982,6.52685714097588,4.19302035614111,-1.63893011478761,2.72441457377537,1.80446220705695,0.576067790454189,3.56361785743257,1.95564589074797,3.23784350120476,-1.46248809390858,2.56132266404004,-1.28570067428312
0.49812995528498,-0.878649726642249,0.0716372881633963,0.668764177225553,-1.18052624667337,1.58707707252875,5.77092775049654,-1.7359631544616,-0.427820242023631,-1.39544332259111,-0.414653924040715,-1.82628103051438,3.30799427023379,0.183862370186557,0.47912571380488,-1.79537037063631,-2.07789656973204,-1.33119478115597
3.29990459115717,1.61259660363514,-1.21677430293781,2.25517002990196,-0.550572527432466,3.70683688767849,-0.306333055450825,0.516140428351304,3.32879969918738,3.53671292838399,1.14532850167731,0.883057117760029,7.2330437149861,8.08225566806555,4.06083135909192,-0.91969304468503,0.653441995175875,-0.384198986163115
2.51293862878906,3.78197239123011,-0.269663351444822,0.0201644267531879,-0.928021362976269,0.70607522482507,6.33959459678731,0.52042836185225,2.18636113487669,2.87697097491758,-0.752947740284559,0.0263544391309267,2.67489305378907,3.73680574695397,1.56557225030707,-1.90739281997879,-1.12180506245141,-1.54075148742446
4.60613596616666,5.97980933957949,0.773682179324588,0.801320170172849,-0.172113262071893,3.7959744988638,3.07278229156516,4.47478503315034,7.27474683575911,9.32799746793598,-1.07138152606032,5.79463437353112,3.26670391389879,0.365698048794869,5.09155886670147,-0.396366737678554,1.19681159955155,0.726552497551887
1.62655071926978,-0.556356883411258,-1.9316168085314,-0.428413599262346,-0.694629255827302,-0.757240628793855,1.01793492895954,0.473848407368814,-2.00829664632714,-1.40925238158682,-1.53831686017502,-1.49585678904685,1.71536906756728,-1.40530071799225,-2.34106224906795,-0.532101304624647,-1.58609878076485,-0.904738730555705
3.32159752594678,0.0284921814988858,0.559925589142964,-0.608969010647603,-2.01912907272297,-1.17558639080082,6.38266755202919,-1.41840921176082,-2.05505811713046,-1.08460173786876,-1.03972492473755,-2.21548963897431,0.882466926687892,0.0524352604887561,-1.00997788992831,-2.11466350533983,-1.94023931324259,-0.927209486969531
2.93956400895753,-0.853275324633993,-1.60872298159875,-0.483503003817959,-0.924685537107427,1.70078598505696,5.84708323665363,0.34308280994632,1.46692995050926,-0.889080617941215,0.922074887920392,-0.88265294503797,1.53472284711064,1.32814683889714,0.0294137880859747,2.97837134993043,1.59555008842204,-1.22650272969411
0.371894465374031,-0.567484042399819,-0.412492886283026,2.0103738111354,-0.985512865338973,2.10370762672878,6.32167274628239,-1.53969291152884,0.509583894605601,-0.0629290774869097,-2.05382931239794,1.10620978197051,2.14491672486057,0.455246950067269,0.806781764611587,2.63264201497433,-0.381662072208075,0.148018949637084
3.15182432604258,0.830625152462893,-1.22034249601664,-0.513626230147947,-0.924622696366907,-1.04793120574498,5.69683359179848,-0.310352029451199,0.0092337191633227,1.44986571003505,-0.553045320561578,-1.94927299667969,2.99291815137057,-0.624193518585232,1.52254853828349,-1.73941578698211,-1.27264537408501,-1.33188481369602
-1.7439479184547,-2.15948424228223,-0.755670417422006,-1.46501864247788,-1.68752339600237,-1.39451915609828,-0.0616855588535874,-0.936402822711102,-4.02889034223721,-3.68377728663995,-1.39889382907503,-2.60689082713538,-1.64098502773842,-0.124937146308762,-2.90547523283046,-1.30723459026843,-2.42200912950186,-1.30074436683643
5.6406655314889,5.54493398288286,1.01483387127283,3.18948580440831,0.581540465454249,1.66257674821275,-0.63965666158492,5.10891445995546,4.7740759402328,5.0390414099849,0.837710804903313,2.00373014861752,6.55386314830594,3.70689337035521,4.98087940810445,-1.03780974196901,3.25479491561475,-0.311051644421539
5.84107819677539,1.46650053001057,-0.950153162369736,-0.715791307977896,-1.92241289081273,0.719821543630816,3.13717284624497,-0.0459333032892671,0.435996075269067,-0.221986067513132,1.96872932524899,-1.81658205525546,1.63808482939421,0.350165201519179,0.369139224895931,-0.701748691708489,-0.24173684540046,0.279065941081011
7.08985317328856,2.49339862713231,1.26691896403249,-1.96542060213025,-2.51441458467916,-2.05035890817945,15.8506066369294,0.0405102947445539,-0.0268767498233536,2.44677257752958,-0.242224679759599,-0.538798568585777,1.24970811366102,0.498072155830756,1.91954513677694,-1.8510389536401,-1.5090644527945,-1.54656415783312
1.89986678572861,2.59884790850408,0.274288560909987,1.97734965175526,-1.28747253792157,4.3254756676893,9.98541512706156,0.0383570513350608,4.00335725457298,4.24574426381777,-2.16775345301977,3.63059149017044,9.97151931965695,0.793115369400365,6.69836013010661,2.91778609630322,8.42672164651218,7.25200117161288
3.03195538783658,1.511212417602,-0.526818929558438,0.913181483570616,0.951677395532145,-1.48560561900129,8.97457408100091,-0.436041741569845,1.00476861615755,2.29121530813953,-0.111620709726226,-0.0165997483342626,2.6447909399995,-0.783964739426918,0.139690443085253,-1.22153312606945,-1.36092615629131,-0.46351967398073
3.31589198750831,3.88956601594874,-0.0052916869119589,2.70509789207574,0.116736455768098,0.0146553530263919,-0.0738756072288194,1.03979628231087,-0.125983610308488,2.50697546356932,0.796647676427342,0.0318413716642304,1.21332738703172,-0.0082442029317902,0.72429839913811,-1.02602744839976,0.0912467388854315,-0.443931148410866
4.98772025885661,1.82667087628307,-1.07943248004982,-0.126492551916316,-0.0910805699977089,-1.92542098272538,8.63511717688086,-0.161329445101617,0.0657333888364537,1.14482876443275,0.623185115359377,-0.574191048649321,1.627381097522,0.0311346099403126,1.16696071313302,-1.00900205666725,-0.912437088620453,-1.21047378790183
2.47794779543849,1.7620736529065,0.257819980883889,2.57793235920684,3.35363925118255,1.37466540661507,3.48832127602237,0.296519944918712,-0.119282420308921,2.00622098662513,-0.12774513852291,1.70314690630234,2.66149596599221,0.801738877746728,0.131517037782265,-1.08312332438501,-1.38570726715674,-0.931947484977512
3.04705053058956,1.61747177929485,0.0033573587975758,2.20884851823376,0.439261915205239,0.204337166014014,2.26409754191162,-0.74693065100166,0.270273839354053,1.07282081437016,-0.406530719079778,1.10673220814571,2.25981799977619,-0.275798444962356,0.545819270414166,-1.13332952395226,-1.21321895096169,-0.71388059571119
5.40448199569222,2.89944203699498,-0.177021898367674,2.20772451815804,0.256633951330585,1.2968615941963,2.29812802034991,-0.0612844400925543,0.781594883867993,3.12862541786635,0.35923451680515,2.06147026417885,2.8236259559323,1.05104943483411,1.09617686126115,-0.877278871865755,-0.24017083900171,-0.645924552183959
3.22405303625701,1.12164147250281,1.35710304936732,2.07888606687676,-0.661522413009099,4.66916002001854,0.0936180166060187,-0.479149362601143,2.20651922846372,2.77820545244165,-0.852692408289932,1.59245319648841,4.83718401063431,1.5983397404878,1.31800020185514,-0.997036778948008,-0.869131535463731,-0.850059317626374
1.95947289659892,1.75531002162351,1.01237641362121,1.64431224757372,0.681637659764303,1.45308356368224,2.73521709136767,0.228338162738761,0.736533237791766,1.25650754424176,3.75246447667709,-0.485165383930016,1.6827121532019,1.45898636019016,1.40349429291483,-1.40409903969235,-1.50905369234464,-0.738674209717841
4.30981209810542,3.15327781922973,-1.18323693249088,1.72922245329504,-0.0351395295191361,3.36625346888169,1.53686505201549,1.09702916736148,2.7937903084708,3.43525489675772,-0.312102532717996,-0.681763581394455,2.20460188154217,2.23469014731731,1.014947137664,-1.3695694659648,-0.151538355659699,-0.782298712341661
4.72820274081685,0.301840942601511,0.408159452179617,-0.834533069439247,-1.80135881147149,-1.41352035162245,11.9627099342973,-0.696869715993881,-0.280659711994714,1.34893811506101,-0.776554965063555,-0.965149547094707,1.82667954858594,0.225705487579009,1.98409414508831,-1.2575128103671,-1.40375714091415,-0.517865925610935
3.11544218921644,0.188699188375806,-1.45051558328235,0.303109997070154,-2.76553192184627,0.035581627631766,0.307140754446979,-1.63089234876964,0.304535850004104,-0.857987661876433,-1.02188853619897,-2.43171403529791,1.39068814205685,-0.676913977012894,-0.13997802218472,-0.129330024446959,-0.655174880574464,-0.820826640280092
0.256669332399371,0.471717415274239,0.229341446594065,-0.157194122858208,0.257098714912346,0.0586330373199744,3.22204860883494,-0.428271932879077,0.144869553167276,0.642141185986722,1.11333610180551,-1.50163736268826,2.61383219971823,1.32231891171028,1.32366624793991,-0.713062496791762,-0.412507007465679,-1.11057771234914
0.842020012296076,-2.22767050782862,-0.252521726049807,-0.89067552976221,-0.690264343494122,-1.50862405911308,7.12190474617329,-2.09798706914159,0.438189076646021,-0.658290529260666,-0.224207013867733,-2.22606409732075,1.25286599193928,0.665628645870466,-0.917547159674037,-1.36098620537598,-1.56703514166228,-1.16817007087853
3.80217433236831,1.08044624178975,1.0776496734138,-0.462567111159081,-1.40826243788433,-1.25140450110448,10.8590128767062,-0.456138593796971,0.587993026952434,1.38172897523578,-0.574830323010151,-0.506697666960828,3.31569795077657,-0.145083647051177,1.97709740172965,-1.30850015047543,-1.3102397585411,-1.60538653447571
0.975267037298803,-0.193475549034726,-0.0783361920564395,-0.176606819190193,1.07171714877373,-1.49614599654887,7.78943873186284,0.272719230662579,-0.023626079994096,-1.18780561282288,-2.6803771868535,1.17207631389664,-0.151673037979458,-1.6233814808419,1.25535670413428,1.4559657847448,-0.413421213153354,-1.65346861675548
2.88324639287175,-0.195650368229866,-1.95086343592887,-1.13103852984015,-0.100897396780724,-2.42021202416359,7.60757108886487,-0.526173471374402,-3.39500676541749,-1.95341704587649,-0.227530310368334,-1.32152489863478,-1.20385575270151,-1.9674567146781,-0.619758632332202,-1.23169909753514,-2.32594480257352,-0.547549222151345
1.52993196116068,-0.33155438584451,0.660444644175479,-0.742142218148666,-0.745116089265241,-0.295984807519478,0.714583985934385,-1.83946012057055,-0.287484080175866,0.390758364797558,-0.674813780381109,-2.54710686457677,0.735544152433383,-0.471790957733174,-0.888017937459466,-1.05872172698028,-1.68077917576307,-1.48270321941153
2.29688310836805,1.0878123855755,0.642039173912763,1.73287996004468,-1.40247711171085,5.66083924228724,1.30554707818506,0.103768928986219,3.42549953857779,4.40165421659572,0.844994281043782,1.90005103060066,9.34002031317006,5.33902543687551,3.90959935688381,-1.42330471748714,1.38638259412592,-0.755066458703093
1.9962968253659,3.28011055491607,-1.13344831072668,1.46171628332317,1.43377219395252,-1.03476817024933,6.42885848182331,3.67907450980105,-0.187170351362334,-0.0833117524165683,-0.782232850700573,2.75179084854695,1.98934991393953,-1.01103934453077,0.339794188686486,0.257789281343063,-1.07567263460986,0.286750613714673
4.91537585959588,0.989567615998373,-1.21765379975296,0.596621431345703,-0.57572168496827,0.864053758608122,5.91599607720617,-0.119481505525223,0.942878403761972,0.651410669070868,2.68627618337755,-1.15348914650634,0.833720194853087,0.457641069473832,-0.509765263525852,-0.095157277021691,0.105369865678761,0.035072906595012
3.77546234787525,-1.1268805419098,-0.0445623728150524,-2.46635120501868,-0.946623330752368,-2.78614618433829,7.51578121046056,0.203238346309458,0.528290251181426,1.20885132410047,0.745280173961113,-2.95914661705166,1.73581777661479,0.793789559321283,2.7004016222847,-1.13431772089523,-0.195097427013915,-0.968676035944821
1.0807651896801,-0.406904638322489,0.171685907879794,0.169252316384343,1.03669549369515,-0.730029154909575,7.33320856977822,2.33043483082513,-0.183199218387305,-1.55496326870432,-2.31506101899439,0.781617271408006,0.42562556777439,-1.68249036130407,-1.01076702929655,1.10422771284159,0.0631515646290355,0.210399678152313
2.99625475937614,2.52231450807266,-0.141629145531404,3.06713183758674,1.72869898657811,7.17034394861981,4.73914444308507,0.63137867313788,6.94036596668759,6.68366612444881,0.0451829407029742,2.65558390039422,11.7618442069209,6.2956193801238,2.29726224671761,-0.260666877297269,2.03410250880741,0.463218403266135
2.20877594805363,-0.643726345027939,0.65798042933824,2.23674601185216,-0.940723919958262,-0.678185431559667,0.78387293960074,-0.788813663113265,-1.06435709735,-0.480872660032688,1.36869291334076,-2.07668644512866,0.122444332653334,-0.933143125953438,1.17755019406942,-1.19741664810586,-0.987570240853525,-1.19972015905575
-1.25683192786161,-2.70153816985514,-0.880858824897176,-0.672166245311583,-0.569196875591133,-3.16032433951518,3.21676182831553,-2.35895574865908,-3.15234019220899,-3.79148598687589,-1.84266215465811,-2.13928139295722,-2.78681676379907,-1.31521557335484,-3.17355142758048,-1.19412009573306,-2.6628743883213,-1.32412444169813
0.374141873216392,-2.67612302455033,0.0807327112297843,-1.80981353960484,-2.21058164698911,-3.45030315183401,4.59726970691473,-2.39002359863412,-5.04455571918102,-3.42382304020356,-0.105027052561707,-3.15914289558289,-2.85466029839141,-2.11190007519319,-1.61512024036029,-1.32057204779557,-2.69885964855789,-0.145431078167312
1.98477301669352,3.64067029927075,-0.107340599576669,3.99428288314598,-0.40543016142259,3.07054330215733,1.51012832193774,-0.23869086694472,4.16890151662372,4.59961409288452,-0.719411274826211,0.68375057526494,6.4644976281241,1.70358734217218,3.19580675088945,-1.5071147413649,0.700750368305655,-0.825217046677724
7.76169481080614,3.7346197006302,1.38110716207131,2.67054373380177,0.20414228447748,3.27435748419741,2.83701486435924,2.83334062268647,4.42564346724661,6.59874156544366,2.11140213994303,1.40740413973345,6.23572944824293,1.46007757165689,6.22322832437582,-1.29533455183468,1.41159425012043,-0.394362032088725
2.64952828877207,0.506408753716508,1.16612343517401,-0.446647092018038,-0.730735249034275,-0.494631694835441,6.87012392363086,2.1050525400426,-3.93916773568321,-2.45492692625354,-1.08056177479642,-2.34870435264035,0.62708013105754,-1.75567441303929,-1.12378995240292,-1.05498547711644,-1.45326851305106,-0.56749231825357
3.79984411832756,1.59418466956386,2.91222474345953,0.392070851729917,-1.20344731748462,-2.32125482780221,4.43139958657944,0.887138643256562,-1.00319063034486,1.63038533993001,-0.039819786572917,-0.725567447300117,1.27148287430523,-0.181216111394688,2.50150899358974,-1.3347715301129,-0.310809256374266,-1.48637977073961
1.28588076000167,-0.637093863443336,-0.764566287679695,-0.651291226393241,-1.28916306763506,-1.67801973757259,3.90603429319658,1.25630354868083,-3.28548819824957,-2.26789360020919,-0.912022341075045,-2.2847438447096,-0.522669661658889,-1.13800575219499,-1.02105859523819,-1.11072077166458,-2.54253684481741,-0.954582955790195
3.30298974112469,0.799475609930446,0.143250816811459,-0.0324909259857961,-0.810076188449878,0.559101208203326,3.11934561867768,-1.16114492185614,-0.88190103803697,0.12803590602478,-0.342871597981407,-1.39980402629883,2.54676582336941,0.0484233381148435,0.766106266466542,-1.30405215574794,-1.20448915378382,-0.004479082674352
3.90206225457949,2.9105615120976,1.95845583118215,2.555768642219,-0.0165315578852593,-1.5069826271723,7.10773091752177,0.996901262619662,1.4111077010271,2.84342999927425,1.36545478135738,0.142245742691554,3.56997998122658,1.11957554382958,2.06117621124269,-1.52011796538278,-0.294688942582049,-0.702263541374407
3.90811589207633,1.43909486326172,0.943822762563434,1.76340904181492,-0.135599359823862,0.0972563579479135,12.4430465463851,1.05789600488877,3.284037629615,2.99233821983892,-1.68488420565747,-0.270227022148166,4.37306087762539,1.5988551667982,3.08902266103522,-0.897161600800716,-3.36728582303188,-1.17353982231116
2.34638042894525,-1.24439663361476,0.602358592101036,-0.539636150180594,-1.93832053635844,-2.42068599519073,4.81762268663668,-1.55817415218876,-4.54504756954931,-2.79486389868043,-0.42168007382659,-1.41699999608059,-2.6217834456884,-1.06606770623757,-0.313704080604,-1.4513291574717,-1.80271856135553,-0.0204736824312676
1.66348135604101,-1.3053629494404,0.747379642676561,0.816474267626806,-0.248565561253225,-0.0440434040085327,4.76388273560041,-0.130771634814646,-2.71512018735921,-1.71413142862153,-2.12020566339972,-1.60201725669476,0.536008919121116,-1.2488804734597,-1.49996741461984,-1.372581582713,-1.72804453836507,-0.310405058758947
1.8783953280269,-1.1668254629446,-0.243278491265607,0.486009936700785,1.24953121052461,-1.30127348813522,6.53683997158507,0.537165670709991,-3.94080270112253,-3.07401318318837,-0.878094811330979,-1.60668381275385,-0.647976866735559,-2.09809633550493,-1.63321600833578,-1.33228713823414,-2.13836537171978,-0.38341497392656
5.13121796532742,0.751032083805758,0.0189876201106645,3.2285067870431,-1.588380275477,1.86543291438639,1.24895832245582,0.847023226778234,3.32007631375435,2.10430763840417,-0.947849401262497,0.426475140747718,2.6065031620981,1.73438998353492,1.91720642799356,-1.21112283463005,-0.414318366964294,0.165893833218707
9.40868836926124,3.60359315567294,0.686226628924512,0.670554320045017,-1.58171988395773,0.544053745241648,13.8465389924284,1.23793459638302,5.21448602204865,4.96921522822444,-0.0283798908281982,2.09330669049272,5.82289473598613,1.91950459522572,4.47529661807355,-1.36533798178,-1.11040937659522,-0.0337885128202157
6.54686256711289,2.60095675243368,0.332409939573872,0.246471843624952,-1.26165258513777,5.43063693185505,7.46212072393065,0.627730360939519,3.91966497067153,4.05484336171231,-1.32820536309971,1.46329078116677,8.1549451900933,5.03443888165117,3.19145754301124,-1.3701516884238,0.136068557723671,-0.603045779889126
1.33364147897581,1.37542855273548,-0.757827996554349,1.0199280883692,-0.949873610197341,0.128823753508603,4.94459176220636,0.702169865211828,-1.77388488055118,-1.07145981090668,-2.27538846585659,-1.78617709800853,4.52624169018063,0.981959533668941,0.230986575093809,-2.09396340106944,-3.06757808845255,-2.25520885613429
2.45150155327488,-0.116836587177441,-2.14441520988427,0.191583027900522,0.260039998349225,-1.41526337706702,5.8191004968366,-0.469708832811249,-2.93405470179203,-2.53569609864932,-1.33749604211357,-2.78437292064499,0.586366865446756,-1.92807317786651,-0.837972761749534,-0.332582742713264,-1.19392064468188,-0.973095425896887
2.74070525335082,1.14053107458552,-0.194046831804851,0.653982816558708,-1.19261656201573,1.15411569698513,0.067670451363598,0.48521966708822,0.685687871145345,1.07292597873444,-0.714491560786541,-1.94311006243528,3.04575840904495,3.00540290098614,1.02801315572988,-1.59879098413618,-0.767100366163338,-0.63835234178534
6.04597504452248,2.35746027231345,-0.330515155837364,0.350990929721873,-0.2370475958696,1.14135370833858,10.4621789424863,0.574949687811208,1.0827254175459,1.33078452843751,0.313300440240675,0.436170519162364,2.12142516080153,0.925035367614779,1.04766571757585,-0.255074079549444,-0.315174567598419,-0.532751977343155
2.70496722633698,-0.169228840539472,0.754674216341854,0.42183462926126,-0.774648421256386,-3.26756778360315,6.1498445345399,-0.333065202791858,-1.18935106465837,-0.717035440286408,-0.319928930679767,-1.65418562716429,0.214293610899037,-1.38905697707248,0.351305390051486,0.0145692836107509,-1.75310893870988,-0.863838575944194
0.457841543567008,-3.10660603733132,-0.648457655830829,-0.229750529807413,-0.498339830961301,-4.00710399014349,7.2567044421964,-2.08083751232353,-4.65144411384699,-3.91178671821869,-0.263211503854355,-3.17561670022855,-1.82399534282297,-2.30694073684277,-1.61691425156644,-1.32566171372544,-2.72990865909928,-0.271862728527705
-0.223137037969201,-3.42401847760675,-0.308393324822775,-0.444773397643841,-0.569548503849871,-4.21731202566761,6.14722868419271,-1.66535335021642,-5.10124527453697,-4.70452124847138,-2.14827900948474,-4.13157623388058,-2.32093766160096,-2.55742919560082,-2.46533707643182,-1.32758065912089,-2.63411393825983,-0.804001415167753
1.66139294735921,-1.73048840541182,0.672416844775185,-0.0360220462939577,-0.760741815994813,-3.27828246591767,5.15118230237915,-1.03384849946447,-2.91078361876729,-1.72700311068584,-2.69833789125826,-0.115075792754604,0.675022046254637,-1.28363577352699,-0.267284602062942,-0.0691046919914805,-1.4063785797109,0.0755111338114652
3.31196064971491,1.4920360364771,1.04627531291598,-0.211042159689374,-1.28996421318524,0.171620008855879,7.91178669741758,-0.148764077283133,0.41704616910897,2.58965934346089,0.342787018450372,1.04946292662134,5.97373291869046,0.940346712920751,2.731709536037,-1.31203872208454,-0.796599876786648,-1.78943769804448
-1.17076521411061,-4.34141942962449,-1.03607993090464,-2.15935026996779,-2.09793591338599,-3.58514120641579,7.22084434000862,-2.31034052877071,-5.54379498287779,-5.21466899991868,-2.29450151243312,-4.51422768434924,-2.79748915229369,-2.33334835891576,-3.33789147658133,-0.064557421508789,-3.38630086375815,-1.88608875904047
1.33791358472913,-3.3699746114314,1.04777966114289,-0.932552413914088,-1.28080536125046,-3.1668249517038,2.68739407515219,-0.862879739666977,-3.55684872443631,-2.30108255804128,-0.0674892002777479,-0.150573243387107,0.106691049243147,-1.50412474786967,-0.436683798136373,-0.869553163520149,-1.44188545866523,1.23764740092073
1.02498360725971,-3.93308230616859,-0.59138288708491,-0.599378725660888,-1.95463336903886,-4.25309103286937,5.93086909335615,-1.34699494352342,-3.41587225537966,-2.50359174524621,-1.22368156990304,-3.56299373937391,-0.655141260374347,-2.1008622155288,-0.994035161646958,-0.963119667171579,-3.2281775842973,-1.91936036930174
0.75052699351539,-3.36433719934559,-0.488123528364985,-0.0614536823185422,-0.408875529023663,-4.11408785020076,6.23917890265493,-2.02536996411562,-3.99893741327941,-3.58001814040417,-1.23084718851022,-3.28429359166575,-2.44904402052046,-2.59238880826328,-2.1831949660451,-0.518350175817589,-2.74604230695294,-1.19983825338451
2.95323651270739,1.46177643345602,1.50454769763282,1.06039933225757,-1.09816524058547,-1.12473396671309,4.50704159427311,1.32062644315077,0.198275482006563,1.87591419994929,-0.664376335934448,-1.58426265979082,3.65212159526723,0.255477812624081,0.868083708590876,-0.892365387162201,0.43329960603945,-1.06452836977998
3.31384441899305,1.03997745050376,1.92034676904504,2.7159176004941,-0.329973876978579,-1.65449849600157,2.62834619952748,0.994540821683153,-1.45369861048961,1.56362454116665,-0.262661898021329,-1.66398178577591,3.13861028682764,0.881742581898224,1.18885931526465,-1.74845683440151,-0.596389337010881,-1.99971985299811
1.7060891230703,-1.15277817068572,-0.20718725045517,0.929941627368292,-1.07042219886937,-0.960516535526065,-0.0885788922159593,-0.458204909362934,-0.8593566712637,-1.54170460826093,0.630422921576835,-0.958829697503711,2.05347591875791,-0.077825381736089,-0.758447414798106,-1.12718734566532,-0.334955130207082,-1.21035522749902
0.526727563337446,-0.305138394169395,0.785112486761195,-0.413723247680133,-1.15501874955944,-0.345891407588574,4.65321076856945,-0.985798750604467,1.39567622493078,1.55344898481095,-1.85266557351823,-0.701035713724233,2.62388008178695,1.94884039985378,1.33703603314314,-2.08275961780261,-1.37899591730829,-1.78692346658381
2.58108681133048,-1.01512146196032,-0.428108311072625,0.662908550339488,0.801026076197674,0.204345995795744,10.5786956968839,-0.0326862706467891,-1.00914736190577,0.090291501169407,-1.0669495937776,2.54629468440063,2.33721209025283,-0.88892514954963,1.51753190212986,0.371769366687361,-1.89646484088813,0.314104916252211
2.97588647340988,1.54480751860415,-0.560639105737304,0.0379121810565864,0.360730122239246,-0.390863354218075,11.2273175462319,-0.298726431833399,0.855580299206792,1.47935827008721,2.01292101844034,-1.29424449690918,1.09198035546698,-0.0151731858647855,1.06211817753497,-0.358121122443395,-0.994505733029255,-0.593338204800598
3.2171956806095,-0.271271721115133,-1.13623340596674,0.338170300349726,-0.211100507219594,0.968467762644394,3.60217619578639,0.250640270281998,1.22089311142847,-1.07785289319539,2.20773778154992,0.11159596430155,-0.22798518323222,-0.614330960570955,-0.472301996726183,-0.18468615106871,-0.0020985282309238,-0.578613531913111
2.68757834198488,-0.66161626741261,-0.544569833170651,1.09971737126211,-1.62335924064554,-0.5231756895132,8.55969100344357,0.72077029269652,-0.2569812686741,-0.934941592667996,2.399135154284,-0.441901416124289,-0.921177997557182,-1.50553683103909,-1.26214855520328,-0.809448479409503,-0.355729610978522,-0.539078305078118
4.45584000686912,5.07597624124364,1.68799234948244,2.03168505308543,0.882626649067331,-0.441093370351316,5.19777336579262,1.49277489939287,1.75616331252302,2.654067764871,2.32355377195915,1.46064454328905,2.20478537910393,-0.195709979979901,2.08702684512719,-0.516707503266003,0.266524658857641,-0.618719981458404
1.39327537413372,-2.10833501151087,-0.0481128251900835,-0.286341425833046,-0.876590494746012,-2.96222426899061,5.40886401496616,-1.49583213884381,-2.89736577815011,-2.17740986807587,-1.41799220932612,-2.07524107361696,-2.28374996941475,-1.2411583170625,-2.42829551674892,-1.68667911472331,-2.30228143197301,-0.922481757912767
4.30704147252012,2.39635031649163,-0.0787263562108152,0.252595596981925,1.05297872712008,1.35517658071208,4.34819317970084,0.276816218445729,0.698082766761569,1.67399639033565,-0.531987955491974,0.560163783371624,3.53406192512765,-0.152151831005432,0.0626979154570672,-0.721235974075739,-1.17629648142096,0.449819903072753
4.21207034675869,1.26205672748846,1.62668222526865,0.0581993989717689,0.0918779804117008,-2.86097681205093,8.22853564041885,1.1687897699857,-0.719822041957866,0.742960155878198,0.814032542374096,-1.44024962241286,2.34132125735996,-0.655739867190452,2.06057468743101,-1.15811633189933,-2.89740612406721,0.396599927436529
2.56647251195799,-1.08525291014036,0.994558398485002,0.107674067533732,-0.45535047608922,-1.89283970160061,0.843171507290018,0.138541893166785,-1.89478194870724,-1.22055726762349,-1.05857629330626,-2.49684621838965,0.218036273163828,-1.02118310610404,-0.34851022053479,-0.404361995621677,-0.207164222333127,-1.37257945451349
2.05288848948105,-1.12930241209042,-0.602598980067978,0.0131257175668568,1.892425421755,-2.03900148088309,5.7122978203013,-1.7136308142855,-2.1828427967626,-0.238416880298679,1.23852349505762,-1.63831074932745,-1.0859764974421,-0.806161560346357,-1.69081695583627,-0.937856149792287,-1.82922520655791,-0.615313696379825
8.01619717990047,1.77383900281247,-0.622400263144772,3.2033689820576,-1.43696523689304,3.85749067212313,11.7596673103672,2.00979858851961,2.91367387024956,4.15029852270134,0.198665696329185,1.27760339150034,7.64925780604938,3.61861151786378,4.20341652329997,-1.00298853334734,-0.844012214440364,-1.14439880897933
5.96578731355549,1.701231835872,-0.149943109959156,0.463051895359182,-0.919742638199192,-0.292913595656447,7.00916188218295,1.53222931445797,0.120341235951865,1.4146253392692,1.41390317904075,-1.72079300121835,3.0259149874179,0.758238621303447,1.89704735584175,-1.34057219831912,-0.847524859672964,-0.850813660622555
-1.01061648768226,1.0199952956118,0.413159976938504,-0.0308156921301459,-1.16199517944377,2.91952745644817,5.4463678636587,-1.30961876245146,1.68292954112893,2.01776846918263,-2.02632378691446,0.611675080576383,2.92364633517758,0.608697043165627,1.94592091903685,3.02312872653772,2.02491160711741,0.718336337561331
-0.273349617726091,-1.74015851868961,-1.05802049951072,0.547442182683189,-0.0084793612766452,-0.856701379716905,0.651923871685637,-1.25732264823775,-4.1030052454386,-4.33460728825863,-0.0506831850582684,-1.95634405960404,-1.2663351733632,-0.526117250625027,-1.6912859113723,-0.787431182899519,-0.303480805648536,-0.939452876327913
1.4828637348205,3.18988944028041,1.19189351506649,-0.422849282368572,-0.467465746460166,-1.20552117231152,2.52120375582293,0.680033649748629,0.773506854641152,2.18071619232927,3.0937933777618,1.1790392669785,0.766521002785895,-1.07410801465462,2.57445628781585,-1.39751802763629,0.459015582458293,-1.38303383946466
5.16573313298871,-1.64256425387438,-0.722264021653767,-2.47438899544249,-2.05101216589164,-3.53245866424474,4.66595167087312,-1.37919442764471,-3.59677276293429,-3.49843842484916,-1.83565913514542,-2.81324105593116,-1.06059364689798,-1.21852845863272,-1.85687295026864,-1.0850400914599,-0.465186398188408,-1.15941467519752
1.72457678005122,-0.932142910380162,0.123158777575408,1.11360118266798,-0.638504178969226,-3.61907966715993,8.69270494117552,-1.03620471671073,-4.04284208442762,-3.50923323542556,1.23805009559751,-2.75515484040892,-1.29550395119659,-1.80181024285153,-0.206557250561675,-1.01986296329529,-1.28863912528382,-1.38304170213222
0.144389122846794,-1.45420702577926,-0.394276193316574,0.476005590293643,-1.03056763433517,-1.42076128706729,3.89664613771068,-1.02677857544631,-2.78429109940707,-2.34526083019604,11.8517910893997,-1.46478458032337,-1.75531003306167,-1.45465306331732,0.970333447017598,-1.23158405383644,-1.03456882807329,-0.703666194032339
1.75757635162565,-2.21911077436105,0.581316910947519,-1.26845555711751,-1.61171540968158,-2.52069905380127,7.52894715564949,-1.22480379539681,-3.57660233995173,-2.05878234485306,-1.61449769109281,-3.68011806827562,-1.81449362267387,-1.99443458891348,-1.03818263294484,-0.558802314871836,-2.26014316771903,-0.620732480721679
2.79372496433926,-2.34401959924688,0.935450729751402,0.468200373775933,-1.31617333367157,-2.12774792818674,7.60641490258101,-1.32644126750174,-1.80222991349582,-1.36806175862651,0.0839012585612523,-2.98392692787153,0.487340906987454,-0.429543048486544,0.0153124585830696,-0.198650515378775,-1.95449189687846,-0.627832717799636
3.74665667033456,-0.280164651915398,-0.972335037556316,-0.344274980559533,-1.05184984598144,1.77510133320624,5.81394868096879,-0.118896260696024,-0.87654770686678,-1.37025775896807,1.38105073321806,-0.603627947137397,4.78205996558763,3.52909719697671,0.638091995519953,-0.0497006051528253,0.03794526500972,-0.490964051845855
3.52636973930195,2.01282367653354,-0.0097961102348055,-0.871600873747488,-1.5248472851125,-2.19551490167709,6.74133607880818,-0.512029005223509,0.277573924885501,1.70470585093866,-0.503796303290343,-1.43954969785171,1.13666822140323,1.82994741328107,1.5810416962094,-1.97145800353186,-1.54101572834157,-1.6792758053045
2.25294697872297,-1.7344683879148,0.856536528032739,-1.25633075051752,-1.1575641183351,-2.36306276264861,7.67117770167305,-1.85238186922261,-4.11782465242368,-2.84916753979463,0.15220571501567,-3.77310994177927,-1.66844758590907,-2.23442030922807,-1.79145770941867,-1.35665328742197,-2.28277963756752,1.03456618235926
1.64700394017931,-1.64650916574557,-0.11836484929623,-0.0412412461083967,-0.656097903169339,-2.07895509918523,4.27340089855743,-1.43364662008623,-3.43198379253355,-2.69326295445846,-0.824427086747715,-2.86528901449468,-0.750517976204171,-0.986564331570594,-1.17302175490851,-1.26392683341317,-2.24612737267879,-0.590589511349585
-0.482010718480788,-2.82968188454476,0.154799684065604,-1.92850575664133,-0.073907949606224,-3.15748859477663,2.06205483812834,-2.0692167438884,-3.95746348411903,-3.81318092827954,-0.65292332308523,-2.57033419160627,-2.62903988673881,-2.09380466687413,-2.59232696410866,-1.34104041775461,-1.19105181667745,0.157354745743412
-0.748768400007632,-1.95003348474709,-0.440206952923536,-2.42668947973252,-1.38953585145175,-3.33612433399479,4.44096686817874,-2.12083446431836,-3.86274645450771,-3.37550520919068,-1.33584860926002,-3.86548819104166,-3.9607781415314,-1.44638435159058,-1.49286869849867,-1.58312758474927,-2.18943687256872,-0.323608098078066
-0.48096213815144,-1.17539277943627,-0.344492830048672,-1.00731926579727,-1.98163417262013,-3.15950000850436,4.59674421995543,-2.19305529066056,-4.43134752700276,-3.09233751094319,-1.81806720188425,-3.36753033354207,-2.44713499142104,-1.73094468053274,-2.98206811359076,-1.9139654430735,-1.12951485074578,-0.74241897825651
0.183128810591184,-2.78047165293723,-1.02233924357515,-0.497123132584492,-0.368080853940674,-2.6466137191312,2.73488887442104,-0.493792454360113,-1.34371515959294,-1.73247386030765,1.75127143680381,-2.49471051628411,-2.23241609874198,-1.61585886438122,-3.06299772904379,-0.628174352592201,-0.610784708104238,-0.492013680361382
0.55206455259133,-1.40126004196885,-1.29242708695051,-1.03031890964843,-1.492199356937,-2.47177870971687,4.47258938056972,-1.94834265183662,-3.76459404539504,-3.41154699872817,-1.79950901517201,-2.39891150665835,-1.37832529562972,-1.39294705073322,-2.08079882053324,-1.36661204050161,-0.943147577765503,0.643888028037718
3.01261986383991,0.672638123589038,-0.426007731136329,-0.212891675810635,-1.08892349379029,-0.904520835055047,4.59656882459368,-0.483711091184103,0.772472153685799,-0.426105458312436,-0.400791050374502,-1.51056868102309,1.37473706370188,0.996668709788047,-0.423963069654203,-1.04391407169014,0.0949213843302692,-0.752307985376032
0.151788643291092,-2.1886265125949,-0.605888925774445,0.190912153482349,-0.88929927445995,-2.39365585859471,2.25598694628697,-0.410122230900004,-3.16778824684738,-3.16987784446368,-1.12943672730965,-2.20420014181418,-0.411730967456879,-1.59458451190771,-0.849423555615266,-0.823650185842771,-2.04833352847324,-0.106069582654397
1.6738656298318,-1.74218136310601,0.722790021912435,2.0765666465639,1.38017044962471,-3.4268357086554,7.07181586845023,-0.186069638335458,-2.32533168886408,-2.30193475397695,0.836280156766305,-1.47225885088095,-1.87131587166686,-0.0646726380850626,1.09633517238641,-1.1119172755965,-0.883033198732334,-0.29556529067003
-1.23773090640603,-4.35306550706013,-1.10422326722773,-1.56871134797367,-0.914271158747916,-2.41373203369327,1.26289050024939,-3.12451892910163,-4.61651725431859,-5.08782201708634,-2.51051079395581,-3.71511631252801,-3.13237707785264,-1.50223140918934,-3.88707771479342,-1.38060291389541,-3.20214659789796,-1.90347983778694
1.73157175565653,-2.07807769839294,-0.123505819982053,1.05887523679867,-0.851311569756229,-2.79388670843655,2.54585266625368,-0.100351854651046,-2.11639718866314,-2.47503882478703,-0.827977061779447,-1.44950219969341,0.488306352600941,-0.648315544966576,-0.42621797864851,-0.110444965994496,-1.453218078923,-1.82807373549327
0.961694052179483,-2.44338320231001,-1.02436126342601,0.410066902716236,-0.725983039254111,-3.96684130778686,5.7442824522422,-1.57348637721654,-2.97567929366532,-2.61374982252102,-2.41217075358987,-2.39420604951692,-1.29226150593306,-2.19544496608093,-1.85742231183101,-0.104395812152221,-1.95908079978024,-1.20232819751358
3.84156311191036,0.313510390372002,1.52673057281832,0.633568969598114,-0.486442170530682,-3.83873911880613,8.13506857306329,-0.979929433599846,-1.71201560575512,-0.338676468511684,-1.65694411844798,-1.40172232012168,-0.951384560229104,-1.64150702589412,-0.405344981115349,-1.34692320486464,-1.91522211988088,-1.68048568748008
2.48062801081851,0.178603163658845,-2.71619735951779,0.201108647943967,-0.754160604300107,-1.81945827776771,4.82832455717231,-1.15620283863285,-0.994357219160022,-1.44274664952111,-0.259797490477083,-2.63962050464122,-1.49128843358573,-1.56379198380022,-1.34280886647458,-1.53865709807682,-1.99616207947903,-0.321341067486061
1.40268932109601,-1.98567998670625,-0.116248752024603,1.31518849407008,0.586179091649846,-1.26772654315994,2.46347953327071,-0.121777814914929,-1.80627732417671,-1.02522237745438,0.12810522548282,-1.29556212786449,0.605043693982617,-0.411090687834539,0.0615644836723365,0.0891281355112034,-0.708184145836226,-1.16533736911701
0.365194700933947,1.57372538066075,2.96181076245641,0.602273995526675,-0.816878829737558,0.560625649532907,2.98106089258742,-0.116224504637217,1.15896859678353,1.76521066139289,0.620155613157866,-1.85359635531447,1.7540856359743,0.618191542467029,2.01454029862025,-1.44695560065346,1.72314751237231,-0.0304516088359012
1.66826779805038,-0.421024170911507,-0.406212072361361,-0.0345062115155435,-1.1613544939436,0.539019760848415,4.15313039265095,-0.66102819377603,-0.533540310078817,-0.98215681921492,-0.575238615910062,-1.84995150592331,-0.119649376494947,0.476968998826616,-0.600583820171238,-0.793160798467107,-1.17870324429296,-0.605054810842472
4.90708814066039,2.67101426573502,-1.29332239809284,0.502462695962956,1.01611168467953,1.10703092601227,7.50733360115751,-0.945352597353798,1.67808718431699,2.28244585826099,-0.69517518144386,-0.776009960688094,2.77542552091234,1.78610383376492,1.53183381512728,-1.22775663398864,-0.672731654193132,-0.956638185315871
-0.0420311167675134,-1.36215347802329,-0.770793624704593,0.737386948548785,1.27113859661143,1.9825279715111,3.98774223861604,0.172454223448993,-0.282293000065158,0.448970806386832,-1.6484432112137,7.663742974994,2.26253816174543,0.114175153299148,0.799152468083697,1.77730496037127,1.30035601125031,1.96750765137268
2.23450536103454,2.54910491521343,-0.298729135385948,0.0758419124059954,-0.83065747101128,0.556896111537449,4.91737844967671,-0.197962991757428,2.03041754532655,3.07009992020517,-0.796876967428219,-0.567331404334993,2.05310902328465,-0.313661029292843,2.11456696960547,-1.48402071862085,-1.1283391097523,-1.03394180647899
-0.0556779692571119,-0.0682594155716946,-0.505905845908926,0.182019993731363,-0.665947445410889,-0.181995452532607,11.1815914409024,-0.658720394204036,-0.133993810896952,-0.463451150651747,-2.14710687725105,2.16965981635102,1.49877186058422,-2.44405255375775,1.47243957542118,0.242538788221536,0.830657840305134,2.09200673906115
-0.951489975572044,-3.58507151945082,-0.726746345494553,-0.369235964999214,-1.25573900331258,-3.51255932634818,1.14605536328059,-1.90834946181871,-3.59677490728565,-3.04989956224107,0.317502149657419,-2.99369758561363,-2.93741842847511,-1.87234601924186,-2.71233781857243,-1.38164049511565,-2.03277215118506,-0.327855611929799
-2.58730488506812,-2.28945594869999,-1.16671386146992,-1.1703475747558,0.0946694023573007,-1.38312773226615,4.55796515569374,-0.277768879678463,-1.7575162783044,-1.55205319513926,-2.61638947507351,0.864342479701819,-0.405787788813823,-1.19601526046864,-2.04372911708661,-0.711316306498421,-2.30471865523084,-0.0620762154278462
1.34106351229006,1.6609563206254,-0.659014127170457,2.48941367028573,1.75764965365018,0.411131956308657,5.42416031987413,1.60437491459353,-0.229242923483411,-0.260887038383372,-2.50377699247531,2.59146248854476,3.43927595108257,-0.360075099747643,1.37100020575954,1.62092446075386,-1.830572592467,0.0573077140117843
3.79637807446025,2.19471249016657,-0.512048392636426,1.99925272304729,1.82268114221596,0.0292715438980263,6.06022403301451,1.48115714944008,-2.14880405132813,-1.45772443553233,-0.946790207722984,-0.597909557086704,2.4637814328296,0.285572221752954,0.426668736178776,-0.101821649417269,-0.999161751486211,0.940911765250184
-1.13313739831699,-2.22308406627656,-0.638706008770951,-1.32744173967726,-1.47299156107541,-2.34690951194436,-0.574134437809603,-1.9198584235124,-3.654948895395,-3.04992640476119,-2.20499142637766,-4.55040684658328,-2.74596307917302,-1.04523641876566,-4.07741946083761,-1.56850378137878,-3.08580492294958,-1.65504238182021
3.02053849973081,-0.977604272249754,0.544570977351928,-1.00359995934777,-1.03783514000225,-2.54131390306955,7.53784141718176,-0.920170692895422,-3.74259744910875,-2.89269070771046,-1.81981630289814,-3.60153497022235,-2.71405575881987,0.0767653870661843,-2.01871984437172,1.23333593909568,-3.67141109672967,0.935187826119747
2.464371102759,-1.71022100715451,0.119981172289187,-1.00684522718803,-1.10225049351952,-2.44233485791964,6.44625950874202,-1.62634338048055,-3.50972408243701,-2.85572822297717,-1.08958495782794,-1.86048933568708,-2.15426774494621,-1.69345535105969,-1.90588422355687,-1.17249378979276,-1.41346458817794,0.0686372933117604
-0.471589857558119,-3.58996476207655,-1.12806902152258,-0.866334453916939,-2.09136177397642,-2.64192767880915,-0.475518458786697,-2.47536991778204,-4.10866531204566,-3.32448476203827,-0.26238876691699,-2.97339655225918,-3.8115590740714,-1.36586554201029,-3.08107772794343,-1.15221403464707,-2.33873067630643,-1.12868576076181
4.59481488017002,1.26262154616977,-1.03948019341869,-0.116585879623322,-0.382165057646708,1.1372518607261,7.60022479654314,-0.951630598880778,1.18403793944605,2.0888898845684,-0.363355720582496,-1.67321680154861,4.14874677570448,1.0863616209518,1.55418237545169,-1.02146841374833,-1.04721259976544,-0.955338677092304
4.61020509125841,1.12879066242351,0.332705250829461,0.307214022090078,-0.254604462697162,2.81416535741262,3.42609159481547,-0.673639628250837,0.455841469426378,2.26841637927259,-0.0912353914611505,0.208980922676188,7.69927227547075,4.8239822183728,1.62990656462995,-1.61178721930948,-1.89504059377486,-0.730725618972489
4.1723736926929,-1.33180438509143,-0.765129057318601,2.0888444658373,-0.926486324103842,-2.81853280032441,8.68170597071288,-1.47961418091871,-2.138256180924,-0.53654467647218,1.07013178525871,-2.93086770496844,-1.34401008937516,-1.66298841527192,0.641035017663115,-1.39723566375049,-2.48066813680209,-1.05777084873739
8.16335009157831,4.40292158111954,0.641671168444203,-0.0721621310859092,-0.470017368669627,0.350882061308219,5.9952385137321,0.829409848485234,2.81452140827867,4.66216947065277,1.11825688654779,0.237202337612865,4.59883459820208,0.46094280604307,1.93300320487386,-0.9002659655964,-0.0684820236802965,-0.963367909599269
1.54915085419031,-1.61915133076757,-0.0519325138849947,-0.187545281381415,-0.818236581214476,-1.60178589924032,4.0033543487428,-1.92884914016249,-1.53977420680331,-1.06686746720513,-1.1191135095937,-2.84467389684815,1.35436162453811,0.424803704305053,-1.41576745974987,-1.95165446602729,-1.68782957325054,-1.17996548142064
2.14635786813804,2.20818170879136,-0.472989166494909,0.437783163152465,18.8465515633384,0.423617871369423,8.00846760093486,-0.359641714693581,-0.830325478284703,-0.865048450176351,-0.918064221136131,-0.746579100907645,1.90438367396109,-0.79170415908355,-0.549231491007736,0.897261690598687,0.0909444464894956,0.0885057035395819
5.29978850387789,2.40342574006048,-0.638034181640233,1.45477289371906,-0.140473324940069,2.74850981823594,2.30781356272554,0.655386789793779,2.27985314578489,3.89061068090923,0.187435339432353,1.05058826082885,3.06720807348102,1.2881540631802,2.30630727728729,-1.24077122947947,-1.07214870043015,-1.26400468485562
3.90753525183796,3.01338036386398,-0.801430737192768,0.6483577595685,-1.37086027690359,5.57273874895754,8.37484717523232,0.110133278153385,3.73464511354257,4.84793496358243,0.473711639238638,2.68697031745447,7.46749383861085,4.91704855159597,2.86837097666578,-0.852997955611443,-0.937216282760414,-0.635261429348357
5.08881928654292,5.09710859237914,-0.482517885043304,2.42221259177536,0.425606158938425,4.91902748262164,9.74380525194097,2.16089919458748,3.35569553882697,6.93785162537539,2.38540000578429,3.82927075866809,9.82874091075583,4.41763809293249,4.88914243866023,-0.542106614207084,-2.1303104899899,-1.11388408138456
4.10663665768381,3.72689167502278,1.14382240421053,0.379606216993817,0.0159826227308605,0.640360377195445,3.27083879734407,3.05213814606182,2.82006752215692,4.37214514020055,2.89927577699724,2.22857762325522,4.59855663093904,0.850583626920515,4.92424397520283,-0.145723920280787,2.52435682037794,0.335233200312636
6.0448374917636,3.04239584054318,-0.214029345493252,-1.65630291344774,-1.6197858290513,0.583842961747149,6.67415704742076,0.112535174612542,1.44872588907997,3.59182047053794,0.80273043272425,0.834242492878708,3.66637529094998,2.94254021578045,1.8800084952033,-1.1011449685279,-0.916490459533362,-0.0115147523035045
2.00788666428326,1.1346449303962,1.79352599692308,1.92194152149311,-0.419784561940231,0.866099654760209,4.34158904190653,1.59056589570121,2.21172406667133,3.53897940193067,-0.914647155486071,0.190850362138082,3.79855136962923,2.13646445659526,0.913418898733967,0.263133488784794,-1.51686497900191,-1.6471973486547
2.08564590329939,-2.6592679803729,-1.11173036222185,-0.464902643315264,-1.77913803285802,-3.16416450618611,5.17887305720498,-1.7955016508174,-3.4170363357554,-2.82885690275994,-0.670019703759305,-2.94875013396145,-2.49424220377813,-1.40027852328655,-2.84795130801729,-1.70715684228351,-2.01973226515003,-1.54209685404552
1.48665602406168,0.697755997126432,-0.331721446137707,0.0630396433820421,1.38590314490381,-1.16039779688059,11.8098455485839,-0.22081704598623,-2.23480326587357,-1.15863463921518,-2.18269273878812,1.01743775148372,0.320975783691919,-0.767454695902154,-0.265217447761347,0.816633056436681,-0.0657291396163185,1.08690312806009
3.67794740024846,0.7403333565015,-0.46519847123258,-0.310608148673005,-1.41707946841747,-2.95812254821752,10.7645765479554,-0.873720463013361,-2.92835544196572,-1.48379630546995,-0.629533664232909,-3.17831876554489,-1.50801891873843,-2.64821437039009,-1.90357323666966,-1.65679973208115,-1.84421547581071,0.92999654038153
3.3702829688081,0.332879201676306,0.0133586439916809,0.0705277616787272,-1.26176553055482,-2.23685685044576,4.28918182898969,-0.638615549770719,-1.8988828861809,-0.832517340242347,0.22134399782175,-0.953763128647005,0.576346553343108,-1.22697425852034,-0.113928847962542,-1.51079318392075,-1.37800915749144,-0.141253827686821
2.65792172393557,-0.325279011876474,-2.32253826282575,1.65367998667078,-1.09148336068721,-0.569141686150781,5.21588365587512,-1.0123813942071,1.1729285106358,1.06705473286044,1.75236543950797,-0.725554383797382,1.85728542284981,1.61148865839138,1.78256124921417,-0.698826383043324,-0.934472693858211,-0.12562386331277
-1.03717816436946,-1.02421631599763,-1.01238592649958,-2.45991711059968,-1.07538229582242,-2.03905128029895,-0.334348758112002,-1.92381611748174,-3.76503489133492,-3.31951032812044,-2.32323170063853,-2.46315920814678,-2.920265753137,-1.02454838128588,-1.80275400389661,-1.64205372461274,-1.25046133610671,0.158536825319538
1.55729126716499,-2.47800843120793,-0.388608026215782,-2.36410373393497,-1.35210919675827,-2.94270239137371,1.47660332442054,-1.71068458042666,-3.26083273588932,-2.9962794137516,-1.19567164598991,-2.31961459273123,-1.99564576436452,-0.926164842866459,-1.43851855705396,-1.45946626746862,-0.794441000070167,0.242778520299493
5.44659574305212,1.65750615074112,0.418654911983507,1.55446310069355,0.417417202060586,2.58537660206701,4.61836924525763,1.02571040470603,1.4513073818471,3.80476164049858,-0.228890311156462,1.19497888312602,7.31567590412289,3.92578376760796,4.85679385674253,-1.12494325032308,0.0993616154600845,-1.63397177571693
1.66414066402121,0.696302863276676,-0.320669476224695,-0.798233285320276,12.3784585793524,-0.645096736309776,6.75934838432173,0.0363197996061233,-1.05417371234697,-0.820413688431371,-1.20371697501433,1.76902075478479,3.60815137198463,-1.10894283482539,0.289086183364276,1.95244065507952,0.779139075290117,-1.08825364099049
5.74796397268742,2.38142840091973,0.677921810254941,-0.417284750350542,-0.912681423444051,-1.77412529598229,6.07414245787531,-0.111638632604064,0.9181824706636,2.05206256341105,-0.103723583900531,-0.188763216708626,3.4375130540632,-0.323252151080099,2.86379017713609,-0.414873517470926,0.290322046539135,-0.738918694759419
2.915127332403,1.72327539668867,0.449415196079319,-1.1923024658086,-1.49678165060492,-1.85265050737242,5.83304246591844,-1.41673673982104,-0.727261962800283,1.07740422084227,0.938417971668737,-2.08381547252951,-0.354449670912623,-0.959313537078937,0.438513194156971,-0.970904708280896,-1.83544703127642,-1.54780470730973
3.45184574935482,1.11074535384898,0.369939636392788,-0.202088597244481,-0.865686643819105,-1.54895997446401,8.00528763033717,-0.72360165607467,0.389163745219786,1.82256596738341,0.208568534653532,-1.08219424639679,2.01673504464289,1.31183165827136,3.31531764663383,0.795808789556907,0.0735256974563079,-0.783338200783012
-3.36564014509605,-1.41336188269304,-0.527080881131626,-0.826232676181592,-1.03183706707252,-0.287736825929855,2.49621016768119,-0.713182164759279,-0.512946956582792,-1.77747301702576,-2.34596204757794,0.879352573472318,-0.70786850856307,-1.59439931357438,-1.64779855297203,-0.212496811002038,-1.33789482721869,0.883543929664392
1.16156430109326,1.54332113846767,-0.298297860847139,0.445287580796012,-0.528530006752497,-0.768759161099312,3.59067772460255,0.546684811686943,-0.0881398409716758,-0.274152353553461,-2.1568160533543,0.887937769931433,1.01668190981554,-0.0015698722029496,-0.884347312281112,1.61969058654537,-1.12265575942486,-0.205391485150064
-0.0299086330199252,-2.29437365197801,0.230239169654124,-1.80406952440156,-0.348953319686177,-3.08707941905364,3.07094335706867,-2.03745291089618,-3.68996297825172,-3.24190943368433,-1.12280706705712,-2.64716359948368,-3.20803025471739,-1.02154316796719,-2.47163737415791,-1.2104614911981,-2.47264947987142,-0.481759491311352
0.303325570450719,-1.67521333986757,-0.146883975490655,-1.63392632100372,-1.21581187428291,-1.7818297405624,2.31491334473326,0.793999362415205,-1.94641630132162,-2.54919288640369,-0.848953600131775,-1.40660984118765,-0.425740640893285,2.78818068015336,-0.0895661311775912,1.89981825292508,-1.71543778459217,1.5675011858825
5.63844487639259,0.171103426815335,-0.454082579387838,3.41728233454741,1.5026394210697,1.96210786652167,0.664844183117891,1.08028683618944,2.54648135388146,2.80431340530103,3.44843684974261,0.340274183947502,4.44281298849803,2.52180678166372,2.73771216097479,-0.486220931097026,0.381749002747827,0.249060960124914
3.15356603767129,-0.307653445523161,-0.0032005874390406,0.905769892636284,-2.13624380137275,8.39577304925022,10.8432106946922,1.21922642984616,6.72193529789242,6.83940646922303,-2.24033553071252,8.09401085472685,6.88480612296149,2.04626805685801,2.417489054784,-0.69545816213878,2.06008457473088,4.26275139783117
3.38408810179531,0.828528782867908,5.80787520247892e-05,1.19062241140241,1.88792270878237,0.662223794363176,3.90060816256324,0.0066492056400635,1.6945460020271,2.24037116935355,2.32814662105161,-0.33142400405211,0.837761121981426,0.914086573524069,2.8513958690884,-0.413578253069135,0.215709030187283,0.496918655596308
5.4970499808233,3.37856607774572,1.79374661588603,0.531083091389959,-0.918187114280478,-0.440833284281756,7.30237055426482,1.38502480120991,-0.0477442839178381,3.28425010604232,0.134617814298152,0.512498424337518,2.74648299330983,-0.304152850743011,2.11807423162487,-1.08139091822627,1.33402335429354,-0.767990741559217
3.73926563073444,2.27976046015566,0.774247306362597,0.0498980804995932,-0.0058509516433045,0.232269661570109,9.21385197144208,1.35771837235304,2.47770675635248,4.23027383598391,-0.267509471207832,-0.580230316691111,2.69084896747317,0.780281216612344,2.97815685375594,-1.0989167448042,-0.363695045760458,-0.587181452839387
3.46749659691115,2.4708347674305,0.381242996257195,0.975195767937379,-0.257729812898799,0.317085406605194,8.6494231373929,-0.184982859107594,3.65512482722958,3.91264842985471,0.084116492749659,0.285217849204262,3.65160354901447,0.517484462476778,3.40704244697696,-0.573612389584501,2.03552921743754,-0.497544087105025
1.37350863838696,-0.61222366790393,-0.818633554322205,-0.352074861532831,-2.78892904540645,-0.764437122635666,2.79825179440803,-0.787480598829976,-0.605613026289753,-1.90204717798211,-0.172679588984889,-2.35410196904383,-1.2522791209014,-0.550056324022565,-1.21057175539658,-1.26250457473961,-0.88308868157684,-0.762193340155183
1.07136575048264,2.83318976036097,0.463609372706794,1.05110199897604,1.97491766591104,2.89440990894887,2.45144699285148,1.1328215973613,4.29241648922945,4.06797287106629,-1.95733657465788,5.06064274092884,7.5466876177726,-0.495909987164375,4.31219454190021,-0.508882039841548,4.9782390846857,2.30510563161099
-1.59929602412926,-2.60472333408631,-0.81072067218509,0.825421668758642,-0.96871047981042,-1.55834220605976,6.34339311823095,0.324613950524596,-2.72242488607651,-3.04371203942871,-2.23872895179733,-0.272549006075222,-2.1361671978316,-2.15858077036877,-2.41742182461801,-0.859266798481108,-2.10101703039962,-0.336781878490621
2.24760118799556,1.47382398958909,-0.790237804476715,-1.23186346088814,-0.731534467692993,1.4515596878196,15.904416901781,0.294499976693409,1.21173507447276,1.36305910799383,-2.59208616167825,5.32270034335261,1.26653812527965,-1.36577466252986,1.48380385391242,-0.339728630497775,-1.18222246620669,2.03280307429289
2.8090561942954,2.21362668212261,0.647180226870991,2.06434880421733,1.44272946261523,0.159964509649377,6.76893505563911,-0.0766145920373754,2.38240738200888,3.43555567992521,1.29700927039183,-1.07835665196008,2.22386800884339,1.22914442153494,2.52878644476356,0.57458711827642,0.105632045328004,-0.946037336074898
6.18171575540858,2.61894434291266,5.61143671006305,0.803944467563687,0.0006875346674976,-0.228965033665563,8.6157460438628,2.68597098887071,6.93601526316527,7.59964121930436,-0.425769836039352,2.08954087541744,3.54022408398308,3.89736533194971,8.17027024161815,-1.02981091819336,3.86692453933879,0.183522418437421
1.12693867741523,0.660079543343262,-1.04642961010166,-0.690424003560265,11.7813506542755,0.552810510044859,4.82039775000744,-0.9235810264446,-0.791514737683832,-0.219399664006263,-1.63430326933686,4.97419252425919,2.04755686972773,-1.18114047854805,-0.0355666579329322,1.72537801598924,2.2766615862868,0.821197263058622
-0.280814815617278,-2.03216306928099,-0.587753247392412,-0.810653816939846,-1.6624994367795,-1.5281102367286,1.65275746951407,0.0994741041633398,-3.49963121757306,-2.10670085727482,0.309222702642529,-3.05383633446977,-1.72629526817977,-1.60618005788166,0.366563521045907,-0.747039973920666,-1.97431953134791,-1.38095765208374
0.679139766323577,-0.515184214356314,-0.485125267831481,-0.311559283850392,-0.83766219552902,-2.5101890142593,8.51013732477102,0.390508099889454,-0.673117273337727,-0.368372367997294,-2.43526985313239,-0.224680639440531,0.503776399921197,-1.00211298958143,0.227019316464646,-0.190668794804739,-0.457825334182709,-0.437757386966021
4.16861948574391,0.536380718910336,-2.26278397156579,2.06538128957031,1.96166244726517,-0.349767413484963,7.61508443980881,1.90474458743455,-1.94952299970316,-0.120044108952561,-1.55651197742621,-0.939369906928367,2.37465720819581,-1.72329000080085,-0.0510994970719074,-0.613776479089477,-2.44271779887709,-1.23833457855764
0.0155573090179564,-0.546603197346259,-0.844748085821084,-0.849280583796026,-1.35536055286198,1.37304938617317,5.97777204899843,-0.415715872281331,0.615243308952896,-0.225280803901229,-2.25726247251999,2.88118506015926,1.09757036763324,-0.973871663260175,-0.607474513473566,-0.05895513077505,-2.37332054875,2.96007473146581
2.27524485337047,0.789067100770839,0.315087238420006,-0.694270260397109,0.0635962569528674,1.15225848415446,13.5340606081718,0.639148270480076,2.43391189507916,2.86993183758755,-2.43010912893889,3.29134404788211,3.16601810609059,-1.44473951133922,1.4256679675857,-0.488141942815309,0.355295713055613,3.93309670383529
-1.50810864844024,-1.40417332150131,-0.611421731761028,-1.37109799287554,-1.34690486146698,1.85481182293654,4.28331488916482,-0.818264676417736,1.0901240762745,0.479722661842388,-2.33850432669243,3.98563176288047,1.30018939854827,-0.471190239268164,-1.56646994644483,-0.44667092345589,0.0041421264380598,2.2560620973679
-0.0493758792239164,1.79012195622189,-0.129122777525506,1.93269783629574,-0.645953016486828,6.25217188472617,1.1610597271268,2.29639618436439,3.87789098051011,3.843501853725,-1.42607132220379,3.28791218310444,5.73657374489595,2.99681841780985,2.93775943139369,8.01377257205765,-1.47160404688118,7.30227191485422
3.50217821408635,0.255116889715719,-0.339620095879187,0.681795530585541,-0.214910598299267,1.35239180953838,3.88724590655783,0.100011156904785,0.488117955963982,1.8424502221356,1.9456974043864,-0.648481761255201,2.78997128455614,1.90397951549874,2.67640903833886,1.43657034006778,-0.0349790036605145,-0.702512138961078
-0.415041695690984,-1.72262843108792,-0.633786668893825,-1.13220223613564,-1.17006481591509,2.04141394969771,6.41651598522197,-0.549616579121304,2.61793293689284,1.95197379593631,-2.5622353851158,2.0109150814441,3.42441203650361,-1.10119562871994,-0.327329536955365,3.26594691584124,0.146767945296015,4.67073863717681
-2.38376246311913,0.125385656525409,-0.25558186455469,-0.59396415690718,0.618111184782091,1.06995876220635,-3.03367372969957,-0.274996696879269,0.598739549544297,-0.406942336541174,-0.944588443908832,3.64917516171503,-0.118848698297393,-0.250087947295372,-0.536167895710154,0.162974376075387,1.51534991499097,2.36586511389061
6.64329816935023,4.57367354006974,2.38665976099688,-0.620335005189037,-0.652902749024914,-1.76119859277519,15.2133504603233,0.868178018457802,2.3576720397064,5.14604230818086,0.805338771809028,0.707300040778607,1.63685650453649,0.330044193183059,4.04461549196266,-1.04569010363593,-0.562674193847756,-1.27297165321781
-0.643360697273671,-1.1605717371445,-0.252962015184292,0.232630491247757,-1.44552839551184,1.13367000904684,12.3336494464881,-0.354278581652487,-0.236407830130286,-1.30801047556988,-2.47490017858917,1.57201132815959,-0.556758565956067,-1.98752487071543,-1.06174149456269,-0.605180522652915,-0.834006241189753,1.4419920348705
-1.49104224649345,-2.82474709969877,-1.22035251302168,0.601398737450703,-1.33994767776072,1.12989953385298,3.51655073228575,-1.35261700922513,0.198906452139648,-1.51861988326128,-2.22998328801468,0.310141582329817,0.40936549364057,-1.71626977721353,-1.89054959797544,-1.26884452460396,-1.24824857121921,0.266083421122698
-0.62970631869309,-1.24054687338687,-0.410616106033821,-0.669161465441859,-1.02036765802035,1.41699104993825,0.543498248222283,0.639083494594722,1.16927984400984,1.15015409948175,-1.61035410367463,0.0539443444699606,2.13218395772783,0.647797890344938,0.0062892155075314,2.71720143821794,1.44015425487074,3.61058785627239
4.45722230612841,1.58059960034696,-1.37364338942475,0.461771646228362,0.0483948733132697,1.78017817936845,4.85524279189301,1.08363074230583,1.43581076333058,2.19485836259695,0.071422789188546,0.602964238096043,6.90366409318515,4.39257739186047,1.83363228488313,-1.11155462968726,1.92653402204888,-0.382489565510047
5.88681202295144,3.24681664123493,-1.03493427022865,0.835679386960143,-1.40721227035701,1.36555838083963,4.74553580366832,2.97062286587803,2.3025912662372,4.18416853732602,1.27251294727181,0.0759448910683808,2.73198962911272,1.96157093647447,1.86266243505974,-0.963363083509031,0.63632947871507,-0.0590313360268028
-0.904774122735962,-0.25660882198925,-0.208538353879234,-1.13647538325792,-1.89095149952613,2.02259247363476,-0.641077956255252,0.858991188612942,0.250586733915316,-0.0814110660306615,-0.0459984158885587,0.805396443928539,2.25075834005938,1.34465280302763,1.73856634122239,0.469761623991009,0.884355341420845,3.23659761078108
-0.102700992989576,-0.847326875764644,-0.654757199640497,-1.12298148080922,-1.57204337947208,0.807359138184474,8.11087356986284,-0.577521251473828,0.257477591383146,-0.943550374169238,-2.85358420611073,1.22970578070163,1.02939085928976,0.350413415961736,-0.507282562778023,1.38158929994954,-1.45112536113571,0.551636810651395
2.35882295328899,-1.35212378337453,-0.743412672095361,1.90547259596396,3.52332284873923,-1.93074123837735,4.61720873973168,0.423114701823428,-0.750055436111554,-0.744832979312592,-0.475032564967498,-0.976920249828575,0.102373731096036,-0.800139961877192,-0.79073476468357,-1.23546852299566,-1.64396708524008,-0.242727584498004
0.688047600623864,0.965900931080514,-0.546763183267818,1.58128222868893,0.532969674800302,0.647255383742818,14.8770076231275,0.0093700257534235,0.913526781589863,0.489232315790583,-2.10743461253763,4.63941648293525,0.450607819736586,-1.73580021175202,1.07451542231184,-0.0388779284271778,-0.440793589295687,3.37121394624315
2.95339391008057,-0.197428707185425,-0.938856257242364,0.208413609433562,3.03522788651006,-0.471016461707889,11.0830420288735,-1.12825416032894,1.02465674046493,1.45095216339519,-1.62821338204609,8.25974444704965,1.42432817191831,-1.27083459873552,0.510396807819921,-0.305620972313673,0.735161720489737,1.75432223437835
1.64402792222915,-0.648320079790844,-0.507995767709992,-0.913696335483958,-1.55105734963029,0.127471940913041,4.86417949693816,-0.976352394520103,-2.86369018442588,-2.54942424889916,-0.645408158332073,-2.77866225935018,0.445883352801116,-1.32975272234856,0.044599343302107,-0.255789118842296,-1.11034320797263,-1.2848284543294
2.75715044026775,0.376394316399141,1.29226059087163,-1.02833516515927,-0.825083678164471,-1.4399255313767,6.17290523998218,0.0998434262567164,0.418261296021019,0.421275555684382,0.0916395788149477,-0.247459940412719,0.981993462499059,-1.02220375830033,1.10254104376848,-1.61727016962483,-1.33560322139434,-0.71310515531637
0.719283254289651,1.62084376936278,-0.284655375312123,1.11925504746735,1.97917821713638,4.32459115040649,7.26659412321768,3.53015069302879,5.42746651558223,4.12486911335062,-1.27101878786614,2.3170205025087,4.19998176110549,1.54913299299395,-1.18460352933343,0.445037829487466,1.30003184802094,4.5565638059133
-1.05374995160236,-1.15548357910155,-0.0703659319040038,-1.63805681930716,-0.991561720393829,-0.657494295565048,9.2464912751179,-1.67292558753212,0.677602405352716,-0.360446355615173,-2.3362027976832,1.29071175072556,-0.193372824100517,-2.02650721476228,-1.06477869156439,-0.808621713686339,-0.489876050167084,1.98829316593579
4.61872743325091,1.94584461414182,-0.677875755316725,1.25536478310261,-0.320132091624105,-0.685658669822596,3.12820084619038,-1.09180938043839,1.79731577771944,1.92132639055631,-1.67972616472892,0.289085977494921,2.11432180738381,-0.256633360430883,2.30736177151255,-1.16471294850146,-0.899820768453914,0.149889679065637
0.915490725016686,-1.70887608693883,0.0648152865539639,-0.314685512995879,-1.3818729464451,-1.47101832447695,-2.25684377285522,-1.47866682904946,-0.351599565189365,-1.06985897972706,-1.53918960967905,-0.0398169279766344,0.515191336231404,-0.301460111556906,-1.32181524857678,-0.622329359145443,-1.8279243158276,-0.804604528266485
0.102589668000946,-0.867935559628077,-0.576241327771066,0.420275481517546,-1.50036812383366,6.28119545089682,5.51516633939702,3.42943411952554,4.20312647012251,5.1118666111953,-1.69320930355211,5.96251460631512,5.19698471402719,1.67793501246663,0.445992263170218,-0.112735748839936,2.89531851600589,2.87879213953093
2.84797066919301,1.42359634951745,2.35376937019635,-1.4884192163851,-1.21597004253297,-3.16247534809537,9.78537095588259,-1.72697837149776,-1.14520920475207,-0.311740529582122,0.237331077203137,-1.04078941277077,1.0239795758317,-0.910130265700861,1.12078708082716,-0.858429072083664,-2.22872079016219,-1.30618760631529
-0.118472412646399,0.0148241526008949,-0.609795552157432,-0.144173283449492,1.26110117488425,-1.60730329096686,2.75703803353317,0.174291956275596,-0.475326518443333,-0.412351525135671,-0.552458360809945,-1.38953020462074,-0.988585128959881,-0.289446819014334,0.935140329150874,-1.15737835753013,-0.912442777089069,-0.549726806089651
0.79384932962084,-2.07242985959477,-0.207401441975295,0.252972662716468,-1.31682084545931,2.4081211404113,9.46914064103089,0.31650155058498,2.01446214359439,2.43438781646185,-2.69599541628912,4.55763579741185,3.31181295156023,-1.73843026256196,-1.4048322644615,0.615559585251578,1.09563130975472,2.85783566154932
3.35948654576254,1.2287031875,0.0828113557506722,-0.138496764973482,-1.48726501581613,-1.13974268544949,2.71173379129441,-1.28340763358828,-1.00320098473455,1.22149839413011,6.41899326535357,-0.0874007690970514,1.42185971823877,-0.377657612309578,1.51934393284533,-1.40843572736024,0.442317391978818,-1.69856198937055
2.08400723433049,0.235505615878087,-1.47031348422676,-1.60095817615601,-0.0619912592105342,-1.79767912791137,9.40446825658933,-0.697464998872605,-1.27652838166195,-2.58363210708735,0.467372640473846,-0.94776567662528,-1.1186327851056,-1.17721537832164,-0.545747378546723,-1.08353730688514,-1.36213797258324,-0.720970579760406
4.5070670794022,3.77917138926435,0.899143554343747,2.18305301169151,-0.0528657366406379,4.87262699845222,2.97621150862997,1.1189178313915,7.88570165698283,8.99636935426342,0.594331193557577,0.648825560118628,5.62704898778899,5.36840963356982,3.64712245847658,-0.507954328942161,-1.45265905865588,-1.08190134778578
-1.16817783122529,-0.0089691269986206,4.11399548945965,-0.206307092218799,-2.20630495494006,-0.764980230664436,1.29864384286384,-1.93363090484209,-0.700483107397807,0.583428727430465,-0.785797558671225,-3.26740727335463,-0.658840822539522,0.170375045844189,0.0556681180958101,-1.1805216207411,-0.882810529969979,-0.829989529010648
0.362973455648638,-2.63366822335067,2.79676647200433,1.03635686044839,-0.856627431637471,2.56423638497322,-3.17134505352935,-0.358522198953895,-0.431924679977296,0.126510371459179,-0.611027711657676,-1.94563897343136,3.13699047276935,-0.231813884276185,0.273094862885039,-0.949366275240108,-0.954661773442722,-1.33604832744274
1.9268511094654,5.65327793476151,5.77170832802086,2.20405697427343,-0.084441218045083,1.97190619218964,7.05648031932483,0.227242123785172,4.79277109072832,5.79138348622039,1.93046480201964,-1.63388683678769,2.39735390767525,-0.393639325446804,4.49485780006997,-1.28099709236774,0.644652060864023,-0.953994337256141
1.53115547349426,1.93921544419437,0.198621544042387,0.722508886126319,-2.30755238175068,-0.0871243827696171,1.40617872259615,-0.985785461388004,0.592370548467201,1.34049311828312,-0.967266774128582,-0.164864467957457,0.942772313685373,1.20669047460451,-0.543180594532201,-1.27825925648215,-0.820218558651139,-0.941057186249699
6.16912818346091,5.54861619668464,1.01552553617771,1.18398383068245,2.30728645923494,0.729939463061196,8.59160519276622,3.00507253184003,4.0993465634472,3.84848161055539,0.25321408428983,-0.396812253980531,2.46386950105589,2.27497039742921,3.16541923950069,-0.0984682159556683,0.719119654437674,-0.681901349406592
4.73807027269628,1.77854157102486,3.48517580355756,-0.317583549312056,-0.967594372780149,-1.83020041332259,9.68511240765395,-1.13938309713345,0.305652032788816,2.04360022361324,0.241178905723319,-0.644673330904538,1.04183203905195,-0.745644825502451,0.929261323603344,-0.417546671441029,-1.71694455787572,-1.5603923350056
0.117752889612797,-0.411494977958471,0.0475851010648588,-0.128769369609416,-0.424540144552064,-1.07070684797113,0.10950319073538,-0.434895261742542,-2.39884805860062,-1.50778093040141,-1.25513188854262,-1.33631194533497,1.10690588587725,-0.0168927882191686,-1.3786216531505,-1.81326108201631,0.0584351533899669,-1.52882101658795
0.0704831568575671,-3.00185542579279,-0.0941785764705279,-1.02119423808382,-1.2433320858856,-3.07012416661972,0.125436524138828,-1.90477536502207,-3.51591885643034,-2.68681435071091,-1.59406369428468,-3.05671149111681,-3.39469719555024,-0.189268375149367,-3.13524361044909,-0.946864486187992,-1.78067823692035,-0.685755356674916
1.98661417373113,-1.87888591943729,0.157851597386843,-0.303613622690453,-1.3137353219995,-2.85539048543859,2.3444453568689,-0.856998590402651,-3.1800433886193,-2.6596505907318,-1.51784021705494,-2.26399597126184,-1.79415268510798,-1.49913417330234,-1.06416371274923,-1.04363695493929,-1.79257500017669,-1.27746991464025
2.95791985157714,-1.0622240097821,0.128066843620545,-0.741252417651973,-0.359181047380388,-2.98819715905036,9.03285672306465,-1.15506155851505,-3.66843739596005,-2.91215017332121,-0.165642757394115,-3.1506423613167,-2.1194811543948,-1.23734296877303,-1.98607559219813,-1.70457019659753,-1.50176005601253,0.122919517509271
3.91049247263693,-0.0529512578893553,-0.581005828497711,1.56689552249899,1.39381567710539,-1.10565199546706,5.57241929440403,0.316357205489239,-1.50772672098133,-0.337630102833836,0.568494127914385,0.0880003657829996,2.17308318847738,-1.72410217179296,0.578580595013532,1.41587597903258,-1.16981218554632,-0.37872303352518
0.545070379211725,0.728641421004735,-0.371571555236466,0.230367984277278,0.747258791328069,-1.87325343605986,-0.178592962280774,-1.21231362508639,-0.455971512840544,-0.120093127225314,-0.394354869886258,-2.63549263322294,-0.0922172897673953,-1.70455469419331,-0.244746222199559,-2.06230912441516,-0.650280086418939,-1.38896309395137
2.15849509816271,-0.465642668049489,-0.0492443326815792,0.481249258146013,-0.652222341133356,-0.74239811584301,3.95973563860008,-0.295285485805054,-0.490465331756014,0.0512290483856729,-0.236710490771206,-1.44417769168367,-0.359986367392156,-0.426501299895476,-0.908859965955705,-1.15259608366163,-1.43693937647127,-0.740579428033162
7.3662833789147,2.62683723009758,2.97921717211943,2.90210769263343,1.45754863312569,3.11667391937684,1.27767564379358,2.13112514866357,2.88093108841357,3.86244020833125,0.0856741304849028,2.9624968377617,3.3824483123215,0.576951825564232,3.69657978802843,-1.22882246767488,1.87023864633443,-0.675245217985226
4.05812752791943,3.71701205359233,4.29643310055615,2.38836473277369,0.120350138181531,5.36131527598481,1.40243872350639,1.30778704203942,3.19008234850701,6.3667540781665,0.239852157901341,3.47387038322318,7.69389353948607,5.97003241816797,3.57519291947102,-0.843342616398192,-2.55188296873995,-0.859874850912611
2.78593243040144,2.52658232987352,4.65568592579208,2.3113042055482,1.66293305368507,0.817599260777881,3.75362749626371,2.11457118054902,1.17097262549704,2.1151266291235,0.312411793675453,0.0373771915741262,2.32748118305364,0.443101080828178,1.23309410333005,-1.13283125767939,-1.69132261674176,-0.313658271492276
2.46705407382871,0.367849593008754,1.06844912041928,-1.80312515090794,-0.771190783151893,0.526082125876173,7.11981724708262,-0.373677754305393,-0.998659906931913,-1.47598005814395,0.46426340553327,-0.63062205516397,-1.20705663195342,-0.78428047181995,1.22715516066688,-0.133397248607662,1.07698734792046,-0.190262657467253
2.69442749740491,-0.763947774602072,-0.935648192779916,-0.136590421866289,-2.24038413698034,1.34354484777988,1.37906632631156,-1.5328939791927,-0.841605368024457,-0.569254617492344,-0.591287127490662,-1.31524100103273,2.90477913911433,1.28539648603716,-0.132644475166142,-0.812543450370514,-0.662609334122491,-1.28724734880024
2.74249686388552,0.941723054959801,0.536086071157863,0.415517545810234,-0.407116143759033,-0.776047381340034,1.6842138203116,0.51198517825203,-0.22401363262647,2.44658561944499,0.0069914559495565,-0.632085560900177,3.36014367773254,0.409223836237663,1.84044932071699,-1.09410060724872,0.696469229323045,-1.54550871081994
2.89018395102779,1.06671703291991,-0.971554569958906,0.479504620307824,-2.81748546996947,0.219955138528459,7.6051797637958,-1.23882534031712,0.976245173488115,1.2202600144093,1.62099144733189,-0.238264321683059,2.0156071289482,-0.721886429284013,0.0655910410699928,-0.625102104331003,-0.980970570312141,-0.37210502683084
0.847545737744309,0.0207275600202725,-0.7828591408934,-1.21449247816432,-0.333775155046377,-0.448304714154439,2.60510417388157,1.05934899772829,-2.9950618273384,-3.73953098345132,-1.08843353375832,-1.00087399754897,-0.303490791298712,-1.19579239370928,-2.30979269408593,-1.32780781382887,-1.37906921586697,0.424269364563893
2.42821589438211,-2.06637542999313,-0.541518004352251,-0.178109047544781,-0.549231023835325,-1.67128923398268,4.49097193055571,-1.00879246770806,-1.11254930626598,-2.6604612410272,0.977174334165249,-1.72697533631099,-1.04670358612205,-0.536019669069141,-2.76221794768656,-1.33318147587841,0.0263270636872364,-0.93922499202279
3.94269042509089,1.35512839323681,2.32348354439895,2.96580361436296,0.70811113276594,1.7774196329497,5.32276791895311,-0.471845925096884,4.07386830448776,2.84778361093685,1.36851648229014,-1.32921984602406,4.32932244097075,2.03790099017693,3.18545372702767,0.512716250020896,1.3193716720174,-0.288031126117672
4.00819833608269,2.22758857865077,-1.14538890310086,1.7255135078391,1.15421771954238,0.439244682977685,4.23107671590299,0.940764511167436,1.59797046360402,0.703156968218546,-0.0303366541506069,-0.549782913705847,2.7358441457139,1.46072208288252,0.551832592565088,-0.799517798578702,0.943125006797632,-0.713630281938714
3.22241971958375,3.98495163135235,6.61657514674513,2.85971937707667,-0.72997376668364,-0.405871434516217,1.48570295423399,-0.414478038655484,1.4575639185584,3.55282712267364,0.519807347923211,-1.39651621247327,3.29510899099918,-0.747232443894862,1.91420618765077,-1.23373091766477,-0.20750605275925,-1.48600541338985
2.31720502913015,-0.301661049243895,-1.30152356756385,0.242418145163274,-0.649577222697547,-0.25160558504511,4.59417662471067,-0.593859602289729,-0.818826740523884,-1.76394381208821,2.48250319920687,-0.635231522885849,0.770140837555542,-0.268403228080868,-1.09853426703385,-0.402155973830877,-1.35107132041957,1.3215263291539
4.640149114815,4.87811686030441,1.41078926238426,1.55891216248598,0.501111451796465,0.0735747544122888,3.67345595063203,3.95890608899809,-0.393076571585613,2.35465225985834,-0.152334139775079,1.63858427604161,3.66835128929749,1.87781433367164,3.55626894349958,-0.368766407028087,3.46631981119591,-1.30293550938177
2.57072195050989,0.695443194278541,-0.899673765396265,0.649564758675888,0.203959490592007,-0.748474563187802,2.12854877071128,0.516813592905038,-0.815914548033435,-0.108925465631547,0.519863664377808,-0.508336017853724,2.08115955069252,-2.23098098110226,0.192723690370023,2.0931517849985,-0.773970122184757,-0.235158752773611
2.65042096348028,-1.34944134688363,-0.171185845793162,-0.063648334320355,-1.86163513779664,-2.29843356782568,10.7046823400053,-1.31118845118802,-3.16132227207213,-2.39715796090795,0.168908290684937,-2.33452615812577,-1.67064376914827,-2.07008991312573,-1.34609204216862,-1.34606201729853,-1.67205960280204,-0.0488550658317348
0.429061671860494,0.181346717630756,-0.900825496547134,-0.273563225190869,-1.14527965247815,-1.35451699050028,7.29889754536518,-0.837488705830833,-1.57574415706908,-1.16729799546252,-3.35207506458209,0.565151085469589,-1.53556932402292,-1.65263224340424,-1.80059907094117,0.792718203453222,-1.66658373818597,0.220512053255789
1.3685435711968,-0.567592526896102,-0.0782112229504554,-0.113868937464556,-1.01213522511484,-2.29565053026464,4.86855887270692,-0.973104833851172,-1.80521009992253,-0.865267875539114,0.295299457932374,-1.91693299289485,-0.757711647996544,-0.954681165086136,0.409005928354335,-1.61430611484336,-0.338022224069885,-0.595029772081205
-0.664617091424069,-2.76957966907403,-0.810156001459306,-1.20014566167487,-1.41542716129906,-2.69205208301287,1.73033553500622,-1.5400139481439,-3.22690335400981,-3.80036134504048,-1.1466231193855,-3.85574837408342,-1.71100196112155,-1.6466490962429,-1.9683540012999,-1.77378343734451,-1.80359707304086,-1.5575338014991
1.16819993986243,-1.01359566430848,-2.1809731433109,0.0792893643999581,3.8444478000144,-0.880018048252403,9.40597254956355,-0.534387291343808,-1.01611611290987,-0.40080081971433,-1.66886322000005,11.6317686171499,0.900831595764023,-1.9424167635788,1.04403179963112,2.0031000963807,0.567352985314528,1.09468371063096
-0.0545484858410514,-0.140787257783946,-0.64147455655759,-0.0782930693012272,0.178673803115181,1.78319327015013,4.17060137560785,1.82115406356616,4.80365450158528,3.09029972037241,-1.66852091374347,3.84937195428319,2.50644535921729,-1.12498233319566,0.0556173867632243,0.447779349574749,0.59407207687213,2.79831581557574
2.87363517585345,-2.24722622351095,-0.732364320584503,-0.78687263654563,-1.89158739217813,-3.17680032383969,11.5513007499831,-2.02608206369558,-3.11475286487616,-2.9646753438914,-1.30134704451114,-0.585185490347163,-1.14962431687001,-2.43656359019901,-0.427169964838577,-0.742211442998288,-1.56244990100676,-1.80824936371719
5.53395546423685,2.41870031667034,3.20648844483931,2.24982965663939,-0.883339846373674,3.83960915998719,6.68764631272917,1.1755640028148,2.72054329052593,5.04418799875729,0.466681405170337,0.169240303519964,8.4711595483096,3.95230351407397,4.12132207469857,-0.744361082767881,-0.822401905377534,-1.2632246623751
5.14329787777872,6.45834616942127,1.54571261161971,3.0086363533567,-0.202844495962631,5.34538074656245,3.25456001354966,3.48470259051321,7.64589368785331,8.59589234069821,0.772032105337557,3.83970342842732,8.67634159079484,6.99398597279156,6.00013484273319,0.532300607630586,2.60967989241461,-0.107058125464155
0.585557420718614,-0.604979394562631,1.87571874353695,-1.10751067749976,-2.60985981554044,-2.26722221143147,3.40496955227424,-0.908013446515167,-2.17010310222646,-1.57221237884323,-1.28539636028424,-3.10857578780281,-0.275344073744384,1.00207193859637,-0.892969218614394,-1.55959084208473,-1.003592055504,-1.72447283891752
2.6633910053566,0.014024473847618,0.612111253772018,-0.510688730165468,-1.92899933802113,0.144198259828093,3.37606495065796,1.34650748018006,-0.734614083353535,0.601190853435342,-0.203960653494001,-1.42405293863534,2.48360044536292,0.743890117622721,2.70018696256718,-0.307561173582619,2.94326674311257,-0.942547299183764
3.45955754647656,0.0130782827709739,-0.461480523959146,-0.625003399609055,-1.51620817736163,0.36372580313312,3.34143247102723,0.373636812792618,-0.104393246353416,0.402791811417631,-0.834008239786759,-1.46184139945349,2.36506692711393,0.182503505833203,0.0324212872061291,-1.47778768464827,-0.241127396967027,-1.63032231193098
0.632146688508628,-0.130163076734154,-1.07841882215278,0.275381252437787,0.0910449044618357,2.57350389137757,7.13876889317525,1.17520518650771,-0.556276495072008,0.838854770161312,-1.65678503755217,8.29858466385807,1.86343596640481,-0.517260163468044,2.05772391803241,1.00054472082866,0.526052674672879,0.820570912865041
2.05897392405045,-1.71160222699042,-0.0026966664531791,-0.576988304746194,-1.8577014440444,-1.51936589600647,4.13629460497503,-2.08312456358099,-2.88452519926865,-2.12889506903141,-1.2732282545258,-5.15178771474861,0.142360638009538,-1.9154666150373,-0.519678073317843,-1.75767760432113,0.152531037162083,-0.314383427450946
2.30208073856284,0.304559804551716,-0.0695831127995777,-0.168952298222378,-0.698744699059297,-2.20835838090883,3.35469059244622,-1.29068435754011,-3.51114813559586,-2.45885756063542,-2.28592302173875,-4.12344712813881,-1.55661865405039,-1.34477744232135,0.0023839255141271,-1.27064386638497,-1.33002769070388,-0.405560807936824
1.55456585729906,-0.541639638444132,-0.194782927726128,-0.994051645582904,-2.00659294221495,-3.10368927864469,10.9682967186244,-1.25989370140127,-1.005457722235,-0.461558335976214,0.057694845628735,-2.91415205316929,0.647657717950461,-1.14687787999808,1.71058828437904,-2.08633906124474,-2.45336571277551,-1.50654144839208
5.56326164414654,3.16128644628727,6.73593017999508,5.7627535946222,0.162448583987651,1.41299636838907,3.88105374589493,2.08878229360755,3.33524667071088,6.01138490471793,-0.183081707556834,1.53087698154189,7.14879902096323,1.16229633016779,7.58096662433099,-1.05585279005237,4.89481616444657,-0.875270222437435
3.45414164175298,3.84459538008534,-1.15443227084238,-0.581444337889411,-0.283121481374277,-1.16995387628145,9.16883284722382,-0.378543126317236,1.29660308657714,3.50811767671623,-0.150955878381492,-1.69681476454952,0.568662996366492,0.953885900603581,2.87750267417489,-1.46591654626865,2.79228372234585,-1.07918756689478
3.30045595021168,5.79680008473473,-1.12553451210909,3.57517318096647,0.380615746432182,4.35581049650135,2.46761495315393,1.5511934261677,8.07881485246533,8.62601783988685,-0.271300287884476,2.20162873773771,7.20194285631298,3.73646507803346,4.63569341518819,0.25246715429533,3.15748597462703,-0.281888941574521
1.52572005601377,-0.399045618406198,-2.49750210441456,0.144777893696518,-2.05850858000682,-2.48784073086291,7.93164601525938,-1.21299411135173,-2.22257147865268,-1.45416208879725,-1.30174575414196,-2.70960210042796,0.253201584812632,-1.78458693536769,-1.73950235250796,-1.30299424107087,-2.10131301272524,-0.786176296090164
2.64962389501144,0.349813936412218,-0.0937083773002219,2.33767227646469,-0.277431684024717,-2.16488527118127,5.22646663533047,0.215294317669965,-2.33759547873066,-0.288230603602245,0.566068986447194,-1.4029936690687,-0.472907143573765,-1.1421602983583,-0.315220750158497,-0.267795493006123,-0.674218239186475,-0.522622677889082
1.02735439398637,-0.516291294810709,0.400970983361151,-0.219583135433814,-1.29807584913374,-0.419934222883024,5.24232216846954,-0.100422400640685,-0.425886087108357,0.541580789445195,-1.56537569175152,-0.699526048575705,1.55972558471136,0.169881104555596,0.121295424424045,-1.90580126396723,0.111177516167955,-1.36481347433974
-3.78401810216277,-0.597983879207761,1.04548621540142,-0.116923116539178,-0.210647860062677,-0.127945230380829,-8.60934139630103,-0.841503346067374,-0.397869582863901,-0.702509591548971,-0.0239196360229886,-1.00403844166045,-1.06758799588197,0.470625833529212,-0.854172539710402,-0.354361893122261,-0.303626792073589,-0.405138550994147
1.68631023528877,4.25913060823941,-1.87171679364258,1.8526561202558,0.109994753252922,1.96433110960964,3.84426316341763,-0.571938365748019,1.44609493106736,3.22815751700129,-0.498908722099639,-0.0860129613577746,2.76088729854573,1.00469159549081,1.06250051837206,-1.39734719072232,-0.543077373251034,-1.07848149344794
3.9023950126104,2.85894748582581,1.93755445318814,0.984320652858976,-0.535713169024999,-0.834310389865009,9.77087574205036,-0.50001341085791,2.49500579803503,3.94807961912569,1.28161408791267,-1.8065469313124,2.57468452661128,0.419393578675944,6.70343467298416,-0.926064740067399,0.121848406328689,-0.415992407349224
4.19921521785837,0.47413760856445,0.53576750026355,0.996246796502137,1.59064235252187,-1.86782218371232,4.67413836322816,0.0964832571073834,-0.593572957699307,1.76085211946684,1.06631518035107,-0.672317999711333,3.2497272710424,-0.301603748152322,4.89087750044942,-1.66294800341575,-2.21513133404633,-1.86287973910269
-0.273451656567546,-0.576643216994694,0.287148419605058,-0.490528814479253,0.0296381002187895,-1.20709048709431,3.95043934893224,-1.74078310267322,-2.70072599403911,-1.84705302286519,-1.49097374072184,-2.28574632745613,-0.672861517227094,-0.701222125085052,-1.42033411959709,-1.62502462536295,-1.77439557618241,-1.12886436563317
1.22899361271745,-0.153042710142392,-1.27924564847013,0.998211426345759,-1.15044871466088,-0.867607912852405,2.70103948052116,-0.427797230329328,-0.488956844136557,0.940424375726747,-1.41509921049915,-0.724636004383142,2.96073108565538,0.0317798030044853,-0.381483263976514,-1.58155324292874,0.351924740198544,-1.90115138152686
1.76832848910325,-1.23852262843753,-0.47243262498054,-0.890687306441574,-1.00285180443085,-1.95228915841105,3.05024179724789,-0.881434377517915,-3.42162879683503,-3.31440345829467,-1.09962700502728,-0.57771958391834,-0.35496149931008,-1.24873758234805,-0.591447394477124,-0.880317872410034,-0.771375130134464,-0.86151908978545
4.78844514810839,1.99695121151618,1.67999655131368,0.282019204854098,-1.39841603027254,-1.19496419249098,5.46766043269724,1.31822239427598,0.707914130214447,2.98166545301943,0.110111637232496,-0.182839717368101,4.84736500532968,1.11258073947644,2.41113579030507,-0.824855665753904,0.215831657761591,-1.61737203573393
-0.222753026153544,3.85829610544923,0.0319345882764623,0.99386837582675,-0.693213589909624,2.58629384610638,4.53917811181582,4.43891372870526,8.20469226553342,6.27242393977233,1.05285945488581,4.25571871242824,4.44566828968715,1.36343029337352,4.19121610912982,8.05621641318643,1.67065797392028,4.91580092881274
2.19455796685799,1.75152709391751,1.02990785978282,0.689513637278052,-0.978034879233081,0.400403406950799,0.699554772825876,0.152799801021986,1.08160829970508,1.69867900586061,1.07542041951202,-0.331741232723682,0.734865702748264,-0.686011457966588,1.80878843443577,-0.831190618955645,0.24157814946821,-0.836690755000804
3.00437928177862,-0.786011754476608,3.02527819781418,-1.23083695758577,-1.68795670766323,-1.93746870433021,1.79103916018826,-1.4083036578352,-0.793458989326976,-0.922665157320303,0.563284065072694,-1.53757692283329,2.13583335605922,-0.283402226487376,1.62297109929971,-0.84326295749463,-0.468460647265912,-0.980274124482397
1.16415701847608,0.921582615586506,-0.320469250366716,1.35957151420027,-0.740733381951592,9.52640254338367,6.66656235126444,3.80567265184555,7.55339606916466,6.61616962187386,-0.93958718572312,8.3277604340415,6.81648980274326,2.22179064717244,2.13661611619686,-0.379771751627511,1.37617547418573,3.20683392019654
-1.0072674693967,-0.528373061199845,-0.66947443957761,-0.302719221919759,-1.52169874140147,8.98953024849832,5.10940541824468,1.36620029671145,5.38871755435622,5.41873945922891,-2.04698404767453,4.59092846341621,8.2614660281216,3.04876480695295,0.515784708270589,3.75995657425838,0.65199072654176,10.7098065087896
4.64429639398394,2.05778154962274,1.47732185934036,1.34699428297447,-0.604411227040019,-0.740730583180881,10.504087677128,-0.116230208664509,2.00856703839578,2.512243515773,-0.604296719569164,-1.00225791449749,1.11982881959669,-1.42244225959668,3.81441291065475,-1.27957042380286,-0.0073153653585712,-0.275060280652732
3.7940250581073,-0.747849479260987,0.903501648736698,-1.3038347130086,-1.18502824009181,-1.40944243859935,11.8918640097453,0.635256960891687,-2.48833660286645,-1.75776928779652,0.641993758080582,-2.36962865305269,-0.898876734259711,1.42559366416428,-0.388833129348124,2.35670080422138,-2.97361110655868,0.474406413744601
2.41334747574707,-1.67682730963723,0.218312040845834,-1.13599887007465,-0.457580032118166,-3.41586657253963,5.59479516118035,-0.735280118580018,-4.37876719848333,-2.05244285036882,2.11927665145707,-2.99334964008205,-3.05248968595954,-1.77343347390082,-1.7883333163245,-1.37879431081117,-1.87738052335969,-0.24245143547924
-0.875554938663186,-2.26449613578174,-0.751323180098535,-0.177193555477163,-1.39276564478816,-1.30590319534057,1.36822670393865,-1.38141414986284,-3.17894581704511,-3.26774665468454,13.0665853502417,-2.45885751711363,-2.47853804208523,-1.077535613151,-0.748789300258033,-1.22589586544782,-1.27500653407382,-1.15550195840243
2.94855593407234,2.44149758616802,-1.58231085038927,1.25689260247389,-0.0931099758449637,-0.294071832416217,5.95364027091833,1.25701392440323,1.06435805638354,2.90915285816068,0.251757781287131,-0.910118432482563,4.02424219858096,2.01936710805797,2.18123928878992,-1.26051724665855,0.194884193945966,-1.36729052224668
4.1469334283178,2.86224517521113,2.41633267819465,0.320578896940764,-1.04746614443148,0.55103662180761,4.08824163916942,3.83387870320415,3.56557019598237,5.26497846872583,0.559228917227625,3.40695759327599,1.14826015434651,1.02372316113889,2.33845510004369,-1.38507367825209,0.735878264056521,-1.06918868041467
-2.74444498213181,-2.92486865501828,-0.899066427930612,-0.717122356082407,-0.730848241466026,2.55401144182263,2.24132047232935,-0.726225775298792,0.413134274115015,0.245738271556832,-1.96698131108502,2.52241561952588,0.669641572357818,0.120251564052802,-2.76925708340122,-0.557282246188964,-0.0448650878071056,2.5379017552307
3.15653769265497,1.18143478393445,-1.04775694958367,2.3890009115465,0.328093823935609,2.62730496357913,5.53323796589368,1.6460694116461,1.70274299615476,1.11395967534086,0.784517889110211,1.68144349319365,2.91697364370921,0.132036472410957,-2.55335643591572,-0.20662573021025,-0.628065351860691,-0.677253267797765
3.52542103521004,2.50650154692408,-0.110094681497056,0.916223497652622,0.512320829579306,0.6718400903338,5.79714533508362,-0.640404401958799,5.9534881993595,5.72049442364343,-1.31026930930814,-0.136548518714417,2.61333439810232,1.33921289371559,5.38211750864387,-0.84824067198763,1.59961575922758,-0.516607646905927
3.26212809482542,-0.223827466370998,-0.430140115651603,0.0394232249743624,-0.697238947785764,0.0425298610142901,7.23516992859261,1.82417315785099,1.79082411661067,0.876069912680927,2.55997680048763,-0.956865069551807,-0.116681470231266,0.249313712554636,-1.35391266130915,-0.56999868921649,0.391634473926871,-0.648553983192896
1.91230599855705,0.316949307461138,-0.201530414175369,0.835678253913284,-0.291656737461017,4.9680799520945,7.09608382937611,0.725668487725599,3.94525299768647,2.87558578938623,-2.0340267165144,0.714503436843277,4.409456472724,2.44203644523319,3.32083783097006,5.65308055793279,0.824914782343941,2.44106443998243
3.8471292037623,6.36354471780854,3.37712919507711,2.31217342658987,-0.108184750991933,7.28855250710739,3.52521400448936,0.103192989343755,7.20339503640407,9.09854562504681,2.31799388052845,2.54898998999215,6.18380365063898,2.67424837536728,6.16715627068543,-0.5526480231111,0.477598887396819,-1.08372054531291
1.40174854897582,-2.93948496178088,0.177985457684119,-0.973964685978312,-0.883363424279661,-3.51905742023887,2.64875397640327,-1.52028466270987,-4.08930591759928,-3.02253588824706,-0.240884984828516,-2.47125273175213,-3.25524458582916,-1.29061604349473,-2.41417294618498,-1.04201526400131,-1.17357522236585,-0.2744277211264
1.27735241669314,0.850902380889684,-2.83191534233007,0.5719248421713,-1.17730183876792,-0.710024618868994,8.8337234928479,-0.452473963660507,-1.2362454395695,-0.719688264529686,-0.906163324958929,-1.35627538623652,0.709059088541779,0.602394038443597,0.270022663637595,0.875722953042168,-2.36276761972242,-1.17112207782536
0.824276987587282,-2.18387117345153,-0.715079526823145,-1.42876081378906,-0.724095333763435,-4.04462668553772,2.18946094393764,-1.2763375165921,-4.3041684253447,-3.67165259862233,-1.07107916431249,-3.99909122711414,-2.13230037316218,-1.20041663518682,-2.40004615122879,-1.76794051625094,-1.96025469154624,-0.861001038508366
1.55301972997605,-2.31164179034862,-0.377339429364714,-1.03960194338734,-0.467921075434408,-2.70435254254869,0.0161119990015303,-1.67971172306671,-2.89381408264319,-2.76630027040626,-0.654061920354593,-3.21152227262301,-2.7686096491598,-1.50246242386918,-1.504606992887,-1.66492098091363,-1.09441356106506,-1.32229338654341
0.909756124264641,0.26660245905218,0.419783361431215,-0.152862539243844,-0.324405657095407,-1.29576229561806,1.24794261144675,-0.70211944963723,-1.63976452047944,-1.14436191350757,-0.494955458777696,-1.73046852100966,1.4563632105089,0.996513551362048,-1.17594276996133,-1.43984559256863,0.238541167259749,-1.28903892698725
0.41667708175787,-2.80628896439591,0.478147428699152,-1.50623378393093,0.158140380056483,-3.62298573281821,6.49917378280242,-1.98028330480305,-4.20761831800569,-3.08567249705504,-1.40204582016138,-2.56068790006598,-2.00318426870723,-1.43582091838033,-2.04139102101281,-1.45221702847682,-2.14120814485868,0.653085230191813
3.03594026473676,0.196364464787709,0.451089155090108,1.69292694865312,-0.810279901760474,-0.0184750734736541,4.22093079836085,-0.470417216736036,1.96111789656906,1.85433280871995,0.590777541700657,-1.56119134904327,1.62942057854453,3.5032276419046,1.4622775692265,-1.3084151141187,0.293763051187775,-0.853584385003188
2.66636425676763,0.938124685629358,-0.171097214724612,-2.69745443009485,-1.17045445843351,-3.37579050359025,6.66577265948998,0.377216669078096,-3.37044382088622,-1.93521815607702,-0.466454344507163,-1.78947096135928,-0.529893508201083,-1.12936099568507,0.378382180182954,-1.54838997901933,0.528225689089194,0.0728695832499123
1.90818978646408,-2.03051743154482,0.581827227854234,-0.351850605561687,-1.86292575926495,-2.49512657275732,4.51041545022726,-0.361553843866226,-1.26614303757403,-1.8309948342367,-1.20281251054033,-3.30331965682731,-2.08159647541295,-1.27462692986811,-2.27682018763386,-0.42436901468221,-0.497723470259602,-0.632780161316906
1.71476390554906,-0.121606052349802,-0.8865127925132,-0.535517057513099,-1.59277973107653,-1.30107380815014,1.03793681185697,-0.902535605334972,-0.089422128594774,-1.2271234062824,1.45346875631014,-3.06966775564025,-0.641489049117024,0.104750977867094,-2.09540995551154,-0.206139768708697,-0.800022281242493,-1.33115408916906
3.03667708265399,-0.385975814112523,-0.286937050492195,-1.42862421884795,0.173161808432239,-0.73869171669592,4.20962810783132,-1.0739944818853,-0.74166120234003,0.0782621115240518,-0.457468325726911,-2.14640748562505,1.0447980167706,-0.758580735985173,-0.0018993479339349,-0.935285695931773,-1.10128712447203,-1.20821769206444
3.15853344753041,0.804157790965382,-1.51260636701964,0.0616679695633063,-0.528990222668158,-0.698706963329689,8.87114151308445,-0.576326269067967,-0.697973467414175,-1.70193438593918,0.73030553285013,-1.07020227830204,0.0628959620725413,-0.172799815667168,-0.511602070451136,-1.17257846772351,-1.08564903760222,-0.550901049897519
0.721638293255784,-0.858503980817777,1.40253956618843,0.892206568200015,0.724502010608095,-2.52924508864983,5.13891547321575,-0.972965269077318,0.0794151952904829,0.188690122359364,-0.204062897054445,-0.735343500575572,-0.782123759592386,-1.01278335347036,-0.614292231029261,-1.41503839070227,-0.624154218047006,-1.23604523517617
-2.56502680646279,-4.38886557385926,-1.12537440176355,-0.63444770640491,-2.58442946129799,-0.594009120431662,-0.746650313965432,-2.23086684878337,-0.666945950872645,-3.22578949779794,-3.63782006463365,-2.83085035003629,-0.843966556253428,-0.943133346295573,-3.86097647931343,-1.33746139311957,-1.76609760638642,-0.807754042425818
-0.521992860204007,2.19380763917153,-0.781193258665596,1.48983969900408,-1.3174310542889,1.45911467616867,0.656534627609996,-0.285624576294477,1.68198966441845,1.62278465556051,-0.835323483995328,-1.33737333241247,3.01814036462194,0.268833926458656,1.00775978926446,-1.18534228559724,0.418125472014376,-1.21608576635757
-1.15154776643688,-0.374060240887867,-1.15475085439313,-1.25450522659664,-0.889912982401879,4.65380380305796,5.2153897847385,-0.167932232029731,4.08915916828856,4.59428063790229,-2.16332327618323,3.21587474593546,3.34358798281482,0.516643199352814,-0.701111495114382,-0.711523427403528,0.293018567030105,3.14013643242706
1.91222284381921,0.06453251138021,-0.702835352203994,3.106534131488,-0.284798426120288,-0.602244706885357,6.44667600569992,-1.34057621564003,-1.09487502946967,-1.73246473244232,1.59726486280495,-2.52407393235172,-1.03576015206742,-1.33837484570812,-0.424313770662714,-1.07919753801983,-2.02638257086573,-0.633074540555323
0.817861133999173,0.182885651493508,-1.0569090587973,0.704722798844828,-1.44997590734277,14.1152752811604,4.37240468237551,2.52029861595422,8.97052847986301,9.1366601531306,-2.02745902924076,7.1325897324976,8.40241281359314,4.97886434016299,-0.308581561956058,1.39133055555482,2.45072713540267,5.81292302360773
-0.287285885898019,-1.37428899780443,-0.956388801439475,-0.838104285014228,-1.65169758888688,-2.72195240807312,2.18892591476406,-1.71089213721834,-3.78789279010434,-4.6731315413043,-0.515195955400127,-3.98996345823373,-2.32854419726316,-0.572994120942453,-2.899706203958,-0.853669148964615,-2.54823572117804,-1.12426147336422
1.5522286875914,2.08959668507531,-0.0600921817538989,1.94170858958385,0.781094122046984,-1.4029293846227,7.34321719617385,0.427511665574327,0.832642094857496,1.06356899032893,0.0398702521420199,-0.616811499566297,3.21708446147654,2.32411195397774,2.2014768537937,-1.02217330491924,-0.751983640767511,-0.809878381435243
4.94271125177753,1.65047317726719,-0.630654250673189,2.44893852319437,0.696075864480901,2.81289919899185,1.16320325241969,0.823028319808459,1.02816478164709,1.98540444770866,-0.776468347991773,-0.622088333870586,2.20125034449514,1.09800729695751,2.74710878146727,-0.93097110904661,0.47173631515548,-0.746910075206855
6.16220693225649,0.89728828532045,1.11657051152298,1.69950287703299,-0.8852855609167,0.575074826791672,9.45070661783399,1.70916496300688,1.32105674920725,2.08933777759255,-0.0583942456977986,-0.420670800277204,2.80927044169349,0.718079604885485,2.6964242592286,-1.43431708793203,1.33216122880648,-1.10167488979243
6.11595517714431,0.863497310850205,0.596798304440893,0.582836646708604,-1.92845952418552,1.40109235743394,8.44105294429151,1.50459226517419,1.97300301481476,2.28980818569854,0.715062006988738,-0.0400515094532485,3.76189779478367,1.89367428850013,1.5791820756401,-1.50324945209744,-0.0122474338247428,-0.87095651953935
4.2079304506908,1.87724022373448,0.12199239592992,-0.0235592029915731,-1.36604660110961,0.854348375148985,6.60890900066333,0.489802081803589,1.43154179828515,1.57603359363154,-0.24944469691843,-1.3416998671414,4.56157742747436,0.736854702188902,2.41220957293503,-1.06453000117639,0.840353166977738,-1.26171103765891
3.46785130970019,3.16652505012736,0.303559499265667,2.3049416628483,0.24349039094936,3.12582469484986,2.27425549619438,2.40056577067464,3.17164475757156,3.9134771649611,-0.200211003364043,0.444676243106854,4.36677447502807,3.60629162951001,2.76460480278449,-1.37364848085118,0.675115896937878,-0.703661969855752
3.43503246980949,0.349635264367924,-0.981254942526845,-0.893462078117938,-1.54045348352663,1.60849559302826,7.52728320910729,-0.911925951870504,-0.199467100858544,0.545353532995659,-0.971760038606032,-1.19154891546338,4.08019513404382,2.81355073825266,0.891005754344801,-1.52861416223172,-1.92450966354994,-1.42683999221061
2.35828396809439,0.125831955138974,-1.76614560830903,0.168344255887752,-0.668232904294495,1.20835037892823,1.10377057625504,-0.487733776239062,2.23009381613038,0.416141081613018,0.623028882557152,-0.475037130105417,1.59525457017673,0.551176018195217,-0.900149919373957,-0.44223437790159,-0.611996965178796,-0.3774789210024
2.31059112672174,-0.568469145608754,-1.61871256758025,0.662504404301176,-0.232227768703334,-0.686076932280986,6.59274495319166,-0.917597249724828,-0.358056322943793,-2.14226858124967,2.16814733509536,-0.931272062231573,-0.574008602402655,-0.420520851855804,-1.51152027046023,-0.496114567623795,-0.453956343326942,-0.332907511601105
0.0139712871509154,-0.0896157826502984,-0.228078136975141,0.973228898246626,-0.841176330132185,2.9594249290882,1.30363822894835,0.0603059675872193,0.949297132947589,0.718403079287149,-0.525372370272439,-1.31878665577566,4.12050052838574,6.01548563444577,-0.50965631463962,-0.620373792781407,-0.840101320739616,-0.676943690685164
0.368678252458386,-2.50320823250866,-0.917852862718411,1.10176443555699,-0.483691656279699,-1.24267598071032,2.74234246739053,-0.424599944795105,-1.55734728555347,-3.81570080818129,1.0883878506679,-0.535330084095969,-1.1096844958664,-0.646662602365818,-2.05199016401503,0.67576578954989,-0.359959270039152,-0.27779501589205
5.11131243507996,6.74220717024649,0.348930353772621,4.2338321459507,2.36856532384267,2.66545497752445,5.40456560985286,2.65994298718974,6.45340137920587,5.71209398020556,1.43798348783939,0.106818716281178,4.42918580940221,4.07720017161593,1.26210814766808,-0.192108405472069,0.954441786714383,-0.230361939985826
2.85449079817424,0.131970695483512,-1.04317526868468,-0.992949812608186,-0.0849568371056795,-0.410786927376315,5.62983460522997,-0.14691457928542,0.319373506488394,-1.05262122443846,1.95886515646597,0.348263621571531,-0.311905441103931,-0.807648503867318,-0.964091352784925,0.511060415761326,-0.285609936538486,-1.06778897757003
1.98255918935477,2.75158295279941,0.713812223766377,1.39124550786015,1.2041863515574,0.259043625075287,2.89763405195168,1.11741278606469,0.874962831376711,-0.0670647285259101,0.57329096551683,-0.540565774216292,0.440749468995121,0.0083312920917552,0.120680640935085,-0.0620101386910873,0.413376460906767,-0.890964879916767
1.70621704905783,-1.4732557616904,-0.592557855288082,1.45999080344906,-0.78759663825202,-1.72282317604608,8.00836729398512,-0.946410406063957,-2.46311649926791,-2.62612387510499,-2.47913449425915,-3.54287545275578,-1.1613668215388,-0.390767233655556,-2.65968554096758,-0.041589944748377,-0.741266234305576,-0.965341864342646
1.80448065067175,-3.06709720284491,-1.06681935053034,-1.68761345315841,0.839549702601886,-1.4520533927025,7.2762116987296,-0.615227647276007,-2.12326947829926,-3.70866000048688,1.32055330634927,-3.31300840803495,-1.3244452530595,-0.134739663907673,-0.161050832766084,0.363193029994665,-1.60783352656114,-0.535064552527585
2.66096467460907,1.09452393184698,1.90005946604375,-0.278646327020261,-1.59006069105616,-1.6684764880683,8.82029894796468,-0.872228668401874,1.04918461679633,0.841928069887104,-0.780355927392254,-1.35252044741774,1.26160261139733,-1.75038915372734,0.924458075768316,-1.81161339885335,1.0829590568445,0.267267858306713
0.859942517236401,0.626999430963731,0.0700165025879876,-0.589291838333325,-0.347152270787507,3.04843953060522,10.4602897108002,0.548236713220291,4.45297291868008,4.54893790222854,-2.1791876431709,6.51821110134423,2.81917353936628,-1.04932597154239,0.414142482385398,0.31172669466612,-0.745900258148213,3.30022932854758
-1.95236765587445,-1.7358621986151,-1.2784657172445,-0.642916227147897,-2.30721774035518,7.32142302117081,1.33433788495345,-1.69772695548426,2.74214709769746,2.29490544155062,-3.07564003372281,1.16216582452708,4.55536757967238,2.83912050372756,-2.81359296701741,-1.21162547034841,-1.61697958640976,1.29235345518858
1.8646611708483,2.24171195130245,0.22539293948434,-0.329553498336428,0.445930081575141,0.0920386571681885,0.702079931390389,-0.966223717544922,1.46147935839956,2.70138990615833,-0.164357043488804,-0.586476063697708,-0.0167031253240227,0.44140035850353,0.375219042277903,0.121220860042146,0.626399088475693,-1.17625981166562
2.16600880298753,4.12336011665047,0.0746531253394693,0.271060287068353,0.189200372568133,2.37929751706134,7.28871275849176,-0.102207318048114,2.87037221052585,3.81173678027176,1.04206117755934,0.496558672042381,2.28792866852615,1.5303023185036,1.55484421633362,-0.801343095216787,0.521310358874822,-0.47338315284179
0.884182221138375,0.710629175813835,-0.467468932961496,-0.330603094639345,-0.194512539712274,6.2547253647667,2.96218836104726,-0.679837204019291,1.95142345156544,1.80740529241159,0.418629063927504,1.33347359594297,6.580582065574,7.44447820713648,2.58756514813447,-0.644526848571535,-0.957607511440355,0.56522929630957
1.14953337239066,-1.64028951045051,-0.400986544692809,-1.45218430002438,-1.27001428234657,-3.44102339642885,8.42194844812548,-0.864640562906908,-4.06217103441311,-3.82591804488916,0.342126912269308,-3.58821169108225,-2.27359212138293,-1.54893180850876,-0.871646824511812,-1.31838821873321,-2.61451360852469,-0.0461801653685819
-0.766459741514434,-2.02564302454095,-0.109002911152778,-0.339150064491404,-1.34297910842452,2.89770203755752,3.02807143836235,-2.78277109746423,-1.39321000175208,-1.18165453044769,-2.20646857193537,-1.08245793930737,1.26544920531872,1.20551715431004,-0.475461904249192,3.13015519317495,0.579327479561087,0.434095587819383
-0.402150567871907,-1.0841587385431,-0.200074479378756,0.048604150368887,-1.59871163436928,2.97618783738728,5.63732822491524,-0.392758670986908,1.52448790019486,0.569421271597418,-1.93064154805956,0.066702273894868,2.56507718496068,1.39020555314673,0.918918908143188,1.89090113564389,-0.451256767297742,2.22746137134603
0.0859021707054679,-1.61800079928568,-0.654761451868006,-0.927039529405144,-2.16966636327773,5.38563129650766,8.89911138984473,0.101905929098018,2.21253965020614,3.06129603232031,-2.55347822768589,2.6762535737025,4.93062475196971,1.95915105152799,-0.484957425675649,0.024667723215013,0.185965438019205,3.78382138099879
2.96281108699198,1.68529794743257,0.239976777049517,-0.676190816718594,-1.92670622496342,2.94661462973745,5.64520628164877,-0.717987282745877,3.58554250686112,4.18387503135957,-0.56704256818837,1.2138754023771,8.09805255272903,4.3480203754603,4.80036836865265,-1.28595462472091,-0.567231547298709,-1.3828768523043
1.03317633512869,-2.51011655869763,0.765318669962705,-1.09154019910004,-1.38891967311956,-2.83001274223359,3.75445340505695,-1.95963952006428,-4.39589382857293,-3.07330134037161,-0.400452222508812,-2.93087072418085,-2.08689878663096,-1.37119312964372,-2.91378851603922,-1.47621585746093,-1.906131850555,0.251242289597628
-1.41090719049895,-0.175665509639258,-0.578382902846469,0.842370864267263,-1.04587173297355,12.34262832068,1.4887494212685,1.40714385442064,6.91472673025931,5.90661190270533,-1.41514630526929,7.15950398018196,6.57045957817581,5.63680999441858,-0.750787572073171,0.781754973309284,2.62841913392153,3.10968410553038
5.6830588217815,2.99042038613971,2.8532650565465,0.276375543364856,-0.924473173678015,-1.74726610173864,12.5310729929392,-0.328322976786017,0.786302481767266,3.39504132703597,-0.18620574344244,-0.848288183415966,2.06350822773961,-1.03657212544781,3.14436601093091,-0.328571602656048,-0.927059276773792,-0.916706670349764
-0.36374266653583,-3.45087577662537,-1.09560343729803,-1.50534617312202,-2.32959160937927,-3.57989705134263,1.32208496517052,-2.61311451095206,-4.7508153629393,-4.57514976310292,-1.35201936589632,-4.1066993165478,-3.96966543969428,-1.6850958245953,-3.30160750030933,-1.58693362989031,-2.60640128388531,-1.74473401362628
7.29841211310767,4.66252369536907,3.90531304045692,1.52203556557341,-0.629495714777301,-2.2794126182445,11.3708554545488,1.86058223479934,0.799596521017378,3.34552801905165,0.430052087848777,-0.0921668907167855,2.76349455123563,0.783320359133604,3.5135099417423,-0.632570901593507,-0.645813729963691,-0.994603194302076
4.91787086865827,1.63632486832523,2.20465432872766,0.241553008293232,-0.921026251028797,-2.31377089207679,13.8745765547388,-0.571407385837894,0.814134899425138,1.46441300159453,0.235512247748517,-1.01195353445993,1.69229493512211,0.369821364767212,2.54272044833501,-1.36074536470332,-1.09726318513652,-1.12078148720639
4.58851222402597,5.23137742863817,0.366818446733104,1.66300909237393,0.539851327926204,3.25864668474446,2.27656616013257,1.80985857075604,5.75104949507957,6.38031180843348,0.209959283814708,1.66358429144745,5.93407824046994,5.14541136106472,3.45345852596684,-0.572583145226551,2.41262053974912,-0.226345261119807
2.66754261694738,1.20296046843231,0.873589532210968,2.17015422421493,2.46721906691325,2.56293289894375,9.10735392673902,2.26649110173267,1.80489313778414,1.42993294085064,-1.56795263802562,3.13481608897838,2.26797725865166,-0.999801621555442,4.00785988418625,1.88351049945751,2.33532972456235,3.61308064439559
0.526905934566699,-0.0761169512712088,0.169367610500382,-0.330244442463468,-1.51017279817286,-0.820541446247287,7.09274100244425,-0.104634838623874,-0.0411648228172496,-0.299324421738181,-2.35420972013182,-0.765108164018655,0.0860007529087321,-0.545515142029271,-0.269400636601691,-0.282026697194129,-0.71253332614481,-0.195306322310684
0.100419922131246,-1.35820781045627,-0.545583282474447,-0.959574114252453,0.79638149577001,-0.590937573298608,3.48455931009958,-1.29173084965193,-1.80463966256576,-2.16673343629257,-2.47237260615744,-1.15255906837301,0.351694963621407,-1.54167111336742,-0.96233487950825,-0.093625504656388,-0.239725232664002,-1.05233796287912
0.142472371623195,-0.0272462498656243,-0.433996507496055,0.114904810244484,-1.00627122675027,6.78926103138069,3.95170035586949,0.329624591143283,2.5633888887176,1.55145738786715,-1.86884457487922,1.9928812564914,5.31132320609432,4.3568887880938,1.63113176569993,5.85111891970034,-0.845843364181115,0.466957809577987
0.877331313045488,-1.95761827743936,0.105850834482539,-0.762656792376559,3.77302644282616,-1.8418555256542,5.13988097030474,-1.54775571920953,-2.33122498597473,-2.49092183512015,2.70083637100435,-1.6122992743475,-1.96678237386547,-0.357904896886369,-1.98182226950522,-0.418446834013765,-1.36483329023605,-0.885012916061815
1.01693224822549,-1.85375339231597,-0.0437046255670438,-1.07238237865589,-0.784400164593925,-2.8291242760964,4.05194725942584,-0.804176653490131,-3.52584019150426,-3.31777232473739,-1.36134399717633,-2.42642945686704,-1.64008754208146,-1.05998173475821,-0.115242378908482,0.484664292888554,-1.9885142970384,-0.0563729968168639
0.260733656583568,0.986269331264431,-0.278379983320693,-0.350755813469032,-0.317821523842342,1.26576451123979,5.38785309112833,0.848325490908782,2.97591847067408,3.63630260089241,-2.21996928399769,0.823145240992587,3.11008261596008,-0.517790169143797,2.59298504774483,2.24781559883821,0.903554433111214,4.79903938537921
7.5714308996568,4.63211731624652,-0.162254787264705,1.3951230691699,0.281105230092727,2.2275951790447,8.63761473270054,0.472691159578984,4.94081654744115,5.64719679422407,1.76916591476103,1.67415985608854,3.95530219207514,2.34634515640493,1.26061372318796,1.79171945384294,1.83807446952133,0.78095727223957
2.62128879736672,-0.349161949223059,0.468439380001732,1.58680066766342,0.861125639545264,1.70095146264662,10.8861942847093,0.713470950658355,0.342809656007185,1.10862234914253,-2.3559913429753,4.47832594082148,2.30938235444593,-0.642751493471751,1.47035947715781,1.57357162484265,-0.379873715778842,1.12344704886414
1.62843585555778,3.59701526919667,2.88845267004065,2.24872550435246,-0.869714030471561,7.78429217465953,4.4712504601135,0.74568115401853,4.11893391213696,4.76133283043589,-0.15974317434107,0.942061781749037,14.07424913024,12.4549375038389,1.71025619220285,-0.929861563048835,2.1802493014623,-1.80552343381959
3.03029023035241,3.12287115068285,0.730773316712504,1.95285473990454,1.11917116337582,1.45801840122672,0.442927893008485,2.9319652228323,1.92635979757002,3.88718347611205,1.09066692056007,1.7818929369642,2.69441677185803,1.10350287211359,2.70349818449603,-0.350743779390316,0.715507240768836,0.15200036116639
3.79819329211911,3.11619696063693,-1.00136501903738,-0.3045981854516,-0.739482998037868,-0.828570444901483,4.77804301780892,-0.503437102577848,1.38334007605335,1.82993743543689,-0.6771766731515,-1.93176569820919,0.671866801619148,-0.59044889301151,2.34375233336461,-1.41160145227595,-1.32085882696563,0.902297129523246
5.02502169516232,3.6318634248824,1.78326413448501,-1.0920959977001,-1.04110399615118,-2.17408279588654,14.1507916684382,1.4018541416271,1.46414639064244,3.63366347666029,1.09622123645773,0.538308839397744,2.0701261186062,0.668064703614247,3.11471563688208,-0.822442011604961,-0.849949860903235,-0.978876156249379
4.52630713575505,1.84856217568387,-0.328007054205069,0.85275679816663,0.237715862669765,1.7620226454736,2.83704828630848,1.89683128699889,3.02793933355974,4.37818511373157,-0.225758464464061,0.725183320515994,4.29976684647515,1.92186350445523,1.77938941497098,0.0183686550859124,-1.12200776959699,-0.4666510965042
4.09086098040808,1.15336194128018,0.344472553822912,-1.14878700899045,-0.264153095268988,-1.27186010141235,4.14593253448648,-0.935707322738015,-0.17813338252295,1.28175255453383,1.40137550562747,-1.50275672754328,1.45722257664453,-0.94891454215734,1.15604866089631,-1.00201884010082,0.0658296656655919,0.0444831109983799
5.2834968346723,0.306085702488339,0.972181740012904,-0.855908458836382,-1.34297465458321,-1.84990324011376,0.933734103360755,-0.974819206614629,-0.0167777492787246,0.263823366040074,-0.24009034658936,-0.994983440355122,-0.567666505068974,-0.422568910639159,1.80625395084346,-0.126073701475055,0.199709190022387,0.0914408310372451
2.31154014091334,4.32605467892907,-2.28866642765036,1.12218657530335,3.34921647557921,3.73983015848847,3.80488252138001,3.23618215835438,3.71087084198565,3.95073910341035,-0.321149791896937,0.54290054412833,2.84338848201541,-1.16881702847018,2.57606340319343,-1.4017775210088,2.19671141599499,-1.16973838785558
5.56631802061287,0.843397823663137,0.304650056513265,-0.0553163914600297,1.63403893223095,0.66129042734369,12.772439975506,3.44645910149259,-1.49318979661336,0.0017836718040763,-1.72094817327247,-0.978596288121478,4.02348297015001,0.279468454563193,-0.676091513557119,-0.836323310556652,-2.71696080181274,-0.495208588085149
0.303105863315631,0.06425732167315,-1.31950391845624,1.16299915110879,-1.60005087562456,0.194922212527021,-1.21462749758728,1.72458933449442,-0.459992315610626,-0.600042206227168,-0.47185290251649,-1.20288907166818,1.10878860681803,-0.919838494209199,-0.707563987385308,-1.63500232311642,-2.40365837108467,-0.530500451732326
3.29537974306466,2.69629689466813,2.11370886304016,0.19763058230858,0.954164793592498,0.870152149064262,7.30966473210029,1.90053454177259,1.58886475524476,3.32828885606126,-0.594041125383421,-0.82859718121204,6.55940970567523,3.1868831696418,4.99172840103538,-0.160496446189145,1.42836764062115,-1.01755445041173
0.25106008697248,0.143037160744605,-0.868073131133227,1.29158768369966,-1.27961893919289,10.7233837399308,9.13766426440442,0.874105367396017,6.096957291583,6.17716634600934,-1.31106461347125,6.91755952600519,7.34803178672425,2.06890778267766,0.0402029364882749,1.53217302919774,2.56769465073266,4.86420111763625
4.70569782865125,4.78969780671369,1.79846401569586,0.508758677372803,-1.48378628341647,0.0173942739476211,14.3453988623428,1.1525609451911,2.76236100940048,4.36055239053886,1.15432648871893,-0.346944477424435,4.74519044484124,-0.0031241691330901,3.26439402093619,-1.33342744935743,0.900318074396614,-1.51083205104729
-1.64764514773837,-1.10716357832202,-0.172199817228151,0.0375024852421847,0.303148366073174,0.149493979499871,2.3294062612171,-0.303314780820616,-1.07772271831685,-1.35637814264208,-0.802259440932465,2.45437318066675,0.524220379490449,-0.610742909237774,-1.83763961345929,-0.157063601849673,0.173133331526825,1.70226840380769
3.24422224661411,0.852944973761948,-0.203621393394879,-0.50245623003367,0.515268787169099,-0.876373880325762,12.0759161440016,0.559712391747226,-0.701190379985557,-0.627825033053259,-0.797809795260419,0.87904873062341,0.264510737675345,-1.94956785246747,0.141256555605046,1.5680140229112,-0.636158522052935,0.572551499811735
-1.47972987619548,-1.02413224489607,-0.737623227629256,-0.960755408523969,-1.1044664800474,3.25373197929579,3.44982071232955,-1.25648086208678,3.428508365286,2.92541197873063,-1.58394525241472,4.23646154889593,3.62811821369921,0.0730889231671648,-0.68806278293807,-0.175949429633163,1.62342499795973,1.95194058523836
-0.369199115280269,-0.275305998866089,1.36127256470648,1.27059865180022,1.79904740204404,-0.629804299691101,11.1933777909815,0.919892864202157,-0.755943935315927,-0.0693993011449742,-2.72808547231154,1.8626748735734,1.66361053507213,-1.08689387604154,0.109257815415507,-0.0350138489591195,-0.25672758014357,1.4275856849482
3.69325878266798,-0.287839027109535,0.675784095739159,0.0949012903811789,5.88128467804361,0.647205935416307,8.86938441724456,-0.885030505282494,-0.854703592359956,-1.53799211635925,-0.588202735898901,2.63386755547249,0.29722738520725,3.25829573053039,-0.11161651143805,0.117157731591305,1.07483794751612,-0.125392797346654
1.16968954220945,-1.12653317938633,0.781997908252566,-0.894552300213543,-0.854073898188547,-2.08351205092528,4.85287816155641,-0.806271031730498,-1.478946166931,-2.00745526780279,-0.770668283527418,-2.23372433098567,-1.9357424050653,-1.28473155461707,-0.522196023830655,-1.32448718545616,-1.33994291777208,-0.995209463013955
2.97130853983957,1.01122500970465,0.792941024505506,1.48889620560557,-0.208600826709134,-0.0588013402830612,10.3375557329616,0.89884183249902,2.87046540454189,2.5228265232381,-1.63352007252608,-0.520199638518006,3.74128897078448,1.46214988202282,2.64763018083617,-0.871332882226733,-3.37640142509764,-1.19409789020038
1.2018150709196,-1.26707247149052,-1.55460091095496,0.217053021647222,-2.13790732319835,-2.41036454593849,1.9196042347834,-1.01582037611989,-2.92689419834391,-3.58516950986251,-1.51864708490637,-3.16786453500848,-2.81494628364981,-1.36610994031785,-1.37442760967667,-0.965546249230668,-0.528778034505631,-0.506013261687726
2.20742096204036,-0.793758929086897,-0.922654443074649,1.32638073410245,1.33174419199252,-0.12669752543957,9.71286961585914,-0.479583424815102,-0.804675802238986,-0.195543607292856,-1.32670256820478,3.01936614821555,3.17890179651503,-1.37038222496471,0.800403924674478,3.50909407862185,0.165289508055589,1.17136418990277
4.43170132418894,3.2083342613766,0.326431329541574,1.1590730898659,-0.181371956457216,3.3477508043968,2.75916031271227,-0.751277111822207,4.06125149374786,4.44374058369125,0.661771256500565,-0.343144989856463,5.104456349503,4.82430773980755,1.19524901074892,-0.352278035391022,0.600877846388675,1.44203104803598
1.13897647528462,0.651437053233689,1.084653872475,0.514446409231803,-0.532174980547761,4.91996599703963,-0.363964349499521,-0.802344485560015,0.909077708454917,1.21332592321,0.216824899476924,0.31086411572353,5.21514999345968,4.05244176352376,0.95100295899144,-0.716783794863505,-0.182367356087365,-0.598385632699828
-0.544738551795622,0.801739142177533,0.0463536688756551,-0.390197714850482,-2.27587911492045,2.92395678455254,4.09719249561507,2.37494107541811,4.02064056378621,3.98574908720556,-2.08817753376867,1.71213386972559,4.38266290790661,1.13828817237497,4.0314675132558,1.24541937773886,5.73897282966624,2.39614824847442
-0.0958453188026764,-1.17980016552515,-0.764732332404163,-0.405669643257986,-1.41409696831776,6.53734897476383,7.38518495581667,3.0235689374004,4.37839210803565,4.39499224845635,-1.63432425316405,4.88549280131211,4.87343953250015,1.8406333106752,-0.369701472345899,0.464454242197423,-0.0263414301309212,4.77909717379368
1.47473506752028,1.07056811227924,0.14298563873679,0.172194103340872,-0.779637152719388,0.427049509407687,9.28938243930007,0.748593636416187,-0.90195346051692,0.690128764275805,-0.936136982306909,-1.06958302483172,2.19992879496471,0.829773685771896,0.393612839509249,-0.637858013056001,-0.556029106897467,-0.412544183390208
-0.856911711423462,-0.179873469240361,-0.649320399320312,-0.171603666501574,-0.995060001232679,7.30175701776648,6.36738198599654,-0.609574157917146,5.13176650470202,5.39995157751933,-2.43934174442783,7.58060760363863,7.31645947923894,1.59244436500517,-0.466144856010031,2.33882638749184,1.81672415476297,6.72514013490544
4.5110353903154,0.699642012629953,1.24801283784171,0.129412029897179,-2.54621210623075,-0.829569839297625,9.48947183512064,0.812936752292543,0.401233510619056,2.08045653598949,-1.4632951478853,-1.01315905385295,2.26712969855548,-1.17861460133092,3.45429127788511,-1.95885616929404,-1.55445181816667,-1.15093703640154
0.549833382076098,0.900932833840804,-0.265017735966507,2.5548874970134,-0.342066206238893,-0.95323120578501,3.54764260923987,1.14365746978073,0.0395638966783484,1.73772281957856,0.0362358931308539,-0.553553219421344,-1.09982921877876,1.03799438475809,-0.304965352583782,-0.876942201055189,-1.13858307420996,-0.689513132418194
2.02060455695175,-2.50259176418019,0.0982147699824392,-0.521191997055736,-0.891959011496318,-3.70657399904657,6.44836685114708,-0.812097188892988,-0.873860376278843,-1.49362320037366,-1.49315165000404,-2.49365331417595,-1.83061278831537,-1.42838253134214,0.242789002210644,0.695558056104463,-1.96959703056103,-1.1644009554535
3.66237990737663,-0.312762908972377,-0.138043034130421,1.41812917004208,-1.14686252773887,-2.11071247032653,8.11269057397959,-1.96950355793794,-3.41571716941508,-1.97750686812499,-3.29041458175081,-4.12725359231442,0.839756818449277,-1.61165970167194,0.879074748767731,-2.19552635314724,-1.41411250383299,-0.919765514190923
-0.386211019599084,-1.18397474956274,0.143188730848581,-0.69566928793354,-1.90570168182669,5.79981098516809,5.02611526784745,0.200051932068092,2.94891242275351,2.03159196290787,-2.45243487509178,2.80354516860355,2.42859496630621,1.6942791747504,-1.79231878701793,-0.64401430254466,1.03320061328747,1.6808375540868
4.41264164032942,1.65097578559255,1.00830176939518,-0.42553699778445,-1.0919539944381,0.215912744232083,12.687422366214,-0.143845067131788,0.365768453537138,1.42003817967123,-0.71895086669004,-0.566618453235591,3.18543411334867,0.687173248767403,2.4931183776734,-0.380222394628886,-0.0278694964801647,-0.678850301197034
1.30607024561838,-1.77961678234676,0.0134443588866087,-0.591064594642661,-0.475703136645938,-3.34085777192599,4.99236860376159,-2.01998745565067,-3.18966139747609,-3.52934151766201,-1.32975365923155,-3.77429498392967,-3.16788909338018,-2.12494568329921,-2.31698182846663,-1.28807021102018,-1.54387828958208,-1.53736487733653
-0.980204415556394,-3.57241310691117,-0.0545593776847006,-0.993907035793147,-1.89834512750022,-3.84627864794896,-0.189060028184652,-2.16784978548246,-4.10311867348201,-3.7083121053504,-2.97940746821696,-4.56629822214278,-3.43638157835099,-1.51274497279936,-2.91128012097495,-1.19446310882109,-2.33631127499525,-1.06524064879059
-0.927560927181057,-4.27962687566095,-0.74628324197429,-2.37689008238972,-2.47032781937461,-3.01743888369688,3.16355319098022,-1.52799075140832,-4.86531796474412,-4.6180173987322,-0.785243966165451,-4.19021548602954,-3.01843508608231,-1.48011388013792,-3.78777678213052,-1.78638362747387,-3.14498448166727,-1.4388749203955
0.430214457082104,-0.516222039735447,-0.757098660416163,-0.371402937391387,-1.02132146910159,-1.41562486849806,-0.673711197099193,-0.0459440196021935,-1.72755011273261,-2.35442052581073,2.21703048251664,-2.16317368421918,-1.34442909269234,-0.922385880787536,-0.652148877528402,-0.610091967068849,-1.09305662170946,-1.17428501572006
0.426875302589536,-3.16627578633253,-0.781724061758834,-1.92114999849478,-1.91989686243273,-3.43691612739322,0.598262191311267,-2.00510850187599,-5.2185189461006,-4.57988622240087,-1.03714466921415,-3.93023387446353,-3.72435044043578,-1.48477210898845,-3.27264533279061,-1.62672242629833,-2.19073978313388,-1.11969729597253
1.75710802267478,1.64581724357955,0.458757664263199,-1.48751008245122,3.45897888928399,-1.49334046690013,5.91082590088018,0.479365136386315,-1.30669612455693,-0.556431545976062,0.0076777025845134,0.491512565292217,0.340861452165687,0.672555926393941,2.06603021246836,-1.19635773378268,-0.404680381360238,-0.0315362943666557
-1.28761217765275,-4.27055444259129,-0.247223927495192,-1.70664379665207,-1.55483429497486,-3.78772013916625,-1.56187976761329,-2.15106225018459,-3.95383079466091,-3.78506832274327,-1.45305160265523,-3.84232464334355,-3.95121808829177,-1.88421360285274,-3.31553181903398,-1.73375029790703,-2.2972971982195,-0.0033823598397534
2.81414869250479,-0.153656310152326,-0.440521790153972,1.00431342053845,0.0706913472909519,-1.0237212736167,7.07163686128722,-1.59504087089174,-2.70657940735516,-2.79414306308118,10.7438727472636,-1.96795015692409,-0.371588046345861,-1.03712704120158,1.93382967936424,-0.552164153236064,-1.74552463189943,-1.25869093999997
0.912023513378864,-0.579983203680212,-1.79132496996648,1.00336401504868,-0.81460967034643,-1.33952972227215,2.81469887749513,-0.546996588279547,1.47760916535742,0.531458804521077,0.565689773035788,-1.59533370085378,-1.39435446317577,-0.34979927621004,-1.68010874820825,-0.863539238337524,-1.37636705347289,-1.17643485312328
1.84797338669775,-1.16490615255045,-2.64232218010576,1.40879961258421,-1.39331761242207,-2.18462537919288,4.11369644099154,-0.309238527305859,-2.27905906448541,-2.89625716445761,1.42494174771513,-0.543395032998489,-0.409231190083755,-0.78766693103227,-1.86572519599461,-0.150968490418824,-0.591237553608233,-0.930105442074326
0.459948388584461,-2.66883630762029,0.200603111805485,-1.00522957479296,-0.744989365063375,-3.13969554748245,4.21158926526082,-1.83367017360635,-4.46316444760617,-3.50570330529559,-0.0767987686984777,-3.74762660601187,-3.26960770865275,-1.71777730440187,-1.65747665196953,-0.480878509101702,-2.328750360144,-1.09203825765268
5.61874194287556,4.69570508002191,0.961166572179901,1.61026861562801,0.0444113758450419,1.21945712581751,8.20458277509633,1.77255348089653,3.49640945322126,4.72319761086447,0.539665616233735,1.52818124684192,4.56025626928646,1.25174806898165,3.62715096338157,-1.26738335955429,-0.442214411474067,-1.00785587958822
4.44152480840695,4.21266935833768,0.59878129491501,0.968514165028304,-0.307429805382496,1.542769924481,6.51704678537992,0.0364142589492412,4.49861929055571,7.0262389204767,0.233852371944275,2.050167320974,8.19847107461786,2.69981237739137,3.73712912594292,-0.944087783610021,-0.313880813157255,-1.18527683612061
1.41725044772898,-1.54325334550576,-1.3318187037895,1.05607935853594,-2.14017202150423,0.920977139049324,0.411421076258348,-0.840647822556211,-1.73927141639776,-1.06825451529453,-0.797143098375998,-1.56518015408744,1.20847919214405,-0.980871705838789,-0.937933653200735,-1.50880961957716,-0.703702620254169,-1.63778203170459
4.26480796956699,2.15345329764703,0.9840462980673,-0.271276239819058,-1.33501966647499,0.448313108286008,4.59686610775919,-0.449250827098388,1.06873029759343,3.0701940876111,-0.160766563602058,0.326100070379315,2.71833538681303,1.3000820977163,0.800136612540175,-0.354042790788491,3.10957866261011,-0.347545179454614
4.85891209584643,6.07636319627312,2.03618514059106,3.07723246560281,-0.513593525169238,3.57156769465613,1.80241551752184,0.810023063136529,4.02340851015869,5.57193508848415,-0.0775721642708444,2.5905478363287,8.47628315300156,3.8623697203817,4.34607186551507,-0.576344345012968,-1.24299640715129,-1.23575911615815
3.65206147594358,0.984073242727909,0.601573832448429,0.44022607269065,-1.86829961658986,-0.0994038746212403,3.66271067147596,0.472200959810568,0.51051212580626,0.96659038321431,-0.301799229405033,-1.04171305134117,1.64462346281627,0.629679360127973,0.988970880108817,-0.602319189300815,-0.492203589269069,-1.06225137154659
0.920737584858563,-0.313074778458964,-0.434931445395493,0.0711903141079542,-0.8538517209934,-0.286151689882954,0.348932966698149,0.0582712133474513,-1.69745681729137,-0.985535657722401,0.891047007175791,-2.51052948302673,-0.429578867447807,-0.740568265036632,-0.745250419400729,-0.685398337199894,-0.387543079253959,-0.495892642085186
2.3940186781325,0.872675535924663,0.245828650317938,2.56561003813336,0.735978124088663,-0.426366467463992,1.0884031341287,1.18956337558291,-0.0209591321520506,0.74400982141488,1.39785458035834,-0.601799290685001,0.298155660130422,0.240891471521275,-0.119319978808939,-0.236544332273256,0.333346500447508,-0.351606764641365
3.38498735102877,1.95578113116586,0.1233563529128,-0.182645743373638,1.51302549239358,-1.30458764259614,4.50634598613303,2.58705369867646,0.567088790268858,0.798444191803955,0.746494001554103,1.3118349932786,0.335479869714587,-0.51079095656228,2.05922082325466,-0.517473944700752,-0.430140578384365,-0.503781547709613
7.25503269191092,3.58034568611632,7.50416804282059,0.681165000334138,-1.01114831908612,-1.75612383173941,10.2277576840196,2.09830903575536,0.126641275028952,0.909411984428766,-0.381017931232491,0.403740264075775,4.54803216455554,0.630736651653289,5.63998660007972,-1.6212968670748,3.39166700203529,-0.501019757960001
2.25986057618678,2.47927806408121,-0.393682491063535,-0.857237046868,-1.82913684903224,-0.188046693720921,7.17326693657409,0.438978465975169,0.352821947980396,2.19326912896963,-0.785442526022883,-0.62475002535018,4.07085574904469,0.190873696675991,-0.0836635931765101,-0.313580671319515,-1.3929750787006,-1.29982860751739
0.594063742941201,-0.114286988363382,-0.0256078886909995,-1.03020068858599,-0.892026607799066,0.21275173901954,13.7207249242598,-1.06347818817638,0.463672389752813,0.102474524456502,-3.04506005782568,2.49405885110903,0.611163555409412,-1.87577604775356,0.0585125160545692,-0.772150507019509,-1.71652895372947,1.81279910748823
2.79964359137345,2.97860527274271,1.81306670686098,1.65505987331082,-0.974050765145871,1.58619219167848,2.14160385042827,0.327641007383498,0.768123081262864,2.43272305717712,1.05790026745704,0.779997514835722,7.39075960716312,2.23377020398723,3.15915853343995,-1.37489466307311,0.46872655534858,-0.929266564057374
1.48113370474023,-0.0130600740308702,-1.5158276474145,1.05104612915104,-1.0142469837959,0.407036077363649,-0.367673586814802,-0.240287321101246,-0.260176121349475,-0.485224228866095,-1.46583919507721,-1.1851505880728,-0.536490307367928,3.13528373452271,0.782961150764967,-1.53707392309288,-0.977037437694423,-1.13811239416967
0.629793011688734,-0.961225584392448,-0.295119286227017,0.386874601552734,-0.126280318746115,-3.09483863161035,4.02245736870937,-1.07520635882226,-2.49897315662487,-2.05388576155124,-1.18787341473253,-2.3841089761533,-2.83529512480231,-1.75592505320464,-2.52232184061778,-1.38454162047955,0.491359270970808,-1.58951814858864
5.35114201557176,2.79281934458861,1.12716088902717,1.29950599079981,-1.17704974089335,-2.91958755639387,3.01014895600006,1.05019655867859,-0.26429694884123,0.734477544876221,0.82941498756402,0.464490936686071,1.90806156316759,2.3444120842547,-0.282468775619232,-1.0615200691781,-1.3627830421367,-1.50949537245704
3.15658471135916,-0.550463011229786,-0.003952071393573,-0.69634979445955,-0.968779801124066,0.253175560850429,0.970700286087474,-0.476908382368971,-0.352518626195959,-0.207405046741628,-1.11492327393534,-0.400140193986518,0.806372372465041,1.04977647182335,1.52700296461446,-0.917251048527689,0.968472443841668,0.0121653045471737
1.62698503183064,-0.609855853266589,-1.12241023898583,1.4293534111892,-1.22840329299602,-0.494233488506044,2.72461468263986,-0.153946702782658,0.306030855213613,-0.949417909262345,0.063579987501091,-0.846445053382249,-1.07428308728672,0.434608050120601,-1.48987322539093,-0.841162009569399,1.03251171158574,-0.179974655512563
-2.38050446812049,-2.03949026235529,-0.89110309948924,-0.310991987325892,-0.230994102156972,1.07883060093485,2.51850951766774,-1.18798498011599,-1.54038239514403,-1.97865047653938,-2.29772113405998,-1.02746814534664,0.340661876738006,-1.06098305754907,-3.36816320674293,-0.33736412632026,-0.985956168151298,0.519764410716535
0.29169719497699,-2.24697186232456,0.0348017750391162,0.14120630316844,0.0352105984304317,-2.14832778605352,4.44560901033568,-0.738408770305032,-2.55465740427517,-3.16054318610234,5.93211958362728,-2.61944055526619,-1.95681035658804,-1.66523082489784,0.42956741097064,-1.26131334524713,-1.49821009917667,-0.0398589786642244
1.10630472313798,3.02807002321674,-1.05688315584905,0.0783056064130999,2.42642926924064,-0.464537043354354,6.21351692681454,-0.0925194319942487,-1.21122505125319,0.319534653569222,-1.00083813602888,7.5786224233194,1.59314118891813,-1.1853278229105,-1.10823449081447,0.544385475293351,0.716379530826983,0.304248587812358
-0.229732834558402,-3.08700645529977,-0.512875685829199,-1.50881655665273,-2.39319233864862,-3.74218790237152,2.70290069440736,-2.3740251140454,-4.68985402082976,-3.91863204494911,-0.238029384436782,-3.82948015265238,-3.36031586435438,-1.89954267997629,-2.84865900368315,-1.95458773914574,-2.84854431775279,-0.341334844039446
0.898118186257939,-0.94331081841939,1.04341259696765,3.30692544987981,-1.25412825126394,0.443604462085973,0.79395576563077,-1.48897671744928,-1.64951679625448,-0.440269961181479,1.8588653089796,-2.4017673900222,0.691170521519783,-0.721484662783091,-0.574663424962997,-1.71852526096368,-1.2740120767791,-1.99161687459616
0.539495532565401,-0.361021610551399,-0.756174174207437,0.914644499167296,2.26577702362833,0.80337282806774,5.00265105429879,2.32877382459381,0.502323862995463,1.01956461462902,-2.45012610708094,2.8132929268711,2.28017153270746,0.119976944970122,-0.325727666986023,2.21751546039378,-1.15852241621605,0.0459178546642604
0.840504081744916,-0.0092255193521781,3.50542320015509,-0.458362438980705,1.14186293003314,-0.618192950388043,6.28821509730752,-0.621997608682733,-1.12325135323392,-1.42956048520792,0.141758685648932,-0.859654243956637,-1.047284502369,-0.30655244106744,-0.641321275756853,-0.89790889913323,-0.095257912963656,-0.973044903015252
1.69303574592714,1.56192950578951,-0.442870223482225,1.72202719338255,0.602637655354252,-2.58368558247205,4.22904067961982,1.80972050105482,0.0601828159100021,-0.0085673196672213,-0.652731567571821,-1.03475885782039,1.3541185415171,-0.393357362524271,3.26966691474821,-1.66704287874283,-1.206567736594,-0.37682034743876
2.33425200535673,-0.579194159756689,-0.517202268537101,-0.548735218171856,-1.57858005185584,-0.415082671288016,8.22859760724102,-1.11193657258031,-1.53303769021593,-1.16218268931599,-0.265485736442335,-1.76972096023895,-0.576678379741414,-2.09154359731904,-0.7779861308083,-1.51558367220953,-2.08680467651747,0.130652265385607
-1.34554863980725,-2.67666994702078,-0.662168196501421,-1.36962622548352,-2.18514262333586,-1.86075402962746,2.11941565187745,-2.48280636204789,-3.99010609154045,-3.34713849786294,-1.32721865676611,-3.53757177627604,-3.14708788994726,-1.98190066732673,-2.75061690341928,-1.53035128923292,-1.97453335723059,-0.492293119296737
3.02241180491956,0.972447690563838,-0.99101051827529,3.34004023399307,-0.0623911850397981,-0.500508022872032,1.58505472523145,1.39268168503063,0.442009151505333,0.236738926340257,2.23415985539811,1.49022975612215,1.22745358859086,1.55673993882922,1.33536703449387,-0.224457847372361,-1.07859109030504,-0.693037522164123
4.10420443195983,3.20622626641194,-1.05670179639106,5.50237694761227,0.245960890760345,-0.435311038541005,2.01745582983224,2.2627375083981,2.9573162097994,1.86203816830043,0.465088267459927,3.40726752965919,1.10442936551508,-0.22338921451098,5.96415518521167,-0.67746292251776,-0.051870664383409,-0.921553473594774
3.89228149295608,3.09577378688513,1.0830859309156,0.327445172289636,0.154143520634029,-1.64959807546911,9.91326286623801,4.30383905620533,-1.81900809880009,-0.615513085484315,-0.874946102515382,0.650005887750294,0.440188266939636,-1.62499792619469,1.60015273804461,-0.720960117788996,-1.41620281921753,0.154475752592451
2.09402371175942,0.138293747613179,-0.955169551525932,1.26916831458393,-0.190558569167374,1.13817706522641,3.65175618204604,1.63680789393631,-2.77920667967433,-0.61605415364056,-1.1683524678163,0.105090774512603,2.75183536546365,0.692054480767596,-1.43416949352994,-1.06924601124674,-2.11031553144092,-0.238863749953256
0.996423440800955,-1.26520413162562,-0.486533144048071,-0.50978001783207,0.369982222348512,-1.59727601569174,5.32847006453676,-0.598387789243384,-0.264506626846843,-0.783790148005534,-2.80189075976659,-0.203840315498529,-0.640379956945957,-1.1573598691716,2.21122402482149,-0.122128634316267,2.12165858751689,0.0482905268424343
2.56019875706119,-0.74912629090984,-0.166487654475096,0.772837078343001,-1.11950598036243,-3.12109094645013,8.99103904862356,-1.57540630930943,-4.33486869272502,-3.09930370857622,-1.77424859621059,-0.0040950269369388,-1.16480786031258,-0.278540492206071,-0.925778038153289,-0.0504478291241326,-0.682708523586911,0.604737241351594
-0.610180097989021,-1.29999333243695,-0.744850240439469,-1.06277078963062,-2.46079753026158,1.68336523589708,3.08730519542575,-0.560768728987339,0.47977388465877,-0.986700841047417,-1.84991593609686,-0.510982893856432,0.642711788862269,-0.753017718306285,-1.51717982574872,-0.436746532216045,0.627566135841565,0.619302217897818
3.09355091997485,-0.449460317351984,0.648374369166888,2.0635315016711,-0.553360256629944,-1.8977046708246,3.68909594941974,1.06545076085625,-0.280773044926848,0.0581031843118113,0.776503123408467,-1.69809562611023,0.876014391845508,-0.558360117258782,0.691251831091002,-1.15647671010193,-1.5197120875643,-1.77889233956772
0.844964792700577,2.00717724470201,-2.73108764835777,-1.45494264641806,-1.17440682235255,2.01660958074461,7.35421521625251,1.91450378945691,3.64709905597107,3.74514155167279,-3.10271620727622,1.2181195127257,1.06989150193839,-0.0180821891413284,2.11847046141403,0.062442058424005,0.25950956544589,-1.28512619620755
2.3773551398358,-2.45822838392382,-1.02653897926036,1.64001092728877,0.222287171264677,-2.08834717945739,5.30496103719223,0.821809331434432,-0.988594989328008,-2.455134580097,2.33039565029196,-0.750008561757846,-0.623080589099994,-0.860419183653937,1.88650809256368,-0.793945898726604,-1.2877798677706,-0.484435788083425
-0.624401780354986,-1.62080542542205,-0.795112913097536,-0.0967336778597097,0.468856047911983,-2.13374875384125,4.34359398743785,0.584748927916527,-2.53383378182268,-3.0530010908404,-2.68183502403746,-1.86275616993775,0.992141418477465,-1.0256238754369,-2.33774772297027,-0.93754661172694,-2.03083635158311,-0.393442002100775
2.76722452305773,-0.98768079176545,-0.733116234704949,-0.0903548827870043,0.0067215151515637,-2.37709735527227,10.1429747092067,-1.0796068364315,-2.17413501214028,-1.67388673053389,-0.842091840901432,-1.69946543726556,1.19137906456998,-2.75278145683923,-0.38474671412099,-0.479106688890829,-2.76953644082331,-0.775796895872137
