sample,AR,FOS,FOSL1,FOXO1,GATA2,IRF1,MYC,NFATC1,NFKB1,RELA,SOX2,SPI1,STAT1,STAT2,STAT3,STAT4,STAT6,TBX21
SIDM00001,-3.54127610566524,-0.330965943961665,-0.423199719416268,0.510541476576502,0.107476769118893,5.03009712330131,-0.172899898803658,1.3334785128467,4.3025385205518,3.08464186847281,-0.91108459146107,6.19443537395874,2.80922807964693,0.847981915816692,-1.11205863720192,2.08923975634928,0.332944433837098,3.85929570946301
SIDM00005,-3.98764692496725,-2.83085467208194,0.704616720970366,-1.93154383775945,-1.38450520617262,-1.54250302899812,-6.12389856857064,-1.1158110503773,-2.92207316134599,-3.59570943729365,-0.818795181143099,-2.25599944653156,-2.87526368779305,-1.3929599235921,-2.5827995217819,-0.725618854630212,-0.0085060244135806,-0.87306362145819
SIDM00008,-1.88377271567201,2.34304402739174,0.698489060584488,0.518415627723303,1.95499609304479,0.978566511926007,-6.53476410159194,1.24243643712385,4.51369668847085,3.99927421920504,2.78349511845836,1.63223490034023,-1.99523182581181,1.94857191413786,1.73184616631468,1.71267332539116,1.34613137668601,1.03125329354555
SIDM00011,-1.05845759520432,1.62413119224707,-0.786085536676187,-0.0784627531785671,3.16072293066058,-0.0859513641882493,-6.79744336796939,4.07659267804572,-0.185915543922991,-0.127614412855725,0.32742619738743,2.33894307062653,-0.450481467041532,0.236226704135184,-1.03927922492739,0.925984958499452,1.16353047779166,1.09587610422459
SIDM00015,-2.53537713307165,-0.314841731951406,0.275515446275408,-0.240138185364036,-0.871938866947645,1.40616916479114,-7.47347814467636,-1.41884412560056,0.88268284065465,0.498863034131716,0.269345882229457,-1.05508444691488,-0.0673698046762784,2.08188062962354,-0.162005475780983,0.0919772837081716,2.9246770310991,-0.347223137326134
SIDM00016,-2.37313400866721,-0.0855591191343367,0.599039389623906,-1.18809383563283,0.24972957950565,-0.567199425838243,-6.38794134896719,-0.399907767348036,-0.189751943210486,-0.946489095945748,-0.151859772210826,-1.30619258209229,-2.41272415326892,-0.319976136234014,-0.598891929200527,-0.135411526326403,0.400550532379166,-0.047545668186966
SIDM00017,-0.832785802296705,0.987205568782966,2.04805869657518,-1.16412442592571,-1.20075339262787,-0.923939483907958,1.30422590466665,1.02232307631628,1.99415981147551,2.5630935190608,1.02832917463068,-0.475980195723037,-0.769540180482927,0.291839127527291,0.641314506994048,-0.0073842821704755,-0.64389956432174,-0.241810583703292
SIDM00029,-2.60415602115535,-2.77363564921115,-0.600254952884438,-0.78623552764197,-0.570437552094899,-1.74272619773022,-4.92870243463496,-1.13944789685439,-2.83158692524821,-2.97178869710026,-0.762009855299107,-2.53169595906398,-3.8298439093239,-1.09298059348458,-2.70796427567678,0.275094106574074,-1.53890839035527,-0.302598104634786
SIDM00032,-2.57215007501581,1.58018699893893,2.94737515345957,1.14969473963018,0.641797395160446,0.505877998724478,-5.92186975086598,0.307946486565013,4.62183658348727,4.60927180886794,1.05707567066291,1.41850224481703,2.88217955856667,1.90245232727032,2.68656641015514,0.869077990578151,1.34417851484439,0.26776875940857
SIDM00036,-1.01174632066303,-1.51191505204373,-0.673700958558978,-0.368088920463859,0.632658946489678,-1.34345930275351,-4.09159976262603,-1.00558640614112,-1.30852730596593,-1.56912472554574,2.17975900314808,-2.23920062991234,-2.74112123337522,-0.902338607242182,-1.92865899389606,-0.420697376240529,-1.18620922733542,-0.603733017426394
SIDM00046,-1.21648182848068,1.0847602009519,1.22924965897216,-0.689276785199081,-0.746600707078385,-0.0369671566958369,-3.50867153332006,0.884087190858491,1.02570866246174,0.0404025175161879,0.194766718394502,-1.42239333223745,-0.231489737811341,1.51836945638431,1.21545416488689,-0.484382826852757,0.982260868118311,-0.521321426669605
SIDM00062,-0.364046500552653,-1.85051962589702,-0.218093809700632,0.811471447295211,0.426412256153631,-1.09615014545153,-3.92094771502775,0.551483021349136,0.715607398583666,-0.972844329626562,2.96564922177019,1.88709395224054,-1.42394936442116,-0.706988208323764,1.82187180309571,0.272369156906577,-1.29523106831761,-0.0318406158219601
SIDM00063,-1.18562107216488,1.70071501480285,0.701578551172194,0.961261078554683,1.78004670033402,1.12281024516417,-1.15452422977829,1.83887716217315,1.68469892439136,1.52475823663093,0.397979010523733,0.612798567202925,-0.361043379740914,-0.162099201245588,1.34591994660909,0.384232126225611,0.41303725523697,0.34904139823084
SIDM00065,-1.49323158603959,0.147304596753763,1.42678146845306,-0.702440653355626,0.0114905789534434,-0.217106140672521,-4.24197862581128,-0.0745105694390458,0.0359549214198006,0.0280417360545611,0.613668060746329,-0.587295481846295,-2.00606868821811,0.458670815623556,-0.616853355082929,-0.47863529425,0.20381206323409,-0.492240189812869
SIDM00071,-2.51971341856935,-2.38789712079692,-0.472223790223486,-0.547253162563542,0.530434284184656,-0.994874768793515,-3.9411177001865,-0.518305498001121,-1.42557415698399,-1.4421148084582,0.301973512640273,-1.76484249957872,-2.75170817424038,-0.790263848003821,-1.25120429834014,0.861377387930759,-0.687488023478264,-0.30346682484357
SIDM00074,-3.67520327634202,-0.140185789943675,0.698335220398709,-1.06263505727668,0.472026713497137,0.818347594113253,-0.721941983884537,-0.248725232337744,0.437120430373391,-0.664454751232487,-0.503824069758459,1.75678951179004,-1.992898933024,-1.03130280959126,-0.329574965352896,0.658457511697237,0.535557202343036,1.62176706585421
SIDM00078,-1.91726431342901,2.04038565474622,1.89639603495609,0.898034270081575,1.56332279957577,1.61731100257653,-9.34035877018934,1.03194130516981,3.53546790970525,3.59860422834956,1.30383322525856,3.21527977539027,0.844879018316977,1.09378097234134,2.80417636652264,1.30987285528069,3.26527220504761,0.149610312721011
SIDM00079,-1.31590210918879,-0.154879263790933,-0.0359747892209705,-0.480531621337099,0.836963006792437,1.65678596001523,-8.35570636698721,-0.124976087072274,0.247162108727725,0.0065694235365055,0.430868664917232,0.837415967208233,0.284585419924355,0.500173459053451,-0.567586766518266,1.66226615026124,0.863394048443282,0.280536249312735
SIDM00080,-1.92950852772584,-0.558564908501085,-0.109359308659224,0.399574235344949,0.48534671311065,-0.525103529617555,-4.19241059544585,0.352122880669801,-1.60894713532576,-1.28760896469142,0.185557555051584,0.260953071593979,-1.50167142318159,-1.21220694650936,-0.778247907526817,0.259613794860683,-0.127079578411696,0.697063307221163
SIDM00081,-2.24085358588928,0.496093408534685,0.193174370463469,0.629097269246372,1.92575092409258,1.76466590965618,-7.61767056872354,2.41100853799453,-0.0107103493600745,0.283167909607047,0.269575428185127,1.27499108732023,-1.00052282792549,-0.205689614552732,-0.609957238043269,0.553468224153319,0.0906983728680706,0.469203511426486
SIDM00083,-1.12174278582366,3.51343702326266,0.890645608008175,1.34513755134104,1.1965492400389,12.1397289450505,-2.97614320368963,2.17588828832873,7.08416244293094,5.41737902263207,0.610981380327056,3.64039049944573,14.9005291151041,8.36072316057395,4.55062071617538,0.281318028081895,2.07211557227496,-0.0953283707180831
SIDM00084,-1.73756994146847,2.35150862174549,2.22687152101323,0.168381879966648,1.00455999739997,0.97816635962516,-3.29682280490883,1.05432572331565,2.55392268231139,2.68827714840491,2.11376819505141,0.4185862506343,-0.457198460799498,0.124859635091127,2.30405354161091,0.629617159037648,0.427104673580341,-0.832322501949006
SIDM00085,2.95746492439325,3.71911114248695,0.46238610220764,1.64987575115868,1.41200465548568,-0.594443905791773,0.364403662669869,0.842797139299826,2.88763835779128,4.7328916563418,2.01969522691423,1.31850387466788,0.353816377918434,1.55572116981074,1.18538147469479,0.735462332060307,0.812524573639912,-0.109639941534734
SIDM00087,-1.96262971746407,-0.316771086470292,-0.277111675369788,-0.511389012264251,-0.164319726046442,-0.347684844818798,-2.88967436943563,2.28278894670151,0.569985923765655,-0.225662244412521,-0.29061283640133,0.807151759800702,-0.962715646177018,-0.698494954714621,-0.0092080939832369,0.459934647269131,0.654318843792185,0.249985430467382
SIDM00088,-3.85228403949501,0.313948860613246,-0.0645507375331517,-0.708454691787184,0.286383594268079,-0.655203957445988,-8.84996868511073,-0.219539456973565,0.347474915298941,-0.0713087757761023,3.36346468910343,2.00822562958693,-4.16674985210147,-0.318396311421974,-0.349094558587707,0.936911487997718,1.6267891386473,0.0118443752305557
SIDM00090,1.24508155138324,2.77574427644165,3.08999082400439,0.0910597881723169,-0.125438589373992,-0.924356355840553,0.699762940093058,0.298553389968942,0.849799279592067,1.23224213683981,1.19126466703546,0.688116143846768,-2.62147073941698,0.366524076271413,1.12945756282409,0.354446072843963,1.01927668839161,-0.0396147188084535
SIDM00092,-1.34769389006498,1.98160527351932,-0.43920202652093,1.15428833718596,1.5523017813271,-0.261370660947889,-6.27642120762449,1.84834117327018,2.19092845617468,1.51736006110577,1.23191214044578,0.856542930980535,-0.840177169919353,0.169048286596948,0.672066249210416,0.793596097846247,1.34857217033989,0.0134795040719544
SIDM00093,-1.80579252460288,-1.77301400567004,-0.0427656585879672,0.437360991754896,0.417336004696323,-1.91914560395513,-3.49090064211464,-0.604508021459277,-1.19962312881305,-1.67883539757843,-0.200311375328532,-1.75761737022797,-2.66515808376372,-0.965524573383482,-2.03432103308211,-0.815604306176205,-0.386972111631618,-0.305468074389565
SIDM00095,0.931952409438241,2.60511793117502,1.22711420198591,1.65339160074859,1.22113650878891,3.7030039758374,-7.20470195457085,1.73116247027241,4.09349592305921,4.35836687471438,1.59928905024214,3.26876104942076,6.33111900211281,3.12684127710889,3.8453673469411,0.955495221910089,1.73958082271746,0.202710885860713
SIDM00097,0.0744203145552123,0.650105300244057,1.9420580330885,-1.58226715331436,-1.03219785974397,-1.54062300952022,-5.86207979612645,-1.03606004598755,-2.12623983152195,-4.07827277882766,0.237782582285997,0.789946611518617,-2.21727676141814,-1.44275347138148,-1.43647222439956,-0.385427213137698,-0.179987073754522,-0.105736035094532
SIDM00105,-4.09124338832522,-1.99768517954073,-0.191571725490355,0.284078125395528,0.601927774636522,-1.18828915930322,-9.50645219058994,-0.275324423270588,-1.13635405394141,-1.76414012404937,0.22311330979295,-0.98934698588043,-3.59128500975642,-0.747340857084785,-1.96435334179443,0.302743006315986,0.133094597201173,-0.0957712801495953
SIDM00107,-2.58981600744916,0.572024100689752,0.231853904342611,-0.26272986379149,-0.315120811419814,-0.242837768220565,-4.76076735168863,0.0230223396833109,-2.51168634640403,-2.06954707654039,-0.290440997859275,-0.919241694506763,-1.69537313509378,-1.19734050769448,-0.310875679373957,-0.331286196519017,1.89104132410314,-0.458229507979285
SIDM00108,-2.8876064122043,0.24475191205013,-0.367002897384479,-0.0887775459062494,2.06903978479738,0.456170372203908,-5.87952463457452,1.12562233314836,-1.61457209676979,-0.759930525385957,0.823373049828889,1.31078327009321,-1.61755480569859,-0.899704607910233,-0.765779549094659,0.467443282711379,0.807247613793742,0.30682461334847
SIDM00116,-2.78571421779754,-2.0925547967167,-0.360500166807916,-1.0562696866766,-1.51179755660346,-1.51047125146681,-4.39555444573225,-1.70645433866401,-3.15557790561608,-3.18535386142339,-0.730059426720955,-2.83860855419061,-3.31267625644092,-1.31536926942386,-0.98643961074657,-0.476057920723949,-1.35358317201622,-0.991232588031169
SIDM00117,-2.77192442562879,-0.73677065094775,-1.00380770004688,-1.64535624905285,0.180619981043936,-2.03849504246217,-5.22364393281519,0.0151877207338424,0.0101631686383276,-0.489147997449851,0.688117268626409,-0.555367703908409,-2.96007044060913,-1.14726538477093,-0.162910274073008,-0.0428712657457423,-0.287768589252132,-0.997998120259058
SIDM00119,0.857844057891893,-0.322129591640535,-0.0733106512701205,-1.35032353172464,-1.16838377589067,-1.06733084255409,-0.671894464916332,-0.257116731186822,-0.110122218219243,-0.870196128371718,1.02986143290074,-2.22857273432334,0.0712448672500302,-1.09334941142362,0.595675592076778,-0.985761629212222,-1.51995722888249,-1.15362276169249
SIDM00122,0.600351175656552,1.15751819045689,1.31446151792187,1.15711413164462,0.0379874345650972,-0.698971682553347,1.06906586200135,0.08689455962925,2.03210369196526,2.74925774142999,0.516083366800539,-0.52347119975576,0.980052582560477,-0.508853935914277,1.58190922702978,0.405888303297562,0.979042198103576,-0.0831376977779608
SIDM00123,-1.08227363748776,2.73228664948194,0.390996885281368,0.0887177984665522,0.141490498232648,1.07329559553166,-8.36743574895859,0.341252395823435,1.48605044043716,0.955687206433303,1.21386055846427,0.265034521822269,-0.47578461716207,1.25981293975667,0.760000538673643,0.38690940979975,0.335424215045958,1.27612980168457
SIDM00124,-0.0874315238606068,1.11063601187528,0.0076542629684136,1.88049366839573,0.583035905402021,1.00656698219951,-6.92901170827222,1.09146028290123,2.51666705020935,2.10048201750628,0.817152183309484,1.73595727765564,0.68207295156345,0.0339510685293266,0.179117808721142,0.441959036318425,1.61402176407878,0.560754943459966
SIDM00125,0.0426015998786916,1.91829535386571,1.39121897647023,0.939510321804233,1.07384124178022,1.82936752186111,-3.92458577817462,2.39617205909313,4.9051008265962,4.32651463496718,1.06511515418203,2.34111016141314,1.02325850929574,1.10626320704235,2.11170366210097,0.843104778076243,1.3166532685811,0.792325078991389
SIDM00130,-1.91920703861766,1.57771391709854,-0.245176270829935,-0.422411693641382,0.98008895256208,2.37790465843475,-9.59387907155706,0.934344238940348,3.64756052115029,2.85773554694637,1.46461889520897,0.85772814877117,0.823052739224199,2.23115652698212,1.06744160938971,1.1044347976098,1.67600387317008,0.0771793189723246
SIDM00131,0.550201789590108,2.34564374596831,0.953627436051353,1.14371874150741,1.34965496367582,2.35334329576697,-6.41720524466355,1.74253309010257,3.73722603259253,3.81980453035044,1.37502410561384,3.74521550207903,-0.425230908969899,0.767823536604749,5.86383617106139,1.3861854882093,2.31473180162395,0.539946264119244
SIDM00132,1.77974950044173,6.27629369800682,3.17007678381824,0.917806266890619,3.40456187189814,3.89316693738902,-3.47924376382016,3.78999741976079,6.37372338877077,7.45811507156717,4.33241465679571,6.70492378403034,2.72444597144356,2.33554033983862,5.94415535075013,1.40656051306838,3.01133941166521,1.08932502818105
SIDM00133,2.87892723327925,1.02902661565639,0.117433860601257,-1.37174278934291,-0.789820447547468,-0.697237925273564,4.8909404284613,0.0838051916612153,0.558785507688695,0.449600449103352,0.815169634287278,-0.961411667018549,-0.822456775906536,-0.634749017775351,0.554188478387458,-0.990350878397522,-0.394087885121158,-0.995972276808739
SIDM00134,-0.0750442248320917,2.2351277076328,0.612899191731883,0.733422251284563,1.1689258617068,1.42718924765693,-4.96691482957475,1.68165501862778,2.20106182147544,2.31999304981161,1.59699912195971,1.7352425795354,0.507199074612343,0.77561002735587,2.19835887446774,2.15623845312631,1.77894053051093,-0.156992073779593
SIDM00135,1.59320940442418,5.67672236210763,3.29164580713902,0.964213398252123,1.50854484594565,0.0517541823330469,-9.29734555368802,3.0828937972625,2.52773771956851,3.26568713291726,2.89978887623964,2.0661106812105,-0.539840891252114,0.941926853385184,2.85418842052799,0.647339666523376,3.21580121521703,0.0990098041606532
SIDM00138,-2.84307652767392,0.777129351003798,0.519335577975192,-0.170770323929926,-0.0732045159616087,-1.06334855190515,-1.29275233135326,-0.285397847096134,3.19929519181582,1.22002008667493,-0.216048383375308,-0.811746035223595,-2.07049520100717,-0.831017324526066,1.46992112720489,-0.0862140644271306,-0.546590660231131,-0.487580427905948
SIDM00139,-0.705351756553362,1.32887093936025,1.00579386109717,-0.0549493902326758,0.855170762905636,1.0046101258612,-4.47784869530239,0.811357547563311,3.27739075564326,3.18395748737201,1.43667204669655,1.89186908834406,1.1737527895516,0.883594792457116,1.73804492868669,0.472410163855311,1.43104486301437,0.136412816417302
SIDM00140,-0.381516056172901,0.902477258819742,0.223374427928883,1.06821867123508,3.6779666276496,0.976857110565958,-5.70530657637094,2.0945400777765,0.844779994281071,0.863107443322337,2.01163268515503,1.97850693390818,-0.609553392120052,-0.725597583440036,1.15330030306759,1.56140725672787,1.21010910959174,2.14137767546902
SIDM00142,-0.0520638488461272,-0.578145620003359,-0.141893519071028,-0.774760115963238,-0.476556356251399,-0.618827259697112,-4.86330105939161,0.147564970497392,-1.54222809892061,-1.54913971142628,-0.328127397209157,-0.823899789833682,-2.55244215204524,0.509473077157288,-0.8970345234754,1.76335993927636,-1.66612820155967,-0.323145942418581
SIDM00143,-1.53048059859546,-2.11065061972347,-0.159094519133806,-0.979692772391637,0.044828076951739,-1.78718376152259,-5.12283259364679,-1.26536329972535,-2.14495855550709,-2.51778448825897,-0.158572165535452,-2.00607940154034,-3.2419780714905,-0.971518856392974,-1.69215796393346,-0.567078596364706,-0.525973269569415,-0.665309926319992
SIDM00144,-0.253096239048559,0.187574176991053,-0.769370232186649,-1.06172180883096,-0.309949102227832,-1.28316830450746,4.78367110161053,-0.406945670302735,-0.0762400241390717,-0.746392121489517,-0.280044754715156,-0.82490453027176,-1.787725026819,-1.89733010019225,-0.431981791834514,-0.264239341766159,-1.01178761259674,0.0083643917741544
SIDM00146,-0.949211063831871,2.00863346405689,1.04357697922127,-0.603594728418326,3.23257881839726,0.917352946341778,-6.93309088488056,1.25773656456763,2.294252924718,2.2690236538609,3.3143042993186,2.125425281584,-0.897013429381241,1.55632008173242,1.77385175257558,1.33512321659171,2.2862963697409,0.62742894955229
SIDM00147,-1.44583270288096,-0.87306335325802,-0.0036257358352337,-1.521808429619,-0.28475331970748,-1.6444331494837,-5.2805741950338,-0.0466708748746219,-1.43140980625364,-2.15730266115583,-2.2207960854434,-1.02061583706751,-1.96378445275414,-1.19996599624628,-1.15375203219818,0.286597437977445,0.868888210435285,1.03737673364654
SIDM00148,-1.36227950391538,-0.256526896629391,0.634258927043642,-1.61849936013722,-0.675511622204443,-1.78806223887535,-3.665091477076,-0.948121817786859,-1.7100367428389,-2.60157608976882,-1.27357363763705,-1.24223044629139,-1.8984752261545,-1.33340992655696,-1.07917713970345,-0.285774587240507,0.0629929165198711,0.395655102931092
SIDM00149,-0.482126266839513,2.35348473739859,1.65834729621691,-0.022835925049043,0.851349971271778,0.788266248631835,-0.766957873518897,0.0558660105244753,2.36648251361518,3.15728988972688,0.715094126168866,1.00240099437124,-0.428771762473182,0.145451342732262,1.28727826046267,-0.0504172841393526,0.864454376502881,1.00992078745501
SIDM00150,-4.08680343532383,-3.49069590759749,-1.0794092600389,-1.88138750752487,-1.36415686237529,-1.42080084902792,-5.89190176491809,-1.46579524759085,-1.97348410086326,-4.07057719038058,1.15394418690892,-2.94100892510804,-4.47121481863785,-1.36648563240026,-3.48588356183355,-0.344031390728302,-0.22496939885538,-0.866662207547316
SIDM00151,-1.27955595574521,0.123365192246117,-0.295439560160312,-0.0861664224764992,1.70287676769533,-0.368519253714992,-8.54363590608761,0.126177619167926,0.335529599614213,-0.684808041471395,1.38079837598566,0.238811707455726,-2.88299598573399,-1.11028996116668,0.33967557700189,1.15461612377354,0.939250614799702,0.823043564848421
SIDM00153,-2.09080396307953,-0.436772419613102,-0.0675138492080581,-0.217695067242394,-0.0085763320298325,-0.154892688074698,-1.09427357036615,1.33711014803935,0.672697886002714,-2.12783102674106,-0.921470409191072,0.0156839416576546,-0.297010952171818,-1.26471841085767,-1.85543352165233,0.334079531869127,0.660699090272781,-0.223015471405304
SIDM00158,-1.39421430647567,-0.217651443044808,-0.12698961759414,1.35353384227781,2.14851173258803,1.33540343509279,-9.71236497649264,0.0416022544636623,2.60678209107607,2.28988475270205,4.35579149531536,0.988829884758677,-0.0880082596378444,0.531599846806788,1.34974405770338,0.617827478431954,1.5187792164755,-0.29388725263183
SIDM00159,1.07021324699112,0.506358046233738,-0.564064456784847,-0.954464808947623,-0.55137097116186,0.918747361275051,-3.11719060800175,-0.598204892524646,0.256237986229472,0.0925383656374614,1.18665798923042,-0.703938123712638,2.45779281794364,1.78396794541312,1.27464998452825,-1.08153566412329,-0.256176340021908,2.18506638236509
SIDM00160,-1.73951559829992,2.58015533326052,0.455407235992515,-0.0135421460759941,1.09392146067611,1.09897997528557,-2.00178577523074,0.90396218468787,3.39890568731866,2.74262379982267,2.00152122336373,0.713215101253982,0.476542712931553,1.39093846801717,2.05160353204865,1.08898952480698,1.8831751483375,3.95293687646053
SIDM00161,-3.50613548580852,-0.654489679802025,-1.98242978535256,-1.61620438365003,-0.72965705808518,-1.36248100398756,-6.38624397683892,-0.871351050377612,-1.03242695469098,-1.42794310361997,-0.867282018438225,-1.38690800297029,-2.7720023679271,-0.785442704790739,-1.22055490695497,-0.307706223560873,0.106215549726571,-0.742639512379841
SIDM00162,-1.32639654335203,-0.591136400460848,-1.0151059100169,-0.644750251410875,-0.306599518347918,0.0702435227140057,-2.50444847068691,-0.291560252098549,-0.772902345887628,-1.89090228436011,0.932900943655149,-0.296542932206769,-2.93960545841956,-1.08483805362387,-1.20717004762968,0.570926939049299,1.69660380617339,-0.485786198024732
SIDM00163,2.02315170600286,2.36013196146766,0.348755069120376,-0.460425186450037,0.8932291712497,-0.88654388571255,0.588800092416102,0.79350717351981,-0.55822957005588,-0.490045153651483,2.96192906036076,-0.206666590251006,-2.62383938821183,0.0047184644727257,1.31837284650016,1.22565661146558,2.80464455845658,-0.318665721784085
SIDM00164,-2.43290079622775,-1.12628385595078,-0.521171048374998,-1.01102406433463,-0.709425845528905,0.933088407852173,-8.31109703171548,-0.568514062268094,-0.337096154752439,-1.25616825272208,-0.0737951274038518,-1.03857773561581,-1.74365766857348,-0.288881890963717,-1.63147527933561,0.0625042302615888,0.491979052619027,-0.3849650017644
SIDM00165,-0.670292687379632,1.25790583882011,1.45852829493422,-0.089221501074679,0.947834687837565,1.72684334721109,-3.13359888624504,1.00218288032243,0.434275474614381,0.555453214574293,1.28566964617614,0.643979465996686,-0.96896444351142,-0.375051642860148,0.72062359979077,0.515247440568451,1.74137166839547,0.138102321292494
SIDM00166,-0.4027467657161,2.47802899419409,-0.980170506395062,0.0557217174090742,1.07306763054145,0.365474685625728,-6.0823185621058,0.728797796302841,0.574070916397151,0.174712642818542,1.77984537502522,-0.557761489744787,0.160636499083244,1.11796058769289,0.334243610772039,0.500231699895465,0.564061032758688,-0.0299473735408807
SIDM00167,-1.04447516537846,2.66412606498193,1.98225347318093,0.494404870004422,0.372208527024383,1.79656189119107,-3.44877073962667,0.0304287816070776,1.48336075719145,1.61308635535953,0.834003785866207,1.40650653300606,0.437893426249722,0.968560710696216,0.0331202196063611,0.50515762081745,0.399173485585357,-0.453473723943711
SIDM00168,-2.07853857686223,0.657224439807335,0.567201099720929,0.854350348514579,0.0466870163212202,4.91901436882763,-8.51970080786223,0.241626940440206,4.13328283077538,3.73409354390421,0.653416154624975,1.03111559066669,2.55863661759203,2.58629570174056,1.25375170729359,1.4654110952407,0.783478062583739,0.0657488916337691
SIDM00169,-2.65741364072565,1.32564747518991,-0.132349827174504,0.979435730702614,0.975864280788319,0.912774960014464,-7.71898065470034,0.320260278023831,3.27972392211681,3.05696703855332,1.23002584443852,1.02631246287672,-0.429301982530294,0.31576663986831,2.1950586529446,0.436362839045768,2.07798680493479,-0.0557762061554697
SIDM00170,-2.68799524735317,-1.77745340344651,-0.439979951720176,-0.883847811749315,-1.24286526413107,1.49548512354259,-5.43929643266754,-1.24154910416894,-1.42910274554729,-1.38981705012471,-0.711196121373544,-2.26680720476968,-1.62538960803037,-0.172517334112793,-1.93930582370341,-0.450256678784717,-0.928334816325538,-0.838141654838105
SIDM00171,-1.86318868598485,2.590072792541,0.35964266491898,-0.0019084536915464,1.22431970287548,3.64046698664134,-5.88562376140666,0.0190431245163116,4.13366686098715,3.23620738487435,0.991049764026199,2.31817684420392,1.79198188832931,3.11514904657654,1.4162452127409,1.88690585304715,0.425852500420701,0.181352147018382
SIDM00173,2.47147904400792,2.61290574460588,1.2443552577672,0.156421538792734,2.97846322346666,-0.63394423738315,-3.52636558281775,1.27013948762074,3.46313670385332,3.21618058409883,2.45972027596228,2.56250860081185,-0.635157951070593,-0.577502014745885,2.5268609427844,0.322994612296792,2.3975809977001,0.208433229638084
SIDM00192,-1.39110349801769,0.0911532836461075,0.0034141102294088,0.7531750941058,0.847919000015813,-0.253861574647043,-4.77205317750736,-0.0393259204847819,-0.635177898395325,-1.14656712927847,1.85048455201284,-0.108952552110635,-3.54474722826954,0.833791640289522,-0.209241860976523,0.486025001960782,0.544960192860912,0.0436266338613437
SIDM00194,-0.876976472375483,0.465335040688554,-0.388013967627455,-0.919125794267585,1.21512434627379,1.49183982079185,-0.825425711052257,0.339461348193555,1.18216224877351,-0.182591997697256,1.51107444559991,0.867935331997099,-1.00854229077344,-0.0957066824674821,-0.604397517380688,1.14901701462081,1.17364536290881,0.622521828441202
SIDM00210,-0.661270092074238,-1.6592638009718,-0.382122808286201,-0.360220388012107,-0.486970653627785,-0.279587140370381,-0.327242325972016,-0.576709254256026,-0.468625824673297,-1.09595031316024,0.883954887043358,-0.355251514190091,0.0649624294294978,0.981634715536521,1.03260843451978,0.345434942005468,-0.714470786765529,0.0027538030970341
SIDM00212,-2.90045656020736,0.5250913678956,1.03557085918289,0.421932471769464,0.690318481204613,0.780294323514333,-10.8503493342629,0.921693192747187,1.1036968506725,0.87266858384849,0.570704558593521,1.05869377346606,1.17930854687835,1.0303081002416,0.605823842026782,1.24969826252927,-0.676183881461844,-0.118507359504366
SIDM00213,-1.50336786559666,2.62404763566777,0.889859727446987,1.43260518455452,1.59550289175423,1.09074821393096,-9.22075813394192,2.21513384014872,2.90587233336472,2.98531943208696,0.9956316487856,1.64404533188404,1.29404666411651,1.14197716864079,2.21796249865941,1.44334163573348,2.35198968208795,0.537840347220499
SIDM00217,-0.436986207964116,0.118940762815464,-0.463296146864832,1.39168489790665,-0.185632040150093,0.0066805705481957,0.0804029625787199,0.292269371873477,0.516739813079513,-1.42188616278228,1.47608853170988,0.597852633165,-1.7631211157445,-0.362223826464855,0.469450565149825,0.093405206914574,0.535001357824597,-0.0717925337116226
SIDM00220,-4.09910614994144,-2.52153077002535,-0.617860202285002,-1.50979610574229,-1.2348089379793,-1.39139532496886,-6.95961610754159,-1.69435749174488,-2.25990696166953,-2.98378578079081,-0.772246995305559,-2.99396321222971,-3.37764667418499,-1.26080886685776,-2.58971360456233,-0.468510690609494,-1.01616585255298,-0.516651370953186
SIDM00222,0.148025799021309,-0.320145890183345,0.415290688069448,-0.530852110131344,-0.0711878712081139,-0.42554827841688,-0.878481424129543,-0.116179969113153,0.165439842871589,0.932956595239783,-0.243261203358135,-0.588140401482038,0.315929686192164,0.441180298747564,0.273276546283477,-0.654768662101536,0.80291764846216,-0.894464587859477
SIDM00226,-1.71563509119693,-1.34189593471939,0.620453028325431,-0.984188834569776,-0.792074321040361,-2.03412812090151,-1.30935870613593,-1.15329009890956,-2.03381188335155,-1.82391712286468,1.89836622761045,-0.938704157755117,-3.23261799570326,-1.53858556396114,-1.04439731552932,-0.333749660996188,-0.758145401946461,0.298537988212516
SIDM00228,-3.23710768853619,1.05770517431675,1.72657370402472,-0.449889398605266,0.585919840334545,-0.205037045743062,-8.47241119549943,1.14591708788902,0.484781837588435,0.276392808050948,0.743314544811536,0.212471215848854,-3.23446741922172,-0.0921791361975104,-0.237463141245888,0.649539173899908,0.970825668839453,0.125782172548504
SIDM00235,1.74456886206711,1.84263766224963,-0.424385677901566,0.658006415661372,0.581677622567764,2.5700326308899,-5.29952437808928,1.00495583770092,3.03832777707649,2.24679944280374,0.724005901701712,0.543538247392854,2.16718111110164,2.91632343138549,0.335273523253972,0.259869709193695,0.800584839014344,-0.256857624287092
SIDM00237,-0.487850735253451,1.5978325134096,-0.214366652499216,0.0699024637973364,0.382930030639445,0.323385829288144,-4.29361918951172,-0.469822604481204,0.761113557572428,1.16004040613088,0.942297274680729,0.624283532520414,-2.31743379817725,0.0699224580104692,0.628594748735881,0.494560959449364,2.70966361900728,-0.0419859113545626
SIDM00238,1.0698929628476,1.11569810970674,-0.488138321318572,-0.0250966856561944,0.514174633608413,-0.495730482977637,1.45259937491487,0.172007564187563,-1.61169882968045,-0.882679800207815,-0.0320820132232164,-0.225223263779194,-1.70730335871843,-0.516192616088113,-0.694991986231602,-0.441638166771973,-0.849383992194856,-0.273682272315511
SIDM00239,0.859913308870769,0.737194708128446,1.35828418325405,-0.198204725655479,0.569418680766337,0.628623808746816,-7.38381299973495,2.2543677741559,2.74262800674381,1.9054957828473,0.932287084974408,0.711250377870346,0.620714707618304,1.9530675268817,0.580239654595971,-0.0520480956569681,2.14059412770887,-0.163027519720415
SIDM00247,-0.963814718824298,-1.07205599101179,-0.594745945333683,-0.159540254820484,0.0520480253010558,-1.43163891185093,-2.62345390473733,-0.248361883661253,-0.617939161012385,-0.830355978888896,2.35233983250106,-0.354093115952367,-2.6841011456429,-0.998496263158541,0.271257774400602,1.74243016233467,0.0721077288501988,0.0516250846307027
SIDM00248,-1.56125305009719,0.059644429347683,0.17241988368231,1.05172796986851,-0.200973768318701,4.40333558212515,-5.42709527735655,0.0402678188784448,1.92324821043773,1.18924620317795,0.25518143610818,-0.466849088100896,3.81250414243427,7.77648187522675,-1.41200449920718,0.0520644014711675,0.436664521200446,-0.506727131991027
SIDM00249,-1.83890171949643,0.932748059923183,0.0980821679655355,-0.741624403977132,0.0254021445508159,-0.306843441719695,-5.98235253031773,-0.141215108226904,1.48376464384312,1.38065303707505,1.35486662876712,1.02147425567211,-2.06652616615234,-0.142765733689688,0.700011235904906,0.570772415529171,1.78794421990114,-0.102792968001433
SIDM00250,-2.70648402227886,-0.0045086711476171,-0.166926530849319,-0.297653264865529,0.916046001925282,-0.239887881106058,-8.4586543302959,0.425692883129255,0.576693160350051,0.0108933141640912,0.992003426963052,0.366894699314723,-2.34052288869959,-0.429510927644434,-0.574056940722122,0.683560445423168,0.789790670480103,0.437348600633361
SIDM00271,-0.693564701430288,-0.297662503476872,-0.335402582795472,0.927258698712616,-0.256328880725514,0.19297395899489,-3.84202125868964,0.43867007380413,-0.101249241343839,-0.217149035602938,-0.172219124865326,0.511528204220967,-0.677250690960372,-0.137546366818194,-0.480888584873946,0.127429291905796,1.26760834238805,-0.533220740670368
SIDM00272,-0.61230489721297,-0.857331354204891,-0.574826621974296,-1.85741847325836,-0.362954084065509,-1.93803813550144,-5.45061533776321,-0.2154101463568,-1.10717284842677,-1.97940160276423,0.51822394794665,-0.0826072631356559,-3.15904044619688,-0.829401731117544,-0.0639548924307725,1.02955271260565,3.62821942423454,0.664283109104529
SIDM00273,-2.71619020153058,-0.0075051299159295,1.19297675184523,0.0048314484700248,0.632189616079775,-0.17995776656763,-9.0491058362235,0.121857519201529,-0.024929049430968,-0.287657818777677,0.99072516419978,0.476439165529903,-2.00958214802147,0.597784328261759,-0.0984268965226851,1.36616326968802,1.60026660270265,0.384076401268954
SIDM00278,-2.02811073760296,-0.065249336733217,-0.723759071052896,0.0777493942980277,5.14419747707472,0.649854431202733,-10.5128193139534,-0.669386489766175,0.855461173740511,0.381899796955419,1.34807621887616,3.57043859157386,-1.92839073946108,0.488054757888432,-1.03980925839276,1.20688523115421,0.482982404242226,-0.316130697767927
SIDM00279,-2.17650455122854,-2.0860498157216,-0.113669540368194,-1.33465889972749,0.995847508549068,-0.64943443813417,-4.67963652826127,-0.783487036780324,-1.95277235854881,-2.3331665856093,-1.60461878019846,0.44862095995574,-2.66659650352452,-0.125323042787355,-0.947134582827409,0.050976411340473,-0.308116655926093,-0.291658992479988
SIDM00280,-2.11732803507407,-1.7331599304723,-0.394859367366481,1.25849680723677,-0.529565686723926,-0.754847758901581,-6.97573339985832,0.444358193819728,-2.08742482455387,-2.7959689705608,0.100959468546752,-1.28348585736194,-2.92027390000355,-0.686260903180592,-2.07499194377116,0.174722364835795,0.0868665789796186,-0.0173518499385179
SIDM00282,-0.112909716951892,1.56892241153976,-0.131533778301676,1.012943162986,1.56359938793589,1.67626793849941,-3.66559330830566,0.612438460192754,1.83094748726166,0.638110465872748,1.60978509042807,3.01572075411103,0.808033195943052,1.45365325246411,4.72168154354677,1.29585501004847,2.3997871365045,0.566186560408128
SIDM00284,-2.92399988378394,3.9163449733448,-0.282630959408571,0.606578542864972,2.58935823190959,0.186014346597717,-7.42004305331312,7.06309169703361,-0.607664748979373,-0.325263772774961,0.150996245467547,3.11374535792415,-1.94438768545207,0.277288255949524,0.519252636909922,1.28446334239371,0.424568679172617,0.671103936233843
SIDM00286,-3.84338452844707,-1.79296230608552,-0.19305654894568,-0.946039594837299,-0.119461807821229,-0.82400511996847,-6.75930456933679,-1.05033132159693,-2.05807547591691,-2.71579917297635,0.243878848270948,-1.33926040966065,-3.34050205536797,-1.32961238088035,-1.75120328033231,0.25816183875004,-0.162393716549786,0.758539119713589
SIDM00290,-1.48281185358089,-2.09737510581236,-0.110038810931331,-1.47135721471006,-0.98333035089727,-1.48420569853393,0.599082041658888,-1.23149991474886,-2.39397590125784,-1.37974024585635,-0.820211883600343,-1.26959954234963,-2.82203957055884,-1.57150428765048,-1.37342944248118,0.128968319548996,-0.651338418616487,-0.423259911016381
SIDM00298,-2.60634612435251,-0.745254749321458,-0.491498328522958,0.459335450493983,0.340574342235313,-1.7888503371965,-5.08946926548582,-0.746699449124283,0.147621098554742,-1.16159879292462,1.02153564338299,-1.29962865409514,-3.36873630548143,-0.992810605199683,-0.65061962263989,0.210854714802635,-0.409959215870275,-0.283093600759527
SIDM00301,-1.66131477440402,-1.58255023243719,-0.422783434058692,-1.14681658197707,-0.916415956645835,-1.77691292169286,-4.48607494585506,-0.33209100738661,-1.69917239511267,-1.45612415996053,0.320762617808411,-0.56705271911605,-2.53588029344261,0.151858362102606,-0.260035087623539,-0.0023730825029771,-0.247252550199636,0.0559107857244077
SIDM00303,-3.00468594060737,0.0321704494548491,-0.10515864542269,0.549946928269825,0.800431881600978,-0.46503921554796,-7.92617324300948,0.701977612851435,0.634167428275995,1.04797182208153,1.65896101418298,0.609236453768116,-1.08670722263908,1.15605668959388,0.281076696905538,0.413209238646027,1.09204581099207,0.330640201428333
SIDM00305,-1.78955131341874,-0.983393503644954,-0.151825093625367,-0.612534867409356,-0.280173886222628,-0.50439948262924,-5.50062653855087,-1.53889595771304,-0.896225701060587,-1.14471541897564,-0.25662568863615,-1.74556208985913,-2.14360903409328,-0.233184973891617,-1.91884962654194,-0.44743605156565,0.148505334732578,-0.503740267441595
SIDM00306,-1.83957338763008,-0.973368181557605,0.670264304089103,0.0185869004636459,-0.480740560262231,-0.438896826491921,-3.02542564849102,0.345509759547638,-0.564430882169617,-0.425180449377351,1.27786727023572,-0.293962559961907,-1.42398288498372,-0.0481500164346783,-0.645948295287081,0.258552316928214,-0.0081848516751427,0.425779461647549
SIDM00307,-2.86579105938761,-1.83306494962775,-0.56682510893093,-1.76079655198014,-1.11563630531023,-0.176473145167982,-4.37995398454769,-1.35861738533461,-1.89427510741804,-2.03141122174762,-0.694276568031466,-2.1103606063907,-2.78484908755187,-0.7850527610763,-2.40076401935118,-0.654485967692032,-0.903468538509737,-1.0025246332721
SIDM00312,-3.24313508395229,-2.23292427471475,-0.5751273176066,-1.33332379627916,-0.844783654103485,-0.923777654171982,-5.50147095243054,-1.1489349876971,-1.74406704448705,-2.15334945816241,-1.09501048204591,-1.47422925446156,-1.47326699246702,-0.940816746233422,-2.68792628163562,-0.383564890129556,-0.835551880098369,-0.70846231972045
SIDM00313,-1.45570037036975,0.720633205316915,-0.181853982710949,-0.867468754936571,1.86240545901652,1.91157474055679,-2.30650044018607,4.4809169495768,1.26035996718172,1.24666702123462,-0.707831355054364,4.56132470745908,0.348907233001218,2.85404622311048,-1.04671668612989,-0.363365258176498,5.02068197704199,3.43707202416852
SIDM00314,-2.93182710179781,-1.06313020679586,0.118240389766573,-1.21446061738669,-0.397307614042655,-1.08554082439058,-7.88273751298034,-0.676749306188728,-1.26167535870992,-1.9169577301095,0.11083983354048,-1.23967006013006,-2.69859215910574,-0.706671514078623,-1.61228442384065,0.11662388647923,0.199830827933723,-0.339451513525409
SIDM00315,-1.47356801252016,-1.67959687341091,0.290978164678961,-0.315216951739719,-0.188374161050054,-0.0292194815951569,-7.34328115902649,-0.922965810416046,-1.64127581936156,-0.841375753932011,0.645410693311832,-0.29155173276547,-1.67115232552251,0.561037849632577,-1.38180249697262,1.56671341031374,0.0141290197255627,-0.413390734499182
SIDM00318,-3.59347394316894,-0.300347154872136,-0.216616768198979,0.430687528327464,0.989069614147115,1.38872844852679,-12.1511303193393,0.493832924031459,0.932768135426628,0.0710732817140005,1.4079116058795,1.07991669281058,-1.8541183739491,0.448576729572007,-0.307963511085265,1.12660745628267,1.29381528868506,0.500533939471421
SIDM00321,-1.12524458781376,1.99745564205515,0.62765587214034,0.32885221193584,4.52863061599207,-0.659111613019498,2.6570036696149,0.813052860193856,1.8759793187676,1.35996331554524,-0.322515004738186,0.0063163608822142,-0.565455568569863,0.5951151576653,1.52609462952576,-0.197002902270268,-0.307150632486449,-0.357374067449437
SIDM00322,-2.73008422572523,-1.05223238476933,-0.552888803553341,-0.969774289067302,0.781373353724935,-1.27609795625357,-6.8798540939823,-1.3463159800575,-0.925321944682716,-1.40899344558269,0.301825806399115,-1.34038247442236,-2.79463941961262,-1.10869017697871,-1.32092831556481,-0.430239581180229,0.0852421493689416,-0.747432630242492
SIDM00325,-2.4625968672976,-1.20182703636476,0.147103918188767,-1.38635986563806,-0.350523410278436,-1.1046677278609,-5.70285151601623,-0.824177634254009,-1.11543104393553,-1.15512989730653,3.47945978158409,0.769029272757826,-1.35121389313989,-0.652377225704308,0.0275439250171269,-0.30208022139272,0.418467095493672,-0.726712850514379
SIDM00327,-2.39872496511139,-0.385086879660313,0.0192876478189733,-0.424847860692266,0.702387043420035,0.943467932459122,-2.11318805522979,0.801094396449375,1.35876714838968,1.05006627845998,-0.43144287047931,0.929104202516581,0.357824296212684,-0.681911790038996,0.868312585443783,0.716490489767431,1.93906203713951,1.98842717803368
SIDM00329,-3.55548336281473,0.0533683708646217,-0.0197812382767732,-0.392098281034427,0.119786537489294,1.38025239687184,-5.56335665754116,-0.0104915109673415,1.36926824402425,0.593694374774341,-0.5171672152805,1.88379568907218,0.111806311224706,0.178758855206549,0.543699751249317,1.69535610222134,1.74456699067626,2.26895684860742
SIDM00331,-1.88721235584679,-0.335697906476225,-0.48889431267245,0.0777018368991949,1.05918196940361,0.23779951985017,0.262862014658735,0.095146216450434,-1.07536235123661,-0.991626520335243,-2.11161822875167,3.05270697018103,-1.34715106672634,-0.646158758367227,-0.297889320394362,0.926191224802488,-0.93554736267313,0.551800264571508
SIDM00333,-2.99337468333628,1.05846800341972,-0.2289325037991,0.64645090845243,1.7050129688851,-0.975541652130746,-10.0031803246413,0.733862241932951,0.0244007014577904,-0.766333480781823,1.61742832379199,0.810691328195036,-2.57132917609654,-0.496891034354188,-0.704260027377589,0.857918540980438,1.34223953538668,0.714510103847531
SIDM00334,-1.67933913304248,-1.75038193932367,-0.628083529233175,-1.90039453143019,-1.11557836953075,-1.44319942981167,-1.03035206006239,-0.664498913415434,-1.94399805890282,-2.93614482736639,-0.230798013017438,-2.31368969691409,-2.4815380512284,-1.72267892249849,-1.68382404297987,-0.373711188451681,-0.851276437791267,-1.09718163599297
SIDM00335,-2.04485962218691,-0.374882302022132,-0.140637809929263,-0.767108317229765,0.033405478064464,-1.56504352999174,-4.11765523227266,0.793534314573713,-0.138311301371216,-3.65969341829068,-0.430452389250403,-1.15058339274412,-0.904613211513439,-0.354165878496374,-0.180043199502776,-0.167958394381925,2.38908287002142,-0.192136447087835
SIDM00336,-1.53832126279081,0.970499129569736,-0.0587879656305335,-0.948375718770149,2.67279991338563,0.201062061272492,-1.84365410040465,2.99085118891918,1.63081308263548,1.36880160270717,1.47624979101491,0.360470644759534,-1.56702585342304,-0.941213230050269,0.542243961846164,0.696046765868762,1.97299897593086,2.76174164517216
SIDM00337,-1.30768033462517,1.35966767220166,-0.0583447428238943,0.956742128673982,2.9261757749081,0.513151879902301,-4.3702288261306,4.10521042714993,-0.0873946349764879,-0.129049648169164,0.57324064413311,2.54814960460422,-1.57948420606534,-1.10384010298958,-0.297605694115217,1.23449515783268,0.863784749084733,1.69934415980274
SIDM00338,-1.32955915706326,2.55407416711839,0.0700771951102525,0.321981744187446,6.14184351411808,0.933710631401308,-1.53398605749884,-0.243062475279805,0.0798628547539625,2.19240186865681,0.664529500496965,9.13296884934418,-0.597762773385369,0.115425611708317,0.398280905500069,1.85860430383035,2.21051300051037,1.53085657524201
SIDM00339,-3.17480606344639,-0.563998490465543,-0.140518035011352,-0.208973363217624,0.075833033938993,1.03438702624827,-7.7824908082971,0.122217652797506,1.65380019070778,1.11215603942065,1.17037929538741,-0.302920943514768,-1.26662063085812,1.18032192458512,-1.06091194282142,0.739067159695707,0.283502322882529,0.0158928150339049
SIDM00340,-2.88791126579763,-1.47278382376203,-0.568632380400456,-0.0549502023872935,-0.55930441924977,0.615826054585211,-5.05851718113498,-0.226374618065157,-0.227938350882117,-1.1903137536984,-0.815203189387818,0.513128135528632,-0.422571008261407,0.437992984273488,-1.21097641994065,0.475221812100654,0.926495531044974,-0.181875261063677
SIDM00341,-2.11699032478634,1.09459425276379,1.00779039428783,-0.307764434837665,0.353603732915696,0.525846117011363,-7.13808870881357,0.342775407124074,1.00173527540892,0.968873423363422,1.07144257357577,0.315654448956626,-1.10437763101009,1.29860825922263,-0.475368284876888,0.158328384111168,0.496742727145153,-0.365208104374541
SIDM00342,-2.51419225026036,-1.16919481909465,-0.406627421276242,1.6320055335879,1.49461085998955,0.769130687970734,-4.99741245669069,-0.355855480965381,-0.420328887012943,-2.05395993141837,-0.944392111746728,0.621695764372314,-1.53031064008032,-0.734493853764938,-0.90801642654291,1.21092226606836,-0.254166054964258,-0.345277946162049
SIDM00344,-3.1082601209476,0.300436436913486,0.877375482202066,-0.30163097757983,0.305929526075561,1.00408035879716,-4.40140627784169,0.408579438296824,1.7612835081626,0.887870905050436,0.849856190765484,1.43259762804043,-0.177728260650849,0.901083311190394,0.71548054248723,1.33852081978533,0.646968443782299,0.409968616023026
SIDM00345,-3.27844454428834,-0.0277775261900611,-0.0070510697084108,-0.0937797450687974,0.951171863775881,1.50003394951646,-9.37286900716324,0.806928827247091,1.8220236403149,1.22892458384324,0.34329895650825,0.391410388254806,-1.69370363369509,1.04044079044021,-1.03238702544505,0.216109075963371,0.895237386214184,-0.165905285179454
SIDM00347,-3.53099026981481,-1.95779573727401,-0.5860378701942,-1.18226516066272,-1.04382740274199,-0.529373158252913,-7.80352012229534,-1.46832811872857,-1.63421550492096,-1.65761647772312,-0.450732102385515,-1.98449030995972,-1.76737553782045,-0.37218299690198,-1.82555632414218,-1.13457166641323,0.422786743299559,-0.619005186774446
SIDM00348,-1.06731544245352,0.953338987941028,0.604796798806922,-0.247996715966676,0.34151097066757,-0.475063291943227,-1.63789165610266,0.404627698576174,1.88506273434028,1.53788055022632,1.51980277748043,2.081111941198,-0.709613773405432,-0.144299729970411,1.91624092549656,0.808511385902754,0.63748731486012,-0.0260710254083465
SIDM00352,0.277748063722384,-0.344543669467788,-0.646972615332001,3.07076809100491,3.06603403549218,-0.0869918314947876,-3.86474948867474,1.01527834518086,3.25745684336742,2.50264097012783,0.886671773060587,2.10191841369234,-0.81214954368804,0.5997722326369,3.08502335452019,0.520518939678041,1.40483831148522,0.0653492105224686
SIDM00353,0.526866755880852,3.88551550257553,1.5739485420809,1.11562035627627,0.783778053862075,2.58240390762757,-2.21586760733186,3.83602675694442,5.75446622654384,6.08035448619259,0.88142430926487,4.43934831354302,0.809205751431386,-0.725919408594999,4.19703775749072,0.514933595340691,3.04885644433691,0.571986729032978
SIDM00354,-1.22175108145434,2.41313147369491,2.29588694096942,-1.11286840260779,0.384279697746321,1.24978938569904,-7.53974602596036,1.20955755790115,2.78716555350086,3.32485245244246,0.716407558176523,1.11430921266525,-0.91541428414342,1.04425530828279,0.666411368547539,0.0998621848796423,0.750095607687338,0.128107476995102
SIDM00355,-1.2887177261468,1.06085427114433,0.0107313433452712,0.938370378899834,0.320482191919191,0.838344578023311,-7.59771054138385,0.893756733008861,2.05607394628741,1.25216302462262,0.495604208947184,1.0563374161188,-0.0129465845356133,1.24579702098354,1.71311427659426,0.878948428938212,1.48897180941231,0.0336900882688355
SIDM00356,0.960037527881325,-0.793043120555283,0.0498917530581911,0.343041161796041,1.30632926335128,-0.445918008789048,-5.39873006220945,-0.0522198492169309,2.23310487443332,1.00101354592122,0.315709385606482,-1.24688537574063,-0.804104161657764,0.282107931719896,1.46578483950384,-0.512999000958487,1.65581866429758,-0.430361400492394
SIDM00358,-2.65431695530191,-1.92038013034231,-0.628219109831084,-1.50976432640416,-0.663586152234461,-1.22844202762614,-6.20318266916274,-0.671586230778086,-2.27524683384685,-2.63295358832611,-0.239722847340209,-1.26588799791935,-3.42406470319998,-0.707477462310632,-1.63663457454999,0.447910548145829,-0.950135196648094,-0.768646977829725
SIDM00359,-2.12112430283961,-0.999925858393491,-0.44203353152697,-0.723258387896135,-0.114993542519842,-0.0908485878018058,-6.9245989944798,-0.588389783783812,-0.774009247581628,-1.90281917038699,0.691203494286566,-1.42106374730846,-2.42529631300842,0.644949896831991,-1.70301549635448,0.0866790222379382,0.114721144147925,0.436690622102266
SIDM00360,-1.43450643851333,-1.41167801709374,-1.50101550375682,-1.28087959146043,0.606762316000062,-1.93127195688093,-3.56233952045476,-0.508839168887019,-1.11034824737844,-1.12039501317705,-0.789706125378289,-2.40844150809991,-2.9762115526015,-1.08695219061029,-2.08559201642732,-0.0078938787874413,-0.124612216438048,-1.08190028656302
SIDM00363,-0.564057311883209,0.637732712945314,-0.686539480711547,0.743853788442175,3.16524183158503,1.65731747187351,-3.33522030165375,1.16294833610517,1.59158339365873,1.74629101601406,-0.84925058243529,10.5073573951675,1.34165356047489,-0.600012763982273,0.36539640614068,0.450693427527601,3.16510549463918,0.321365568378454
SIDM00368,-1.8508880122273,-1.39063727066661,-0.523838079976616,-0.886389585138784,-0.28357596919229,-1.62320418906079,-4.2864258657987,0.82146214535286,-1.78527939672211,-2.47608593934566,0.173565867470827,-1.13447644183678,-3.13718622857197,-1.26004479518105,-2.33355952224382,-0.604376119851561,-2.15944515886148,-0.424787611635509
SIDM00369,-0.872740508992908,-0.0346973355348845,0.976220979997608,-0.641242977897389,-0.0731849003086826,-1.22466419180903,-3.36496728481472,-0.576880506440051,-0.0629875229018212,-0.0654679415344367,-0.0908143952021355,-1.26287782531069,-1.96315779758207,-0.0381595627634951,-0.320944025622691,-0.341803168377041,0.853564189079422,-0.761750089860789
SIDM00370,-2.41095529094211,-0.860181779024586,-0.0233333548776362,-0.482548037024495,-0.0388648231702086,-0.498159672319432,-4.23530120331213,-0.215938099898777,-0.519925769485481,-1.3389532799894,-0.328964631087061,-0.072062871309129,-1.91416557249173,-0.655208842896673,-0.934134230808076,0.676907297387822,0.306524965085966,-0.118019853276014
SIDM00373,-2.40867208023453,0.406522153164201,-0.566903233654555,0.817713222312661,1.42083080125611,0.750751114935488,-8.78084697679213,-0.0923010171994781,0.524668401574962,0.616105798737407,1.57274761675411,1.03364942033214,-0.114915946088636,-0.241780476701868,-1.59451227623408,1.20367222688692,1.41507267857754,0.735035344605052
SIDM00376,-3.57277150398155,-0.819913687664449,-0.167399563485285,0.990244077247941,0.966967870718646,2.69238361444618,-4.50710365935754,0.3800531502728,-0.0144398744388055,-0.200975748217599,-0.988315743671105,3.77575634223297,-0.105058162298598,-0.0539125581336919,-0.222301226868943,1.82198717863448,1.05077412978614,1.83774905502618
SIDM00380,-1.29931079710613,-0.637225456496737,-0.378089750460885,-0.231298802210515,2.56290741255324,0.713456637075056,0.797558789879105,0.127249976232895,1.22042009846738,1.02341838036954,-0.0760594161166913,10.683802233431,0.475153679176482,-0.343736400208715,2.9128623798714,1.28002191721158,1.33680764904053,1.46946373096192
SIDM00382,0.304707205433996,1.70566716427488,1.49460948942019,0.569495887761223,3.35488294544871,2.02747847141175,-6.84965137841581,4.36168755986941,2.81410909618506,3.09120226563373,2.32241965153399,2.53846855304474,0.0646585566961288,0.769149540927889,3.66557940307192,0.994501790589637,3.79805544790508,0.702463322867501
SIDM00386,-0.914385504248135,-1.7510338875595,0.459344260089665,-0.263203297892285,0.536548657783398,-0.334162662789512,-1.26724100909119,-0.569043273777921,-0.262082792577833,-0.393484985579968,1.28362003862128,-0.975801233020891,1.76647232485703,1.99937123590354,-0.723812180252394,-0.0620366314052885,-0.655743642881013,-0.0439442441568274
SIDM00387,-3.17666931461136,-2.25281069703663,-0.519422658014968,-1.13143109184174,-0.924241429887375,-1.34876093402031,-4.23569823772879,-1.55375996649513,-3.04347435993425,-3.07908875821356,-0.785795559841924,-2.61187257857416,-2.99796413291129,-1.1990193385526,-2.24422574470249,-0.656387717265428,-0.984876568608412,-0.250826822990642
SIDM00390,-1.66435601171723,0.309735057176598,-0.304648934973798,-1.30026745804481,0.339805002476654,0.514117806092406,-2.38198978896577,-0.214675683024205,0.0329038453273128,-0.120175080317475,-0.875680986576981,0.269467939043385,0.365132124724709,-0.840073508234652,0.343464913914445,0.712786727368994,2.78305658122453,1.18765935542305
SIDM00391,-2.95231100103904,-1.9679028218923,-0.46511312396109,-0.291559761333691,-0.346787716182137,-0.806384236349635,-1.98463761087014,-0.0880494136333497,-1.63222162690128,-1.77870955919446,-0.581989891306186,-0.400984310049157,-1.73713962976706,0.561086697347205,-1.61444890975934,0.647470205553296,-0.425317511858304,-0.365633019673173
SIDM00392,-0.766078600877839,0.297171147330527,0.0601512143187534,-0.175403515157394,2.0983569073708,0.389641865291585,-3.98489708146839,1.25043630748443,0.267946241910715,-0.211620846718811,1.09347476506795,1.73401473343527,-0.618373173795118,-0.833834447256254,0.227708731962545,0.92883098730616,0.0219465579627685,0.725575778887923
SIDM00395,-2.01210548229529,0.405375416494516,0.0007954565403298,-1.39854778725807,-0.733259376011744,-0.634666674386025,-2.74145204628612,-1.25148468764223,-2.66303000257323,-2.83512794839402,-0.561222633892056,-1.86852072973997,-3.70074651485203,-1.10280958342126,-1.3523071547309,-0.552457977405538,0.3250215327668,0.458041456677308
SIDM00396,-0.581090586013044,0.165410712115805,0.395958085760487,2.2976552663411,4.59846613354915,2.52327601629596,-1.15333612124523,0.186751549420853,1.11484941323448,1.54632976998578,-0.22679625344107,10.8478777767472,1.31783984085061,-0.671781780377264,1.76109336544697,1.09384960220931,4.34391882905856,1.77973107307518
SIDM00402,-0.908482268790451,0.871092131987807,2.30174362599127,0.400417453396972,-0.0753887005963058,-0.749039482755096,-7.13536415108877,-0.311243846589777,0.0330187420262378,0.235243922608727,1.44277712704078,0.0111762508890241,-2.20892673817359,-0.474649786353331,0.342362599307566,0.490738677782348,0.765702749945345,0.188848922143041
SIDM00403,-1.74691651610465,0.383918410026532,-0.363350138479835,0.0176448409092525,1.76996988613583,-0.704980819346407,-1.95611592405008,-0.101330051080505,1.0558120831775,-0.509751942936489,-0.514562460488217,-0.517517631693034,-0.21451935636787,-1.04709787171769,-1.43868709463063,0.43247819328992,-0.143037369419214,-0.297462000958562
SIDM00405,-2.85626056635946,-0.576235555436948,-0.25264682794122,-1.06546780645607,0.21653812509265,0.828785403149614,-0.418266047115445,-0.140528921867415,0.20272441434877,-0.962912715573399,-0.977203703495237,2.37748652207874,-1.60314914271052,-1.14854474389128,-1.42049146294468,0.0545813321571921,0.772121720296988,1.7342456177904
SIDM00419,-1.88889695224739,-1.03953989336248,0.511051127311888,-1.95825874891296,-0.054780088777854,-2.71065661321399,0.736141776002097,-0.808905072714276,-1.66326148547318,-1.69124114420486,0.614682651487202,-0.244487234525137,-3.94655702092975,-1.96456232098292,-0.497779195523844,0.524904948183708,-0.618006154710693,0.0788204157050543
SIDM00421,-1.66640980065726,-0.234393172496316,-0.181474130258593,-0.179351751381172,0.334067885861893,2.274286227144,-3.20821593893668,2.72987284160419,0.73468151819627,0.672760195474016,-0.420522082519545,0.313813788981678,0.941574911238943,-0.133878351419989,2.36496842001247,2.11006961603898,0.746755239582449,6.79183369254578
SIDM00423,-1.641923010122,0.316136429225142,0.461661362455701,2.13540722944626,0.911827928454424,1.84999515436121,2.95594205432298,0.63888477177911,0.0173116240733737,0.106773521395727,-0.513979655995943,2.28747613819764,-1.43016475960492,-0.811444891643639,-0.251589363453003,0.652759791904914,0.0607308640459176,1.37421765730342
SIDM00425,0.0665835833449375,1.69262376260716,0.694124769701233,0.974464917319425,1.45196331104606,0.858135680096537,-2.53310222910437,2.91627104663094,2.692681353393,1.97588843527571,0.651098478966541,0.971740152491271,-0.257135989454256,0.681172098782547,1.73040702286421,0.654059761532033,0.705688924455296,0.619730221337772
SIDM00426,-0.729492835228985,0.16941306310073,0.0506412220894119,0.34152486340712,0.579443402257227,-1.68090086350264,-1.03756343222108,0.894191718296317,-0.812512786197531,-0.289416812471474,0.841292641955074,-1.09238509592863,-1.99451358254308,0.189636975951677,-1.11438659175874,-0.282359925648853,-0.002686317612925,-0.363620239504133
SIDM00428,-1.01040970993922,1.24964576532867,3.02553406306839,1.01244007783742,1.37855911064361,2.41585047874413,-0.152965426047621,2.24110269218942,2.01523885434838,1.29257608474546,-0.353211164416267,7.33958692605143,-0.786179574374563,-0.575286925107843,1.49646867685919,2.75839279102911,1.49077249266156,1.88389280284689
SIDM00429,-3.56501042827493,-1.37685391646907,-0.031183701602252,0.494429852467027,0.965937222330158,-0.167509057069273,-4.28870169446906,-0.112604308043019,-0.881077256097854,-1.71137341693444,-0.741594145024204,0.397230614525248,-1.99689320803593,-0.77483693221722,-1.63393678247047,0.512121888818495,-0.432310807333538,0.0686709674636327
SIDM00431,0.0200093862245295,2.32058111455174,-3.88789554682288,1.07397386872651,0.538549372061407,1.0629212709721,-2.01595138150953,2.48040003904377,2.50106645874121,0.751982771632107,-1.14045649606353,0.63025444010325,-0.0647524463076865,-0.724773466296339,0.353596967612251,0.999542972254565,0.516696961907083,-2.80327478915388
SIDM00433,-3.57128846204199,-2.10584254105179,-0.60269806507058,-0.853307543870715,-0.211882255673956,-0.938921435494882,-5.46785885403046,-0.16803180133186,-2.03012744069529,-2.92674544668279,-1.05502331643238,-1.51093057063518,-2.57009021845331,-1.16397673219655,-2.56163666185587,0.0654226509889506,-0.68916503307375,-1.30276314127854
SIDM00434,-1.92449080107947,-1.24657207576011,-0.0505798422734871,0.780194410296356,1.34104698182916,0.671226490519235,-0.650482400489132,0.0733569872963583,0.275241695793541,-0.0074497843501779,0.0951302444491883,1.22187432393676,-0.471718795902668,-0.296350055602603,-0.289901194774469,2.6105116404756,1.11162338062616,-0.118264932920073
SIDM00435,-1.68562032714559,0.0139368394494518,-0.217347545069495,0.124840540289387,7.64586354638048,-0.851447279114921,1.24415114239804,-1.01982442994195,-0.693458209502145,-0.47633080158014,-1.13901453791918,1.52058342549757,0.375312463453423,-1.58304641607938,-0.254965928688296,2.05426753473703,1.29137508726157,1.71034687194329
SIDM00437,-1.94349330903007,0.83115439743104,-0.0540662976414009,-0.25561516546266,1.18995892002852,1.22676390167684,-2.37058645009859,-0.477449865512459,1.14802190684191,0.837321279917005,-0.258482717145813,10.8871204635759,0.868907261549709,-1.01222844138194,1.6074451098351,1.68541169570017,3.22237363494712,1.42157703563688
SIDM00442,0.0138371129612527,3.18886768651496,-0.92837622282944,-0.242683041583291,0.133888645254354,2.30332062620681,-5.02621648949459,1.23905942228591,-0.120336836046865,0.0385254401687357,0.386837593244205,-0.375325697544017,1.27973151688575,2.03021647673265,-0.213385874671765,0.206268362130135,1.78005462913294,-0.0695620218435297
SIDM00443,-3.04567369036748,-1.24250733043355,-0.37665187503938,-0.5829062593577,-1.174628871848,0.542152785894792,-1.90427517025456,-0.432402408856111,-1.00532667298728,-1.29645208299376,-0.72016753149073,1.01316230339991,-1.7846658969109,-0.948459220029963,-0.965418919687813,0.254515196810226,-0.236346599078389,0.587367335275592
SIDM00446,1.94413141278741,-0.217367013619083,-0.323927666013551,0.376223948396837,0.795614745481896,2.03595090662124,-3.77875071512631,-0.0237264759487875,2.29758096948123,1.83936880968764,-0.601983656493121,8.98496055706694,1.90596095157946,0.0239250236987992,0.524797983034248,0.601315281207023,1.26113981937065,0.739553737505348
SIDM00447,-2.60981020320768,-0.9160107784992,0.0608462404170971,1.50350136342647,1.35734597082998,-0.0718249028344352,-1.31969269703942,1.0592075099363,-0.223162568231983,-0.163287346451174,-0.728208894392783,3.01231601998228,-1.75142148422443,-0.43772427795772,-1.25322740863564,1.84078707896779,-0.273743034479223,1.04826278498084
SIDM00449,-0.139103744134018,0.553410740697395,0.0409599603448284,2.81907860371304,1.21944275748038,1.68441957141926,5.09030859519579,0.60658276984319,0.232495003648806,1.32353998305084,-0.979006437528327,3.57947768957378,-1.01054511040793,-0.792533992415094,0.611348158781138,2.10400700081529,-0.206258790413284,1.5774287623182
SIDM00450,-1.2319862373896,0.0667768059572401,-0.211660314200898,1.34453283017076,1.74885755749368,2.24077014210534,-1.92749934597796,2.18681346052907,2.35116519160912,1.89991585022366,-0.645643278584479,9.81998850155502,2.52488531188558,-0.755788670456976,0.906670893906571,0.492429558594919,2.29769176373734,0.831864616681692
SIDM00451,-2.89644567822931,-0.251713239442052,-0.1694842334915,-0.857527413150638,0.172506235029371,-0.250624024358379,-5.21178479659628,1.17059845992459,0.206210684752406,-1.33608000793868,-1.43147782957436,-0.63535318021659,-0.635532364288586,-0.823440203857922,-1.82662725022447,0.353300355935523,-0.153048210714686,0.247047782395609
SIDM00452,-2.42432127358228,-1.95519501346398,-1.04345511309259,-0.486035491758215,-0.427610533349799,-0.197357031324039,-6.04853122321536,0.11462617949805,-1.2334812088925,-1.9964314034634,1.7284557412686,-0.581056423062741,-3.2733519536343,-1.17438305779012,-1.90012680817565,0.607428263045495,-0.0154563658391481,-0.42694330817612
SIDM00453,-0.196210816683632,0.414836028722851,-0.368609081641999,-0.508803674229715,0.0113311643190019,-1.72044729759652,3.00441629057986,-0.661714684229761,-0.678726687246387,-0.232756067287177,-0.0005656094785736,-1.54846296648736,-3.00100199020628,-1.00717350526339,-0.456000656556556,-0.155476324897229,-1.06958700401046,-0.939985419301577
SIDM00454,-0.763202140258648,2.4983229673743,-0.8129589716722,0.242413482789542,0.33108780006038,-0.511353165009549,-7.27230419245616,0.420010210322674,0.231447854436257,0.775476069881431,0.976573908044459,1.69373017958172,-0.902543470877484,4.58469820933936,-0.906390665445932,0.203750144215036,0.285193509624691,-0.340327935434359
SIDM00455,-0.962284955252943,0.652661180397421,-0.490941986359832,-1.22892820100755,1.49181458406759,-0.0229747972357927,-0.0797677775022585,-0.605945283342403,0.155249233089426,0.370451550962792,2.23140372841035,-0.654301286504258,-1.17471322257383,2.20232053015874,0.594358305410445,0.649176390922514,-0.240615238961629,-0.106804466745842
SIDM00457,-3.0377722883561,-1.58087462290436,-0.577815613780407,-0.782919151358098,-0.0628971245485259,-0.267565368399399,-5.15810760154159,-0.985999794581334,-1.10813637151336,-1.95732432919161,-0.870886463244237,0.297553281742452,-2.22631463191775,-0.488710333053709,-2.14911660010327,0.465380092316622,-0.310245251194091,-0.14448477366368
SIDM00458,-0.897737304400183,-0.899113968652865,-0.345985953765198,-0.20979088883949,6.94107559279709,2.4102849171773,-2.93322897139687,-0.136654980962746,-0.329078961580042,-0.777620851348955,0.0953189321653772,2.04782396936612,1.87788558692536,0.42467096693391,-0.910271508326738,1.68632835836684,0.502601628222431,0.263610912964668
SIDM00460,-0.737233355760858,-0.0406195299965814,-0.078603513984287,1.2821482782441,4.21823527179579,0.944578324103561,3.19684888069586,0.86525395606319,1.64089821307453,1.30073411373302,-0.317103955070775,4.12485567326629,0.558852137437122,-0.366357345771602,2.31673908940022,1.35065250223963,0.545689723215985,1.78962605083735
SIDM00461,-0.361478714356031,-0.0983298058817405,-0.356895223230265,-0.0215751083334449,1.99874836763207,0.782795674162898,-2.5100880684698,-0.258929358990676,0.377998167719588,0.550231325105388,-0.645151121777209,6.92990416927576,0.438785605413329,-0.009183808841966,1.85711975114698,0.563601233168427,2.92193765278386,0.706043813327724
SIDM00462,0.91055755719234,4.03046239319781,-0.313460424156301,2.05151797981156,4.23830017193333,4.21395499021068,-0.523926375132703,3.15216934365755,4.22524571409876,2.82803355636124,0.22041275083941,14.4466800716482,4.16914748580725,0.505805988989213,3.23841909937851,2.46452419962952,4.66689873576493,2.46623101747981
SIDM00463,-1.87630120810013,-1.50621701554985,-0.285716404778672,-0.796625037852413,0.0814674744351911,-0.69578163776304,0.517432142666642,-0.31939778077631,-0.597716029780917,-1.79107425679566,-1.5545355760704,-0.807271553335977,-1.3411200041343,-1.10387580421657,-1.8962952278313,0.118089493450307,-0.963177572738731,-0.327889288649292
SIDM00469,-1.14791150791005,0.931469043760453,0.927230532629878,0.249330988808876,2.21491662725877,0.311854050308265,-0.431319677509888,1.05680967543818,2.60766565956122,2.36808180663351,5.68516831757783,1.29578225007211,-0.971273032922431,0.175157225576432,1.9818995048482,2.57969157256988,0.801382365666793,0.56906206797972
SIDM00473,-4.45635782940585,0.80543387401619,0.806245530127489,0.437030845757161,0.686807092034019,3.28668571016108,-11.6703557594058,0.525342490893489,2.36279516668084,1.19126974784787,1.0847499245278,1.52355509419237,2.20092117573669,2.50085129588669,1.03596366933662,0.994869408295595,1.0212860817051,0.225301750666276
SIDM00474,2.09702994529327,4.84852714010569,1.88048374012642,0.0096118552232053,1.62797450793133,1.07458103320023,-3.77719275799836,3.86962328990074,3.60483950595901,3.85227481384263,2.96159189934758,5.53739855876583,1.40685501754812,1.26750539812172,5.40467293490673,1.64799618084725,4.03003996630561,1.15293081430617
SIDM00475,0.926794306756639,3.21361384770309,0.192139020941205,1.12542494131676,0.173066815926536,5.21038633746931,-4.16835207079627,0.525374383305765,8.80987976585593,6.77135348444205,0.630226468608382,2.52273086624115,2.22415663259951,2.11927947773046,3.5387857967989,0.649400886860845,2.04919784044178,0.407187320968472
SIDM00477,0.95401665172869,3.01222461845187,0.801276729028894,-1.68604062379516,1.75853408668823,2.7400596326866,-3.27160672545184,-0.372581132502967,2.68426291657242,1.84392999564629,0.974859720225021,2.27552234265677,1.91198468554141,2.29914276430119,3.18078650908123,0.434523734229619,0.975943541005579,-0.066128820734687
SIDM00478,-4.1954612273277,2.09412959646722,1.80721822918463,-0.0063134809817744,0.867801432956837,1.79510219307076,-5.04137379397087,0.418883373377528,2.96414421201378,2.30327367768189,1.99398198007326,1.65634379732253,0.0424300060876371,1.11151317039524,1.9048934693464,1.34112241602987,0.823406615065587,0.47537597096068
SIDM00479,-0.918563901316014,-0.453261130288425,-1.09798811899433,0.523133109909096,0.1329309727421,-0.597352491400399,-4.64750191060325,-0.456364841302283,1.48627079709637,0.210129136939358,1.74621041666325,0.868673449635281,-2.78184369416163,-0.537225502290472,-0.513889546880155,0.0454587821301859,0.901224329833285,-0.204445502829894
SIDM00480,0.77175532879756,1.08961431030069,0.0900281422313122,0.567799167823069,0.901517677746012,-0.489100200711919,-0.0393792063872718,1.62660270891407,2.3144265102939,2.53584621418334,0.874349736209104,2.14424448221709,-0.0795369841290289,-0.311689824213401,2.34311556378646,0.41644222274471,4.19423321173096,0.827717933766753
SIDM00481,0.370847333791134,-0.686392419768856,0.105501043865795,-0.586113708744211,1.36695402464636,-2.16380608555717,-3.50502039346458,-0.819306774256539,-0.676854153281029,-1.87604229020206,0.0553390644677937,-1.07602739644854,-1.95412065089282,-0.345031050525944,-0.604034568132554,-0.245610004461,-0.209454985233239,-0.370542123560024
SIDM00484,-3.38279843145128,-1.26725917534828,-0.53953677776643,-1.67239728955097,-0.0752148878318733,-1.53731584190386,-5.51801905986857,-0.501509978891438,-2.59679643435228,-2.97655061547751,-0.35333626954966,-1.67713459852321,-2.37541502625891,-0.86958325083163,-1.86337354975811,-0.516505925217818,-0.582630515157403,-0.932018645419165
SIDM00485,-3.22694261289136,3.18071692259352,0.63679757542814,2.15489587459368,1.410231126977,3.3931505598918,-11.7420232688931,2.16016989971215,6.96593887529691,6.07053049351314,1.5711719474194,4.63728142912255,3.20772009118808,3.23979997854028,4.44243309248288,1.45866109282416,2.93802128010911,0.949780340675672
SIDM00486,-4.06662069475081,0.602308608729736,0.463206788470159,-0.0712117763110697,0.0902870458188238,-0.125724815009761,-6.32899091223564,0.177545592064029,0.8156399098649,1.03825075534525,1.03315909133742,0.596730528731459,-1.98609033198823,0.0821608382794569,0.953842370265956,0.354288572574173,1.04381758283923,0.124762501819905
SIDM00492,-1.48688633075005,-0.279836539585531,0.536085434779055,-1.15424681634836,-0.43368194089315,-1.27074605549102,-2.11779066122615,-0.276637021208177,-1.05050765006056,-0.51888671977407,0.303635454036565,-0.859757739131875,-1.79043621878074,-0.129689151011442,-0.444341641004305,-0.28079948239753,0.331020796335362,-0.460723303080414
SIDM00493,-3.09167428505567,2.8545565458645,0.951910564574835,-0.875574797592565,0.0904155679217801,2.08077419797183,-8.80885692955232,1.71966560293534,2.95662986112384,2.99865865230989,0.826740276895121,-0.308532192215138,0.587112784135416,2.89433881627647,1.95418632176162,0.209943750879433,1.97205502390839,-0.801219238918633
SIDM00494,-2.2613028771882,-0.0981321461221023,0.870261743478148,-1.59096225751764,0.0256035176991779,-0.0044561594478686,-4.83971215087968,-0.0641604149360879,-0.642047588146278,-1.19508330362437,0.318191965478452,-0.405629158189731,-2.89691365399504,0.826123734585438,0.485799715738599,0.0678627624073925,1.25540357006606,-0.28484248719611
SIDM00495,-2.27330095693329,-1.9251936223696,-0.815433313415022,-0.628140026403357,2.16439406074206,0.362245272669159,-2.99839614938456,-0.686185862525129,-0.31953041081833,-0.30923942087419,-0.955517328356723,-0.659832323582266,-1.13368726946391,0.452540205040709,-1.82417235019915,3.04768371564524,0.904356000413018,-0.514357785292677
SIDM00497,-2.11026705521486,-0.976582906008624,-0.825177352988339,-0.487926731048019,0.153180149509588,-1.25699151648855,-4.32805098029197,-0.58074846300283,-0.996187143913744,-1.30348279940951,0.500526898542976,-0.744624430265515,-3.20718195871365,-0.830811070192053,-0.69458394551727,0.157976763019065,-0.368362636581305,-0.258511159035225
SIDM00499,1.51018989630707,-1.23514255017081,0.0432350966346162,-1.11795148945966,-0.56080142949474,-2.73342929194282,-2.27141017962924,-1.0883634497569,-3.7654191865743,-4.19859336588832,-0.731418039790717,-3.19758405842472,-3.76674224075338,-1.7786939052461,-1.79023601102794,-0.81204943235456,-1.35567889090464,-0.655290226264398
SIDM00500,-1.9325838975931,-0.756086023760333,-0.708174389144823,-0.358099835166419,0.209195102145573,-0.616374264529747,-4.72406646492832,0.234863381496903,-0.304343072906238,-1.28104671246592,1.00255721835675,-0.55366705886329,-2.22908754028425,-0.75863204183006,-1.27974619715982,0.31168905680222,0.61584845105867,-0.319800202777134
SIDM00502,-3.43630064118961,-2.47000331255885,-0.344246473002412,-0.944190575264103,-0.360725854710549,1.72707369408373,-4.13948288530877,-0.689183698847646,-0.956052955770194,-1.33452182409531,-1.32497060700477,0.0815928013368666,-0.834778415554303,0.611335809720092,-1.85824656223248,2.38395414246921,1.18098436551812,0.866279762105089
SIDM00503,-0.425542670531813,0.513463571337357,-0.591831497533721,1.15796420109308,0.708764314619279,-0.714891876473306,-0.0103675176446774,2.65976718559379,1.30165184094774,0.56238709234861,2.50648416918155,1.89806451157048,-1.65861094941025,-0.204938534865211,2.03082057453259,-0.454490717500004,-0.573902352421261,-0.665502820842587
SIDM00505,-1.80934312366695,0.106386197435045,-0.590178012522485,-1.14578294302868,0.711586453791387,-0.973015517326839,-1.12075393066484,0.511488401498737,-0.437292349613716,-1.25259369884843,0.656482896982422,-0.421618629931087,-2.94752198284361,-1.35785804283786,0.034113610053355,1.41572569468971,0.0445127312972336,-0.137301918594089
SIDM00506,-3.22194521184399,-2.51245350809637,-0.254917351036733,-1.31643352349108,-0.728126695528567,-1.66919678963867,-7.19934713817788,-0.773619153690144,-2.43187788417732,-2.2775539150329,-0.316045103116679,-2.16492944611599,-3.89824967466986,-1.22094642175423,-1.35523319612892,0.222495499091889,-0.556409281081786,0.0200136306954976
SIDM00509,-2.5680772141916,-1.82943294580594,-0.135540188636019,-0.317531925822801,-0.223780071726476,-1.44462832228386,-4.24146525199188,-0.876654489071704,-1.23968484380687,-1.66125799394525,-0.919058633451649,-0.72871565899541,-2.53918462876398,-0.865362680923027,-1.67013511459257,0.0013699604989444,-0.834332088807157,0.0558417567608135
SIDM00511,-2.14900536758018,-2.24452590500453,-0.568065706002472,-0.292374170786552,-0.135274064390021,-1.43739718061865,-7.1590896163904,-0.653795855009419,-2.29897533888245,-2.34569772713491,-0.0925060121459577,-2.18734280081075,-3.24653994152782,-0.845787397982924,-1.95576536972468,0.827345751071129,-0.161184277278035,0.525493309471715
SIDM00512,-0.873251956676264,0.764801189389646,0.563344832116619,-1.33742234007786,0.907498456135261,-0.398369947009611,-0.517429182149863,0.213301263315187,1.0499992166866,0.636748739034815,0.0604553332556186,0.130326909676302,-2.14849270175353,-0.662366380063323,-0.384899593947678,0.433773618900264,0.0922970801450172,4.43327192315408
SIDM00513,-2.51915821001845,-0.247944569327075,-0.0227913983671011,-0.313908545003641,0.258426832340409,0.636179323780176,-7.88311992724642,0.312454050773867,1.10599594122695,0.359338451243208,0.273877317342836,-0.234407243807206,-2.00176047347997,-0.0009704917738297,-0.309059239345418,0.649522711036654,0.989061279168725,1.38285357597703
SIDM00515,-3.52605357747011,2.3937212915126,-0.0293131093633072,0.243330776659488,3.05047923293487,1.02825349222719,-8.84561285125661,2.81895899368807,1.60873266870917,0.385994393229877,1.12152611906768,1.91411541193591,-1.3152864402856,-0.381003154403434,0.304673629997235,1.43691462978309,0.698410776556011,0.747405376974037
SIDM00521,-1.34595952957568,-3.37835465534122,7.07692900120147,0.32797634482781,0.563826550507553,-1.03487949478753,-6.21951966804405,-0.0202899904928844,-0.248773297073958,1.9581629431418,0.811601369616108,2.99285329179768,-2.34472891010818,-0.371018874148406,1.91442306817748,0.0143427881537207,0.670133280447772,-0.0416304396380376
SIDM00522,-1.20679714132396,-0.845949958258665,0.10776029511578,0.581906880228788,0.27908364948014,-0.431127438759355,1.31037180762423,-0.176714937515443,-0.779289990142758,-1.20158749185926,0.171062830966516,-0.798844564586498,-2.17610570020959,-0.302876239943843,-0.179037882300439,1.41559284484462,-0.458945085149256,-0.245132063661531
SIDM00523,-2.1351812022029,-2.20687277185114,-0.232054146008306,-0.826974723414006,-0.424726074951321,-1.85810734537978,-4.68614713484858,-1.01462844678084,-1.63862718277507,-2.19538969800572,-0.194669617343772,-1.93694329844799,-3.07678793126307,-1.00183396803748,-2.0380991806024,-0.404826250160337,1.48779042300669,-0.803184401798842
SIDM00524,-3.19374716680929,-1.96498132668362,-0.279445026190098,-1.28024661734888,-0.320603002007198,-1.79452560293633,-7.30315939488982,-0.707238484846454,-2.73323789616748,-2.41436761216129,-0.524759951283643,-2.26784383886737,-2.89841321492898,-0.361612697008686,-2.29352784626175,-0.302299695654846,-0.116375553056114,0.124207392895004
SIDM00525,-1.57527719660278,-0.0526050675967154,0.419017715040023,-0.73325852559762,-0.192417980819536,0.15594779795201,-3.37474932298916,0.0282848872936673,0.364489792452506,0.46957941163601,0.826841631588376,0.764762281288161,-0.872516406091682,0.922384192714125,0.111039864456009,1.25216247672319,1.17901584030147,0.0246949358118809
SIDM00526,-3.86510475041902,-1.32130713379352,-0.509080082454514,-1.25499588875527,9.26961556500573,-0.814661094253473,-2.48755078770783,-0.792448416532357,-1.75074726825557,-1.99948145398022,-0.587716499163579,0.658508533785736,-0.773258302662632,-0.941328307183031,-1.38166093311844,0.680325143372524,0.210031629364923,-0.0034608346567725
SIDM00529,-3.20111122194149,-2.06679640571804,0.580156770789242,-1.25191933516202,-1.14366266500947,-1.18411139231861,-5.46411004489048,-1.33958896982966,-2.69850529831346,-2.58339573732029,-0.119123679554639,-1.49125322531038,-2.72953520660191,-1.16590648665556,-1.99742115061727,-0.435193403191168,-0.715043782533062,-0.814484688693723
SIDM00531,-0.135714636917213,1.23510962677159,-0.578658512440159,-0.244485551436624,0.41492597586913,3.30853743237021,-4.20474840134893,-0.419671899010534,2.6939929019725,2.12224621772563,1.08167591972509,-0.0485458441434498,-0.40216682412427,1.68098759351495,1.02872147122682,0.706250379222964,1.69903652779597,-0.13969431530289
SIDM00533,-2.07069942524752,-0.360887612537765,-0.260792070695245,-1.91452431796047,1.02159475006572,-0.166907189262252,-3.2907100798437,-0.598309031120339,0.86305721456099,0.476300662581668,0.568517663504561,0.494521062609886,-2.38071651310308,-0.261788135215615,-0.10859977204741,0.420566216462546,-0.0228986895810336,-0.557104810715737
SIDM00536,-2.89766382391469,-1.72874004324631,-0.223862554850863,-1.50695013442759,-0.282009682375052,-1.07192174497324,-4.88812729993594,-0.944909637824949,-0.991074198016587,-2.38356913933795,0.288393694214606,-1.38086876021341,-3.4492876410017,0.418382777066454,-2.87717253763237,-0.282013775352494,0.72580790200125,-0.347045563931597
SIDM00545,-1.55435500993404,-0.329080905819208,-0.197693564858657,0.140565466579835,1.1113389143801,-0.864153544822514,-3.47846191547914,1.25767090656413,-1.09186777522369,-1.02721855156886,0.595518279847656,0.589161059743655,-1.40297814824323,-1.2149761076189,-0.574916411157357,0.430823281686644,0.196821650540575,1.02242165317019
SIDM00546,-1.88708043370336,0.246176130626405,0.629708377445333,-0.634407253542471,0.178845296915943,-0.754450564400584,0.645208072042513,0.162048621304639,-0.449273788625748,0.0533832232574687,0.848933426055973,-0.347675840537881,-1.67179308152023,-1.2689094988672,0.851931924140523,0.248894995288312,0.689007666289086,-0.481903142072539
SIDM00547,-2.97039690272728,-0.391708552653752,0.293739158735661,-0.453422965703936,0.814482242918834,0.100734734233394,-4.02356481293924,0.62479639218082,3.37473348566797,2.57017336240849,3.37619123218103,-0.414957148578021,-1.60840227454348,-0.137719119514314,0.975277809612416,1.1651076995457,0.863920933094302,0.190247300629503
SIDM00548,-2.69420770666044,0.543996032064199,-0.295725544835828,2.20994666766645,0.337404162418236,-0.0949653643341257,-4.1579734322127,0.0499466576781892,0.128868697204401,0.747799422427206,0.375538782832128,0.143833813505089,-2.00158698377533,-0.695765687133142,2.6147373285575,0.879000289057572,0.192237585631061,0.229872590990748
SIDM00552,-1.27625904095983,-0.707829934025572,-0.0698708368606364,-0.435404504642385,-0.0296978341614498,-0.408467402718029,-3.07284276987855,-0.567462488645148,-1.02633589555045,-2.45302529639123,-0.469792434392835,-0.853160627002633,-1.74417474749267,-0.68071492525397,-0.74913269474918,-0.248324033163535,1.15945657604204,-0.62507664814272
SIDM00554,-4.16900601568803,-1.61511646792936,-0.76844359372475,-0.0885495996879342,0.885978840749425,-0.526965460321967,-9.93428974368059,-0.274095497781322,-0.416244575267017,-1.43522914746852,0.102598173997597,-0.554495010813574,-1.7386478468842,0.277057900300958,-1.26887066912445,1.42960866378861,1.07867359530313,-0.232538034870801
SIDM00555,2.52628928894705,5.68756402674285,0.904109369197931,-0.388351243539355,0.856320462076255,0.23192635126145,-7.3341605187172,2.55825960155887,0.747549800383355,0.83096581051299,0.52232459187423,5.72884416190177,-0.664151989402904,1.10151889620149,5.83199899780373,0.610332873907279,7.98836173138348,9.77519898265727
SIDM00556,-3.053411412031,-2.47634554876468,-0.0056359968977759,-1.52451117315231,-0.804451583664861,-1.7040632761873,-6.5486019508586,-1.12840094207176,-2.66663066046141,-2.6253600492241,-0.557774661114374,-1.46706048026679,-3.75039508155684,-1.53176587776108,-1.83687114222484,-0.112874289983447,-0.195081925807656,1.12760546776872
SIDM00557,-3.66256669387178,-1.94500055852356,-0.187948157476778,-1.2813968577199,-0.488584120578297,-1.59318254825031,-8.7263297034342,-0.919357761652651,-2.46683620989964,-2.7266378773172,-0.792786443852476,-2.16861383252371,-3.02602107016508,-1.51241789285996,-1.88709004994415,0.0644319806034222,-0.14362881497608,0.429669429563279
SIDM00560,-0.138414211000984,0.830995600748764,0.129016938509875,1.66893510024012,0.654738895676087,1.14194097411218,-7.47064791841539,0.288856496036616,1.28218053787084,1.09382625795626,1.29825385249637,0.751956326510361,-0.528220207353399,1.05233486256869,0.0592878188265002,0.411990162528268,1.02352399486342,0.0028846785492563
SIDM00564,-0.291952662269632,-0.393753990565542,-1.17900297034299,-0.360893262078687,-0.190811230604522,0.495676118719685,-5.24401213289492,-0.702636942889327,1.64453106465731,0.499931649818916,-0.603718984218958,-0.651666861977503,-0.928233800762033,0.554304212463218,-0.710131454998057,-0.0356386631085967,-0.0694535375222478,-0.346827381912176
SIDM00567,-3.90150598962017,-1.36577932469312,-0.258569795459357,-0.753380380980125,-0.198849656224942,-0.001732873150515,-10.2834575077514,-0.667609462146677,-0.972395791086442,-0.236624171344771,3.27485044377759,-0.455796113920692,-1.57341784544892,-0.630196353475,-0.168698922263871,0.180678347031049,-0.301233672267164,-0.479846730245982
SIDM00568,-0.61559881016327,1.64605272588988,-0.847434594338264,0.50078843223658,1.31560608819376,1.40740377995776,-5.1657560867986,0.426220696790009,0.842074759238057,-0.857013207119926,1.91198126032138,2.71663341088699,-1.18859267701691,2.31543199231786,-0.532584138846641,6.91445762907381,1.19887425124859,0.268353004604183
SIDM00570,-1.92044405714418,1.48600790827255,-0.58879887037933,1.04572145422133,1.4315264581113,0.256262530076106,-5.09771619160371,0.611316678123436,0.842851032727944,0.990392006106593,1.10894267889273,0.906020348848269,-1.728385540482,-0.476809758763357,-0.542530170041853,0.317549374301001,0.839171591999663,0.0602029010624782
SIDM00571,-1.92090286276911,-0.251438271011021,-0.341238232431009,-0.202518353575177,-0.167626014933609,1.38749132972134,-8.95005299122389,-0.640727709424249,0.796960548135246,-0.362989944882137,1.80913323608152,0.0368268055918419,-1.11218260243817,0.933734950127297,-0.247109005256149,0.0683617485139957,0.721170343716606,0.109939855791717
SIDM00572,-1.79037747227167,2.57979801442021,1.1130667585109,-0.555696419071884,1.2285175218736,1.51990227147407,-5.22280463187841,0.537707770753553,3.34146004730832,3.73474772215472,1.43944658500613,1.10760529057261,-2.00855023030653,0.95432481864998,1.20572300352215,0.590939799862105,0.597935932337213,2.2516108562492
SIDM00575,0.687896039881749,0.137730516534363,0.845495272733449,-0.267642724006439,1.10719777553004,0.362092765616837,-6.48411859437273,-0.594632533765874,1.1654398476941,1.54744363993698,0.441861129008743,1.55924101232056,0.617024464487878,1.18144276555667,1.04676677135609,1.25185396736853,0.0968954097722418,-0.715535785666328
SIDM00578,-0.454149581346305,-0.749084913657071,0.363156684087556,-1.4399182557133,-0.797581386632131,-2.1566413929569,0.346338491675368,-0.673481567191117,-2.21519370475813,-2.25402573838962,0.391251491849297,-0.86782510880199,-3.26845143174909,-1.5401627867413,-0.922139883519192,-0.714974100634272,-0.0463916642049045,0.701803094424965
SIDM00580,-1.71831580588433,-0.790243736819127,-0.461762608577711,0.644661932277518,1.32636633428136,2.51664856062754,-1.92753901516664,-0.333998102521701,0.991146269727676,1.07982015339077,-0.527147064198374,10.2451518654248,0.954188809164309,0.6399178148804,0.848034088983465,0.323147812361557,2.85842649251152,0.794860591711689
SIDM00581,-1.88233498678348,0.359014671581942,0.68971473553957,0.955152830471117,1.26074252335254,0.0167178930074342,-7.0317715130356,1.39372536562291,1.18057248482587,0.861430423912452,2.47248415263146,0.767950793996853,-2.03934144086285,-0.104468638166235,0.680037545102355,0.676929288390694,0.908483611225928,0.124094472977897
SIDM00582,-3.61732082420435,-0.784822858577006,-0.724291693839086,-1.95145736386991,0.0326794821089212,-0.278259893567209,-8.57506227915759,-0.399642163634304,0.012433345004628,-1.07234160388784,2.47878943463883,-1.63441381701033,-3.21010619662025,0.398705420442408,-1.39229965651383,0.665585480324131,0.200776303256735,-0.455745127083333
SIDM00585,0.725955629381763,2.14456844830199,-0.31743394520167,1.06107906993685,0.489938545151647,-1.0651173117402,-0.748415617029016,0.185124990643356,0.104808443434778,1.14798047343157,2.11970140398903,0.939670552409229,0.363078062232967,-1.00770707691608,3.19238178128836,-0.392464985177222,0.0583937331454517,-0.756102301021282
SIDM00586,-0.623158969809487,0.70142025973,-1.12310341625064,1.26218070343075,2.16553157667776,-0.535677474327851,-2.52984014980773,-0.61251382996858,0.326484108677598,0.358949090212161,-0.281024797048835,-0.16259342068783,-1.18868158455266,-0.5480803256182,0.35452717544638,-0.306341106419706,-0.506511815926995,-0.558578294770802
SIDM00587,1.33725536706022,3.24333411365747,0.639885481871231,0.107943226397044,1.11279622809113,1.34238734327084,2.43043810071339,0.782879055999555,2.84662386392868,2.80747911310021,1.28872931520416,0.942849511484256,-0.861648683705769,0.0281743620386633,2.02716793006275,0.856751330015097,1.13574305323875,1.31562572313868
SIDM00588,-4.04273389303761,-1.52427211928978,-0.090950422760984,-0.438803768134403,-1.31527433829459,1.67266246066461,-8.77072636330925,-0.532672525291878,0.125643894569376,-0.653746853476191,-0.125454121336919,-0.41145432886393,-0.249423030733576,1.7859280202104,-0.730602467340065,0.503215847855568,0.485925523910597,-0.615868399421663
SIDM00589,-1.14666967544392,4.04106034844181,1.06288452744255,0.475148172542545,0.613959571682247,1.30548678140519,-3.1914903761867,1.08030930895543,4.90856482844286,6.05504740564432,1.35357093859591,1.18642881555179,-0.766433556316041,-0.146019925385638,2.77163245048258,1.98702248786251,1.06123968573136,0.321764183557987
SIDM00590,-3.96453825417478,0.173131398414815,0.943821088208336,0.244433232335932,0.127210800813345,0.96247275288165,-10.3046459848498,-0.0762491441182441,1.4118273070888,1.08673900674177,2.02133380599829,1.29510639708096,-2.16574654265461,0.0263426008793286,-0.287096826923938,1.49623081787656,1.07868634324751,0.171858879887862
SIDM00593,-0.19406136104562,0.576443875097035,-0.665122217526663,-0.952897577813334,8.02345506587149,-0.947091508261507,-0.52321969667878,-1.08365676313681,-0.79506742468623,-1.6384492468741,-0.767232455210697,1.3087135167346,-0.289414042196188,-1.3728122977042,-0.882390084817604,1.09528985996978,2.53099130115459,1.10145745423548
SIDM00594,-0.0233862557468352,2.02079221041673,-0.623433816279838,-0.773987463034392,8.21488924041144,0.0901389549137674,-1.44907200866804,-0.94949089559555,-1.20139183986299,-1.72541521558861,-0.682741084583544,2.43191295247087,-1.13463407785293,-1.11381133477945,-1.60048975267297,1.27020931866881,2.38396249679421,0.779820656229461
SIDM00595,-2.37047888218814,-0.823441420469645,-0.091988235473791,-1.81974945609307,-0.0975545402557897,-1.16206543272753,-5.30197157888392,-0.342942740854725,-1.11221045453968,-0.972225545276184,0.357102918083333,-1.4960321032981,-2.49218243407006,-0.518483835150975,-0.993345214828558,0.533621718626384,-0.232732016963909,-0.77148823637499
SIDM00598,-2.64019929584315,-0.697678234195548,0.181584238714312,-0.664037635453936,-0.498282854510542,-1.1098844117069,-4.27749437096694,-0.427467369598268,-1.58134917046085,-1.36692004012114,0.0849870716579422,-0.989505896311914,-2.14374122141191,-0.861420856901371,-1.2261667960263,-0.0178938313672303,-0.511988905716294,-0.43577847352366
SIDM00602,-1.05415086237102,-1.59563151996367,-0.461068577777149,-0.883754458642278,0.771899968246343,-0.292733858697852,-2.61703891751142,-0.450786029335066,0.181453692666868,-1.53978664739352,1.58551801890991,-0.760634344653439,-1.93281961949504,-0.0746864847994706,-1.51078772465387,0.020385965939377,1.05431653598523,-0.789983213490631
SIDM00605,-2.29647322757876,0.0714589455293284,0.257094158547241,1.83197273769128,0.775283172512949,0.590533893374248,-10.9065076558121,0.481386837402112,1.03729639692799,1.00132551427147,2.79031800141236,0.678115345032447,-0.491212338539441,0.346568346347282,-0.74159399758548,0.656883466850034,1.37340367602676,-0.218692687936539
SIDM00607,-2.17619433392974,-1.69723688810516,0.421893151198339,1.28966122971261,-0.287564373337396,0.858204037174899,-5.72459948618996,-0.0429324302338532,2.05912133026307,0.542384893634398,7.21042665053139,1.06420469718998,-0.491917326562754,-0.0071216682977862,3.90600967919527,-0.354341416541308,-1.6591055358546,-0.108329781851943
SIDM00608,-2.75796933472848,-0.6692902782308,-0.0493213459653404,-0.328463794832019,-0.173570642270636,-0.43281461027336,-5.07395965688527,-0.338022279794828,-0.160717626026871,-0.118558886560333,-0.0477974012534754,1.22883012269747,-2.55483576892281,-0.210853050234087,-0.157050503506587,0.936601416052257,0.399468356948892,0.625175338700169
SIDM00609,-1.83146215516804,0.657169407108857,0.0890524406471863,0.93912141621311,0.164709009136557,1.40118501732881,-7.95649240387371,0.302443543257904,2.47062692293873,0.201468352818968,-0.0738369136494581,0.22656644096756,-0.113490687020953,0.597666326040917,-0.44312559458802,0.068547587543308,0.48211469755946,-0.227717144604996
SIDM00610,-0.529575679225728,0.320979190652389,0.703044415227796,-0.175166390180004,0.0625327567196178,-0.0089408515183446,0.840747997457182,-0.471600238479155,0.730957455419411,0.580237528721123,1.21802449861603,1.10213067516411,0.615263302577473,0.775223252561582,2.12299653407556,0.15719351248825,-0.606187133364058,-0.805060486619911
SIDM00611,3.73621501153465,5.96792736404627,2.69281346326112,2.55383986363167,3.80262661901048,3.65900063143477,1.07514660561855,6.09200791176371,11.1791312966856,10.5128739608776,1.00631244671695,7.54544363177097,-0.162857133732399,1.21197443297609,5.53427709350302,5.09718591573546,3.98380393532655,0.768385742607437
SIDM00613,-1.57200966832323,-0.132720287154853,0.579906147627659,0.25602454707801,0.22314006531687,0.949576439172276,-7.30470297517063,0.598682795951541,1.08432989929744,1.27716685019245,0.459900103788344,0.650516480071055,2.1431114880633,1.96840224914887,0.805683017064076,0.558371907717447,1.11718947347621,-0.506910764153444
SIDM00614,-0.151520777888533,1.04426432678412,-0.505586795447901,0.702716662116516,1.01616305799659,-0.936790467585081,-2.52042291151602,0.0399098202664575,0.0458501960573319,0.721281797819402,1.17024443309622,1.23404385830132,-0.292715122114957,0.715383628562455,2.52335937125866,-0.173679944162146,0.0083306548902824,-0.10083319833857
SIDM00615,-1.95189529999144,-0.971600187225304,-0.292987409444957,0.0127015865767331,-0.0405879875520403,0.211788004988442,-4.02576434612642,-0.506428242275786,-0.103070815347348,-0.452160658825563,0.647707340733366,-0.197506216365999,-1.57744548395548,-0.373700454674498,-0.420845374091889,-0.0835249003996643,0.247319208867059,-0.544370245441984
SIDM00616,-1.20085495686175,-0.756848484778629,-0.204771057612324,-0.87483019794533,-0.413645636914435,0.0557026771513575,-4.86688222739416,-0.166664153560513,-0.622387871950053,-0.819104276878729,0.656480817311564,-0.497931531094718,-1.95656119444537,-0.19014508223866,-0.706552433916875,-0.200483977327276,0.337218064987543,0.215721427310433
SIDM00617,0.655081005028599,4.09962880040672,1.05063972904341,-2.84737188150729,0.660380397030975,1.18044494654692,-8.27030910285643,2.58576064970186,4.68890960487546,3.95736430139432,1.25235592213274,1.73978262176569,0.18692881120161,1.88385600690384,1.53216883302512,0.500875480299046,2.29550157317458,0.450944465979664
SIDM00618,-1.90055658296851,-0.470818690489802,-0.180423695698983,1.46875936377883,0.228987212156391,-0.813200940056366,-6.55648388866309,-0.0525638792231721,0.1205021130117,-0.426145457476349,0.935733295991642,0.211733075698286,-2.38638881151298,-0.688494338645532,-0.945744184067755,-0.0364339624557892,0.495347465027228,0.158056193233552
SIDM00625,-1.70393116270916,-0.560303865172368,0.0334954419059757,0.272742716263647,0.396907562285673,-0.547804665638317,-3.7863584066724,-0.308738394189176,-0.775165234923737,-1.23270196682552,0.258653473037475,-0.401444727186424,-1.44247867786714,-0.658622819870622,-0.722032879339274,0.315984593525142,-0.0848175060428373,0.0780404767117957
SIDM00628,-3.3170002848967,0.534593273535385,1.17265702963937,1.1014845525864,0.126638510363622,0.793963717350228,-9.2761878280099,0.586615724249585,1.05074750761588,0.370115396843545,1.51741139965764,0.619273853572497,-0.737826946344793,0.514260025135433,0.570924258722935,1.05833179707684,1.32402929200346,-0.0304143957019742
SIDM00629,-2.29589818211064,1.18164114947428,-0.0068367168303808,0.520829557981078,-0.0519369005883121,1.08699878006157,-4.08230117507727,0.38829046380552,1.37644581021708,0.573039902727095,0.256939215998817,1.3157773592662,0.125880325753526,-0.627762029334804,1.50287091238191,-0.0393287977131719,0.11630849458402,0.356515682640095
SIDM00630,-1.50382841405873,-0.0008381843172531,0.127932474005559,-0.127847937016575,-0.767192102439719,0.369067911762422,-7.40894664519408,-0.106458819483528,0.0439611842711378,-0.648003357172348,0.292059034256919,0.33189048823973,-0.845186634570301,-0.184765000339535,-1.07641238229517,0.128265756663581,0.592324112329377,-0.207432129212449
SIDM00633,0.965311303912911,0.556220865885664,0.302511540302978,-0.714620308934857,-0.632518144902079,-1.00313771052928,-7.15235887865397,-0.40297847891504,1.96796843592942,0.521857192505002,0.948570874915935,-0.600856715966766,-1.31268739838453,0.111181788079368,0.466015940997468,0.346427311833045,0.474099836619231,-0.0022455121949716
SIDM00634,-2.34668940129483,-0.410214912854128,0.711293143907316,-1.2282563071611,-0.0563176461637547,-2.09697244627034,-0.62987275688363,-0.88044196303088,-2.56349661966179,-2.22053360187002,-1.35159718485614,-0.897591502964199,-2.81081834995878,-1.03359729361718,-1.61726617333921,0.662195509590688,-0.691911424001348,-0.421356278064633
SIDM00637,-3.72492173052639,-0.231397933767957,0.392960178732376,-1.26540698088955,0.797371439340936,1.94953246125775,0.356942305542652,-0.209207425302529,2.13257939048019,1.32846610897053,-0.673469842127045,3.59826165058767,-1.63291902340171,-0.682717366732537,0.241376246087117,0.910672913926923,1.25393775522632,2.26774200997416
SIDM00639,-2.00873164462683,1.449461218283,0.0301469176173664,0.0896418745749553,0.774082024684952,-0.321666267208296,-7.73436673343299,1.72618163836162,0.594127434164646,2.22808523023112,1.75856880426607,0.561399424537918,-1.21998458176329,0.682003851554478,0.465260204833302,0.545005599623572,0.949233434005421,-0.264769958480812
SIDM00640,-1.62816375115571,3.20801154852022,0.594548733452947,1.92005472596275,1.15429267548565,1.45151778711683,-4.8590841692763,1.19073440600751,2.69480277809998,4.33440144003014,1.09447478859503,3.39804329942577,-0.257274799830316,-0.414821649094622,2.30053359298615,1.04351273130941,0.800980101344956,0.416426666071015
SIDM00641,-2.33396163842369,-0.714746906153004,-0.124576381594579,0.284370315479826,0.208812077289112,1.01906217091574,3.59771946970554,0.0078103334877598,-0.390912372057041,-0.580558053103089,-1.13503375059663,1.51117240425119,-0.723976658833139,-0.675793013954561,-0.436007785604439,0.026954572851254,-0.870924234704212,0.747422208022735
SIDM00644,0.108481350375283,-0.602085339258946,-0.51471281947705,3.98553484057076,0.188771638062213,-0.598806928624159,-4.04900587800896,0.586434937623821,0.439464267225366,-0.427341033305838,-0.0292766749035676,-0.182027996093738,-0.185057902899653,-0.843564224849697,-1.17926536098783,-0.0690945101381085,2.2290809889058,-0.504748130806258
SIDM00645,0.106329114989994,-0.586159930588425,0.792539251064145,-0.773983838157952,-0.441714430863522,-1.28189665308248,-2.35038878229948,-0.81009879437689,0.364075856663487,-1.46238299697798,-0.251395187347846,-0.941417986164795,-0.788649987895004,-0.909196622166362,-0.675724011818269,-0.57279144142527,-1.26094656393904,0.123926209823325
SIDM00646,-2.34218101664456,-1.63867091597157,-0.568823472523374,-1.32518144727865,-0.477841566395702,-1.37323306626581,-4.11535724576597,-0.963745027941075,-2.34211561785749,-2.26538049139084,-0.558629775982311,-1.67523899035412,-2.23679287798772,-1.29520007050762,-1.01181095284525,-0.0148527620992052,-0.343212463450706,-0.283077517087071
SIDM00649,-3.66895785471414,-1.04739173585706,0.309860878929227,-2.18190807910038,-0.0987336215797691,-2.00992752476606,-2.26688913387495,-0.152930079849279,-0.493785211369669,-0.446631739093324,-0.198890191685555,-1.64381547946584,-3.22444604487451,-1.10712375337435,0.135103956830117,-0.126380925099011,-0.111250376816216,-0.733262033831918
SIDM00651,-0.708919853744392,-1.61716763615201,0.129674455888285,-1.25530317627114,-0.775834723358081,-1.70580866308099,-1.13326728586215,-1.56889137541208,-2.4752622595922,-2.55839340895477,-1.20403511364495,-2.46627576406831,-2.88314887752701,-1.13862675728918,-0.82204611760044,-0.165174157635606,-0.675008570514025,1.21764010302353
SIDM00652,-3.89888014333667,-3.0750107325325,-0.356401395943006,-1.564123630861,-1.08971231347269,-2.32688205681174,-7.80098121152187,-1.51959752202987,-3.51477763286416,-3.97453528045406,-1.59407856298209,-3.24134806884994,-3.89232153486589,-1.50258599143142,-3.89681767938744,-0.844439850365816,-1.2918751732495,-0.747926345875258
SIDM00653,-2.61374906012173,-3.81134624602429,-0.0623822614465962,-2.05567335376339,-0.950698074487081,-2.71607663845989,-5.65520756911814,-2.08212354043423,-4.27268753361748,-4.04214148337123,-1.15963021854214,-3.20119402160806,-3.80212986910764,-1.29625824128886,-3.40070048536905,-1.04755733368211,-1.81423406978903,-0.817392805057041
SIDM00654,0.0513090465785749,-2.54031415805383,-0.416100630855313,-0.580631736819159,-0.924626057491531,-1.64464025804898,-5.17603908362316,-0.910386494561349,-2.32579831482842,-2.84789540656992,-0.313796313162975,-2.33992908049516,-2.5239306404558,-1.4711126253698,-2.07960199014208,-0.26041980963537,-1.20297577081617,-0.689957649319375
SIDM00657,-0.866421747850032,-0.831716946844072,-0.352911076171014,-0.654865345875579,1.49525822961254,0.186476556050244,-0.304339985412709,-0.694053674489729,-0.802049715178343,-1.10536857833625,-0.840271739451776,6.42320591129914,0.0409826877019704,-1.10869133582866,-0.420132315453544,0.935574173522692,1.80155168134229,0.925598881955761
SIDM00658,-2.91713569243716,-1.30756752805797,-0.471481532754015,-1.69244131720708,-1.09047729483128,-1.66847426134625,-5.60257978108716,-0.768712610681098,-1.30595781236572,-1.77860584728696,0.454903731390708,-2.11278394677659,-3.10848637807564,-0.537960442459722,-2.006202234772,-0.336243989989798,-0.124886184840683,-0.793279702702205
SIDM00660,-3.18062647639767,-1.91774711621248,-0.947045435244465,-1.04637300979739,-0.0815781479060862,-0.303482562319756,-4.96474126345358,-0.157793074101429,-0.347538781681825,-0.959719504978929,1.45188628602935,-0.212787011804152,-3.73274619420249,-0.695703056406184,-1.07863964909871,0.573173456549801,0.350900441742742,-0.263470134194231
SIDM00661,-2.3867392485472,-1.41364126644923,-0.24104506469934,-0.959311039534254,-0.660088581206597,0.817709506059185,2.39461077465562,-1.02374952092428,0.835751116835194,-0.510063200610963,-1.61411038111713,1.29346155759256,-0.417115520094316,-1.5521891026434,-1.01839910072995,0.096548647417954,-0.727753280473366,1.87417293045307
SIDM00662,2.15995377817825,5.57516827527801,0.0551142866928663,0.844957211940331,0.737538231780596,0.0070559496763421,-7.62587867014523,2.97548264965124,2.42531318008557,2.91363335341605,2.76885539129672,4.84392674168205,0.592495852080736,2.18283700809238,1.26420009929332,0.722671649669449,3.06321697897283,-0.202719280250798
SIDM00663,-1.21181854909329,2.26460393687715,-0.473628798507487,0.22015761565023,1.56525198668699,0.550049167661677,-3.49521326599122,2.96828022350842,0.489700877148283,3.06626273614903,0.086144944550588,0.743224961699427,1.05089902211723,0.121645095291317,-0.452315486540819,0.760487201560134,0.223830259146712,-0.0298447037539245
SIDM00664,-2.01804464872565,0.950436643123252,0.565499408329182,0.568268366670795,1.07407705437089,1.65194899634062,-7.48816472742934,0.194998225498482,0.0413000853610155,-0.0401537845320248,1.55440018273018,1.66628710468893,0.530125057469382,2.06308371397272,0.38093266611979,2.36727510549999,1.2382709899336,-0.0222097962173181
SIDM00665,-0.969644568700127,-0.36978215262977,0.836164653490441,-0.776634971140687,-0.221292482462747,-0.265587490460764,-2.93995613198508,-0.0536349026840602,-0.673353416605342,0.0998104682339893,-0.008824522357926,-0.19809559446481,-0.282550344178661,-0.0199568544408433,0.540575894698357,-0.608301889365398,-0.598845025832321,-0.737203912781949
SIDM00666,-2.22890294085803,2.38356724332064,1.04291402681802,0.76084540947378,0.897883619259535,1.99666735740231,-7.7264123131896,1.32076017875944,2.82853675971987,3.85099584021987,1.30810132567193,2.17253612788656,0.802346635880979,1.48002367458559,1.1414720698163,0.800533352164609,1.47545218722434,-0.647258809064947
SIDM00669,1.14335723806427,3.36631525243966,0.0455952147641985,-0.0350538998034625,0.137524822242151,2.4787223679293,-4.55728337812152,-0.18618956208467,1.1977898677766,1.13455831179537,1.98164512588698,1.57189093703889,1.10018561676746,1.826150330533,0.918483704662297,1.38090874216236,1.11642721849485,5.20414926909026
SIDM00670,-2.91784444405618,-1.01565113171197,-0.975510409086028,0.151513131653982,-0.372076971525146,1.94410570746659,-9.76655869718997,-0.990565281826989,0.881280202758667,0.529500448075698,1.07200382091875,0.138754862652497,-0.795279736696551,2.95901990677,-0.951805427049251,4.95032088021365,-0.0425830508682941,-0.114538355258951
SIDM00671,-1.63160033776596,-0.69186284028249,0.310708332810525,-0.0237155850524416,-1.09732288937397,0.877817108907474,1.33070748423964,2.04216606632778,1.36573181152977,1.01142101839538,-0.521904795827838,-0.501111381567953,-0.700485317181969,1.18099032808236,0.68058656233216,3.5699805073388,1.85510590725813,0.81403312571163
SIDM00672,1.43241011459718,2.78890526396461,-0.992790353550002,1.35252559358535,1.01732782133278,-0.991453079294034,-4.03539488708052,1.6011598867007,1.32288162886458,2.00388851506499,3.68242257604668,1.68501874761799,-2.14829543262211,-0.81774939523758,1.55796667092114,-0.0480797977466153,0.525456594342364,-0.397820787779087
SIDM00673,-1.38447142675269,0.198218402380206,0.795011537215966,0.580657002561343,-0.416195049568357,1.47877918876382,-7.73790382421721,0.378569434169324,1.26456627450902,0.816265661966145,0.173295514680055,1.00459692796381,1.90560291030302,0.641359356051887,1.79703444354079,0.359791434379997,2.63681111291614,-0.133007545894984
SIDM00675,-0.424164579508458,-0.170114398475799,0.173415151935412,-1.1266744723246,-0.790360845485675,-1.09846291725086,-5.54783136073244,-1.26552595633461,-1.80641487692776,-2.03571162443871,0.33528694146596,-2.25742701509663,-2.4018553898745,-0.623659194954757,-1.70914048348054,-0.44547712425002,-0.702351021760317,-0.580392327127895
SIDM00676,-1.22605690309094,1.53674991080475,0.781689773289395,0.123317193320469,0.624971624689855,0.170515973706822,-5.88346601831841,0.0845601501839915,1.03721568346738,0.708917392484755,0.2318556739383,0.286529774049938,0.177506974249603,0.146013567031627,-0.0822729428799035,0.40948615449432,0.670901134556733,0.0999051918947486
SIDM00678,-1.46466935454324,0.0101897026774194,0.201800662965977,-0.277091643867007,-0.223316999186626,1.11000413439737,-4.65359476762835,-0.121343523640607,0.589612026450794,3.82643878030985e-05,0.632724535308327,-1.10531144897561,-0.394285406653903,0.143173324658987,-0.607957387663244,0.226069560034733,0.277932288794494,-0.276574995328109
SIDM00681,-1.89401877335354,-0.864992524423463,-0.601833857233045,-0.362993940238403,0.369428239611148,-0.0727618883110748,-4.79054916605051,-0.132303630861914,-0.574992178909312,-0.849766935231031,1.2809463990073,-0.323611177260086,-1.64364055350717,1.08376358493963,-1.16071368729737,0.121126717098176,-0.242554969214841,0.15939908981961
SIDM00683,8.04122037829914,-1.63464956339224,-0.641721568671502,-0.448892474039893,0.776498651820301,-1.42785532075375,-3.75040493303503,2.11382632815899,-0.574476039430755,-1.85903291099334,-0.717785250952015,-1.92291656536807,-3.69119210068615,-1.32368097937092,-0.233518466282609,-0.287523885479807,-0.103174750809317,-0.855399738341528
SIDM00684,-1.03975203697932,0.224424480894434,2.3696626058903,-0.995564684000621,0.0362528446122241,-0.770306111303728,-6.61527905963471,1.37631440510019,0.500938634577611,0.684753626347954,2.09809654437316,-0.343420938762689,-0.79843916010749,0.722524790893252,1.28662498041223,0.662147662462066,-0.88955382350961,-0.135989880322937
SIDM00685,-2.9034718685493,-0.673826441654299,-0.459048944404645,-0.137723946717546,1.06551077838565,0.438859444133186,-5.14209021245286,0.654632231845014,0.604128239527029,1.03427103118041,0.273706716015073,-0.189923634195897,-1.82528562523483,-0.67246352913796,0.53085838120351,0.347862847123056,0.119120796583685,-0.697881632140873
SIDM00686,-0.174444879989685,0.0922312560820691,-0.0674674609258023,0.0640303587788859,1.11381778463946,-0.632724751271053,-4.49917251862743,0.435472042007897,-0.127134823293843,-0.648176287078292,0.876921306732227,0.728810258265202,-1.50760188262793,0.299810742671328,-0.432711520732907,0.401053013648169,0.704588622663705,-0.195096318510864
SIDM00687,0.142183359986729,2.21909704467919,-0.370295183755922,0.587368102292364,0.658101703462143,0.0051441031897044,-4.45926957075258,0.145067794468889,1.93412319380195,0.802372935104958,3.78106007791055,1.00627093874108,-1.24337703953697,0.142109315520734,0.167281802328301,0.923646674938407,1.03589074635057,0.147977123900996
SIDM00689,-2.10705390829865,-1.49597367388777,0.0886087936759272,-0.534512187473003,-0.336809870768824,-1.3167516007929,3.73665928949677,-0.902801622465864,-2.3210141116838,-1.83518748571493,-1.96119118527376,-0.0011380213891567,-2.37453163195132,-1.87452717805549,-1.64849687728246,-0.400516455602652,-1.45814327741098,1.02532025624336
SIDM00693,-0.243714696787529,2.51377995221312,0.415781783129548,0.40342685852984,3.65592051206934,0.0492620880168437,-3.30005347780366,2.79477584985284,2.36934091119652,3.30552233719351,1.36683520193436,0.829932589364755,-0.972803017383914,0.828945318690807,2.35349786576379,0.404623733062008,2.14772474339147,0.0444089527808026
SIDM00694,-1.20716703608832,-1.21903699884394,-0.928046832394157,0.69758094326327,0.668694031244307,-1.58236652430959,-3.40638951924847,0.125957813824043,-1.90313019533748,-2.75115420166865,1.65755850326427,-1.83684080427437,-2.28320082236666,-1.02936133114122,-1.42085898094711,-0.249656126229789,-1.3429070821247,1.01669562238263
SIDM00695,-2.64304720727512,0.824441713811089,-0.391032264187716,0.413849400153992,2.32118019952714,0.773135725994389,-7.04689017865751,2.15155001626555,0.422527945496572,0.265379005455044,0.727762573902191,1.04171449330875,-1.68589541679547,-0.868824209424908,-0.335272001729877,0.626650640273214,0.73297843264224,0.803025201351784
SIDM00697,-2.69932759572773,-2.66069185471761,-0.33453678918751,-1.63056681414281,-0.374143270715446,-1.90764895970178,-7.04966211685175,-1.48221207798256,-2.64249409204464,-2.93045365164538,-0.418351154294444,-1.77719416268088,-3.8698151816493,-1.0036601732359,-2.8316250851067,-0.451637675366544,-0.974248834984085,-0.136034095918757
SIDM00698,-1.90306566094518,-1.69792766146561,-0.134317147943963,-1.02275470689092,-0.482102082107137,-1.24819804029164,-3.2972528922448,-1.11439382219529,-2.13746703957538,-2.06814257979967,-0.365136855629147,-1.32914446814811,-3.23055375821581,-0.915266235312104,-1.67112527025354,-0.0564284779274309,1.22703908191242,-0.363486268133811
SIDM00702,-2.18873133748363,1.216655422646,-0.91517539993243,0.649017374257118,0.609791094999539,0.208120485514588,-5.0140214959594,0.195504601785938,2.33155862067763,2.15455294236947,1.07016816841878,1.01989522006421,-0.984152409457109,0.148718670797118,0.505792684920226,1.14925296423496,0.974364209336904,0.160838225718331
SIDM00703,-0.05036415235694,-0.285088549533287,0.659862102668926,-0.349016065229178,0.0188557367130579,-0.560787678597745,-3.52032968405221,-0.681964236470436,0.999576078540685,0.189385243235283,1.01938833374059,-0.65655425650124,-1.08994645957626,-0.396665147578981,0.546337736999814,-0.529699106877797,-0.169907245002425,-0.333770510946957
SIDM00704,-2.02062762630728,-1.86016074704197,-0.532179410500229,-0.526357083854094,-0.700010819164725,-1.81523365945382,-0.819474619102657,-0.850275187220748,-2.769449405193,-1.56794403906562,-0.0281535970878126,-2.00036617285943,-2.61771326274453,-1.3983809927005,-1.90310436852533,-0.178635646734062,-1.00131740686526,-0.763328565258945
SIDM00706,-2.62477548563053,-2.73849583722683,-0.418186696444848,-1.91323842847226,-1.36348858232111,-2.41214763436381,-4.95509401525923,-1.85307299904245,-3.39079302073299,-3.01749532494563,-0.36263043585351,-2.63342739010394,-3.77430922469789,-1.60528184581228,-3.39660992119071,-1.08706110856641,-0.441845012206491,-0.787810184496966
SIDM00708,-0.656057352395058,0.343235438738518,-0.583512320940409,-1.01692642018892,-0.335448548600264,-0.691739817163701,0.484692499885127,-0.970905586415726,0.874381295659105,0.426915065695158,0.246715115474592,-0.707188284710037,-0.11163782815378,-0.390894576272302,0.5583336880337,0.505458215709742,0.284101910199864,-0.774162572358484
SIDM00709,0.575274236376117,2.17116853789989,4.75445496941455,0.037887101641356,9.11120889696797e-05,1.74553673245835,-4.88988136154084,2.83985116117111,2.32677777005756,2.38824794700568,0.179274627510973,0.253459193677522,-2.86314201601352,-0.319893992253384,1.41206781913831,-0.359721759190431,-0.475496213761262,-0.849779723746781
SIDM00710,-2.98696719183739,-3.59418586556493,-0.439925787827827,-1.66856719751268,-1.24446949029289,-2.50998521564722,-6.36246801254613,-2.11235313227651,-4.00403030785997,-4.03592508392562,-1.51887721103459,-2.91446831014962,-4.58839052224858,-1.38627493194472,-3.77900231393054,-0.634505130647852,-1.71860442597884,-0.647078859753041
SIDM00711,-3.92063691555853,-2.13475075033225,-1.21120484547375,-0.335808296385122,-0.658849812096363,-1.42397338810546,-8.45363235340837,-0.877488984919587,-2.03737997258411,-2.30256516957771,0.195075436555582,-1.24571998222831,-3.7700419851381,-1.08974499770446,-2.75013230613953,-0.235880864983482,-0.411965913586358,-0.472560631021666
SIDM00713,-1.67198785114889,0.731843195066549,1.18048782301548,-0.30616795758871,-0.0809065121357695,0.120765532282777,-9.01476036205571,0.381413712448343,1.01866299377023,0.966121456133672,1.94806996950116,0.588842969541818,-1.68613013298888,-0.0852875539137092,0.296438143717528,0.514495866963824,0.548733582748606,0.311718826029017
SIDM00715,-1.07649442443663,-0.725709824500066,-1.03177934978601,-1.19613607260761,-0.148074861670467,-0.196231197060416,-4.90758583272643,-0.991748993049136,0.299616241757258,-0.27649107118746,-0.618604153735482,-1.48507983268726,-1.52089877442141,0.317973004330187,1.12379322400748,-0.15037484574962,-1.14780162267669,-0.589097960787069
SIDM00716,-0.240573671481893,-0.866780378635136,-1.0512872680479,-1.43908557328778,0.366498948776119,-0.960424440004915,-4.75046150046766,-0.786132514674069,-0.555221195533898,-1.37968375240251,-0.577832203299284,-0.932394020117819,-2.95601218960971,-0.820789695217985,-1.10782824183417,0.518693299312593,0.154222665999544,-0.248037553437344
SIDM00718,-2.69840177083513,-2.00007119435357,-0.189754251758057,-1.92470662487102,-0.783036827240956,-2.16765606761111,-2.8425570995653,-1.31239326128478,-2.19900276190131,-2.71155895602972,-0.499997842863721,-1.96566073756362,-2.87222124252928,-1.12809094810629,-2.18097870976924,-0.511843125793232,-1.07502368875505,-0.899689558019349
SIDM00720,0.0587984479014473,2.06879888056095,-1.74577644969806,1.1963271226276,-0.570009274618602,-0.857159358348254,-1.88792238096684,0.401856594552859,1.00277996012231,0.0968178563351423,0.314348896106986,-0.596886550267862,-0.0078186548254717,-0.757792239853304,0.77482956162354,-0.0388697498463591,0.700300157471156,0.015954427889401
SIDM00722,-0.763045242506316,1.01564670233341,0.401421800403076,-0.975765808222187,-0.0411338796436238,2.95875999815214,-4.8126367755451,0.527539881142159,2.12388505786739,2.5783724456878,0.892692195277536,1.79614681914499,3.28270027408408,2.29876842031844,1.09120135589665,0.221077315261685,0.558236842669544,0.0146516992372035
SIDM00723,0.89604996511611,4.01746421720024,0.859213752360908,0.18302328515044,2.44472922998076,2.17972956469274,-2.5567599817684,3.51242370953225,10.1476491922077,9.28095585455259,0.224277481072957,0.898256404688849,4.4378258129195,3.64298220486628,4.30815353863012,1.5866617153869,3.39688168757146,-0.0457344041009611
SIDM00724,-2.39345193299953,1.45198348203071,-0.402140465284779,-0.655298100109625,-0.752179042186378,1.11385799140032,-7.27486783192029,0.803138604024763,1.76258269815091,1.82307052346159,0.815555457405666,0.201492722081081,-0.146283057938842,-0.0627149624432957,1.28531480249399,0.919185230552429,1.82885609168873,-0.56718886939829
SIDM00726,0.656333020667744,1.13343732481896,1.38069262464204,-1.69639238242507,0.144468804921301,-0.386653257274067,-1.7361527378487,0.742307505705857,2.5460601123418,2.3946155979881,1.37934679971965,1.88936177402315,-0.915300674589595,0.219200040731582,1.91607157954939,1.35162563212248,1.4889413109777,4.88303796791365
SIDM00727,-0.959327904540306,-0.323950205514053,-0.0262746227990098,-1.50118115809767,0.245353964019257,0.443616034009815,-4.8282017441591,-1.35125607366291,0.320065456946633,-1.04612827642191,-0.619001783362079,-1.21637678845003,-1.10246579502743,2.16501574203693,-2.11282007395514,-0.546868780713211,0.761711788927155,-0.746133107989601
SIDM00728,-1.89331704887884,1.0800080459891,0.593454240120247,-0.442816457069219,0.148022653698328,0.259521064791559,-6.81470733942579,0.478650382946623,1.78823469686359,1.6545240874816,0.923414385870564,0.186176877190746,-0.214537377318504,0.365792237124823,0.513922689900497,0.25284400816989,0.965326809568333,3.53809329430314
SIDM00729,1.64582840926581,1.18667435690839,-2.99609992611532,2.45466299394382,0.167659777747539,3.56924919817197,-3.35351688294536,0.773883786096343,5.52423352409543,4.8472251766403,1.08117335339847,2.84339650211184,4.97305317853229,0.826751493537391,3.11755513208757,0.098875129289103,1.56636402238722,0.301592545550208
SIDM00730,-3.17008996106367,-2.93522571915954,-0.623379042706135,-1.2472907028898,-1.28779819774146,-1.92395932882252,-7.34135234995339,-1.48696973988329,-3.34449744906672,-3.8287967075116,-1.15991820705785,-2.67642462379117,-3.40828285168476,-1.46119385070505,-3.26026109984044,-0.532712688528066,-1.28688091230724,-0.818964070708303
SIDM00731,-2.88804749587976,-3.23522444748789,-0.708752477508904,-1.65564851109341,-1.19777351002215,-1.54575138306179,-8.79201679021005,-1.74586786110516,-2.65958012019488,-2.88769096826493,-0.767665208842445,-3.30748789666845,-2.92480740445375,-1.41024633257664,-2.85392065817509,-1.15193937613712,0.581875261011821,-1.06895030217219
SIDM00733,-2.80935014309635,-1.72388342708429,0.115965964332416,-0.714925478928041,-0.605271020013117,-1.33703784502031,-7.45008643997676,-0.517735163450234,-2.41084600169344,-2.58565179935783,0.61675886111827,-1.09369284276712,-4.18624741638,-0.946910224620282,-1.41836609055099,0.196373738636091,-0.292443731810001,-0.263134497361344
SIDM00734,-2.56600173319076,-1.05124933778852,-1.22035089368842,-0.560864004230398,-1.30776489858009,-1.02990578451904,-6.94646621733752,-0.438220228248679,0.860138253051474,-0.45314530922755,1.90070903284082,-1.05905993049751,-3.14080438819695,-0.779731987937846,-0.652676697989302,-0.0236977835359789,0.2225341939957,-0.427901141999104
SIDM00735,-2.1531019606357,-2.32143089305802,-0.526289712238828,-1.18850741199677,-0.845464610845444,3.60931553102954,-4.98599263408807,-1.29851690600049,-2.29536427453215,-1.8532000440929,0.198020450404685,-2.22159589418892,-2.55533909740588,-0.785548675097064,-1.69398342922368,-0.637383959100612,-0.115174752647539,-0.673760074654504
SIDM00738,-1.67958419710489,-0.159483023022357,-0.337756871296824,-1.90703172701562,-0.492759439182143,-1.07704077365277,-3.16311555838481,0.195692585508138,0.0522946359209026,0.421724011043497,0.528143724959134,-1.26047625401168,-1.70886306860798,-0.475897219952784,-0.042466668672776,-0.259562560555154,0.740250658525503,-0.57936200377718
SIDM00739,-1.54748885557247,0.153607270361622,0.897492765208153,-1.52609010860602,-0.442208279553442,-0.242286360597815,-2.52672594846255,-0.595953963468611,1.41986999889925,0.848711221441339,0.0970756608196507,-1.0347925747512,-1.12415414967573,-0.0483934027337508,-0.195316499228966,-0.49342235824669,-0.0837621860834373,-0.735235127746999
SIDM00740,-0.510415207381586,-0.985760547369703,-0.259611175514347,-0.359032873738719,-0.836505260730294,-0.738199120342941,0.506187146085087,-0.323638123491953,0.312587388868028,-0.242891565688624,-0.465189393036113,-0.631475240001027,-0.684747478205331,-0.944583486689273,0.841594243299347,-0.281437873538471,-0.122424397872704,-0.76543895077896
SIDM00741,-3.29329857676243,-3.08382816949988,-0.365922048467107,-1.19076537240845,-1.27534876087453,-2.28773639251318,-6.13796658872253,-1.3923430446367,-2.97117224275635,-3.55022562961959,0.544115038596315,-2.61678206797605,-4.03168633288696,-1.53681742526142,-2.67577517392769,-0.520229763838282,-0.590705409953917,-0.356138077580554
SIDM00742,-4.25749067217356,-2.42548047978631,-0.585537239969628,-1.62159166763549,-0.939964089462586,-1.60699323004847,-4.48987389510336,-1.97156537749984,-2.84646083252549,-3.76066122627393,-0.452640773926785,-3.08714722153987,-3.64585725095779,-0.73766095290885,-3.25148595043135,-0.845693407547483,-1.28614688327149,-1.21160699144584
SIDM00743,-2.41094512012471,0.556478722695684,-0.0384754370738378,1.16286378305588,-0.125195278905412,0.387359616050778,-4.66992064470663,-0.266358472017787,1.75269116451329,2.03692864366904,0.607485448415907,2.13857373800331,0.327515741710023,-0.588398235956068,1.16046061338477,0.22224132564505,2.29255073021605,0.0221160797162308
SIDM00744,-3.32943735505241,-1.07764797405559,-0.931636971728263,-0.0147450332107837,-0.442888985854545,0.0851759730977627,-7.04995627085427,-0.257883742592444,-0.171179933575832,-1.03490229688629,0.85480261363324,-0.198090294984339,-1.41841070543437,-0.622078435186764,-0.852277016011654,0.11146753823076,0.188078695841027,-0.212628263774815
SIDM00745,-3.30151912899091,-0.427333194011641,0.905017275079965,0.0773334700054789,-1.36207797621051,-0.253288495174243,-5.69338599229778,-0.0729608249578347,0.0089358664958389,-0.504081493911368,0.0826492804873189,-1.16507894227542,0.498907469781747,0.970296875164269,-0.646969210540632,-0.437307621888983,-0.314250364023019,-0.78019661150612
SIDM00746,-1.91198539390562,1.94480993719379,2.45449069978215,-0.796535566571126,-0.622253770563517,2.02293446481966,-4.60512939721592,1.60399025202258,3.20214026276573,3.15633537102775,0.688825166674648,1.33926047999348,-0.172313067137362,1.16816501233,3.07626286492767,-0.0889538190653118,0.427868930344911,-0.897431758440945
SIDM00747,-2.74915960387234,-1.50365780244575,-0.212498834524631,-0.471671790469436,-0.301548965888134,-0.765359671161383,-4.15448943972242,-0.305432246649011,-1.39398896598247,-1.84069128058875,-0.656117282032144,-2.11958039935346,-2.68735847781888,-0.708880665067405,-1.7840574281794,-0.17965809584623,-1.12364815701457,-0.638464633091014
SIDM00748,-2.69128750148293,-2.50216483988671,-0.489691343295035,-1.33636152237428,-0.725763633590317,-1.65587568168136,-3.18450530157216,-1.22036536868353,-2.62299294056269,-3.02319076738802,-0.325143570386095,-0.851520208176385,-3.4739299375613,-1.44511647546488,-1.95563577338432,-0.442873775278184,-1.24794520395417,-0.462089537414892
SIDM00749,-3.1593465361572,-2.96604660946565,-1.81623964386395,-0.576487758286828,-1.09618211470594,-1.77299782997821,-8.40007847007747,-1.29873619528726,-1.51694658745654,-2.81199058059021,0.686216097241194,-1.87907507268425,-3.15201748884433,-0.820581052075787,-3.35913465974793,-0.313871710981349,-0.906399402869709,-0.762471414368429
SIDM00750,-1.13123043213811,-1.29490591238589,0.282846931961096,-0.207825457591902,1.24322929854563,-1.30302254225963,-4.68426575251683,-0.482341536541656,-0.288743010679183,-1.4322961436869,-0.0347787907208413,-1.09750696219235,-2.27770786851809,-1.07360927935391,-0.572883065898732,-0.250170449080488,0.285946355362372,-0.123241230831263
SIDM00751,3.79291460054571,0.748029100154052,0.0741532749299554,0.934795461806249,0.115030275778014,-0.243345338100564,-2.79822069323924,2.2421402504119,1.52823002389292,1.40252522936885,0.947977653483278,0.54942557364417,0.821286630782885,-0.916421474695096,0.589230137869185,0.856440548501773,2.00336716296867,0.124172161864642
SIDM00753,-1.33997064848279,-1.05830403466216,2.19172685836638,-0.0476430922235853,-0.225059462363067,-0.847866625765811,-3.96012101344472,-0.416960615110532,0.866339351710007,0.200282451277452,0.327210397274106,-0.806579732475234,-2.0248052748018,-1.11537412434373,1.11447612622445,-0.384224321035232,-0.527085188711167,-0.117311993658368
SIDM00754,0.0917540363080595,0.548292683146474,-0.431508537529672,-0.88659952579622,0.518842498594575,-0.333490826665685,-3.57233483627606,-0.228533073919917,1.03807146932053,-0.222552959614917,0.347080611344029,-0.261414777433019,-0.984392099730202,0.0232633312872698,0.656083818875501,0.337266646200532,1.05943484379103,-0.219191972990093
SIDM00755,-1.53393937855013,-1.77584515969508,-1.14516398137453,-0.415347752490185,-1.06358927921416,-1.17367545784213,-5.26320602653235,-1.54665466874915,-0.983650931033659,-1.59709545085892,-0.312167225834376,-1.13448146379006,-1.10417679251667,-0.544776591130549,-1.22152164968484,-0.76862911097445,-0.889235616958144,-0.680422368412567
SIDM00756,-1.59036323198778,-0.372823392419058,-0.0574994002172915,-0.650219126847713,-0.434907625177603,-0.271438990105894,-3.82903075881366,-0.463225017044864,-0.103098538559201,-0.233770770281519,-0.129797484075948,-0.530696174823253,-1.59624892320151,-0.199027115798186,-0.416154153484236,0.238350227273579,-0.160287651258358,-0.169284679218008
SIDM00757,-2.67111918965666,-0.838370179996048,0.293527648574313,-0.805211475718017,-0.198047391874291,-0.314619514648337,-6.12013230130117,-0.294596850238172,0.552014428578057,-0.199553248815982,0.193152905644719,-0.291055826791185,-1.78579932160548,0.530991909562097,0.0191182832005636,0.366117548421631,0.544604946351884,0.22163251820101
SIDM00759,-1.93754829231962,0.588791104492761,0.830727798863191,-0.696512149113198,0.25009857725827,0.0378214905587919,-5.41780721316134,-0.0710490643219486,0.256781285904302,0.105944783671922,0.0127773811261926,0.112544545531762,-1.04531524310558,-0.291189308340165,0.180997609319746,0.31368060081457,0.764132733033587,-0.104094031608922
SIDM00760,-3.0939444537927,-2.66003970663273,-0.434830057672617,-1.56533376332444,-0.627968622961506,-2.41391864492536,-6.6900831549855,-1.20273085136914,-3.30103898295243,-3.25296840844019,-0.654377838793307,-2.22002623519817,-4.41802020414786,-1.35843058335536,-2.67159189597287,-0.74207491300248,-1.17959466071859,0.185505228718497
SIDM00761,-2.61853945039722,0.48250433439126,0.0398113405449369,-0.987130880093025,0.224304997849915,-0.741635423251327,-8.68921284963928,0.470334772136338,-0.379091462984409,-0.204937684204654,1.29613048337771,0.14578256770139,-1.38477260146531,-0.417143884714791,-0.105576253473888,0.420749493688315,0.728688558847392,0.123000580323115
SIDM00762,-1.76920583316056,-1.41221516585712,0.410722150002926,1.53869168316746,-0.788160488058647,-0.895004981224728,-1.01234004023361,-1.5018413938434,0.481719076415022,-0.455227665865809,-1.33348346322395,-2.18109908866744,-2.94681992020999,-1.41251543596763,-1.49091230883459,-0.840117574101315,-1.06762272760684,-0.672053350283488
SIDM00763,-3.89677783941412,-2.01004748970046,0.2133294712897,-2.46202257055098,-1.13560364069371,-1.8798781862604,-2.96289504796044,-1.59884609151333,-1.90413327433656,-1.84167417665885,0.0895251192510298,-3.19861519717614,-3.32736507146652,-0.931681130899917,-2.63235735568678,-0.6375296331069,-0.71362082187384,-1.21957987675334
SIDM00766,-3.08173114070409,-3.02595795798808,-0.41941736681874,-1.43674468583144,-0.768662014362771,-2.03618723769856,-7.42428591305394,-1.4843288824308,-3.6999740772469,-3.73200548287162,-0.450839723944816,-2.28203487837367,-3.83830838624098,-1.71202476592653,-3.56238862228611,-0.737369922317128,-0.925915222340899,0.135719358657393
SIDM00768,0.832573470715782,4.09077567605101,2.75109955599451,-0.214728371181542,-0.0031609554421564,1.78737908861766,4.12050228972785,0.375032907281361,4.44432252766611,3.50895795335593,0.415645033275683,0.767547482610157,3.76729981671625,1.47484526639332,2.76303384183607,0.0156788477546255,1.18963519177306,0.234052850400652
SIDM00769,-1.09327574561616,0.0253921145889464,1.25782945844225,-1.32640333113528,-0.305370744098364,-1.04324798694491,-1.48617798379147,-0.431076864251473,0.110800598065985,0.032474952299935,0.441483651193515,-1.51403170040309,-1.03053974879182,0.481838755037731,1.34843510339324,-0.278242418676833,1.03767109301523,-0.980858966573804
SIDM00771,-1.39007221970909,0.565882049425328,-0.130569145633168,-0.571578847536689,0.891799751354051,0.0918222787915364,-5.76301050565777,0.815606369186259,1.07846034735986,0.600097772128591,1.26676685060202,1.06533267753439,-2.25663752663717,-0.495763881836039,1.00972547880252,0.629357776647952,0.938918216395166,0.565916904229612
SIDM00772,2.44755417937017,-0.810536563034812,-0.0878292264744121,0.0116060402599681,-0.944698297658357,-1.55751467025919,-1.90684037379033,-0.99096796247827,0.651629660596246,-0.311609358072103,3.03992675085247,0.269648378401086,-2.61480702588963,-1.13988396084174,0.0919190843136936,0.0691230742667623,-0.163494068475433,-0.134496442252269
SIDM00774,-0.969003899165148,-0.851642794276293,-0.270622745721681,-1.04402179720924,-1.909123083806,-1.75158962664897,-1.90619459758388,-0.722375478625705,-0.149809254357211,-1.88045482071454,0.386762959675646,-1.26980288824243,-2.22563271298497,-1.02716754657416,-0.87981112457777,0.0801057780132114,-0.870016307779568,-0.364910392656528
SIDM00775,-0.311391995491479,-1.37950461087933,-0.324516884718805,-0.0307346330706678,-0.773837160019673,-0.371167763543011,-4.9818916807428,-1.02743594821724,-0.0703129877588032,-1.01335799393304,-0.123034778345053,-1.82964581943338,-1.04166647568702,-0.980715290596758,0.446892282358912,-0.561805080567894,-0.455566980805954,-0.605379086483752
SIDM00776,-2.76393653097389,0.730702074602512,0.525203471924011,0.174523037222314,0.721914010405177,3.58362040229127,-7.5877049461253,0.321683245013165,2.60486275740959,1.96384058092376,1.07122365727385,0.779429653557085,1.9678775449358,3.12753027258942,1.20841393501652,1.02425213918871,1.29874972959019,-0.0618792986826342
SIDM00777,-3.71731587480304,-1.68758651057697,-1.03388350311043,-0.383298899071872,-0.59366833430288,0.0597757168956246,-8.60287350449918,-0.714326673925171,-1.15491998328461,-2.60126966272159,1.19491575252159,-0.585518072194009,-2.83581279792804,-0.598593914229129,-2.32394038044675,0.443036907952256,0.961293890478594,-0.420241562035975
SIDM00778,-3.99243023561938,-0.541221129550122,0.250462917744453,-0.579506967681738,0.641816664182416,1.25439609463116,-10.0851196754182,-0.214131981428911,0.343486002571565,-0.0803338327218139,1.28855648339886,-0.0378477398550776,-1.14945483248073,0.995311791050687,-0.0209712337133362,1.04187886875656,0.668883483160474,0.315281494850921
SIDM00779,-1.71905635236234,-1.00208746871558,-0.580099892606007,-1.43894315967353,-0.471547013289568,-0.551526856778715,-4.16538550249027,-0.79706156700201,-1.78511443633008,-2.06847670590532,0.20893295544898,-1.26873274188674,-2.49113125390519,-1.06361173110842,-1.8053582361698,0.188161236837846,-0.217392339297276,-0.454020258388037
SIDM00780,-2.91166401116354,-1.46217166918254,-0.0694295278049042,-1.05905909640657,-0.754990164568199,-0.258049095376659,-8.03087274630877,-0.515076747272444,0.13932262838819,-1.46834618607575,0.0738274661159272,-2.05897112534992,-1.40672539447968,0.878953840134727,-1.32518958229247,0.612481587150473,-0.54238581349451,-1.30101751997254
SIDM00782,-1.3821749160669,-0.670656520272662,-0.90905442475745,-0.269035467966555,-0.922157693653285,0.873640316948534,-0.0640435395486079,-0.477044551658146,-0.311465509886987,-0.936877156192596,0.800048186032239,-1.11388449931035,1.59553732660078,1.47570670427173,-0.942758799905983,-0.113869687970062,-1.06829815058757,-0.739119449796478
SIDM00784,-1.1542455038286,-0.329301413388471,0.0609925891215703,0.288593471200272,0.300011771342391,2.67064981987303,-7.03349569272655,0.934932414431857,1.33891339670637,1.38214007102119,0.053304455294749,1.24591888411425,0.829640586660163,1.71872822293535,0.700110027263729,0.0702450037724568,0.197075352331595,-0.115834590881572
SIDM00785,-1.73967477889529,-0.676069220265094,-0.391579359502909,-0.55969550743381,2.90882491300776,0.147416831757438,-3.94088258114765,-0.461032401873589,-0.236673838188738,-0.187707837550536,-0.519756600410608,2.80560926193406,-1.42493345024415,-0.756834081352254,-0.223760927886204,0.886035111663056,0.0360326227770938,1.56071539790916
SIDM00791,-2.07194135125673,-0.859851699974588,-0.0739335079119641,-0.956051529439005,4.20156224440405,-1.25438325381378,-3.50748214531537,-0.459341371106496,-1.8266341967221,-2.08955912239082,-0.471813744933781,-1.49689102111567,-1.28225891213815,-1.26189905984369,-2.51761753501152,0.098647066229834,-0.752785451416485,-0.737380550622544
SIDM00795,-3.07017965601421,-1.88142074076564,-0.155941103592431,-0.56332868262391,-0.391028571974315,-1.23112315470332,-4.46495434370294,0.251020195874428,-2.1654582069787,-2.31722124380024,-0.114555802351825,-1.50409922087018,-2.54694845890155,-0.904502756422999,-1.15956662981848,0.232848739833144,0.106822691185576,0.12527580761674
SIDM00796,-2.1919278499126,2.57111754119446,1.09042855967189,0.603453613399422,-0.655654627578323,-0.578715149390028,-4.35323877271206,0.13730446793113,-0.0013057974787227,-0.0573473110846917,1.45545168888746,0.801954602996231,-1.72520477833745,-0.801042133048225,0.678262998811202,0.328690018177811,2.02839506684451,-0.31815381617456
SIDM00797,-1.55972675282597,-0.527369709254385,-0.682859971040967,0.597168837879573,1.8120213694667,-0.857306725109791,-1.65125020920344,1.24541511458609,0.100421142939977,0.125134695383617,1.27391480866549,-1.27993454576873,-2.56174167593765,-0.857916315905887,0.669045754378764,0.188589635219424,-0.929529137764308,0.836889437854972
SIDM00798,-4.14330596388613,3.11544247164252,2.26864621669167,1.29537148695209,-0.0785352839537826,1.10883976217318,-5.50932927620795,0.156491863645263,0.630611812986382,-0.180983206653686,0.656795733645672,1.25462050935611,-1.38287645268765,0.318385641493125,-0.622672444619127,0.550658983798009,1.41489845022428,-0.0173233980496258
SIDM00799,-1.74207814729829,2.29966389648001,1.23626710389809,0.331684214667014,0.487733213436612,0.465681793698742,-8.41887197851932,0.499258562128305,1.99471156663249,1.33322550282617,2.52038718744004,2.384771029606,-1.11440770046632,0.378506784027427,-0.11074052405428,1.18350664477638,0.946173386225813,-0.21053898281793
SIDM00800,-2.8242513016695,-0.156335511027445,0.668909515095984,0.802683003519402,0.781958425904214,1.92885289935295,-6.84593913557671,1.64641210164625,0.105343410621407,-0.605362396987653,-0.0033171467788566,0.233643106719635,-0.887305241988609,0.967127290947533,-1.69918563975699,0.428296901410424,-0.997689879338122,-0.284732679162336
SIDM00801,-2.55773827511343,0.702881873429609,0.320533804565208,0.943484794872379,1.01167520602415,0.35712383339377,-4.20074534760256,2.16768851415133,0.750045008419196,0.296289138708425,0.192437755478319,0.223074007194395,-1.0143282231754,0.382179337283702,0.210779145733862,0.167452908508733,-1.01867088258442,1.67111195813555
SIDM00803,-0.283780607314507,2.17633842376004,-0.134035101852775,0.703255263275363,1.17190048498798,3.09035177295959,-3.99697301560732,1.76894295491281,4.09933245785044,4.39794239155254,0.793125802911313,3.35060835858881,0.548004462255905,0.630538576655306,2.92081932954555,1.07234208312884,2.27741394754804,1.11510879499801
SIDM00806,-2.7093098404992,-1.33805223426452,0.134195266107562,-1.06724274039919,-0.134877508955516,-2.27049614071233,-1.08233496812125,-0.297232332815384,-1.15630917022216,-1.17273550553593,1.13218636360899,-1.04472903006274,-3.81345169050157,-1.15789672032466,-0.989278585592235,0.0501457497170799,-0.29505757787494,-0.410703977736679
SIDM00812,-1.4557392597254,0.52857119504339,0.317390548769409,1.45232737531065,1.00546867164812,1.37563018845113,-7.10158902867509,2.01534696317595,0.406854720474372,0.260426998831786,2.54270315007987,1.78468839132848,-1.39328495713998,0.494013740504167,-0.531097036022002,0.750935195223718,0.805842687373593,0.915576564687504
SIDM00823,1.17145846637617,-0.120417911299427,-0.0567102665510706,0.0922974455798216,0.13145596588032,1.12984869593235,-7.05768098438214,0.63057819076937,1.07554963265037,0.132738376851809,1.7157564288032,0.827571094413031,-1.11349253056103,1.3984800106658,-1.34796818614789,2.46774157893472,0.67157413917928,0.673175971660622
SIDM00828,-0.659706643955936,-0.476263113065116,1.1079902476651,-1.22481399407053,-0.345813356023234,2.12695033583223,1.03966368014881,0.528342432390535,-0.59219222124101,-0.128811223365014,-0.169060030825848,-0.566015255219056,-1.5680588609419,-0.815951787689115,-0.402754512059811,-0.124018694680691,-0.384097399280553,-0.591439563787397
SIDM00829,-3.79549367843314,-0.426274910134259,-0.564954699017944,0.0488165141520389,-1.02805994293354,0.385843370467767,-3.07904669502624,0.244133327808883,0.235520888142569,-0.16888549347363,0.259492615119239,11.8113242064927,-1.27663365061655,-0.969181382944552,-0.0797849713861786,1.91534106771303,1.48793475532406,1.76788067037261
SIDM00831,-2.31223669198045,2.97666127320613,0.515347146971403,1.24529756767859,2.12158307533234,1.56763138545246,-6.34464956323453,1.14776067325158,3.35671862752976,4.22658921780312,2.07548296469106,2.72505004486331,-1.13658339625843,0.657862758951854,2.79238817859686,1.63458572860058,2.15454097746342,0.666876399562359
SIDM00839,-2.12347314974755,-0.985581529479064,-0.438136026424076,0.414643529211134,-0.471790365752205,-0.102087897696843,-1.62618380733318,-0.66511400078106,-1.88378431071035,-2.87850360042786,0.780496530676496,-1.78806006667589,-1.8919437756804,-0.84651953255949,-1.85262287472258,-0.0827679641148677,-0.25304122063091,-0.328046070349982
SIDM00840,-1.31909860313595,0.395329037755426,0.470047469647237,-0.487436691893299,1.30363410110775,-0.515404843408379,2.32177492899172,0.0325359023842238,1.12207257250058,0.78572039984584,0.186634432547643,-0.420039536091347,-3.52995787088132,-0.124957140178952,1.03748967914679,2.0476183806013,1.20176677507898,-0.250609633738561
SIDM00844,-2.2936807379448,-0.38997400641836,0.0931797539846095,-1.00139003482857,-0.747506113035203,1.68784731129534,5.54682459832328,-0.393784769371538,1.17239891544406,0.0014118771647453,-1.41902772488225,1.70014346705192,-1.17638826487128,-2.0485056641062,0.0815789009498749,0.352727479677009,0.15024047997042,2.14841076024039
SIDM00845,-3.59641549016387,-1.67659373054417,-0.481568403019745,-0.707802842636173,-0.996598059866903,1.22745215915575,-2.62725047794272,-0.792103471291369,-0.660669119159313,-1.645497777206,-1.00808139685565,0.436702090604772,-1.00552389142884,-0.632248583907957,-1.63363859921305,-0.214732513107613,-0.1851240252458,0.73940838240091
SIDM00847,-1.42212735227085,0.686442053658747,-0.172301903055776,0.803217756217497,-0.747947550499582,-0.794849388200902,-1.6820777924536,3.09658211281308,-1.13578985052747,-0.68219450800102,1.45236552137654,-1.3304784953686,-2.00748385202614,3.74146999446932,-1.54770561995837,-0.616607690276036,-1.2948751591828,-0.641134969318982
SIDM00848,-1.96894807181863,-1.18422610800285,0.790989155188309,-1.65962392272617,0.00416210624481,-2.04521128983251,-3.30158842653019,-0.118930546952806,-1.16405010590135,-1.37030600917791,-0.0600582347054915,-0.670957144733483,-2.62905668916686,-1.34815851831595,-1.30370420337983,-0.0014182662072665,-0.777778078534986,-0.26824139196437
SIDM00849,-3.6290866560677,-2.26850265676127,-0.456307244515505,-1.17593832238776,-1.05138951514885,-0.407732612384011,-5.71347077631571,-1.17877842763136,-1.68012952685055,-2.59605207596431,-0.630528445077737,-2.52540175645953,-2.93286028509508,-0.662898000722867,-2.18212835228305,-0.537816478744652,-0.349562128909618,-0.744694129172001
SIDM00850,-0.200045723791067,-0.279051081523378,-0.469147497414994,1.41485406126619,-0.722819920614825,0.0799474014134037,-1.94422890974692,-1.09039444600743,-0.942098165176267,-1.19245411344532,0.173916110221926,0.680099085457456,0.506301677197592,-0.0407073879994436,-0.306984715380515,0.467273286482579,-0.519399774579564,-0.876517005522279
SIDM00851,-0.860603007348633,2.74857121785881,-1.36666345835527,-0.413441287931639,0.06158073024883,2.53035416087971,0.870701455243836,2.27403735447108,3.29194857488376,2.69590771330125,-1.12066534816584,1.22186570256886,-0.192589410082095,0.0773576265029967,2.09499753832179,1.5002459608475,1.34567977249361,-1.39435563231553
SIDM00852,-2.46275140145257,-0.828237923686113,0.334137735670644,0.413680552299549,0.82374205276981,3.29132842534074,-6.60763482025453,0.275424773206458,0.3118254060775,0.541870523832279,0.306615093638225,-0.140783734807114,-0.348029744933968,-0.372628811579629,0.022854788456795,0.117132571750164,0.576231675198387,-0.0217104248217222
SIDM00853,-4.95665145085823,3.64853836277095,2.58816652543021,1.0226390341034,0.865556894508294,1.55832073324765,-7.15482157721232,0.664489341642241,4.79342068908806,4.36130988732435,4.06365206749345,1.06889769421626,-1.72795556302869,0.41994667805029,3.58442041895991,1.13377279396557,1.33813115101921,0.100593004883283
SIDM00854,-3.83068653452157,-0.822588354610498,0.157099588129694,-1.3014270936393,-0.207367561408352,0.472685010938808,1.82737533599274,-0.521613065791404,-0.309149506409788,-1.46824954807895,-1.50139218027421,2.20265715326595,-2.50037115224361,-1.74545449089718,-0.576528341943775,0.256066005887538,-0.415602883087429,1.20348345167652
SIDM00855,-1.54539887071575,-0.327533050683603,0.138063477467283,-0.538907550801682,0.0598016192536988,-0.390762427558211,-4.46854016393469,0.966202631361873,-1.2978774969808,-1.52991768768656,-0.131196375243295,0.320045871250791,-1.12378109920936,0.350307230493403,-1.47477256279424,0.165333137559068,0.270033948739615,-0.328694702254331
SIDM00856,-1.93822799695964,-0.502535966623635,-0.157440120657269,0.168001791732192,0.17011563414967,-1.64745506249716,-1.77986407113288,0.251697098060275,-2.17317060160471,-2.19623368960187,0.533806713140448,-1.43158952283916,-2.61378846133217,-1.32066925499192,-1.54780433114753,-0.353782001194988,-0.552755481539914,0.359292466018655
SIDM00857,-0.232951016806335,-0.487428112261741,0.259321710035208,1.70373159253715,1.05286448735239,-1.43547212886817,-1.25827868660294,1.23856100754916,-2.693586520882,-1.80329130287021,0.171011884548093,0.321410233498705,-1.09145037458962,-1.13716772262926,-0.494751714950162,-0.333961094102019,-0.683574354992559,1.18365890174393
SIDM00858,0.496678049950323,2.17694772274689,1.86891036433955,0.747725519719805,0.7613762665223,-1.37062664784149,-4.44883707202924,0.926586052513189,1.64600969624533,1.95656634704356,1.22256542913556,0.909255206900939,-0.645749439373704,-0.0616633203757045,2.56449271684263,1.07752748525753,1.72142698418346,0.113552704817609
SIDM00860,-3.07838670524011,-0.782839653598039,-0.266274369361747,-1.25043784472858,-0.357530661083046,-1.12329486530984,-6.88208636803935,-0.862067044446726,0.363911413521529,-0.422595427528516,0.0835140116396674,-0.193974453337059,-2.2626076985426,-0.475148048096577,0.284809782486612,0.298932093572953,0.0141137677940092,-0.409025076732257
SIDM00861,-2.6551599186136,3.56638244802198,5.05229897078753,2.18206298418666,1.27310084762907,0.638844879900983,-4.24449210971666,1.18073089297128,3.44983488006904,3.06854354896709,1.93094064663538,0.534372360159687,-1.89971955698152,0.594792667900895,2.18194194515753,0.939496438215069,1.68767612965012,0.719552172090316
SIDM00862,-3.23394404161849,-1.30928793629802,-0.892027782615408,-0.797911928333279,-1.87257874331917,4.21871394257303,-1.79703549556875,-0.666269588297333,2.91449535801726,1.65552055361413,-1.63694726293713,2.6788732371206,2.08323125315568,0.856118148513637,-1.28226504403966,-0.18936338149113,-0.576010937398065,1.82708046624967
SIDM00865,-3.2495372568394,-1.81328553566121,-0.178564461188461,-0.64188091585167,-1.15844439038585,-1.55979568428612,-4.12810216591671,-0.636474151058505,-2.26329646540128,-3.10894539484252,0.815056670872906,-1.87172780646666,-3.03893494095611,-0.926795875425153,-1.79798016029482,-0.361714263760364,-0.789473975970403,-1.02283543198721
SIDM00866,-3.7319192674601,-0.266804249265125,0.178175975929601,-0.691818868725389,-0.127361194408914,-0.126954639129343,-6.99580712824147,0.282055914428161,0.237184531852395,-0.624864325581346,0.883341176438793,-0.81401081590671,-0.175841063712654,0.497020496918408,0.832830203471931,0.65714677377693,0.521886622612299,-0.328800308052657
SIDM00867,-1.80515782402915,1.82654495848053,1.5618253537922,2.00438853312609,2.27413540339319,1.35290393517681,-13.4091440684129,1.7591861312239,2.6427240390245,1.59326954660285,2.51354502225748,3.18721772596021,-0.382637364395439,2.35173622743119,1.15839425335165,2.04732840112891,2.25376841916689,0.922283066083236
SIDM00870,-1.34979424323677,-1.8513803159851,-0.590745183770139,-1.71053100303033,-1.13478117658958,-1.5584424465757,-6.85310537699156,-1.10715786434003,-1.54447218046629,-2.52067313379622,-0.0338852318217937,-1.53543661798525,-3.00106163073631,-0.780810249802164,-0.540611605060965,-0.148437829504016,0.337320246969549,-0.504503676980442
SIDM00872,-0.0052280993093128,0.663597094024139,0.270856504463232,0.0399769074605501,0.48018073682104,1.4739563684772,-8.95804910507557,0.759140772075569,1.31002050475364,0.79098584262848,0.692892867528424,0.0401605139900399,-0.524654339687293,0.44186243575629,1.61537221906494,0.881071681978402,3.49689879453739,-0.048764448823782
SIDM00874,-2.84266125142695,-0.283146062118937,-0.0563545308195453,-0.445863082954756,-0.969009597877794,0.481926924729901,-4.56789484171974,-1.0886249118236,-0.417512826051946,-0.778002969511762,-0.35411613049153,-0.333996771639513,-0.579315768800626,0.0335074549482431,-0.540155575041483,-0.385062833744921,-0.127564900306786,-1.06220603185099
SIDM00877,-2.0979055230825,-2.18794418391997,-0.259854273843095,-1.31167778589795,-0.5734620425779,-1.26411911625277,-5.34326130223517,-1.01826390275774,-2.33395255700092,-2.57283446045017,0.507545614256942,-1.65985184569884,-2.84621260592988,-0.677168630308123,-1.6522274299319,0.0704207714575072,-0.711824524543173,-0.244689691412469
SIDM00878,-1.42475299915846,-0.121522415281827,0.834154252311454,-0.145409893585538,-0.733486861866065,-0.240724414626208,-7.02154237089736,0.162031940933401,0.559599717691566,-0.216475537170607,0.649476510481684,3.0321153291312,-1.50212693773917,-0.29972978854505,0.805983652546543,0.626277281803314,0.577590699744873,-0.025857183118147
SIDM00879,-1.7166251494721,-0.809148400004295,1.43459184593318,-2.02611128421963,-0.883949413608241,-1.46465530261503,-5.25346255693379,-1.06687217486247,-1.96955979822727,-2.82512915633838,-0.518208411501048,-1.87771328864008,-2.13764426503862,-1.22151313144469,-1.15808627978997,0.473396720825117,0.0245120047386874,-0.514758815321091
SIDM00881,-2.28917680439223,-0.158310102865788,1.25249246955517,-1.50628741234563,-0.82691351529064,-2.05416121364672,-5.13788564529482,-0.781644236663349,-0.0267481487422652,-0.196699001550882,-0.787101937642777,-1.7711012624566,-1.7697244396443,-0.762018017327112,-0.650537158219878,-0.0954174727984749,0.675518165896831,-0.195414673068382
SIDM00882,0.64883111190585,-0.705857199326613,-0.451039055616378,-1.37382676366817,-2.23163341263677,-1.26161983260545,-4.95505046364585,-1.29971265715354,-1.65180097220128,-2.45668394946035,-0.373182286025546,-1.66015841930173,-2.59997339414679,-0.542940689618501,-1.27662276903223,-0.499658726745096,0.952955562962709,0.369876023002395
SIDM00884,-2.8105060432661,0.0973612766318671,0.83665107520468,-0.785533017349635,0.148863641223172,-0.361470467005756,-7.08843024967863,0.262797075044417,0.915279242043676,0.933146784621486,0.751013930859184,-0.155678418815121,-1.71849053795386,-0.609235203480156,0.10313872686322,0.558893472484152,0.271628077684594,-0.20399602174072
SIDM00886,-2.58736943569067,-1.5744018471756,-0.329086846070385,-1.35244420158035,-0.762149742341163,-0.712690080451131,-1.23736014905562,-0.573838801755758,-1.07734279080939,-1.93355328452199,-1.16762720012676,-0.927311355076175,-1.98287646624609,-1.11048482983187,-1.31646049935042,-0.313127563307642,-0.492084572835468,0.15793165036725
SIDM00887,-3.42574545967458,-0.495306691347499,0.883651374054011,-1.04282187696757,-0.383013457985709,-0.775223930163785,-5.21569972622613,-0.118054028077943,-0.862844675298909,-0.839623493853884,-0.0058129959977646,-0.841763823479376,-1.77174750117074,-0.317985033901043,-1.30952754418657,0.0467139589905377,-0.765220409507547,-0.560977713478843
SIDM00888,-2.15276212189438,-1.53528535106281,1.57822034024545,-0.717387756626533,-0.585317841345875,-0.698337393740606,-2.55425538929233,-0.701330183397532,-1.71206591291854,-1.78703119778409,0.622361127796734,-1.15300151778914,-2.5812794627023,-1.04358077088226,-1.14760769669419,0.158829124979707,-0.407069489913156,-0.181077111107292
SIDM00890,-0.905778117370024,0.765186742275256,0.132416221141267,0.584017805635599,1.61401081013725,0.456729452103344,-5.65177653145053,2.96130194790975,0.0598592209500062,0.32764979287294,0.195173126021189,1.02515495333108,-0.15321748153925,1.02056875544988,0.724733438299664,0.650510714059851,0.35248298713353,0.360624042310508
SIDM00892,-2.23430681813947,-0.329315412020182,1.51778577624623,-1.13975037270357,-0.158704053523004,-1.0009064049827,-10.1765782513668,-0.501210289513907,1.9291594497948,0.313780450517113,0.282232948408327,-0.353873954951365,-2.351806196185,-0.728880398101418,-0.0453292511226555,0.220445650422294,1.87088382033496,1.05082765094342
SIDM00893,-0.31761095052236,-0.544400183356733,-0.616782292879551,-0.870780673812077,-1.87098943943149,-0.830025476661669,-2.8959090480694,-0.744663434737842,-0.615851413066383,-1.74685456282051,-0.685799346160193,-1.66733628425423,-1.20266280021265,-0.44300422086714,-0.805227527107031,-0.396943438186052,0.768683310536828,-0.653418405232909
SIDM00894,-2.19876804757067,-1.38689676286686,0.559887106382448,-0.975278574432416,-1.12850671964967,-1.79709976887767,-2.47143333481789,-1.49944217474619,-2.98701569424275,-2.84371079883085,0.129188440907942,-2.44730788095729,-2.48275632426776,-2.2129167777903,-0.704986571244882,-0.533275754172588,0.0760964933604069,0.942370281221752
SIDM00897,0.800907673573337,-0.590902388758513,0.79476747979911,-1.33589574056005,-0.345315821286886,-0.436806501589467,-3.54960589951868,-0.320289160564271,-0.244236863604902,-0.943488973961361,-0.527743266649493,-1.27561500822943,-2.49215014911992,-0.4517900630385,-0.310924869896961,0.455351510035807,0.444044969387955,-0.391273881627009
SIDM00898,2.00694637921969,-0.973739510406008,-0.0046039168020604,-0.897399672599538,-0.620411100645138,-0.723871591680153,-2.27775761321132,-1.01018481167448,-0.422440823197343,-0.969780022095702,-0.803795873521446,-1.17172221137054,-2.1700996166603,-0.19943810402464,-0.0361935421947225,-0.0447250367435299,-0.224808213288432,-0.557071174779615
SIDM00899,-1.10881990706703,0.196090065898748,-0.309948343773121,1.55540246985108,0.111493789525642,1.71890402196175,-8.30807289657358,-0.132296403563405,1.84495944476137,0.700924814419786,1.8858224509804,1.44952412579997,-0.440739336211198,1.3203641623071,-0.515214094993888,2.29438734126654,0.751500298261336,2.38560785692736
SIDM00901,-3.32079654693755,-2.62612051847479,1.22778927602793,-1.05251405131718,-1.4077950433845,-1.64080982811388,-4.70048883072182,-0.638658039624479,-3.09931735139567,-4.06380165080804,-0.429000337850958,-2.16863411819228,-2.37351380603167,-1.73479883709672,-2.21172415994464,0.0189851100277217,-0.961682462592992,-0.965084833008129
SIDM00903,1.03345472053757,1.25230919706529,-0.235860344260888,-0.321553477656623,0.0642446154486755,-0.322283408838448,-1.46158212535842,0.142724027290799,2.12955057627137,1.56033505208142,1.62314738237554,-0.0723498297355307,-0.858686837174161,-1.09066400301866,1.22686125361516,0.983913501497365,0.55933006892538,0.15027968385362
SIDM00904,3.08340492959684,3.91241076721354,-0.449156122114941,4.96542849197866,2.55121954898612,-0.112745442737516,-1.45118365422056,3.9385492181252,3.68631680130741,3.44892912227412,1.13446026544446,5.96376224231423,-0.0004189000685741,-0.245621322023516,4.82915382356287,0.112618577885511,0.472800561118506,-0.318932006825785
SIDM00907,-4.73111998906108,-1.57803798537962,-0.743638487245769,-0.777867455027494,-0.339724702346871,-0.296201777744516,-6.15937765506892,-0.139771399819931,-1.50778886317659,-2.415174639637,-1.00476855592558,-0.470180061721174,-2.32247877905554,-1.05805780551266,-2.19535551968518,0.0861945997649344,-0.273891873414086,0.146975910450156
SIDM00909,-1.81444409705459,2.17806380333764,-2.13570354437935,2.5004477790118,2.51266773761719,1.19035679165156,-8.56192704545793,5.05775176864987,0.262512763566479,0.444230143279311,0.213524304740229,2.18912014689153,0.543346014805753,-0.688649942214506,-0.780986384298422,0.45168393621507,0.769928574944234,0.406372153060018
SIDM00910,-1.73498280191478,-1.13904805873966,-0.0596185943405552,-0.185858029996445,-0.479690450293007,-1.44692251470035,-4.02739867128307,-0.834863664571945,-1.24484558955602,-1.53667762922854,1.23137426864312,-0.581981117285842,-1.49048189400348,0.99062009909493,0.214766378166016,-0.0193201167501862,-0.277228807754454,-0.165216261582959
SIDM00914,-0.185772740989476,0.0056930576268508,0.42493403585058,-0.914631633774057,0.654477963722549,-1.15635424555738,-0.384287114086329,-0.0786924464229912,-0.675112387977736,-0.335946359018208,0.68190251997261,0.127277409382867,-1.96441889414453,-1.50004922098933,-0.245895529717444,-0.170170847556072,-0.855486267098864,1.29730189534894
SIDM00918,-4.73963202780766,-1.59347686948163,-0.551411591763871,-0.743689956342353,-0.571951860282637,-1.4823956199846,-8.72868429308428,-0.936798627449451,-1.72650941554634,-3.08782617583474,-0.970264684965237,-2.01000402385395,-2.56950473026522,-0.351895027478372,-2.80594425163216,-0.386435104368488,-0.514321869231794,-0.769552039148841
SIDM00919,-2.66653385394352,1.13462530521521,0.347913953301411,0.655895171745472,0.758182560827224,0.608740187111241,-9.19953109594582,1.17074447027657,1.72639709063139,1.19829850023157,1.49157205954721,1.04887611414245,-1.06507389387913,1.00277688850198,1.19564138862855,1.02847858898247,1.35288084980763,0.273601110839956
SIDM00920,-2.28406767569706,-0.743509319739978,0.416295589417419,-1.75187358105055,-0.249026892436601,-1.35872540292237,-4.90126923974811,-0.90754758422048,-1.69530520156558,-2.59155449457419,0.7985044023521,-0.962259096950948,-1.92172277243335,-1.22119825003737,-1.20191048468369,-0.128158655105059,0.663814670972156,-0.130491619896249
SIDM00921,-3.34819855460383,-1.3708206301076,-0.17625176531682,1.67539810120827,-0.427995834761666,-0.925653527479117,-7.47411693702511,0.479168241522483,-1.25922304126764,-1.43639282402077,1.31232949068419,-0.43934386702906,-3.76777206774686,-0.89646814123423,-1.22474437902557,0.665043897764023,1.59502205089098,0.509876783678209
SIDM00922,-2.45324827560154,1.09496614811712,-0.342964848212615,0.386680442979901,2.06107091822079,1.52048064537452,-10.3586220254185,0.565229482194244,2.52939410694803,1.49317851199591,1.32128264085213,1.35023609993272,-1.85154534198035,0.435301835528478,0.951498294788753,1.21726398683152,2.17667050669449,1.96604288948126
SIDM00924,-3.86024884003477,-1.42418866249475,-0.101030908040863,-0.314508939517131,0.353261091177365,-0.672681926520096,-7.29048992794976,-0.137676815806459,-1.01777926379616,-1.48476305293989,0.146738518717994,-1.24250830309432,-2.44790164068511,-0.491406056905471,-0.394272462581346,0.102286610383955,0.345933122347694,0.0492713581831597
SIDM00925,-1.29321355330404,0.330372106545432,0.366296859328071,-1.07302581199977,-1.44965502238735,-1.1070403236958,-3.90302577023604,-0.782904575430883,0.821593855534153,0.558637419969481,-0.553628143554784,-1.50424191541471,-1.21084191553311,-0.849543149567939,-0.41194662879256,-0.857253878104073,-0.707417973746177,-0.29796888330685
SIDM00926,-1.50728598234296,-0.777271890794442,-0.266557441022264,-1.12929645681913,-0.13190546702894,-1.50091056598027,-2.17575195447599,-0.134284409288979,-1.00057920983708,-1.07261958598326,-0.21752016728992,-1.92246282554756,-1.99389398710217,-1.3899905710463,-0.20779902944256,-0.560094032810114,-0.751185063335389,-0.261893579672311
SIDM00928,-2.70001452523019,2.96699588452006,1.68874667761014,1.39140823661374,2.06184858097872,1.87578694098629,-9.55289112763747,1.62531703950618,4.72984916712812,3.71040564438675,1.83272703106252,2.44358406604793,-1.05243170829584,1.0461625452319,2.99421778514983,1.56120308185499,2.6751015448999,0.928373371892462
SIDM00931,-2.23057104723649,0.0169655468716607,0.171800563137352,-1.65416023510821,-1.09978286042346,-1.91036223351738,-3.57401342056352,0.0793061753768404,-1.39087992080091,-1.2148460983738,0.501197734652177,-1.19734622958977,-3.21584111013078,-0.705591728018614,-0.842374066326609,0.28909190233071,-0.816964708188621,-0.551414705536279
SIDM00932,-0.700050765183503,1.20320061092469,-0.696064362082127,0.875265629790459,0.107724281421358,2.25495509743482,-11.7039382764705,1.11547528111012,1.86440392952269,1.74733495943281,0.133474680365274,0.687796648921717,-0.672468009824747,1.32057531319353,0.623414792389318,0.414280751941045,1.35330880684283,0.908638927943276
SIDM00933,-3.18748165715141,-1.56042776665419,-0.733162918107615,-0.840452730629691,0.0437898659846566,-1.52538339115383,-8.67528634940082,0.628060929750351,-1.14040079331457,-3.78644155685155,1.6969376636091,-1.68600925430466,-3.72590099946667,-1.6849798113276,-0.944213435161413,0.234980644752399,-0.396393305495632,-0.225867912541838
SIDM00934,-3.78980729774475,-0.510386647424542,-0.296377769743325,-0.714824085973025,1.36529189959752,1.34022489803957,-10.9394377431507,0.0908185232286859,1.21462988194906,0.469467870297428,2.36370317829156,-0.122932952217199,-2.32938776273255,1.12124126448765,0.700814273537396,2.36209559487968,1.59702098074254,1.88026625199592
SIDM00936,-2.16632332796451,2.21384267014436,1.94618039612405,0.157077434907214,0.844473184246086,0.603871991719563,-8.77178697532799,0.960224252530667,2.3414267824928,2.16305588335429,0.941295825773625,1.2353883578796,0.229730489917106,0.803451880254379,1.09277210413194,0.656312940087669,1.80113162538706,0.309007817741316
SIDM00937,-4.07418761473568,2.05014834570826,0.873000071684324,2.18692680950387,0.826230223667863,6.34048968096372,-11.4890535814192,1.38483994455872,6.38540758746519,6.13561585930908,1.71281782360888,3.84259422068211,4.85057198972965,4.38149626954795,3.9377092898294,1.60110611232172,2.55933535618023,0.678322564429994
SIDM00938,0.302452085907224,-0.989825380712945,0.248376360674864,-1.34217033548852,-0.249172414498124,-1.8397212931976,-2.23461274164891,-0.658822973704186,-1.83681815308176,-1.30045029820654,0.289810735092871,-1.35489919540604,-2.69853562122597,-0.519406329426907,-0.902617276754158,1.12946844087746,2.19728519767091,0.707341831100618
SIDM00939,-2.74345188476978,2.41752047059693,1.95255290467693,-0.338936640978983,1.21573868456312,1.44191308437332,-10.4518344910682,2.11510380527895,2.50640272396767,2.69726588818929,1.34374530244682,2.10606273556143,-2.82759057780023,0.493166209949704,1.04638736868438,1.07191475118972,2.53238340802659,0.437426666257586
SIDM00940,-1.10451683321197,0.358407364575606,0.589524500011636,2.8124158741907,0.6809628823536,-0.302936638217264,-6.32245694762247,0.381200128406375,0.155129898294129,0.196437608336181,1.13684262188386,0.387538672906267,-1.4872769483914,-0.540892123465063,0.225331512577908,0.126971819369031,1.03696992534548,0.396271179287941
SIDM00941,0.984690488074478,1.86641128447151,0.034066046347383,0.787330332350414,0.342850841265124,1.89226020409616,-1.90937576361182,0.47942150916612,6.67326751583658,6.39940913063945,0.423827045933066,1.31806848330568,-0.81707961945362,0.360961000321711,2.44829202813975,0.508390309529983,0.422956590376529,0.229084270406767
SIDM00942,-2.31525951580989,0.488880113818522,1.02449030548886,1.18409368435264,-0.210027545026282,3.34592974430455,-8.32773598724503,0.377083677196429,3.84168884884067,3.69228930211478,0.492422573255238,0.571082752878173,1.88781585379428,1.57388666414827,2.09433443999813,0.447834880221145,1.37856878862072,0.534619330474354
SIDM00943,-2.43075906667704,1.71851171030338,0.471641046319702,-0.902074346664287,0.579796117578812,1.74901900631994,-7.82615661083906,0.279914416059691,1.52718768815226,1.45374571736079,1.08693064909955,0.533105621892992,-0.904073182885468,1.4398288253991,0.533476641521645,1.01501876941815,0.584393671103069,0.249860839348177
SIDM00944,-2.13104052698519,0.915696495869015,0.302757026347451,0.551393203183697,0.772190948470005,0.268124369711582,-6.47017000973752,0.767316370725717,-0.0204362280395071,-0.0228105950885836,1.49737912713203,0.0049007211647649,-0.916514371176352,0.901152837125128,-0.189425647107412,1.19293631470826,0.91664349171219,-0.0826550616120002
SIDM00945,-2.44028069623996,-1.30899220819192,-0.591992789086955,-0.821317924245491,-0.0066749129575473,-0.0192247025067228,-6.92581067103081,-0.207961313748148,0.172430326821163,-1.90966042854696,1.95122460806273,-0.0899408586080443,-2.69077947600832,-0.766669562067716,-1.68611003615581,0.849161563345471,1.210856448475,-0.26663188882153
SIDM00947,-1.79378103665287,2.29058876442984,0.39309359801223,1.27131298497163,0.849552563893051,0.793637721665542,-10.6400619883513,1.83989545289838,0.879259140273405,0.72072608701889,1.29800957063169,1.36365744157376,-1.62725671692061,0.33304370628908,0.155212435102233,0.654417202334761,2.78820436076879,0.138128429322341
SIDM00949,-2.34136216634632,1.44876990807108,0.0943150573208214,-0.0596539024205904,0.185122547214542,2.13459202429053,-5.82426416615955,1.02019157926459,1.71462959964602,1.41716712703413,-0.21025066097679,1.7128916088814,1.32610173441896,0.358841206705513,1.50729674837134,0.543441330833951,2.63061617762318,2.63778795631695
SIDM00950,-1.60056395571213,0.321815843178218,-0.270748382146763,-0.671953022162445,2.3310941091944,-1.18354059393761,-2.29081683386905,-0.839114485192643,0.743269266584367,0.947390892932535,-0.325832662876936,-1.74234465985576,-1.24314939787727,-0.617066687537516,1.26008170991694,-0.357161225099501,-0.720686113019801,0.0084515474771427
SIDM00955,-1.76840421042011,0.554214936915324,-0.0378895007971979,-0.030325188995149,1.4417680973644,0.16619456762355,-6.80322315837059,2.99811308186894,-0.787589618288971,-1.00360099890522,-0.336762684583813,3.338276033123,2.20021791668777,-0.199141937494325,-1.20648023340762,0.242392581732656,0.363203471392089,0.283955289026501
SIDM00956,-2.66530253673715,-0.628672225995071,-0.925279308809481,-0.264878771166553,-0.685371242048523,0.0041548835314057,-6.87877162095862,-1.15210179442344,-0.230001703956757,-0.896503055995874,-0.290269594662233,-2.08985612111854,-1.87393774835802,-0.362369516993109,-1.91702424910681,-0.788442325396873,-0.0745294476154826,-1.10327884049131
SIDM00957,-2.50939541325681,-0.783794181866688,0.0149254468987314,-0.742161365924206,-0.394293677317093,-0.600551844481261,-10.3375629757942,-0.449751775251988,-1.00092669755682,-2.61822460169085,0.702337911476184,-0.912353207986697,-2.62714768371271,-0.121166279335297,-1.59027916267721,0.370065584918638,0.267335430532762,-0.277992079105011
SIDM00959,-3.4305873406768,-0.266734386926143,-0.419367727194326,-1.08598378361742,8.56813128543127,-0.868537450640382,-6.34743124281922,-0.513999162235397,-1.46562065552732,-1.82761473487678,-0.377420246390902,2.68402849767728,-1.5899210993509,-1.23983039602734,-1.18879667820512,1.76845582710215,1.93069950452466,0.538551187383175
SIDM00961,-2.20305116507819,1.63513382349243,0.0756795293800959,0.520953836396828,0.436197439563718,-0.565930788333539,-5.97878548450457,0.0364070837530911,0.183015605747402,-0.866868990270818,0.342229548120916,-0.687146868210752,-1.8846255624818,-0.576469306825024,-0.940885951230871,0.243911506867713,0.164436623459225,-0.0119768066223983
SIDM00963,-1.31992706642803,1.17649838023381,0.213273777025275,-0.525364501970578,0.16629146216837,-1.45450197959088,-5.94524918036086,-0.145539121410409,-0.924992572088468,-2.70857767721411,-0.0710881609781601,-0.587660863338581,-2.74167479916431,-1.1219357078151,-0.273398384209174,0.330191105534816,1.15971729605108,0.116046176923215
SIDM00965,-2.02882480835602,-1.92880040421518,-0.765262852659162,-1.31912272726681,-0.593645546184271,-1.44619545237702,-3.92653775628485,-1.34465285839372,-2.16263241730499,-1.6152722395686,-0.0632461136957042,-1.82560358139063,-3.07805875043393,-0.975322081979774,-1.74358280785395,-0.554947760656899,-1.03473412883581,-0.082981975866893
SIDM00979,-3.89637074226812,0.640184727809815,-0.126195306606118,-0.0945783560568417,1.5026494230046,0.755818962246189,-10.9329988241928,1.85665400083197,0.292835194392826,-0.184552227459069,0.830604813045634,1.4075201138895,-1.5943731024098,-0.210843380137043,-0.424552251525087,0.938084058153515,1.16713508763234,0.744686552632905
SIDM00980,-1.90061578610303,-0.0824919264245023,-1.51402404254343,-0.373661923433719,0.135075864403944,-0.0806259652946864,-6.53207057648364,0.144598267133572,1.57842376348836,0.643303327059326,0.416913477309282,-1.74753562490917,-2.50058783441982,-0.297618549152879,-1.62082588739418,-0.167226145950506,0.266393801303599,-0.253346179346959
SIDM00981,-3.91485181466874,-0.909468351228825,-0.222700859060287,-1.17420013658658,0.164365772114998,0.790449363926817,-2.77244734013236,-0.470576084934763,-0.652438177717404,-1.87099157252793,-1.07502240466949,2.5415022844815,-1.30692384578411,-0.843912407465791,-1.50377600628504,0.163018035278615,1.44296168709234,1.37926788273782
SIDM00982,-1.88985096799607,2.98890127810048,-0.0403578248566946,-0.011270908652668,0.232494333040726,-0.889360115491575,-6.5911416847942,0.60420630545122,1.18580134027055,2.98876435877844,1.88495661597685,1.57062810812465,-0.411642853033185,0.177425065687652,2.19194750458096,0.539922505949234,3.02611671206756,-0.15968878026033
SIDM00983,1.77971025157323,4.08576300051614,2.20996761138609,0.967725044058005,2.20045413843653,2.60600070787552,-4.45879136546736,2.18527020709986,4.68096773290795,3.59228749378209,1.38728203726738,3.77675923767193,-0.211370707743206,2.13651305393828,3.28103262729073,1.95917075198351,2.2981629109762,0.616632126449366
SIDM00985,-4.39675924641926,-0.247111730192546,0.266387404462363,-1.04640189894318,0.310524994043586,0.798509295819266,-1.31223131553469,1.9092696154056,0.621201158922703,-0.632301089003284,-0.383719896035308,3.08828706229298,-2.06221995392066,-0.904193919553233,0.121623844669886,0.775254482540965,0.510065014551115,1.82103409595526
SIDM00986,-5.32642717230246,0.476255013027302,0.0874825081676139,0.0034087660226578,1.22381760864268,2.11305896524235,-12.8060990022192,0.013499226888461,1.38421154069642,1.27043706127041,1.07263132290604,0.969335515832867,0.161062733302679,1.95372806671942,-0.559442820649919,0.804701425792431,1.047752175548,-0.0209509951973877
SIDM00987,-2.1637473753643,-0.0293069368109958,-0.0492642590930068,1.15707762176705,0.200619660912431,3.32839942993537,-5.44142908500657,1.75563020199527,1.74408429714445,1.06155245459137,0.375295678673234,1.21324355183215,1.5756319410355,4.23160561443437,1.62177567317039,0.660493292087392,1.4957432426934,0.035034911224805
SIDM00988,-2.44537941026913,1.69804868980112,1.49335594372035,-0.523271528993941,1.5629323559302,1.90500549975484,-10.4444527855794,2.78650271301881,3.09571137319157,2.71083866311321,1.46125391528867,2.27386912616545,-0.76407371486031,0.675921531100753,0.991086750405798,0.76702092142463,2.47003603199287,0.36488826704399
SIDM00989,-3.03513123027486,1.58205972232316,1.24768224983248,0.838051246548123,3.0389182564532,2.33685388805523,-10.2126954224316,0.996164420620774,4.27136905472352,3.37999549280358,2.16442424489598,2.59329413352399,0.415060947907613,2.4968354886506,3.81866994896563,1.80369846483947,3.05914867721683,0.785266783139627
SIDM00990,-2.7540417340241,-2.14055739525852,-0.486997373444871,-0.424885504332301,0.464789334900579,-1.15103633006149,-6.91189045840425,0.197852425170617,-1.58531249533718,-1.85936023545991,-0.0558788381950019,-0.762616084421192,-3.22883491811269,-0.855079396894383,-2.46713281227813,-0.302744455657245,-0.0589353232092291,-0.707155951536518
SIDM00991,-1.6927364830518,-0.244251959552196,0.266159980676285,-0.363656223735513,0.977647207048089,-0.55251069632006,0.384307221579418,-0.173513481876197,0.679421628116382,-0.504468601811526,-1.84197121321658,0.889543779364915,-1.80213894700595,-1.28812648210431,1.44025589341454,1.37347396323298,0.880470434761325,-0.439401152707411
SIDM00992,-3.03149437819986,1.70607028679069,1.83534045555077,0.548190303218499,-0.214795670283237,1.04045125954231,-5.81289782766033,1.66943439891484,3.19574344465998,0.285914198176219,0.385244842396064,1.85308885507021,0.993053162897308,1.07288833338561,2.07711150728915,0.639704914483902,5.22453199384795,0.203853696371266
SIDM00993,-2.60119904760851,-1.22420564031501,-0.0996780761664924,-0.654720666713622,0.242933501694014,0.660162202728695,-0.651397184308226,-0.262968933373663,2.59606402568072,1.88011683899882,-0.542787114935595,1.74219162055076,-0.665079199029347,0.0309687021357545,-0.621112269146636,1.82416449849709,0.548713326088879,1.19534715951482
SIDM00994,-1.26495863039265,-0.349162117788621,0.563253346142451,-0.118226159083369,0.634293766439985,1.0437985276025,0.265059712114361,0.92714888628329,1.18597603858213,0.439556102947808,-0.270534590715704,1.89935018696847,0.0795253500404322,-0.788483855605539,0.911484188126633,2.5597199769189,3.2122285008837,-1.90694316116726
SIDM00996,-1.35132676552828,2.12370014346957,2.18806236234508,0.429770536528856,1.17949508637866,0.219005425884163,-5.02288715101071,1.4196508624287,2.01668495241874,2.2165445467068,1.98279711085186,1.27632147672066,-0.992363645593235,0.370937455193757,1.88260032258524,0.754582830833015,1.86859472845969,0.052878727041247
SIDM00997,-0.208931582286066,4.46874017263001,3.43755699531479,0.528982556689416,0.91093224908723,0.908392009621893,-5.13504608850747,3.86955789533131,4.36727878323338,4.57221033898374,1.43605437912935,3.13853042426083,-0.381495994076578,0.934382254926914,3.01386844699446,1.10737875470687,1.94791482050179,0.808410056964573
SIDM00998,-2.66292688497013,-2.09011261152079,0.0187322022052664,0.132014863969004,-1.2287006756687,2.09389854054755,-5.85937873215399,-1.42032595484652,0.0223413214647191,-1.29278274035309,-0.714216556656796,-0.902035598933901,0.885103150335834,1.52826282726568,-1.47739950430131,-0.500456423095306,0.40469198322893,-0.650256582713681
SIDM00999,-1.54107457635704,0.571923421121535,0.541377867205798,-1.11709132360988,-0.484605588533025,-0.758237644649107,0.335829153016078,-0.233423932679728,-1.44672562828826,-1.02422755646604,0.722259902605252,-0.0559089205410968,-2.8313973273996,0.202155171414164,1.78560348439515,0.214393398117794,2.01941854305741,-0.489489275686665
SIDM01000,-2.39143964767854,1.42764151163527,0.0885642928667244,0.804787813250205,1.4055374632435,-0.0606924648307095,-5.97044123116958,1.65735273519492,0.804613752741349,0.322151406658495,0.0924530230609133,-0.199276143742336,0.424896955926497,-0.303064828490553,-0.761767442508891,0.0706078833969287,-0.622725990730822,-0.250623161306233
SIDM01001,-0.0035585166446243,0.871102114575706,-0.503080109490704,-0.239117224620307,2.38622760539757,-0.463750671447751,-2.30105291843927,0.467364573753235,-0.505841551464067,-1.07090395623414,-0.181488345248553,0.0669988094997298,0.234778056599124,-1.0892473486644,-0.205563689965126,0.128704766631221,-0.512996409681779,1.01275111905464
SIDM01002,-0.469242060721706,0.169660455771616,-0.439313442364078,-1.82634231989136,-0.554120285844789,-1.05638378746625,-6.04259472067459,-0.172911441223046,-0.503787866889607,-1.33332782321295,0.447664951736611,-0.850512381790439,-3.03411435537307,-0.481035413377509,0.0576338061466025,0.593978603019314,1.35663237648039,-0.451618038078114
SIDM01003,-3.08936165925806,-1.28012294940165,-0.16695584218383,0.226428424564781,0.296440080177635,0.319295409513199,-4.43395529449914,-0.0515715856781652,-0.140717496709297,-1.67575897100357,-1.50448556158048,-0.283118717472556,-1.88568748101531,-1.10154061990123,-1.61954478546547,1.64412252383058,1.07989522041829,-0.164760442581189
SIDM01004,-1.06251561336829,1.4079786041695,0.0881682099711502,-0.281070519893244,3.1213923092519,1.14519528582649,-3.8224186940395,4.21647984741948,2.38013748947041,1.83488059529166,-0.564934811635247,4.16920380341677,2.50907103998592,0.148850015118839,2.80612678224812,2.88363490281288,0.599466279121798,2.72343055611613
SIDM01005,-2.53887658948254,-1.6818209879327,-0.390863291728088,-0.719031514338403,6.22529780351476,-0.483216432004775,-2.37950476712587,-0.608768118703884,-1.08392588938402,-0.957315086786027,0.854401289174174,4.15877928964504,-1.30319324982745,-1.25671640224493,1.1431288592728,0.944333898129639,0.202986984524494,0.462074619889901
SIDM01008,-2.10826750619642,-1.06040001266504,-0.216357263224148,-0.654392988665942,-0.24179881965975,3.70568146075033,-4.06984614338496,0.475007224758476,0.146169901601406,-1.23057735048245,-1.38264378896599,2.34403759332173,2.15681873553724,1.273006025407,-1.53378008294949,1.38277537815863,-1.39304287359007,2.60015135398024
SIDM01009,-2.8045701306772,-1.18369433467468,0.106185219626757,-1.16526667456865,-0.600324247273846,-0.929669510241646,-5.90591641887679,-0.976640625968299,-1.86027108921216,-1.72447174834172,-0.179707722971007,-1.35207286537511,-3.96365348223869,-0.984000747448282,-0.942698999429856,0.0966887709432921,0.753044557685705,1.02677182161086
SIDM01010,-2.16737724375256,1.20087111688266,0.19575621697038,0.791248498082732,0.020677803596386,3.49139279215817,-4.60562426632704,1.2054762343457,2.76720098386935,2.57868164558841,-0.253040827185445,3.28731254065178,2.70530132772686,0.600990279053617,5.29015318556325,2.63205584860186,2.11663973302195,3.66550261019531
SIDM01012,-3.51010150488949,-0.690662464506344,-0.438555473002642,0.442221503668287,-0.301325188743776,4.50052671856905,-4.37751924753673,0.35607186827687,2.81410834577428,1.88694591936367,-0.878389325939095,4.05503116377466,1.71521485546187,1.45967015031209,-1.23290483242055,0.675714774517041,1.45627576441168,2.11324746929196
SIDM01013,-2.99308939549619,3.0369908082701,-0.226409638734239,0.289930841961739,0.216000012927847,2.47270899661098,-5.6653605863802,-2.58665845766705,2.88410403308801,2.40777175356645,-0.186009741976993,7.44139552206203,5.13061010580958,2.02208949381064,-3.01895184434879,9.28401645692256,2.46680625640116,5.08542564299206
SIDM01015,-2.21718987747868,1.59449749698509,-0.546408263548812,-0.828155812965889,8.06887698927497,-0.649349465114796,-5.3937250364083,-0.242484448196695,-0.502170864000331,-1.42177417579383,1.14512958824435,0.703513038627247,0.217450984599209,-0.91240643978098,-0.846614856026538,1.80327737553191,2.19643226991617,-0.369408080719497
SIDM01016,-3.84591486274743,-0.92710488678989,-0.290113091723382,-0.560370596350716,-0.0684624657116387,-0.870888080147583,-5.68733888665137,-0.329980141482125,-1.04031824241867,-2.5857725990436,-1.05858681562465,1.05351227373518,-2.41164940620539,-1.26085353096394,-2.30881797336677,0.378947383748348,-0.359135363376155,-0.287372214750009
SIDM01018,-2.37956488809123,-0.105490943879313,2.58724869533502,-0.328966399228623,-0.231023502137613,1.04555352572842,-3.11705776146164,0.453688274062189,1.17574909456503,1.59087896971533,-0.477695097353379,0.912767427636949,0.253794999116109,0.408076612084709,0.132282102949728,2.18379015793762,-0.396236890111101,1.44101108263607
SIDM01020,-3.05211826375705,-1.7319635569845,-0.0675965597618114,-0.307427788061488,0.14281060802014,-0.45413991408297,-4.17630471925619,-0.0979254790801158,-1.12108885420454,-1.58429494443718,-0.413596614752988,0.518321074772056,-2.42647523642806,-1.42913303651256,-1.74706338905714,1.15509135310405,-0.090555471013196,0.66094987219343
SIDM01022,-2.27072691215077,0.867937213216806,-0.253751055719718,0.91729475742616,2.80221953053814,3.24948065095111,-5.86844364591951,0.595779618545436,3.42477632371309,2.09784832286553,-0.122883459512794,11.1727488384373,1.16065770396886,-0.606280973725732,1.46755249447513,0.885654368161572,1.90911431969314,0.981256585092175
SIDM01023,-2.26098250837671,-0.922121423812748,-0.393712832124075,1.08618991978208,1.56641117605223,2.00778756122096,-2.98063272317863,-0.305719813312629,0.641876182942696,0.442107910270252,-0.271261180286744,9.62707926929504,-0.504311740671674,-0.367041438543301,1.84979086896987,1.33371531443649,1.36520245744858,1.13732982852245
SIDM01024,-1.66087503000703,-0.821930434887673,-2.62908098681343,1.28281532964525,0.0545050650975252,-1.05554287668733,-6.03557400924474,-0.0352260344430545,-0.471173813127487,-1.84060789336396,1.21922086494939,-1.11693185948805,-3.19781314950869,-1.47013330710198,-1.86307344348768,0.250328364130419,0.0519918854665753,0.15902064454196
SIDM01025,-3.90183369800619,0.158822195703086,0.374824634411358,-0.253685758404904,0.211407816735,-0.0843684035143443,-8.51692699547164,-0.0219001881408399,0.155898508846755,0.381375613079546,1.69494921194828,0.573284151440565,-1.61244069612413,-0.216803186291141,-0.637852647676529,0.455633073794037,0.259131080211653,0.0059230264078017
SIDM01026,-2.04955990430694,-0.235606892998309,-0.18012808403998,-0.973384083954117,0.445708626116679,0.0731658373110891,-3.78965216638952,-0.388161763007335,0.754090471240046,0.458289507993255,0.54919378347742,-0.189124155848227,-1.11270858288931,-0.424455793790064,1.29423794752487,0.504356239830182,0.982950499783686,-0.0579085821797994
SIDM01027,-0.386347590998415,-0.396133012676789,-0.554711776372086,1.01603629852807,1.08671136818316,0.0124484245540502,-1.43754220980233,-0.844580904892615,-0.567262074623048,-1.36538685323978,1.86225402239186,-1.01747519121307,-0.756458684228953,0.87342191333502,-0.625813397399016,1.85283470801289,-0.227790771748701,-0.0369164969853789
SIDM01028,-3.21547544884555,-1.21603603266278,-0.0658151692191222,-1.26787231357788,0.455728708095762,-0.391044381345249,-7.02406004451001,-0.0360481834205212,-0.955500021393801,-1.04236370633623,0.15298324802123,-1.16751361175596,-2.60622673233576,-0.168035095996194,-0.30044137031737,0.690759597866398,0.484485804832802,-0.179568394555711
SIDM01029,-3.9224705664609,0.712531792835557,0.200250823603336,0.830671834525992,1.25313915479359,0.0034874396275751,-8.56206090077869,1.33842215907989,0.0963292524403052,-0.474141115782078,0.906579096233925,0.709080289674006,-3.21333504735139,-1.039636170867,0.0694628623895173,0.987683974986173,2.50900458197066,0.0354444837664668
SIDM01030,-3.19191849828627,-1.37110417448213,-0.810262129785684,-0.814815245501236,-0.937789704881344,-2.33553520071971,0.423198397464247,-0.85998811772902,-1.23756032034019,-1.26386688100257,1.34328853677735,-1.61207349974256,-2.65866607987559,-1.02695216740051,-0.208706345390535,-0.0814915641270111,-1.09497757355787,-1.12863892758293
SIDM01031,-3.00686085591246,0.27375701294385,0.147087234126787,0.416976003026109,-0.372682324267927,0.0234447423661924,-5.26665608129317,-0.417518534353208,0.71895248957161,-0.485982887011294,0.437271788893004,-0.842372604890163,-1.44766862515752,0.24803127291975,-0.0174674334700474,-0.185741828780058,1.68117249875856,-0.115353133686082
SIDM01032,-4.41110159879855,-0.80427948600328,-0.486277625728721,-0.0264341005611801,-0.159080565186813,-0.725450003077558,-7.43666859072446,-0.448569095750838,-0.842088056223812,-1.47222919466603,0.792507567968303,-1.06587464820156,-3.37946383299734,-0.874155864450633,-0.912545344827277,1.87587225023983,-0.480015253935733,-0.342371706021187
SIDM01033,-3.89998541541821,-0.453431795054213,-0.0535923454649378,-1.03940493817428,-0.27884573307195,-0.954037209270756,-9.28471846487737,-0.109202283707797,-1.07126389764029,-1.49205262642505,0.575586070490331,-0.444441672601673,-3.22932590085975,-1.16003519013928,-1.10692668617661,0.264441130174299,0.471453710116822,-0.134143695075833
SIDM01034,-1.45490969425179,2.22024758063765,0.109478382364713,1.55131408145642,2.11024713854987,3.3565539624803,0.153336895084806,1.26469750318069,1.87007417377082,1.67682970651555,-0.306071037129869,6.12199572256359,0.886045134820618,0.220780674935509,1.16759318529461,2.72956562989426,1.39947857380341,3.03708729671481
SIDM01036,-2.23456423856647,-0.331104405016355,0.194989938366899,0.238104619413278,0.538567909076281,1.78526288307725,-3.58470290703887,0.320838063220028,1.73904248115185,1.81367022613156,-0.241264411188565,3.52450323999038,-0.28075183285103,2.25801562171223,2.31462025211981,1.03770226607006,0.2450740939689,0.939825886950624
SIDM01037,0.850501856379384,1.08259062229864,0.925909868248912,-0.241413343340769,0.763938215441904,1.1499498410268,-3.85182466718433,0.0760210198244264,2.52737206754555,2.59667006704855,1.0713464179857,1.93570948769781,-0.459347420059027,1.27756708507023,0.588227976063925,0.391538303540564,1.94026603958267,0.32816665356569
SIDM01038,-2.51847406905272,-0.0883391205745622,0.506792605704561,-0.522215413576413,1.14860865808244,0.359954045511526,1.5758937663836,2.55992647757788,0.605641765015274,-0.252882572183685,-0.525253562761333,2.88311608169707,-0.588257721980562,-0.943168308596796,-0.250241451800855,0.77492291080587,-0.170128969754988,2.22711197429277
SIDM01040,-2.59734271350625,-0.456801550925269,-0.152553206407121,-0.388870145195559,0.461653664648583,-0.795712686925078,-4.8078298404896,0.37290909022223,-0.50609732699526,-0.435557455157439,1.18197977391217,0.141330056144804,-2.91451654329219,-0.844987471435745,-0.737447110176756,0.793239304483552,0.942467184911458,0.649188303406313
SIDM01043,-0.920192040692899,2.41633740321579,1.85332645215219,0.0660795746995204,0.887905008471425,3.58158451332506,-5.53604585561969,2.66440884074009,6.69804110431942,6.59417229900154,0.356406163505661,2.40157728027357,2.5372073298845,3.50959637410883,3.67839199230141,0.788784994003538,1.67869257070917,-0.330855417718388
SIDM01044,-0.535114916730638,2.07272328169261,0.523093016733432,-0.371918248104076,0.0038489607244722,1.12377945412814,-0.563537497991397,0.403097974389214,3.71531466961342,4.33266886954589,0.298423114370467,1.02569087240494,-0.560822240771339,-0.528784544653002,2.67482353382544,0.167019476973889,-0.941599456023135,-0.725709535858353
SIDM01045,-3.92738799982536,-2.16805234835719,-0.56566785225775,-1.18734234160539,-0.604236515144472,-1.58857677004629,-8.60516860695016,-1.30101707615498,-2.64067929705099,-3.09005216219656,-0.298738154055828,-1.7388855050819,-3.27788182706449,-0.869870125194747,-2.34937340908197,0.0923288361268167,-0.506925065234167,-0.224835226792042
SIDM01048,-1.43900317025518,-0.976166333627066,-0.296236981637961,-0.721521638986379,0.0418571785964867,0.549969117028183,-4.33957502793884,-0.893778425060923,-0.210342947771583,-0.310901710021569,-0.844615644736748,2.34694104372217,1.2618697025124,1.24154983868309,-0.747103475489171,0.469779767353938,2.1019484064781,0.244295149625362
SIDM01049,-2.41420767012976,0.275626899522623,-0.154643540244116,-0.0676479613248245,-0.258663546544175,6.1993752546213,-5.92506299261067,1.3109366741138,4.0034885011535,3.43331083186066,-0.223446810599352,4.85364751813723,3.86449527813041,2.86734735792796,-1.2339144367217,2.18328022945246,1.34844835149709,4.99415762397984
SIDM01051,-3.6674720959214,-1.24424366825823,-0.40168110800415,-0.438175600831951,0.881460398991183,-0.317854239363744,-11.2410470181379,-0.494205243872749,-0.857488587072678,-1.45036696171857,0.647981951118652,-0.864072167858546,-2.55366420151519,-0.626719682921325,-1.91640056894524,0.521491986326262,0.600146227434239,-0.0814242599355367
SIDM01052,-2.66235899423832,0.933920616414039,-1.99636394702425,2.18698488756363,3.8789126684989,-0.417936162473725,-4.67443452292075,2.94023955900028,1.39396262501443,2.21490530869775,0.302625719601598,1.41986274977461,0.502911025210551,2.82478234427062,-1.95872816903969,0.0024331511562092,0.0185316269665373,-0.982245009680225
SIDM01055,-3.30886560952781,1.53103933932418,0.640137135602154,0.232384729037495,1.51723258817163,0.703151544239588,-9.26430562562767,1.53980847895982,3.07949351903553,2.96706230156823,1.48866244481777,1.91762671274788,-1.88187860261626,0.458410924904243,1.31304094553202,1.23014833879217,1.76499456226098,0.239919264221215
SIDM01056,-0.398194325852649,-0.330279945822553,0.948102801560933,-0.784406207784791,1.1039972170151,-1.3283655209259,-3.96588644718115,-0.648076715239786,-0.75618674106834,-2.11712933565252,0.392048967269667,-1.28606903219596,-1.50461199955571,-0.94926024779911,-0.265626911123213,-0.0051454170165317,0.576448228421284,0.686925249184534
SIDM01057,-3.10823619038916,-0.294893067071873,-0.227534446619439,-0.941557679807965,1.92334916307539,-0.18285796841145,-5.76131146817057,-0.678827101748801,-1.77823484774127,-0.904602634508785,-0.0757821062636172,3.03719242573109,-1.93232760096243,-0.647726854377097,-1.57141567032313,0.781576741329995,0.433933801771399,0.819351555490643
SIDM01058,-4.45130026136772,-0.740967530065992,-0.145660378449712,-0.0867587583597343,0.634494789638858,3.21956444361179,-7.50689061622329,1.0233486020155,2.06462458325502,1.19217807152726,0.0798337224689384,2.86033928097834,-0.857539012670298,-0.0103558178753129,-1.02168629356396,0.997170925790184,1.09601824598732,1.95536854934076
SIDM01059,-2.64601433762261,1.1138017584469,0.442487974131221,0.0732119965781499,6.78736021134118,1.14642792369225,-7.44028357908624,2.38386080377222,2.36856698912838,2.07533308203609,0.904767610158308,0.758993465553269,-1.18113395560331,-0.75917647092357,-0.523987145789374,1.37538300597258,2.0899213851962,1.23469559188818
SIDM01060,-1.34082204866398,-0.0468637508446604,-0.156421760071239,0.200562383155027,0.858355881939702,-0.684523242480376,-5.1445961996756,1.70100705863253,-1.24723550336652,-1.36595374163905,0.707797959731531,-0.557282824322436,-2.42427638981802,-1.47449920916778,-1.04115336616233,0.551145336282151,0.611580196864457,0.56026605557372
SIDM01062,-3.51753905280563,-0.707808472772972,-0.0555940288650757,-0.288833409068629,-0.474381322847157,2.4131018670063,-8.45144270012448,-0.564140334228621,0.668902078465868,-0.246699887771867,0.272114430563033,-0.204738097297061,1.09615426724872,2.31764332047979,-0.361662449451218,0.320992592772883,0.933145600614387,-0.182893551294173
SIDM01063,0.524095306780109,0.598596695184185,-0.798530411788063,1.40740308403031,1.51982922995753,-0.441215844962954,-1.04639089596805,-0.0473413314351351,0.156314939573933,0.453496572648122,-0.0164702347499971,-0.403940068350243,0.517427824208132,1.08542948484421,1.27639150334276,-0.0469546167555413,-0.176418888555624,-0.482606360444646
SIDM01066,-0.227114253031044,0.235488307167628,-0.241316569595755,1.09184741793417,0.937269492515258,-0.300045329818441,-1.26239443250138,1.35171510005067,-1.71067998157389,-1.25130899549482,0.667815002633302,0.66633975640089,0.0268378217650511,-0.595196095063742,-0.488818930447322,1.49987820356214,-0.249507051048043,0.447572413984884
SIDM01067,-3.41557026519217,1.19746474920523,1.50227435760268,-0.743536442391898,-0.121164347981709,-0.393109414409048,-4.74286066801806,-0.210460398656419,0.408112826165799,0.732894830443693,0.951057066341571,-0.479408019690604,-1.88594023814635,-0.423474387561701,0.805568369532786,0.2290697480789,0.255464851530232,-0.0362343554696356
SIDM01068,-2.09939600739051,0.983633663454063,0.215285358093667,-1.06898317876696,0.465122662629901,2.71316652042591,-4.44867837284642,-0.3530893166682,2.36047478176429,1.89707022793269,0.0091147880828777,1.24467630540854,2.03113613981219,2.14727521984982,0.714783164825421,1.52710425706579,0.56704515240568,-0.414635724858518
SIDM01069,-3.32091863191965,1.03809083863438,0.561654096651789,-0.194664812493363,0.96933040022749,1.16548508111489,-6.22762765310349,1.2901836970821,2.46515472271325,2.22104019565472,0.692127738375012,0.729394145564954,-1.07011877313205,0.660496258558311,1.20486676449807,0.957292914204451,1.62644254602089,0.183810590873838
SIDM01070,-1.25775297302503,2.34404103764622,2.47781985955239,1.84576860513147,0.447326337473375,3.39595235030481,-4.26153753918858,2.25260072353039,6.92027763879308,7.04069282783844,0.858548971478174,2.81192171965388,2.45562646982333,4.21418681309757,2.51847187575026,1.27036405049711,-0.424108433074449,0.0810547275907354
SIDM01071,-3.28473883252854,-2.88303391157199,-0.356053170356795,-0.740548662127325,-0.807302054151243,-2.20450653995191,-5.68425870952131,-1.7138978571347,-3.54168700306196,-3.19150973981233,0.917259574202754,-2.69927874362669,-3.67100206344665,-1.22258717539506,-2.85352986768596,-0.647402039638358,-1.13850990567218,-0.577108441305796
SIDM01072,-1.02741043149908,-0.160168994250162,-1.73073746768775,-0.720795329236018,-0.303303598346,-0.711242125664265,-1.98615684264286,-0.458791400164398,0.343929327308892,0.102414277092112,0.550169007119974,-0.836480600013434,-0.330390131154921,-0.0752349769490702,-0.363977566992689,0.453731909482949,-0.709989003284647,-0.395842909614167
SIDM01074,-0.552788517534006,0.424395040495668,1.05883569563479,0.443802312172697,0.621005112693574,3.5869322720072,-6.69666991129246,0.64931097546365,2.98577859113225,2.65663599891256,1.886853084415,2.19301351470939,3.95310713152733,5.05485574563669,1.76528949858124,0.783918542951236,2.03717012090039,0.116870321903352
SIDM01077,6.84438245324525,-0.339447364501327,-0.43822663278374,0.0864053533128606,1.38377248616293,-1.00122184094487,2.09079422615726,-0.0574280949853553,-3.5177954547356,-3.83146075974709,-0.825447584794322,-1.71845225183969,-2.52760786362601,-1.14430113931388,0.246067177472791,-0.669802947788394,-1.19024581700195,-0.446542327753225
SIDM01078,-2.18933524041944,-1.89288662515345,-0.390587113971417,-1.1352055803507,-0.740573803195745,-1.90454282109294,-4.1574542954365,-1.3057677779498,-2.72448122146924,-3.15932384301609,-0.895505349185045,-2.21206982491595,-3.38580772123535,-1.62258574866997,-1.84638705884274,-0.67486584322993,-0.195407205117892,-0.87779638498482
SIDM01079,0.55783071467545,1.43125273615892,-2.22196471016604,0.527495093274621,1.22080203089108,0.46661313929102,-1.49798094973285,1.98777099885949,-0.753795866184463,0.123360124386291,-0.096828626094651,0.121201042842193,-0.380080472867602,-0.333613248788147,0.825929460485396,0.20500229598861,0.882830078666126,-0.150673748636158
SIDM01080,-2.52425443827579,-0.186964154809967,2.20609052127789,-1.00789422823367,-0.867058763925808,-0.937437281529803,-5.37263339084234,-1.1963388568654,-0.300831926039198,-0.534296639601205,-0.646683560292959,-0.777710562177726,0.203466264582401,-0.185701907133582,-1.78517207657567,0.0333171998235526,-0.634361673800542,-0.955223836782504
SIDM01081,-3.59392546442806,1.26751673969749,0.834655788708908,-0.503853402770417,-0.0577572238203855,0.199847141932974,-8.210853635494,0.44834338058963,2.13508504216015,1.55872790398283,0.632771993605697,0.25628240204708,-1.19101246302996,-0.0391165188615736,0.129690627730805,0.850846635837392,1.07016974024197,-0.454110276665068
SIDM01082,-1.16620372727013,5.81306503661816,6.32041904599821,0.646947937214611,1.3407143854816,3.79474902526279,-8.27856343775737,5.79292348526937,9.96442531103938,9.75753858019885,1.85035115575102,5.55144637331575,3.51692573460237,2.8548670653656,6.89401531231254,1.74170117074353,2.37457066347488,0.75454426109144
SIDM01083,-1.93584814016852,3.34181998724562,2.0229772977708,0.477863982016369,0.389987606463806,2.77749495652258,-7.83008462928437,1.35944598741171,8.48605013030851,7.79885827245541,1.04881831259958,2.34761290914192,3.00467211566963,1.11804965531434,4.11270995554112,0.515782945801993,1.98654545230663,-0.0946672092721043
SIDM01084,-2.45061705782555,0.324959614892407,1.27628313259692,-1.49698902544415,0.690305848783281,-1.58494822344535,-3.45239555558836,0.728451704250474,-1.18079876082848,-0.592510882815636,0.705890183078213,-0.96108224394302,-1.85493143972261,-0.60887057885958,-1.1223755458786,-0.276964708355642,0.178880284517097,-0.308399608114992
SIDM01085,-0.210447737622787,0.63813886077982,-0.458755235893526,-0.341187934654733,0.0123078417215691,-1.20534897012226,-1.24960326377595,-0.617793900529553,-0.517124232654062,-0.289086142127587,0.909848994153982,-1.09727678812781,-1.53841293106212,-0.772098836244198,-0.16553664863187,0.0290910705431388,0.708417132154405,0.110724535448345
SIDM01086,-2.1396193716935,-0.477239079860095,-0.32815641258622,0.553506378725854,0.590641982451546,1.23724424207185,1.24226644175537,2.58477604360801,-0.455575428877366,0.0090813940023403,0.0397302886036811,3.31043025232074,-2.53661026782868,-0.698372611747345,0.842784817606451,0.98387970174329,0.0856775487377907,0.975803540400195
SIDM01087,-3.02253595485584,-0.251989566778514,0.641066859205771,0.482763385024785,0.166445718342486,1.7093155069461,-8.4444518307713,0.147734060999997,0.934529942141032,0.667016301059016,0.719338344802909,0.906170688329638,0.0874525551276382,1.14111706631183,-0.350872710841297,1.11381671736609,0.928384609250299,-0.17673423536711
SIDM01088,-0.882750319957386,1.64548096962372,0.482903230384333,-0.65151874599802,-0.145861952711026,-0.195202499203262,-5.75103914546403,0.155425238594619,1.13845202404405,0.848914690078854,0.794207106650535,0.45791777463349,0.119970821870684,-0.317623238094349,0.663244475089843,0.801226938528314,1.39445088550694,0.0798789353365744
SIDM01089,-3.23105694012211,-1.10887721345923,-0.0187037849290445,-1.35586127977664,-0.237192671157737,-0.0238952282537661,-0.101975995531485,-0.530504845898941,-0.694739190613708,-2.03433842304671,-1.38983685613141,1.60438126485615,-1.8909788576652,-1.44570790172263,-1.25873823757229,0.0655982193719083,0.0593508610408915,1.76257444217625
SIDM01096,-1.5120473965385,0.0689963654993432,-0.584073052780607,0.651585853012853,0.0603284996279999,0.0679378526541123,-3.58006695474219,0.206478539798161,-0.123499030507565,-0.54235350309983,1.54678486490227,-0.301506865098595,-2.2516107461729,-0.154693294517178,-0.967735787461709,0.679449009878497,0.815557742426883,-0.161289238073995
SIDM01099,-2.29713626098232,0.177390201638544,-0.121058189491177,-0.434853630954116,-0.905594317690161,-1.94215788578312,-2.86951745885987,-1.52505813974349,-2.96305026946909,-3.319360384657,-0.371721050302902,-3.42242118523399,-1.81837765927138,-1.4776046663128,-0.810340742436929,-0.837011061263133,-1.05698181384954,-0.133584317960422
SIDM01100,-2.11152066267263,-1.74933401763978,0.209407159235067,-1.51440755126036,-0.580812953571086,-2.15416910029729,-0.690612173259043,-1.29643661981661,-2.44839277958112,-2.59519560287175,-0.063519213507626,-2.10002614498668,-3.90803309387953,-2.02104022008471,-1.93782756200187,-0.519692911115901,0.113982040656831,0.0181436851611855
SIDM01101,-2.12439905458633,-0.361865319112746,0.29217032293178,0.15095721923411,-1.02213995234037,-1.40514142644042,-4.16872307991182,-1.04116645111719,-1.55425880573246,-2.10540164758919,0.187990324637228,-1.2057758615473,-1.15164864644671,0.647946010638232,1.27511085207349,-0.26459800647064,0.537456361334789,-0.362562566203046
SIDM01103,-3.30046330309424,-0.881057658565913,-1.16450420691873,-0.785597823031343,-0.130511244278955,0.854270160316565,-8.21520402711783,-0.575947263401552,1.12882018796823,0.652468691242781,1.40983656411634,0.518423991103028,-0.458061898082477,1.02942450812398,-0.857676167081645,1.35255367671506,0.114021863502902,-0.479562226199658
SIDM01104,-2.31451893884883,1.44508790843603,0.114030035809283,0.164611616807885,1.26783035694434,0.191012252396782,-7.3858483913739,3.1884027651894,2.24708569968155,-0.238453026502808,0.330876402703187,1.98537487147554,1.32429188548581,0.479155859827631,-0.919355305738281,0.250859983451175,0.372325901926101,-0.371720245674924
SIDM01105,-2.11942315386313,-0.264651783900089,0.192330909243988,0.976179073836708,1.1186655316541,0.41669711962387,-4.21204816302981,1.15238550225921,-2.20387971133508,-1.53714932926837,0.528882987502548,0.977182300678315,-0.667119367450236,-0.953845263391403,-0.842306185404646,-0.0655550363565834,1.26543791474946,1.21971806378279
SIDM01106,1.58092739135813,4.24679063593816,1.97198366803083,1.01675892895915,1.79688308331676,1.60137695870172,-4.44375174682721,2.77691560605887,1.7828534828668,1.80386704031054,0.33075273243829,0.978038852040771,1.23343264809715,2.64624946190596,1.63328131094594,0.0670809965486814,-0.407040009036261,0.364633688963959
SIDM01107,-0.5552440410256,-0.479081356360064,-0.308463890457142,0.386519558688417,1.20818233167008,-0.907786435917358,-3.34224569791416,1.81248557558072,-0.868587969828434,-0.839487625120041,-0.0391783939427572,-0.386372248676653,-0.73637536734173,-2.02847487402726,-0.912833831425027,0.320890459137093,-0.328943114791078,0.339525720142944
SIDM01108,-3.58428511080906,-1.70464535211352,-0.434122718669438,-0.908060351073585,-0.465497981678613,-0.239838449759382,-6.97159796778029,-0.886628966185546,-1.32410322547697,-1.52315506738069,-0.125179210106275,-1.28992307255257,-1.96459936628149,-0.175699210784654,-1.72858964817628,0.0130068888194845,-0.224033600029023,-0.367581655707763
SIDM01109,-1.95068882974459,-0.396964277958986,0.257942356424217,-0.386204034320675,0.262862271006154,-0.365632761858178,-6.38646441051813,0.275721525570531,0.073420829385328,-0.108702158528474,0.819187047399479,0.233801091385898,-1.48391264928193,0.0852183388249133,-0.17058383476347,0.508341221495013,0.9652194482622,0.0030567075864494
SIDM01110,0.421407088687147,4.09740789520396,0.53595911150757,-0.270224962528179,1.21834812081299,1.42257213391654,-3.42117323335588,0.649935945077721,3.10730024279782,3.80192177954072,2.35711714555875,2.19451754467564,-0.985194430948003,0.610652137162902,3.02764448123265,0.91486118248602,1.36891480785472,0.155337564349285
SIDM01111,-3.03448175566039,-3.47774347238721,0.162936223530408,-1.79201780808538,0.388837549600464,-2.69317701664228,-2.07633771328235,-1.73846748759658,-3.39965596909979,-3.29233159697054,-0.39700483350705,-1.99796132754714,-3.68313869347355,-2.24835425003433,-1.90473031538677,0.121350175426278,-1.43917510931055,-0.183837614864436
SIDM01112,-1.08576017904496,1.48289293699674,0.821584378303875,-0.32654734050376,0.474743227392967,-0.377401522343501,-4.46049705699493,1.2176127238115,0.85606478092411,0.119903446805464,0.740368916189715,0.300569189506179,-1.26974259210842,-0.586461017916732,0.111305945455112,0.238794318293433,0.689570522576976,-0.178384913782797
SIDM01113,-1.58586078410054,-1.21292658736942,0.220575220428496,-1.4523272430698,-0.0803684533683356,-1.66632171966218,-1.07928083181368,-0.811474058874204,-2.05277896973019,-2.09089729565143,-1.3668489996934,-2.1326455608033,-2.62940969761164,-1.26949151109987,-0.972299488936707,0.062810037599173,0.322961425344281,-0.0857202925083469
SIDM01116,-0.985702607264559,-1.75984996874324,-0.667760526425546,-0.425411000324365,-0.663229309227894,-1.95768190175509,-3.25611107618892,-0.683575955037432,-2.51229044225333,-2.65503292726494,-0.399748432903835,-1.10918968086456,-2.94607893827914,-0.279806312544568,-2.08527801035515,-0.304636391884821,0.0849169755333383,-0.675356031909371
SIDM01119,-0.239063532326708,0.1668993558835,-0.471683200952868,-0.580026265744894,-0.0737492952587113,-1.66615035063311,-3.91733270645,0.0978493761285777,0.0330493168490942,-2.60315849740076,0.822929472340428,-0.718815158661889,-2.53788267925772,-0.0430846392392722,0.382682994763114,-0.0691796800220525,-0.275188621453819,-0.899039495062188
SIDM01121,-2.90762896383453,-2.89081957178173,-0.285882822194802,-0.966206928746981,-0.996255561832378,-2.13981053975987,-5.46441673476024,-1.32706586195639,-2.38681184306127,-2.47544652202363,-0.854557088547988,-2.5398158917656,-3.33490004852624,-1.35797871224471,-2.65377986042201,-0.254446316127665,-1.31976376727315,-0.311537683618231
SIDM01123,-3.4132256070953,-3.12704883210541,-0.181319743380582,-0.80436486152287,-0.702631410268658,-1.47457200005181,-8.12105818212676,-1.7790996810197,-2.74103043801849,-2.68659526568859,-0.127820466280697,-2.51466664211016,-3.07562540934994,-0.623476647505856,-2.20439945630795,-0.517073100792107,-0.941194070658829,-0.561368326536616
SIDM01124,-3.60844736641501,-0.224871584708409,0.13498590114212,-0.45370976012258,-1.04294529418206,2.38176919274452,-7.28480108007223,-0.127491935845241,0.789021803116422,0.308267889504344,-0.637785017044969,-1.06555670521542,-0.773982646763153,-0.0352341824716453,-0.503949433713587,-0.418060824426626,-0.16295433766288,-0.544311946979462
SIDM01125,-0.45466219116662,3.30609277695056,0.490952126123685,-0.416103406764527,0.403589681557906,0.61142873905739,0.790601051835584,0.817900279479026,9.05547287078199,8.73918407095116,0.362579108538474,0.867475453023442,-0.320386917208187,-0.125911090511537,3.06980331858028,0.142844406065844,1.21214969335588,-0.182627093718391
SIDM01127,0.0805339374291421,2.90685447225548,-0.147868803522106,0.559903065596349,0.519071446301135,8.54509939268832,-3.64084805509011,0.379648414256205,6.82141363345991,7.39453895015968,0.938905299684296,3.23957459815614,8.7466328645481,6.61707342675074,4.46488834028556,0.629688385466155,4.37402091369585,-0.228482326006246
SIDM01128,-2.82745590202952,-1.50873047388225,-0.223007805138815,0.0129170335941214,-0.0146519195979222,-2.03512323723428,-3.92591652667712,-0.59123084842013,-2.16904176462872,-2.4311265200201,-0.385169630298036,-1.67845498015305,-2.88139304043239,-1.15465559928525,-2.28532004765236,-0.275415875669684,-0.523680351194822,0.0707180469781592
SIDM01129,-1.97429626520721,-1.49267798768653,0.0121256952063717,-1.22305306078496,-0.646366847047407,-1.64269917616324,-3.74207515692894,-0.916020277794935,-2.26179280111578,-2.39104729312167,0.892627321579655,-1.45726324633901,-3.76504403497899,-0.927074180141756,-2.00059177636234,0.929049823634348,-1.28372052099505,-0.422229017738945
SIDM01130,-1.23708304570228,-2.32129266178131,-0.921049482256452,-0.866818992647772,-1.04993320919015,-0.93789976460669,-1.29481236958773,-1.15286084109008,-1.74920558440246,-1.43713373623222,-3.05940332360405,-1.67098219610244,-2.1490647129331,-0.852078434081081,-2.0991665366013,-0.386542358744544,-1.24073192382945,-0.895613202966633
SIDM01131,-0.3194578572234,-2.89625590287885,-0.0613604181226516,-0.859657942549456,0.235195909919825,-1.3014778589542,-0.902305707936735,-0.330651132912623,-1.76801038112584,-1.75355630953393,0.235902424022346,-1.43603319301456,-2.90099205997873,-0.842457044567095,-1.02738341053152,0.33016498018951,-0.838191336957638,-0.457161701065063
SIDM01134,-1.92136610292523,-3.04009098251136,-0.928503662511164,-1.34059473888695,-1.57633726612784,-2.47659445918012,0.830795124818764,-2.1879132429633,-4.0954733916855,-4.2412076345807,0.219934095920673,-4.69727405874811,-3.42968425079194,-2.16390931833705,-2.91052237560712,-1.33615084346873,-2.32447660912854,-1.41234128804872
SIDM01135,-3.49860816545051,0.317762533643397,-0.104295595161406,-1.68087253544294,-0.0337393995400401,0.991094460807,-5.84072618482394,0.194250986380542,0.700017739068097,0.470875742803345,0.115677621364976,-0.30532539135081,-0.0049471121907101,2.13428630933244,0.732726803603228,0.177541423419844,0.0710110069451004,-0.0648304743519182
SIDM01136,-0.929203547004525,1.2669547465622,0.426994341077899,-0.219968392902522,1.69644653610912,2.87527532835224,-7.86898476279291,0.633385915979985,3.76357695829302,3.51743704466138,2.52174461155617,2.12631972342034,0.59044927059292,1.95989454144723,3.08391348661223,1.33227766486002,1.87884955869597,0.660006538770757
SIDM01137,2.35694625584092,4.14320018020344,0.620487666562947,-1.10865693787459,0.737772706284852,1.23368796347326,-2.35594712619081,0.595790328521375,3.72708276218715,3.00753978370791,1.94955483773924,1.13449040088331,0.466935576380018,2.63346865086856,1.64185723117884,0.703668334666008,1.7182260156589,0.550918205638761
SIDM01138,-2.07165036888978,3.30172954323387,0.948457975359763,0.564888886337399,2.26842705713073,4.42160346893777,-6.47358088937407,2.05998806947011,4.73080721021647,4.75977616546178,2.02446236335363,3.32462105490335,3.02394972540255,4.42951913197844,3.12231883092541,2.19589760974128,2.54659467811735,0.827618110254593
SIDM01139,-4.09364694805004,-0.827026127025002,0.119794342839488,-1.99523335228525,-0.756737468636088,0.0230594852879444,-6.82435001519016,-0.375453359168817,0.297114392014037,-0.465604361844401,0.0388340228395627,-1.23840359726736,-1.72479339310282,0.712139609211636,-0.929652365836218,0.549749274538644,-0.423358509812666,-0.255466178789401
SIDM01141,-0.96337113351856,-0.0131020336345318,-0.380016140559633,0.653108551023126,1.37946215611827,-0.229395794066733,-3.59102739974081,-0.317194467725996,-0.294275665145077,-0.740590026553645,1.32016186992643,1.47107146288248,-2.17190038936309,-0.521180449454496,-1.04668231435136,0.0882617472096275,4.91099927599055,-0.0433626162648168
SIDM01144,0.573733155889367,-0.222969547042993,-0.748884979692873,-0.280689495870452,-0.298126428493923,2.65384213966062,-1.1505712296415,-0.630213978808641,1.7028514199917,1.70920692798083,2.36808756210083,-0.306601237185757,1.39100506297563,-0.263470029818102,1.79508251838246,1.85573004225841,-0.300164163190889,-0.211940742057423
SIDM01147,-0.0089044681732059,-1.53685304059536,0.16428799900529,-2.26946037997022,-1.25034359235763,-1.31386497645089,0.832886685281016,-1.63530744558582,-2.64466991963679,-2.35586296457992,-0.238763265819227,-2.91680807071224,-1.57287156176052,-0.130933499587504,-1.7661331500333,-0.330802021876661,-1.63450247852797,-1.21698721810282
SIDM01148,-2.75475350281221,-3.21172588244876,-0.721548899077893,-2.9667734335965,-0.328865884906449,-0.22979038555826,-1.38635414839595,-3.59709044419801,-0.713129356255246,0.112123214586457,-0.357788981800734,2.45554418922687,-0.436439985851839,-0.61268754894673,-1.70879434280832,0.914232128381329,-0.0767690902804979,0.524743762015983
SIDM01150,-3.09593986557107,-2.45214322334746,-0.412886680198084,-1.99061799054688,-1.31783527129991,-1.66823796784694,-0.882334893364031,-1.56124380610954,-2.44066756087831,-2.39892736943804,-0.978680502248419,-2.90104283440617,-2.6765533092068,-1.61835411808552,-2.29025343932399,-0.927358747342458,-0.808313148506345,-1.10820728599151
SIDM01151,0.390183579607441,2.64852353160109,1.23718597607005,0.291534739677633,0.318754415429364,-1.24567606335558,-2.73565411682988,1.31772091900847,-0.52678385396958,-0.212692100371081,1.76773265440565,-1.62615974123601,-1.61932211045271,1.54859646059459,-0.613754353429523,0.23293591199562,0.719368700434095,-0.68299320701925
SIDM01154,-1.65930694710735,-0.461997086226135,0.077725342102333,-0.784606071821797,0.293238981337445,-0.404781285688998,-3.35262898123619,0.673679365051647,-1.44456089292766,-1.64220339774433,0.0461793779917321,0.338533215084286,-1.98087241833218,-1.19629743231134,-2.11202448667527,1.39241097959156,-0.129214693412918,1.12070522402882
SIDM01156,-2.38570641370523,-0.881409400464808,-0.0658796990698847,-0.826120935261991,0.081603365778756,-1.74096594374715,-2.53510547753155,0.514855887822187,-1.09920481350426,-0.953031332783689,0.356292330061409,-0.514494545490539,-1.48453606902182,-0.110357066662761,-0.16069509096671,-0.162856550060346,0.185319426444942,-0.426378750176816
SIDM01158,-3.26998217456307,-0.181894617556865,0.433103220812591,-1.17413840667428,0.371677458467574,0.800861193491343,-8.2180925685885,0.652500675271709,0.49693792171575,0.302298910510259,1.11521564169862,-0.153165083186839,0.493484033934842,2.12610316720529,0.33402206623118,0.3012932292951,2.42866986265351,-0.289026112513739
SIDM01164,-0.668915177858161,1.95786342018693,1.44355813297355,0.0327942091003139,1.40259620221798,0.500250944063825,-5.04826454858782,1.62896954110814,1.01235361571228,1.81171534990672,1.45091532383776,2.20767873585917,0.0677669739642951,1.43560759330844,1.6966572391044,1.30603701528551,3.03034435516555,-0.203448429622635
SIDM01165,-2.60199018046848,0.929676152503862,0.818913748786741,-0.947762342634813,1.91510160510307,0.796447558039542,-5.65483704572522,0.192578055562075,2.22202422920656,1.71788034141839,1.76264369281873,1.53825043201128,-1.64066323815368,1.98170980450098,0.732704917116982,2.83237458433706,1.79544713192606,0.0386477499064227
SIDM01167,-1.72792613715137,2.39800040924505,2.55732028833311,-0.429845828569478,1.4319796066069,-1.15111909422471,-7.11562328055885,1.62752429302918,1.59319749258633,2.31638957421475,2.33187566997237,0.906827414632084,-0.720054021590881,-0.700876208296549,2.3800950507558,1.69130639145437,2.16046629962971,-0.0663379584037157
SIDM01169,-2.49640071985655,0.252763191362829,-0.720632648863878,-1.43609323245209,0.384082332346816,0.282453112132236,-7.92472093109436,0.125447239512378,-0.087286867892041,-0.367616192867421,-0.222379455486133,-0.437766302575945,-1.80220226435123,0.100809005770762,-0.429757717064446,0.959994976879043,0.260177917106309,0.135712805819198
SIDM01170,-1.24769087382202,-1.08943011342049,-0.533909931687306,1.13439566855072,0.280750040633617,-0.386342449528584,-2.6396082579576,-0.39969291775234,-1.94344896936855,-1.75239374100099,-0.755083800528798,-0.70857391824471,-4.50201439584342,-1.57338182568131,0.329795956427162,0.007680583994013,-0.652443867409011,0.297789000726855
SIDM01171,-1.55739410592312,1.13603357135176,0.0224207948696788,1.8828851614166,1.15632336743277,2.99167688806199,-6.97967854233353,0.201506799684832,2.39230649705748,3.53042185912808,1.1884219520521,1.14586000085979,1.15716447152349,0.196459397768826,2.13624626960559,0.904418495244314,1.23527161949289,0.0954497186334988
SIDM01172,-1.78323005097218,-1.01608765097537,-0.737743678329145,0.162465563745549,2.88651577686296,0.248133372962591,-3.46520417059966,-0.391418618123992,0.942936944123913,0.234188375955255,-0.862897188185765,6.82335745957757,-0.169689305400204,-0.53621635205331,0.240002722458216,1.03157877626246,1.78662925456202,0.18103523053667
SIDM01176,-2.94919191278578,-0.949579495307741,-0.250328080774768,0.216343383418219,0.384263975927581,0.746723237644703,-1.85858588904266,-0.145057151218504,-1.13640446751521,-1.14680426433987,-1.24288318672071,0.985238004520989,-1.27593427657541,-0.72239340802754,-1.43594243583412,1.083803821633,-0.208552587865486,0.699523448011436
SIDM01180,-1.32442465013333,0.850426536180331,1.0572858296351,0.254772173563537,0.773361851524152,0.773938282322452,-7.26152047672316,1.10457145775218,2.67609291476659,1.75283009968202,1.2592784078869,1.41100526792003,-0.436083299328791,0.824706582774517,0.636596458895471,0.540552104209763,2.97592625494314,0.131599290674438
SIDM01181,-2.5132737219371,-2.07928963094736,-0.34807967633217,-1.52120120014546,-1.36989185993318,-2.37978696360797,-1.08420950425381,-1.67643276873192,-3.14696874615716,-3.07217823315766,-1.24127879079261,-2.86909477083345,-3.76533263716745,-1.72026033294023,-1.81982810509522,-0.713918261089372,-1.57476097204652,-0.834246017014025
SIDM01182,-1.60112578929278,-0.69075436247723,0.968483539456589,-1.97254896325622,-0.580328960658557,-1.27437425418978,-1.41816455935191,0.445883107236565,-0.199924097600625,-0.161746517052926,-0.304409010026199,-0.72994784165206,-2.39519958086273,-0.329354014563297,-0.210021077031549,-0.30723374818581,0.64803403531488,-0.037381762475319
SIDM01184,0.365016018563954,1.7185346073479,1.33579263934822,-0.180179988942329,0.0077208982102397,-0.543254213138347,-4.28724842522275,0.656758611571435,1.62879828950615,1.63649724254786,2.25704146286943,1.99852793154645,-1.01232019744748,1.1723268619847,2.08157426229575,0.866000333087166,2.25858581367602,0.126881705522084
SIDM01186,-0.784971221115807,-1.85719336041663,-0.634348762830344,-1.51134999154105,-0.749383223460206,-1.61294288687468,-6.19109531625349,-0.922750342161192,-0.70299442962091,-1.17219898090878,-0.459062074460303,-1.86195349924874,-2.61547677769006,-1.06164447418897,-1.51071164395867,-0.378032580177561,1.74009707325143,-0.300737197445128
SIDM01188,-2.98986123282796,-0.341984363573394,-0.701068220880452,-0.52118961632618,0.338693643932459,1.15036944763205,-8.50171333577868,-0.0161693684413181,3.7230449703874,2.24944818820394,0.707086210599248,-0.0475518272096514,0.0091307294177097,1.2035761608201,0.35260409595503,-0.141748188400952,1.40759688070285,-0.125310986369947
SIDM01189,-0.12142390544694,1.65230596551744,1.41446950773077,0.387993890785997,0.215637874794465,0.334183816641593,-5.36059083484382,1.7695308607017,1.58404793648986,1.7754991093877,0.244864270978324,0.644317645581891,0.480185943258291,-0.368343996533885,1.12181922192748,-0.326411164696289,0.917029031344844,-0.238108263046883
SIDM01190,-1.6028892420225,-0.182969074917189,0.309258579078304,0.981787160969744,0.169366709481976,2.73883742004985,-11.0146941679235,1.38231837893552,1.41169035320286,1.1519028861022,0.691460853796323,1.52601839558567,0.160342883391034,1.79028776306276,0.0048141860474564,1.68762403393326,2.86128283298319,0.277759303538031
SIDM01191,-3.37011527247405,-2.45823884636484,0.192124456300126,-1.01293078936682,-0.616521462828083,-1.36946552349422,-6.0046502400176,-0.528337671394712,-2.18941567973819,-2.73764376190349,0.0872403518204586,-1.52954324381472,-2.78148469210501,-1.14872536961506,-1.84363124492258,-0.167792687539509,-0.440231121896456,-0.505795362599654
SIDM01193,-1.44949560964131,-0.312828246126537,1.35768993904172,-0.496761186516333,-1.08179957651413,-1.19430021023353,-1.99847457176043,-0.327799524539553,-0.689624116635016,-0.103801162638533,0.66053615850286,-1.25568124868299,0.0157133099042859,-0.73036941792568,0.71352730823301,-0.935361007105703,-0.300863742110391,-1.041135499585
SIDM01194,-0.0809725795900792,0.263912834894829,-0.286800016780759,-1.76203678631411,-0.23373633434981,-0.585442830935395,-5.59704132164194,0.0502020940994132,-0.0928434326532163,-0.399927939376111,0.441669308032995,-1.23551500688917,-1.16782541683614,-0.960512296666767,0.46259505220457,-0.384875140260799,-0.208250456464979,-0.4682641898754
SIDM01195,-1.54812419279606,2.34342021868457,-0.33974572455878,-0.383863291302409,2.07441283499499,0.219082551098952,-1.13025664953504,0.44627659431026,-0.54072367596087,-0.303794000874129,-0.358620780416721,6.43932727066058,-0.724093111766232,-1.26286895279117,-0.810136311886405,0.934583835669731,1.47865027961527,0.771968525655913
SIDM01196,-0.699428995778797,0.542074070674255,-1.27063880965664,-0.177567264848279,-0.229985419264701,3.78000159889128,-6.26292550612939,-0.313096558355061,2.40529252677186,2.14330451511011,0.305912576304536,0.273359397026751,1.85212722029806,1.19507652264832,0.43467387435816,1.60168488913275,0.282215131593712,-0.478823769573766
SIDM01199,-1.10922648612297,0.44762161099094,0.155063905715859,-0.71026460245361,0.539318502605163,0.131453197739898,-6.30325483239495,0.676420213946011,1.19361536296841,0.964979186930045,1.42312611329173,-0.244957783415936,-2.1693370388723,0.555012694039232,-0.107145372199315,0.150640688858086,0.863008791023299,-0.162817751092595
SIDM01215,-2.25550660119757,2.61158447832792,0.474633722160869,0.0093955931929554,1.66612336607653,0.939398280741296,-2.9825979801187,1.53414684462398,2.32235850841344,2.67800876403187,2.20266049600153,2.40274435607294,-1.35103754988652,0.7119051736877,1.78458269311947,1.61228048605828,2.24434409692843,0.407474247813525
SIDM01222,-4.74554781676882,-2.30913070395641,-0.637914117294013,-1.72731196932621,-1.22059042020041,-0.828779438860071,-7.21616652250356,-1.08573121790887,-2.26055908744709,-3.15513611115135,-0.0051008753123923,-2.37282229428657,-3.40913093130425,-1.40547009569557,-2.36636061518808,-0.43366681604801,-0.666529661332845,-0.711724778291261
SIDM01241,-2.26613170537802,-1.07435472750957,-0.949617547992856,-1.6421865128558,-0.75247620059408,-1.61133331004297,-4.21373393128532,-1.50116966819893,-2.27961113852118,-1.60456305865809,0.280072371509633,-2.19007999166858,-2.29987028414825,-1.32601165184393,-1.85209367733662,0.319625010208284,0.393432221791588,-0.544945191415916
SIDM01254,-2.38295229458648,-0.771383773518709,0.0169315940896955,-1.24949107950331,-0.82088096363756,1.02171454380299,2.97904704921729,-0.333494209595749,0.0839886747130606,-1.05002017583306,-1.53375604997115,2.34039501053686,-1.395983932461,-1.26930736639563,-0.0962133824522421,0.252335393478162,0.174449633849178,1.67665832323056
SIDM01265,-1.88660979717537,0.370631784888616,-0.0647298853366282,0.0972305045179502,0.628797302915351,0.37352680032908,-1.21434142712959,-0.339908306528919,1.41490328547292,1.22465352266849,-0.251693524590388,1.51728805023809,0.862222989042231,0.0109451929144165,0.697314927774392,0.629109684963327,0.283025819222632,1.04097116795436
SIDM01316,-2.91691486361639,-3.2625929296213,-0.055944444826966,-1.20590793617597,-0.332550712354865,-2.25411916997171,-2.65051110591528,-1.42300947851671,-2.49227098624777,-2.74929414905574,-0.231181506008944,-1.746973988999,-2.9710570052455,-1.4117883806429,-2.1967622690717,0.0755736675047912,-1.40038072206065,-0.0420154927700226
SIDM01318,0.329933458881429,2.83040026118444,-0.70028190769745,1.63385533503079,0.684036940224147,0.181369902132014,-1.86408495195351,-0.104862369980873,3.01728689306497,2.36638837088624,0.967562457172743,1.32216580791523,-0.971258043993316,-0.615200810496112,2.42636345320888,-0.308989744246275,1.46565667584165,-0.675344004626978
SIDM01320,-0.268848130470889,0.916246700219153,-1.01794332430377,-0.207030180978667,0.473925578645901,-0.0832602625767292,-2.06908449919076,-0.349170329306428,0.0355393952342143,1.6234900171666,2.10620878868607,-0.64780181673901,-0.844159637591121,0.178811768862063,1.94297389082536,0.790107418256492,1.77332938602541,-0.216727824738635
SIDM01321,-0.82277196877273,2.27383004947916,0.670340357820403,-1.16183507024896,0.367417924247203,-0.588773703979637,-3.45912236974086,0.124739835041532,1.18184189063503,1.88321744403547,1.48595786768925,0.272922960665697,-1.6156734198648,0.053530280046463,1.37350051825663,0.424241313699447,1.65994282811333,-0.0272026610238234
SIDM01322,0.874923145653623,5.06595558941763,0.590776773462618,1.85282812405301,1.82370874757467,2.69512515550834,-0.632411577397609,1.41968017713069,7.325641378415,6.76335029325277,1.33863106477984,3.70691277197606,2.16582408487995,0.720117048314387,3.99904459577846,1.10038914118375,2.70864283570195,0.746359077044986
SIDM01323,-2.39295143560843,4.05994757288522,1.08713080624026,0.983544123730761,2.19054386827426,4.39760024089378,-11.7876112083916,1.75905021909381,6.26699051844022,5.00822771579656,1.88464912604764,3.98587459682565,3.01397622044884,4.096223117313,2.98302148559947,1.76290942150721,2.95649339169181,0.867897025461088
SIDM01324,-0.595118119991554,4.69934762500891,0.86245367088052,0.862560340394637,1.55094067429643,2.38191481095867,-2.7482058233883,1.82188868072407,4.75959689034042,3.99645314168033,1.67200412881288,4.07276815605996,2.15968671325407,1.44960526047669,3.28997258157945,1.26816185062792,2.68833493422567,0.326087377343146
SIDM01325,-3.45945199924234,1.48058261875217,0.766050434191423,-0.125240151446615,0.59180259598544,0.664817305656675,-8.13288238388014,1.25405003390791,5.66916107171216,4.91768192802573,-0.754141227948801,0.527479561275801,-1.58889382133135,0.341640580872094,0.893031871989757,0.755902827755981,-0.68645245615197,-0.573385305811123
SIDM01331,-0.733269139097642,-0.283472233574895,0.38678520934213,-1.27282196058202,-0.333820926631181,0.932550506210878,-3.64047357489655,0.0378523511920251,1.45770842699967,1.21663973131962,1.11471776665905,-0.659155861365054,0.923330640282559,1.81691028158588,2.53940372839935,-0.395364225784826,-0.113792656226566,0.854546723297972
SIDM01332,-1.39833691892412,1.54714781388622,0.926208722317363,-0.201383591095368,0.794502387388935,2.06371141338258,-5.7961991259349,0.482129720934416,3.61292973914684,2.89897053686121,0.491953251376536,0.589168012215873,0.337728990120775,2.07748806477324,0.495209836990153,0.565096585809407,0.613397970747549,-0.17255244715165
SIDM01335,5.23127494447856,2.91560404323713,1.66827531047794,2.91377875049967,1.84126410323005,5.43240425741857,-3.86746624073718,4.52910160962309,5.20047682033687,4.76615892043112,1.06716051372345,2.63883190915063,1.21583376496496,3.60473185942938,2.05336805762754,1.15119453603536,2.61488268427732,0.583824527354421
SIDM01336,-1.69499556779042,2.3673775711203,1.06426044656572,-0.255589119630588,1.7595984698933,-0.363710084894425,-10.5074135436831,2.14233329491763,1.73535376727525,2.53463950404144,1.1135867824468,1.30291977498303,-0.880896452793516,0.551828704044831,1.04059641130801,0.806641198085659,2.76221251824711,-0.0991417686135527
SIDM01343,-1.12601244940883,0.672737401708838,1.03459028279263,0.188054415021487,1.04473960040838,-0.133683037359292,-6.53964731886093,0.910443074193005,1.26051189443988,0.474441285724246,1.48970643055088,1.31242370276901,-2.00186214636982,-0.806543839703988,0.420826431948932,0.356311530420114,1.83666110687963,0.463146300388962
SIDM01347,-0.446503676778514,0.923831071947624,-1.59889145494702,-0.141614721591032,1.21076657396397,-0.392109924927234,-5.64874445801611,0.335092345880356,1.55512422842258,0.204613068501388,0.882241216955148,0.527762006392496,-2.48548531392836,-1.23325283296912,-0.219794517303229,0.418890803508932,0.525346955230933,0.0230590115224382
SIDM01363,-3.52762167246608,0.0937173449261876,-2.35451322379824,-0.290147878769683,-0.0038138937690184,-1.30539642312403,-6.8966147305778,-0.96028575950888,0.864471222319898,0.10938918383728,0.680840065962015,0.0161697663609095,-3.12576471034951,-0.915787323527879,0.0623688767076296,0.485592655546073,0.668197094287076,-0.208891413768324
SIDM01368,-2.32537677681621,2.04109713672179,0.957764053513123,-1.9440682243642,0.852882504839015,3.11901137187666,-3.78394874702422,0.825407884274506,3.18592425843567,3.68835266614558,0.314215000669311,-0.0757933279831058,-0.17910284563389,-0.190683670813302,1.64897087971568,0.356165311638273,0.661557370810305,-0.0524676040329844
SIDM01372,-0.639786352447549,1.23942330367251,-0.151053194811953,0.290845588737415,0.861705650015657,2.89111473811856,-7.50902487073855,0.976385190342031,3.25740853092377,2.73142179184882,0.474576614525133,1.87876411484039,1.18644232953494,1.05248444884208,2.35438859888317,0.292690020448353,1.81652976727296,-0.351424479369061
SIDM01377,-2.12998359425402,-0.515411724291836,0.171566535261677,-0.253044407446101,0.0683038566368536,-1.73339878672855,-4.41447612039936,0.486706538621604,0.0773416788454485,-0.340893088785993,0.336241311522863,-0.721357186225344,-0.374662482760827,0.117311087227931,0.699491782116797,1.72919523628811,0.969098096846173,-0.123014537365873
SIDM01378,-4.16560904502522,0.279330458870337,-0.506472536015035,-0.0070422042414257,1.41761520015956,0.302248478090223,-8.81858297550194,-0.0572924626102593,0.999378430756492,-0.557519630745836,-0.45957711794669,0.548000004294592,-1.95988326581087,0.482988992056317,-0.428826710759051,0.541866621326623,0.167347048878066,0.887903037381095
SIDM01387,-3.81376423523336,0.439885833979278,0.727555157186184,-1.69118194982169,-0.930115937333677,0.274090203269951,-3.99643244168511,0.684997460772899,2.33443173144346,2.41302055920934,-0.668922712742204,0.079795081914299,-2.57946193490534,-1.09056285726234,0.471729625449212,-0.547420241100772,0.457117305160473,-0.565967488502877
SIDM01391,-2.74110708620921,-2.02344859949403,0.005854091599053,-1.78028386623154,-1.21836908218338,-2.01636320862827,-7.40543862841575,-1.01231004468557,-2.70921492496399,-3.20699828677494,-0.822165844869406,-2.42174340456198,-2.14867939239457,-1.2477840662958,-1.82346057979275,-0.172060533378201,-0.617808514277537,0.180822464832807
SIDM01393,0.130576806516702,0.847302820030599,-1.07367514912036,0.241835702513943,0.0645899965068329,0.164665465097689,-6.17935944839864,-1.27687309835924,-0.355927362192653,-0.878718169854752,0.788936824651841,-0.593106482076485,-1.18136552450647,0.713801282996127,-0.721584966646674,0.242106889016099,0.71306666444651,-0.303052676401176
SIDM01394,2.31921173219258,2.20722625547442,-0.161955438491471,1.39965342667706,3.67700520556118,0.999224331537605,-7.16804312188079,2.18111264025555,2.64990793577622,3.31223679246293,1.43672528560631,1.34355061822252,2.72693528032033,2.48925158665618,0.742757063826384,0.137079952512714,6.63371618963314,0.0638854006951741
SIDM01397,-3.48764933882123,0.17813593494044,0.179228648918056,0.0689583551473787,1.37214444843352,-0.0293301089177278,-7.97883077564931,1.61191996173296,0.558326432518952,0.089572264795512,1.06979945212971,0.66922690150584,-1.88722221714086,-0.435683772753444,0.0087193196886032,0.840971158839457,0.707354769775593,0.371968240673239
SIDM01398,-1.24050016645905,-0.313717777073154,-0.784955038926772,-0.320195392122462,0.865395942232962,-1.0502767612054,-3.89702866873139,1.37654502607322,-1.19300537563028,-1.27206733838726,0.464990326281431,-0.171525719187024,-1.38714980904239,-1.24186867388404,-0.74380361957014,-0.251555610306464,-0.477326245735909,-0.0746261510828742
SIDM01409,-2.16173428429319,2.80357633349139,1.08299624927614,1.34805015800287,1.95397480367228,1.90549627900336,-12.3051078762386,1.76773676783023,3.40824091931102,3.21609727948965,2.44920297162599,2.89935186298365,-1.50066157907688,1.11189316524637,1.81174421326623,1.72349990088279,3.09271934763568,1.25405275245665
SIDM01411,-3.93494823580951,0.676300368501511,0.288792763749999,-0.0424027700970558,0.87974872803295,0.42864317541742,-9.53150774707413,0.494779887784573,0.891609675693018,0.693794340671801,1.25285838076086,1.28809873581896,-2.13917644288897,0.0260557119523321,0.131745825016574,1.13055980757253,1.33300616490591,0.643559944636778
SIDM01412,-3.25709984063922,1.59671339994803,0.293686050957436,0.217150502897498,0.962923731288612,0.887999762710174,-9.22602206354023,0.46700380274896,1.61252629203457,1.62967844821474,0.980161373377134,1.1258353432814,-1.37773757328704,0.317886121807436,0.464464601727198,0.930926897737306,1.36790099616279,0.647840831906834
SIDM01413,-2.53758910567013,0.07071085934229,0.0606213633895706,0.429494524817448,0.365048543227174,1.54040956100486,-9.66620112148687,0.635311608054492,0.626570918095766,0.51960676561921,1.04334220499313,0.757843835713503,0.0328097848161355,1.67679597311706,-0.355131691233325,0.929993870340058,1.01927541729405,0.246056976479119
SIDM01432,-3.12612111936914,1.63626682524724,0.663040247828883,1.92676696402878,2.72896377939743,3.33012540098811,-14.6737801787002,2.82177150690363,3.8397078622752,3.16406967446889,2.10721942692758,3.01568328599306,-1.34654310473771,1.53684573550752,1.07279190260397,1.62577401915041,3.38251976167439,1.28471255822096
SIDM01433,-1.94862800599178,-0.933062900808018,-0.229576414111904,-0.348807467082232,-0.366629752731751,0.485517740762426,-9.53745294053891,-0.0905966259279935,-0.10092805865025,-0.769641471565292,0.395841594726669,-0.442877695897378,-1.19033372812348,0.0668292586861731,-1.02547960490401,-0.186248922609813,0.501045366925494,-0.230973953538146
SIDM01434,1.35886622070274,0.753314704512685,0.177796768604478,-0.447788654605066,-0.215016155500044,-0.231595926058075,-2.17866041719086,0.141936153058293,0.102618897857517,0.389129475122798,0.609189542185417,-0.0324739319955064,0.386233017682279,0.0790323671485543,0.43586282162576,-0.816219888790719,0.429809011454647,-0.600993646152983
SIDM01435,-1.9639212053145,0.917442359705569,0.359408247363251,0.939745660646131,3.61002734800692,1.23081879387953,-8.9044964320349,0.811568036114972,1.81481149017616,1.27200177298529,0.67599968636609,1.72945102456355,-0.571575779646796,-0.121440770496604,1.54997714457445,0.929479242306825,1.514936894526,0.731431400240391
SIDM01436,-0.818512569396397,1.55724708119424,0.870026860962236,-0.693775770623808,0.0929551028003393,-0.064467677040867,-8.33894399580133,-0.40987251759555,0.627698121395954,1.25431371383054,0.342364008631534,0.358262695830831,-0.790753991848345,0.891504919949224,0.40477940308893,0.432254709702138,1.35240304557803,-0.418905241603695
SIDM01437,0.190598887346047,3.95472269248056,2.4971324303603,1.82087576717703,1.11833047127762,1.95152767887115,-4.44249583396024,1.85295983357256,7.18909670117743,6.35355509958766,0.348389839665494,2.9140994561113,2.07368649575945,2.93575714987677,4.84892472785655,1.1113706059208,1.00637716275459,0.474486110943603
SIDM01439,0.0902726912991659,0.899233927032649,-0.587381665743449,0.373545861262506,0.575802778105161,0.686967656861271,-4.96637606928143,0.165376655857793,1.57314814223346,1.43400879763524,1.3632831671016,0.741694964487294,-0.665060617259593,0.433113338722031,1.89715163382554,0.198364068471359,0.0320701092182213,-0.351256421816006
SIDM01442,1.57112848897081,1.56134830433085,0.618840465291658,-0.172197458758542,0.606077204833936,-0.475085005700068,-2.86862835137101,0.149078536509358,1.23894076722956,1.30438253534481,1.05586342061404,1.59852483166074,-0.576701991792533,-0.84783067805626,1.01120866618862,0.361243056049923,1.24419834712593,0.776609718537991
SIDM01443,-0.612458946234097,1.25379685132582,0.759157699184797,-1.21806412590372,0.0759374145878896,-1.08373546990883,-4.22857644297273,0.170245532519994,0.919810379650005,1.83242064104207,1.60872194715055,0.193055532448494,-1.43659439445708,-0.560265942732476,0.584310955775146,2.52658540839602,1.0396418550428,-0.276249623168744
SIDM01444,-2.75608722178475,-0.825876574835884,-1.48333533853232,0.0415190075026499,0.0507399087134312,1.12963938503045,-7.81238501423529,-0.119607419399265,0.0122661441540789,-0.991544516036327,2.62858598600866,-0.571419375422933,0.107127184021972,-0.178239902335494,-1.07364774717806,-0.223985665219922,0.230930847715513,-0.482073397881761
SIDM01445,0.239749574322472,1.69320206160309,-0.222843688182789,0.368052503060999,1.26509133267902,2.31059750276203,-1.50761496406055,0.471079953618908,2.78060172122659,2.0299391864098,1.59655445188195,2.86772382801015,0.667956093615029,1.21596761645829,0.950845320163551,0.92793355135839,2.46381660645681,-0.506452296023754
SIDM01446,-1.42603791833104,1.31074023792396,0.728227671121156,2.48542010355528,2.29387869519292,0.971987459667711,-7.80213530691487,1.8821568182362,2.05158188620727,4.84534321244943,0.550896333253756,1.19374191518737,0.748060102777409,1.08077529556509,0.61816156889516,0.417483960763244,2.59445773279585,0.0425088597316028
SIDM01447,-1.22913554638766,1.07879508209007,0.152018208290163,1.05014699406779,1.35932523793574,0.0603037356388951,-8.69148669228495,0.961963944517026,0.230513856889059,0.452608675636039,1.94661673840877,1.50391471180999,-0.327644136775721,-0.120888996078122,-0.408510113133367,0.668632692022544,1.42594242611294,0.208386108927615
SIDM01449,-0.835945991770815,2.28439936803337,1.68693235130701,0.806507835584021,0.326943435309984,3.06947316757178,-3.36809579634345,0.338346528687594,2.44739766701772,3.11853521058825,1.1460407525201,3.25086841029612,4.8747179619409,4.93265836564575,3.43000612147139,0.695141590424154,1.95524141227591,0.152246275052469
SIDM01450,-3.18330636482824,-1.11095377071523,-0.582081069212107,-0.916408146061045,-0.735300678417023,0.260503737463065,-8.64038955991048,-0.404899978553319,-0.451979681246819,-1.52503282428376,0.728402779772006,-0.438431775530977,-2.53624128789733,-0.247334279989732,-2.10607996527208,0.812449879716946,0.226211726425959,-0.263601939561073
SIDM01451,0.707188294486203,1.93607032109095,0.424596934618575,-1.16291140053736,0.367456189868967,0.438646299051859,-0.203565826258755,1.49383135296222,5.02546349368103,3.87496428457367,0.961239187026003,1.26044341008201,1.22872449016633,0.048954448111514,3.08333144250827,-0.0583645336394679,2.18462417011945,-0.0972696809721403
SIDM01454,2.45161423084525,2.36576940449084,1.88547544473651,2.36394964663094,1.60491791120791,6.28511203217906,-4.00469382202194,2.13180111914499,5.91943082149261,5.76456167782099,1.04452898956377,3.86810646694766,7.03220441842179,6.36341882710324,4.23583087288841,1.3099617250197,2.83872885359965,0.609102346119537
SIDM01460,0.434418743944432,0.987589421477255,1.00228841727279,1.25430386685483,1.28283579280714,0.181747894214016,-4.04970883323774,1.28068310217634,0.49959168894407,0.300986474508628,1.73827438938858,0.263454757423848,0.243686740330203,0.262031559001937,-0.140048217085505,0.156361907134063,0.579050094518238,0.534339679131401
SIDM01463,-0.361155477840629,-0.154827058613181,-0.083420818681147,0.395459248166165,-0.69051364522363,-0.60812535782224,-2.97169975562944,3.73870176360867,2.93986733764398,1.74649287217579,-0.195289199046337,0.0709709770398243,-0.45262324087261,-0.0523179209912424,1.07493825733417,0.200777699352675,0.168834386637702,-0.0122377288358435
SIDM01464,-2.60225839405163,1.0774443179102,-0.680693435192091,0.219068346292047,1.69403335771371,1.66689271905749,-11.4146054139491,0.419762552857664,2.09103442233965,1.37165022567462,2.40217218476737,2.23790233088583,-1.45552040695238,0.765360521806269,0.704040937055043,1.33747207302265,2.02954450377629,1.11141910408059
SIDM01469,-3.97485165209031,-0.490938426770437,0.1712684161638,-1.29415587690457,-0.538422352567148,-0.299337985328226,-6.57808537914129,-1.10436417076635,-0.0189980940501764,-0.563451679014261,0.77986830376139,-1.0428642644974,-2.05959109472676,-0.308275902957806,-0.159935491144105,0.119849800901608,0.254840518670543,-0.402139476989052
SIDM01470,-1.93498335464673,-1.38862750648745,-0.50002948932553,-0.711921378184797,4.91934768631464,-1.55810700657378,0.237302496083072,-1.14123529452868,-1.16655286909268,-1.56227784611628,-0.785544825973556,0.906590637442778,-1.05739597042707,-1.56795646310644,-0.639594593774656,1.30690720294117,0.235848727933315,-0.318141022191927
SIDM01471,-2.34526329712721,-0.171207432982765,-0.307208403111897,-0.866553542272367,7.25743092040502,-0.362395097931433,-2.2086382186679,-0.500136301444903,-0.255417424079757,-1.09142917822914,-0.286968642517784,-0.335637160445626,-1.53555180528416,-0.961141432359765,-1.10949046255017,1.34169138720093,0.450263573178768,-0.0518850413187082
SIDM01472,-0.205141087778611,-0.0939833815312882,0.138325137377425,-0.798721295258327,0.6193316013587,0.235196275475605,-5.62499324856705,1.16498512417888,1.94870627885684,1.28275022830979,1.01943620829422,1.9119942586372,-1.36610456426747,0.393944054375538,1.06104503012598,0.778105996661153,1.00249990354864,1.0522533223858
SIDM01473,-3.31282713807896,-1.4684019127023,0.230633659820413,-0.803828118656606,0.0328503629873494,0.23561150739881,-3.93803890995749,-0.715256246143937,-0.534354517530377,-1.42319333933461,-0.376978954400499,1.77576604975408,-2.12572385943085,-0.180364695073022,-0.0928629724339053,0.832044630824518,0.257005889494281,0.63373659010921
SIDM01474,-1.59185877967286,0.162782155198738,0.340370687888231,0.237169967479166,1.07131426911496,0.840721778427095,-8.26002755446519,0.242459912194436,2.27581778380816,-0.063657938361956,0.813885913618475,0.410532735552507,-1.26307108703734,0.348390348306568,-0.464054515474308,0.545679478610567,1.15452660908019,0.239473677993093
SIDM01476,-0.799834580102419,0.195405279976045,-0.298667862337369,-1.06974920922843,0.566316067094878,-0.443145793110682,-2.34053093255551,0.0372565439568671,0.0236961860639189,-0.692797163144203,0.509254465661835,0.264315626042909,-0.703043518860538,1.66382332380243,-0.0580888594105954,0.589776324625236,-0.201499175393225,-0.100622152087125
SIDM01479,-0.681414638641168,1.24249397997532,0.730790374016748,0.229714909068054,1.86623745132563,1.58198796338506,-2.21028932529958,0.75075847454609,3.50331119873373,3.33773699400669,1.7598211694754,2.48505985113013,2.87045207412223,3.57241086799992,2.44944223901413,3.13555398261647,2.83590258542638,1.27478633007615
SIDM01480,-4.03558329954112,-1.26035373061069,-0.35654003853506,-0.5120561633173,0.820345090217112,-0.372852098090842,-8.23223022094797,-0.506722732669148,-0.458710728185934,-1.02315634782425,0.682534669471088,-0.555149918936241,-0.833342483792337,0.621948567052382,-1.22963384989357,0.0760532536850416,0.090797205067227,0.107295603907383
SIDM01482,-1.57578323949003,-2.01231111473785,0.0992934891585061,-0.724045744976322,-0.380279596397769,-1.79822507607218,-3.32404702752592,-1.07441097753641,-2.39543961472322,-2.5149998788441,-1.27545713412011,-1.54277291958046,-3.65497065431796,-0.981053891503489,-1.90049253657258,-0.368385639366469,-0.746385674316448,-0.388753827467348
SIDM01490,-2.87042840795047,-2.62632996584907,-0.406162932351321,-1.02823894497212,0.523991196439238,-1.66706112994714,-5.46517482654827,-1.55166255253214,-2.78305715640743,-2.84411919926272,0.622143518553696,-2.19152778070916,-2.91294360773581,-0.435406362825798,-2.83840314985351,-0.346938001067835,-0.938774420957085,-0.649574877815693
SIDM01491,-3.45066524819571,0.0214522697119509,-0.248293593877017,-0.480720368812574,1.06267883571044,1.03198665316068,-12.0416221043332,0.860441245439103,0.593939165307101,-0.466753916336486,1.63637071219087,1.41002513681444,-2.56384296728113,1.82541404350664,-0.385796437990169,1.19645808183386,1.18888497892017,0.7029799157223
SIDM01492,-2.29518379128115,-0.702952863323081,-0.339712307587784,-0.303014839726556,-0.124512217448238,-0.82001861150425,-5.66307603674684,-0.589586881559409,-0.124857897818165,-0.781796048504854,1.15357149941087,-0.986087443437529,-2.51336823356199,-0.615038004255124,-1.21279083672594,0.530531598983431,-0.0923042438238569,-0.310626608148332
SIDM01494,-3.16533986961432,-0.604681154782813,0.278140858332957,-1.23798043106785,1.27814856714276,0.569777567922517,-9.29051740310256,0.57002855300707,-0.302477839131145,0.075932911628779,0.197314414592904,-1.00136209235518,-1.79277356653019,-0.0511278071444038,-1.01187347149803,0.0874113586473008,0.650957396657204,-0.520635188525126
SIDM01498,-0.699627137744025,0.994997206205351,-0.134205009130978,-0.910500736791424,1.627007492283,0.772365518881119,-1.83732084324371,0.655790837572018,0.753490326457178,0.0697147085510956,0.0841324482514238,3.91334261961028,0.533316997045535,-0.239001981702099,-0.726669720894111,2.87359908325925,1.57539976820303,0.936767649150327
SIDM01502,-2.30757518064935,1.27741178699104,-0.0014232560756813,2.06470043003657,1.08227079445824,2.37147064807569,-8.07068492111384,0.657943104433516,3.81972623238973,3.11264320593516,0.920551883352773,1.8524683632349,-0.233634701113959,1.29877751835202,1.14058668887748,1.21580803262945,0.983467394385762,0.483978376347912
SIDM01503,-1.92467314346913,-2.51159296173434,-0.427355937786914,0.398234624861353,-0.0825774249718898,-2.20628615403576,-4.33895224697598,-0.876140053006638,-2.38425172923219,-2.06943190224444,-0.792451444592185,-1.40083972570753,-2.6589239568218,-1.15487211633459,-2.31337622222113,-0.292933940005736,-0.980686966522512,-0.689399246405131
SIDM01504,-2.20862367373048,-3.14988979382157,0.610490155989132,-0.358393716126002,-0.542057848212291,-2.12300681350863,-5.79718412602167,-1.19123757512127,-2.13349993051904,-1.96218739465364,-0.590722338114997,-1.72637845383173,-3.72120551125898,-1.08370282589593,-2.06518215285873,-0.854966979610837,-0.832486279960406,-0.720747188632662
SIDM01510,-1.88460607469355,-0.354652301320213,-0.216241428358942,-0.485540684684444,0.719207740228075,0.960232369209657,-3.91824630365421,-0.449458216726618,-0.0719946863084596,-1.11254360862193,0.510921003001419,-0.626406293781166,-2.03451741766915,-0.556507253872146,-0.862988184509596,0.171544026014086,0.235857358810238,-0.441496274056705
SIDM01511,-1.17491049480224,-1.56219277383129,-0.217573133288231,-0.307354600434493,0.191268176151296,-1.47057519926586,-0.718322582448288,-0.643808403260427,-1.75593736969785,-2.26199333810622,-3.68487964396186,-0.500538657306125,-1.96689385345624,-0.475667369551763,-1.55852133818395,-0.0868194746807456,-0.614785750635348,0.127209242228257
SIDM01512,-0.74850359945474,3.07654964383032,0.655471665965991,1.05224106615813,1.40815427481121,0.810755719257612,-7.51181653647271,1.34663350778503,4.44949145925608,4.24742974463931,1.53373727855623,1.3714484474814,0.258515574018777,1.54713400929304,0.344108276396358,1.33242386025349,2.12707489135179,0.179720084909627
SIDM01517,-3.91034224084817,1.44089704195625,0.786233727264461,0.592474753903626,1.59667340362511,1.54912692625447,-12.4097357897384,1.52305606078071,3.21684004065188,2.99920193841332,1.58863789943477,2.74136322402039,-0.211802761959658,0.906666080390156,2.48294375929697,1.6773444251009,2.48944488957546,1.08785241037655
SIDM01518,-2.37566710024576,4.26706974300781,3.53712940191284,2.41432062507356,1.72837303140741,2.24179955851466,-8.3808342846831,1.17428312414925,5.54574413443238,4.60339940066832,0.940963985950533,4.12136071564085,2.47448359965032,0.683188676740006,3.28619130066315,1.2360950655865,3.10752645214475,0.757567435700608
SIDM01519,-2.3448824702097,-1.14862452322117,-0.370723284132521,-0.703397146442133,-0.543880845445109,-0.873678709228086,-4.0087811054057,-0.693924348863926,-1.31403965010777,-1.60260374408293,-0.253950777684943,-1.09247951401189,-1.79891507140839,-0.62351097475912,-1.38321042476704,-0.270010842981666,-0.367285430116268,-0.485945885462955
SIDM01520,-2.0610373837539,3.11227970261265,1.58146061648147,2.58047329352649,2.14678043156785,1.19116684913718,-8.78075032633045,1.19694601214295,3.29330112458941,3.12287644384402,1.9704817025669,3.46104232847078,-0.748428006412359,0.186449157965205,1.73115643358397,1.53531555682374,1.8466136745165,0.527204585145826
SIDM01522,-1.34660891272688,-0.740541244132755,-0.293783406670412,0.45400787673882,-0.725783117146752,4.80277980215142,0.242432817590217,1.13548076423199,2.00951582067921,1.83072547520608,-1.09779387028633,6.01383073779733,1.04830506788265,0.0668512526763771,-0.582427867736051,0.697727450863796,0.433138915128161,2.70850006920844
SIDM01523,-2.19728880211469,1.63959568241741,-1.8202487190065,0.939105410469208,0.817800443964357,-0.394643428055009,-3.79489977884573,0.0810457102496785,1.55455556030412,1.22623349389649,1.20205625768703,1.41203866410577,-1.58839237020142,-0.912449811064132,0.843807890492429,0.634305107479841,0.512608761547825,-0.0602415992664754
SIDM01525,-3.19266898856047,1.33541033985283,0.0312801171631533,-0.0762892668499711,3.04770225898188,1.73997345698058,-7.65660029244293,0.15804931006353,0.41645876284613,2.82405845545874,0.154540322774015,7.72272495647561,-0.544980524997337,-0.257174468609417,0.866006657564045,1.34832900574895,0.990769579721463,1.44099257887965
SIDM01526,-3.68700987939677,-0.931975939595006,0.0446681091099472,-0.872790675342794,0.392797727396728,0.283409118763431,-3.10700517929096,-0.881957956026027,0.570850296687233,-0.515295633412187,0.191204160183595,-0.713229004107644,-1.67095397025657,-0.4965685570617,-1.5183870944823,0.0023999133806792,0.831461868318006,-0.30986883646267
SIDM01528,-0.338038692534688,1.62909953808887,0.282617489039057,0.478603822191435,1.12461560812586,1.88380109756593,-2.61305504572654,1.29076580442995,2.25355453399639,2.91991818217875,2.0414321390902,2.2983478063834,0.436818270050324,1.62429092150658,1.4350704287012,0.787442134704253,2.03824033592166,0.563989229999539
SIDM01529,-2.08320565617968,1.15647431358587,-0.0764604330929266,0.191463928105792,0.582581348513832,2.30380874650618,-6.18865568910104,1.36450061150016,1.66570111590262,0.63986475628877,0.370479645869699,-0.46540244503367,-1.05842121244853,0.890474221471106,1.0104450523252,0.991321644504014,1.71550323458519,0.535828944862942
SIDM01530,-2.53604842590786,-1.28866584035252,-0.134539821073191,-0.48319299955551,-0.390592346405188,0.426503226007198,-3.63930161433713,-0.871365950016715,-0.380539710011037,-1.30596181004634,-0.673708034314429,-0.455134006687786,-1.63087301682259,0.457262314155312,-1.15225420149643,1.58107218968541,0.0218514440669909,-0.155248866605818
SIDM01531,-3.9560228493483,0.0910140344910182,0.0422508550749232,-0.693214592369314,0.324879104289131,3.47538588020295,0.289966836382942,0.359547660697732,1.97991546589049,0.696516416391124,-0.846020743700568,3.4405512013425,-0.306328402132896,-0.797361570993429,-0.196007179289946,1.93946956547181,0.732002919439211,2.61291351219939
SIDM01545,1.45768855227182,1.45502883532965,1.02454595579407,-1.76011158581489,0.100622204590012,-0.103744854092804,-5.24562706514021,1.04944632041221,1.35407748298843,1.75558056426626,3.16767419442464,1.57654418959564,0.0268540889588395,1.56684093771931,2.09135501806477,0.85450806579773,0.827739550457191,0.289827727835382
SIDM01546,-2.77399765854016,0.741730349287919,-1.1340940831761,-0.565371195424187,0.164521717135233,0.752825024227287,-9.01088610195747,0.405400345439795,0.180489996066985,-0.258952159391076,-0.205392371777206,0.435031674232843,-1.9506460802147,-0.376662871962788,-0.308662483962887,0.475550193674526,0.319007472246997,0.479478320768495
SIDM01551,-0.505648371787541,0.422934450731374,-0.649673622869976,-0.0209016044653076,0.200479505042223,1.28438037160854,-1.62589486521926,-0.178575066858066,0.516555739313244,-0.316347428193014,1.69749841437656,1.75997166862206,-2.03839707202994,-0.573195586569116,-1.09117658215791,0.489890816987347,1.49978688374337,-0.156089267229697
SIDM01553,-3.68254475792136,-0.936306510596727,-0.130019513043017,-1.3584293834329,-0.447543440371145,-0.409964566306174,-10.9141225054159,-0.229732655971869,-1.2078991131517,-1.19773888390837,0.241121573175739,-0.900948719723688,-2.81836681378531,-0.222087440951407,-1.11253651032036,0.0985789424276096,0.152357124535754,-0.300966413479425
SIDM01554,-2.63009721467929,1.25010647957156,1.77374097388361,-0.273053099345015,0.376812881219702,1.62264938046479,-7.06654957605174,0.95953755669289,3.36892420842258,2.96914056366708,1.07699962404073,2.67709937061796,0.143792721929566,1.20478482086798,0.460803427089962,0.785097266911371,0.688731546418927,0.662373477812731
SIDM01556,-2.86509260916723,-0.341820622633869,-0.221096814383653,-0.155381672187658,-0.916753441192706,5.35672629655701,1.35159147906515,0.323706949820439,3.34026281581539,3.13999577749295,-1.15323918232443,3.00929860744898,2.21688227712901,2.72712797570498,-0.70397389992654,1.25983669718739,2.78196982368018,1.88557221043218
SIDM01559,-1.35743909296024,0.183701390490296,0.9504300410808,0.156162792444653,0.927819737046444,0.607268551922077,-3.33798260533805,1.08472579750184,1.02858195723229,0.579393896993559,1.18800477041902,0.339126748617282,0.616291519091702,0.745333862266002,0.377093806574071,1.03298642504274,0.190209739134253,0.616068562346634
SIDM01560,-1.33406588376252,1.49192731709361,0.832518229118212,0.999832339612239,0.094331054965245,-0.643142606026454,-6.3004947061344,0.0324511754398578,0.0037362722012027,1.09002235089864,1.42882798805059,0.493684606603903,-0.762703667759125,0.679454888727795,0.676586882604572,0.801690014264788,0.95158305607212,-0.551901083298858
SIDM01561,-2.06170271627363,-0.249524370887691,-0.163438862267478,-0.38293111324614,0.836720255581222,-0.845540592052604,-5.02092755845705,0.178114608674948,-0.586943837902208,-0.537173114063546,0.904159869541543,-1.77137803583289,-1.18758556103633,-0.527981866039163,-0.860149401892415,0.65795633119574,-0.621806966895821,0.0433207674063986
SIDM01563,4.27445052973791,3.37525644856539,1.54556782906173,3.38854072368025,1.10482823870916,-0.260921543942828,-8.4802815640373,2.99321919068793,3.96951720405165,4.5033096963329,2.25790884810604,3.1851482985072,1.02574242787537,0.645592491399531,4.0854166816706,1.69950831446822,3.60020470029886,0.0640435975663865
SIDM01564,1.16616146024242,5.64134576099592,2.29055733403447,3.69444712163169,5.17321844025648,2.49924070108338,-3.36293611135091,1.65847253003709,6.81495142526377,7.37765967371037,1.27410439803426,3.54850243459428,4.88778774757587,3.67382087044709,7.06300974449455,0.346062968816842,2.86393708624268,5.58051740728061
SIDM01565,0.353515344441518,1.8956017569112,1.29786601934932,1.07415763942513,0.551453544706234,0.200361360271467,-6.19866844569219,2.44869776994659,1.75246630306632,2.84957099319023,1.27991039882969,2.9428718539656,0.513214055248326,0.987993700066674,2.20206650152844,1.63929233164172,3.1765602630882,-0.441771565053888
SIDM01566,2.42213999833648,5.11144787270386,2.70194203686394,2.41790244331036,1.29705953583043,0.263622734158328,-9.18396765642627,3.3207582983624,2.2261448597957,2.97949904041559,2.22382472597298,4.94779159177273,0.729015409718482,2.35287814525093,1.83673836015864,0.958795949190297,3.69237977529055,-0.140920958906137
SIDM01567,-3.01471940639233,-0.128363564152523,-0.0177745169812927,-0.616052720011224,-0.822653958054274,5.47651988584755,0.182493384913611,2.57349380720567,3.83515926515904,3.80672285519504,-1.34126774692026,7.29427967473426,2.85621950833781,0.0084166137255592,0.754071349620327,0.854041743987009,2.78441697543032,3.23945284702926
SIDM01569,0.945709347223499,0.762332628630394,-1.42506276800204,0.936689947182433,1.48869628994625,-0.732281652621258,-4.21660561805265,0.15811742326526,0.0304911935680893,1.06477028476412,1.24552172982112,1.33005154386256,-2.64523164156571,-1.33685756085418,0.0713585048108579,0.0044433956803438,0.0019385798423822,-0.322173118169643
SIDM01570,0.676971690688495,4.07356953195394,0.697395804807859,1.86508539044839,1.6397264998109,3.01663093339593,-2.65574013503988,2.83234068111698,6.48088436609766,5.85040464839874,0.700888560063334,3.00404719511175,1.18747830271999,1.49249352874929,3.96261500611469,2.85554163584563,0.278521648148173,1.45600329627914
SIDM01571,-1.50249267440411,-0.545455179624711,-0.373675165045258,-0.157789310842424,0.258670760408943,0.351964026643308,-6.51994940831645,0.627116611771137,0.54317453416757,0.305538127862734,-0.163123938382172,-0.381222236005516,0.337479207725516,0.587586459060401,-0.666383356999045,0.0654983578723049,0.547644564541411,-0.104859923625849
SIDM01572,0.130935634593898,-1.92098501431266,-0.059451757171232,-1.46731718593677,-1.70716908719563,-3.97851550556245,2.4504849259429,-2.15413251472805,-3.64079782668165,-4.01526090193583,0.007212483549308,-3.40441023953388,-1.13612604015707,-0.907526493634524,-1.36501882914363,-1.74158365013512,-1.16157526898462,-1.32643079497516
SIDM01573,-3.46801597476604,-1.32461493694675,-0.18519619612518,-0.0775021332068809,0.0224654829352051,0.200067813823233,-5.54451385869535,-0.559249783475291,0.10932255385553,-0.479174898145324,-0.313643522979385,0.766296729077441,-1.63627415603484,-0.252837085423164,-1.24918083049,0.654772389728654,0.414032674689538,0.252336552732932
SIDM01574,-2.7911700274871,-1.07396459411823,-0.432345992413415,-0.197923783373606,-0.196438902501321,-0.147281992083693,-4.40144274207365,-0.373975758707865,0.106550397877054,-0.639920239568095,-0.559600972821435,0.197602358828213,-0.889515641675681,-0.518690263369321,-0.969190679468655,0.527378141993119,-0.323880231587866,-0.126846902862482
SIDM01575,-2.03379427040845,-1.7844897011325,-0.324148963169701,-0.816787928711498,0.146784268144887,0.478227608880568,-6.66260457523115,-0.412376826282972,1.01336456648424,0.534972367578624,-1.10434067312833,0.990942707753126,-1.55318438464806,0.462136423129482,-1.45231691780199,1.15133795833177,2.46010092296351,1.2665608496292
SIDM01577,-3.05405215269215,-1.10658802505169,-0.254081191998123,-0.858685270011888,0.0345344067761556,-1.15373763343851,-1.6998133793941,-0.210753071245506,-0.18968741429151,-0.536762706910403,-0.171091728792118,-0.738539501472811,-2.0219605242501,-0.894577509107918,-0.620117606992014,0.821651511007125,-0.0679157516569769,-0.0209347021886888
SIDM01578,1.10039080332783,4.83862612797564,-0.152640046858143,1.26289162581848,0.201369763895414,0.734561200899232,-8.90864647360234,1.1190827247112,1.70602702832891,-1.57230264228112,1.32926890658143,1.13076665772043,-0.567929779712899,2.21458115139752,1.78172928877963,0.721503931906208,2.67930384942785,0.271422182813325
SIDM01580,1.21250031473181,3.62095082167761,1.02578956030107,1.05431620108191,4.35823862204331,0.116242087643374,-9.02418578990357,4.26244563450829,2.40343805152397,3.13300205679243,1.86377700051743,5.12916744664998,1.45916343222197,2.18277947558688,4.55300358930775,0.821798628348452,3.94622910601642,0.174914374489582
SIDM01581,-2.26710394646105,0.27136744671342,0.401671745190789,0.0321828855301142,0.300572080984368,1.76494878249764,-1.73434837660669,0.175986072913839,1.01191058751562,0.579226771532435,-0.545994892195869,2.36042765970507,0.956927914316062,-0.331579328717168,2.15597940645592,1.89670137880655,2.01134659285235,2.94165739263582
SIDM01582,0.762772465057668,0.0798299712503006,-0.794621723084202,-0.373158159810365,0.712145066064521,0.308266632927852,-2.24741165305933,-0.354646540053036,0.270943157354305,1.56366994630402,1.87858664973968,1.2722989336611,-1.16729161983755,0.450320826384589,0.837933979005869,0.0674262931707171,1.84722458354613,-0.116768437372604
SIDM01587,1.56775542774499,4.13192518320789,2.36209111647712,2.10130043394047,1.37823939013878,0.0893610627953768,2.47862024082795,1.91965567201507,3.64624831858568,4.45463313693072,3.36832360749962,2.82788123071952,0.170526348264731,0.436809662242332,3.47869681212871,1.19002877309532,3.64834225572874,1.90225123827892
SIDM01588,-2.56538842169702,1.42985445493497,0.157685663430322,0.132886447971998,0.90606477018438,0.954074265769606,-8.53345947453963,1.13914036851935,3.0177910683575,2.50617525811695,1.51371140988635,1.4158193170521,0.739213208435449,0.737675226017735,1.04663071167741,1.731040220129,1.28832556237713,0.90514586247641
SIDM01589,-3.30876642974976,-1.69163880529553,-0.272313747271037,-0.855817733387504,-0.849039467941842,2.26294013540792,-1.87680676833962,-0.339483298249704,0.378443661663008,-0.234184453215456,-0.664746574862142,1.50571750605487,-1.33638149203749,-0.463134693835837,-1.51077259626157,0.0267880820205574,0.13580791773951,0.972921730168163
SIDM01590,2.81095612052935,4.62591246211735,2.30654171291146,1.50676949582774,1.40837825515942,-0.486661146674005,-9.23641177076296,4.49361843562446,2.69497053324469,4.24349618971733,2.65821229157793,4.89974651388894,2.47451741733181,2.26700377170504,3.42388006665659,1.59318403933754,4.69126605108214,0.0139931915336613
SIDM01591,2.79323413949652,4.04772613712834,1.3084597159178,1.76592844337345,1.23456514566919,0.823443332214138,-10.9252599771662,3.67105795541339,2.87630309267521,4.18851201033576,2.87223318926707,3.9048598145539,1.95834886280952,2.44611736381864,3.67999610357198,2.33297876336046,5.09310283615168,0.0078110500111433
SIDM01593,-1.00122188002134,0.861257488088669,-1.54729006437314,1.42521995028149,0.178857037254462,-1.39915912619837,0.463522201264939,0.576049857320512,-0.498419396971221,0.996565023863689,1.05828696170398,-0.561381519376907,-3.03156340060982,-1.19176690349119,0.456243343102368,0.112190175083008,-0.535709962190073,-0.412429783930553
SIDM01594,1.60327530053792,4.28326923471066,2.1838479740601,-0.0793274335095542,1.26947767836929,-0.55482545345651,-8.93702699973272,3.63769098908745,2.67861979265355,3.14001086100185,1.94267787953769,3.28347233519564,0.937175089924925,2.26254786029948,3.04562316990621,1.43059105995621,2.95578335790988,-0.361037531909172
SIDM01596,-1.7006466066598,0.35066542062279,0.17039504703666,-0.530271766235546,-0.113476689383009,1.20711925200313,-4.91050249625823,0.512800259331516,0.786034370735609,1.16589465581955,0.807085511272974,-0.145265293028524,-0.754082115946798,1.95880809853866,0.722536719702376,-0.256923595390099,2.98912630584922,-0.263936922850591
SIDM01598,-1.67147003867294,0.225020198285059,0.377714973200344,-1.04618378298791,-0.429693040650863,0.250082345273218,-8.18272486204081,-0.27836900313512,0.250280872767609,-0.482678869064884,0.112306237324118,-1.26238515014324,-0.909411601542462,0.348323161481774,-1.17749259864963,0.171566545822348,1.17931957362062,-0.882142629153552
SIDM01602,-1.23522611873566,2.11541530162542,0.484044197023583,1.07304850638516,1.53434428106797,2.0786004382951,-5.8229259410938,1.70713111230362,2.87813705861288,2.59589961761915,2.402363054961,3.11596605642498,2.32923332811906,1.94447602469169,1.7416850766192,1.21821958935043,2.28819012324478,0.784308572546495
SIDM01603,1.88418764156132,6.99849935301735,1.80057789646828,2.43823194044067,-0.524728614202002,3.7675042582422,-1.76970253310174,5.21198249775004,6.54828658115644,6.43708647103428,0.0319458550106763,3.52216996325755,1.15224166938342,1.90602551863454,5.458766008896,0.383837361809615,2.86303466179481,0.448793802876123
SIDM01604,-3.1613530124581,-0.173248576441395,0.0009745189601169,1.50883151577334,1.81174519868807,-0.877832835473784,-9.61897457459548,0.817853274038535,0.485217002762227,-0.398109593927233,1.13617007860935,0.382605067482554,-3.27575153157956,-0.687206557764491,-0.670837119833556,1.34596648674104,2.72640997788193,0.17669913102847
SIDM01605,-3.04695493612289,1.0427485822285,-1.44082076236841,0.817923423599685,1.06839434117357,4.03667841056219,-6.5501589753846,0.423251771574554,3.22552925961324,2.7291229558173,1.66948751795011,2.21878764135561,4.51496345542052,4.10224447371157,2.00597111816659,1.5841082692085,1.81526914430489,0.494480127301481
SIDM01606,-1.32527454567538,4.32846407771058,4.47917083703444,0.531033431326141,0.521363425730096,0.650445728250372,-3.34317524950495,1.52512537463526,6.41418489207641,6.38234274296635,1.48311849468668,2.61404982370215,-1.87753942548938,0.925249581407481,4.51284435023921,0.521058844964434,2.58122346822201,0.382472027400557
SIDM01607,-2.26989141502338,0.846088140942737,0.0028898804870238,-0.452973183362667,0.643644453292489,-0.382515443394822,-4.95280717405722,0.852490024538621,0.521890460560192,-0.25863015570392,0.847087358712811,-0.224027025581582,-2.21431250324454,0.464342006401526,0.373400135995083,0.273557486673374,0.247306333818108,0.281998049049083
SIDM01608,-3.39164018824432,-2.09822026598082,-0.989279784767392,-1.33071971035894,-1.28688297277871,-1.35911105466095,-7.47903691462366,-0.861249467455621,-2.39432563420847,-3.25063700177968,-0.576198585171696,-2.58582371180803,-2.82476018247687,-0.861543577622614,-2.56994642755738,-0.59530955986175,-0.888205245861981,-0.698756026271277
SIDM01609,-2.95117651836591,-0.892759964597863,0.0342839820496905,-1.02889634826706,0.028719345301199,-0.723736136138577,-3.9084132402265,-1.11239762910534,-0.838384222402063,-1.18165090132594,0.379687143730824,-1.28196484623998,-2.67197201876211,-0.99262362571927,-1.62229454461164,0.0856601542304476,-0.570523606433499,-0.22843129617727
SIDM01611,-3.17131353910567,-1.68454553804645,-0.493417978692632,-0.477785185875637,-0.420637128797107,-1.64206202297152,-7.29327179425318,-0.809572533772789,-1.8710164885988,-2.53211986255267,0.533380193372156,-1.77122677072008,-3.44979318017851,-0.731491785513458,-2.52864620876191,0.241819529777618,-0.351994760093388,-0.624271400797339
SIDM01612,-3.53350171183905,-0.360144185188726,0.0956600472542431,-1.30358899810951,-0.346198381845264,-1.14224937146146,-5.41697998968671,0.257612955211542,0.227645039717002,-0.682818534961279,0.0341281728707686,-0.920581063377239,-1.7091012727511,-0.934781994085381,-1.62790324974352,-0.0323977443207397,-0.621683802133946,-0.574027654076558
SIDM01613,0.49352685811563,1.44420265611103,1.78872980291624,2.43816192483637,0.939201986330265,0.851992433929046,-8.16592941131094,2.35861044502604,0.730227786956591,1.14360701764598,0.886827489475101,4.7371600134335,1.43766707307075,0.713252538411643,0.105252865634528,0.936375226247424,2.27393027273998,-0.495126490626252
SIDM01614,-1.60128392504023,-0.172668022616698,-0.353352255941053,-1.55242952819836,-0.743508420076581,-1.73768768473652,-1.24136559295813,0.246903628537328,-0.639170596286729,-1.05528302192344,-0.327828968593332,-0.564749622893301,-1.93307309409952,-0.707562865700251,-0.580395184125519,-0.23523723566773,0.045710644338615,-0.63891897883196
SIDM01615,3.00920911830419,4.57174484158306,3.48026864805513,0.381023140392485,0.390028278800127,-0.823299736348435,0.911342426689142,1.01933914827016,3.20897116057337,4.78852998655414,1.18052257263679,2.2793457750148,1.40734604678981,1.06898943171423,4.92980710163944,0.63401055697597,3.55994834009763,-0.84813177295794
SIDM01616,-2.59595334242958,1.7325725116406,-0.417563445961411,1.01640632487456,0.429605972223864,0.532777829443201,-10.2194362543459,1.2717490709619,1.66985648307033,1.7203282480371,0.933619055124424,1.26931126349472,-1.06112031132367,-0.323685344113223,0.395068174324268,0.782630983424943,1.84251092925692,-0.420008167322656
SIDM01617,-3.12157947414426,-2.11006001909845,-0.660107052610653,-1.24116680307994,-0.842152196348237,-1.69520080453653,-6.42865188698934,-0.880879994469678,-2.40390727505605,-2.54652421369486,0.133163507445961,-2.36599329523201,-3.21424467866615,-1.15236272115657,-2.00861224305214,-0.0628120014549337,-0.949364705072056,-0.651752593031548
SIDM01618,-1.13074320285406,0.610734280539123,-0.226690721638413,-0.658478206541043,0.713245971377032,0.27635426702097,0.16072762638964,1.71889222130111,0.0563385768976209,-0.0455778674278279,-1.54421794825829,1.60700218431249,-1.13812144183436,-0.892090506409925,-1.60790748614979,4.01058333165183,0.88361438151791,3.6521795967114
SIDM01619,-2.92671161561771,-1.31974770756771,-0.629155604026076,-1.32806740177619,-0.830327250644137,-0.617771377297704,-5.04519892950375,-1.01609371441979,-1.90817212415522,-1.6013578898357,-0.347073204674072,-2.0344118040514,-1.50957450112817,-1.2539747565203,-0.689207918585893,-0.0015725884007085,-1.10284071723578,-0.826735628548389
SIDM01622,-1.08326076037827,0.880569739415308,0.153395708101484,-0.104589665752039,0.904411933956918,-0.7933635314236,-1.47854639877876,0.676771156668662,-1.84125237863508,-0.620101428806277,-0.262862056794797,0.208391047829144,0.172791618534227,-0.161299017680595,2.34224503521648,0.568813980259948,0.167087339882853,0.26712909122293
SIDM01624,-1.6970735408853,1.0439583376973,0.520837256808194,0.0027452494837023,0.160047120081135,1.87966037976332,-3.31411454084267,1.03199737186644,1.48563135004238,1.62177066572617,-0.408354905501477,-0.0501587147388441,-1.02325761114532,0.893050487715938,1.2490672194406,0.2577761532616,1.0109029912905,-0.11408067919698
SIDM01628,-2.66532715828623,-1.6837012440009,-0.654103586075109,-1.82512823912823,0.102473519200776,-1.3620874521876,-4.55712696446954,-0.974660802173544,-0.291784788561368,-1.9124295132932,-0.184794753048625,-1.03787325799521,-3.50467130277682,-0.633066378412958,-0.710027683401965,-0.0612272334887454,0.220944905975908,-0.1525470107372
SIDM01629,1.32711410788799,4.88339172201076,-0.119430924392899,-0.21819484647325,0.93542675683836,0.226915967378327,-5.5797721062563,1.55551051341901,-0.742386025855311,-0.527557648242211,0.273656332595029,1.10507894862749,-0.288217930469926,-0.768557202605659,-0.504809138530803,0.22798820160058,6.35144714876023,0.184920739282669
SIDM01635,-1.96112699824671,-3.20084202374742,0.443736302425563,0.817066633398639,0.241188522495643,0.449254311564196,-7.59995429395684,0.406176997003554,1.71362481293631,1.85878577694079,5.44726794008102,-0.435697005525331,-0.245635908020335,-0.0929758774087682,1.63881688601019,0.192645919180722,1.63979951214926,-0.3537408962847
SIDM01640,-2.4299027985019,-0.643705293164762,-0.437275677286517,-1.84985517139137,7.64502414483569,-0.436788612279034,-2.10005350363143,-0.104144110870638,-1.21817416090938,-1.41025448354363,-0.460393659175937,1.87815304234546,0.460369893211086,-1.49775586736628,-1.19668658904269,2.83159807162138,1.56607446981082,-0.446089568524657
SIDM01657,-2.7997808612455,-2.00204681259389,-0.234950500320296,0.244344139579424,-0.330538662116226,-0.42731404274697,-3.58648678093588,-0.756700035113988,-1.20272875323347,-1.63644304704775,3.56590468934218,1.07209105825906,-3.07390257498121,-0.792337920781483,-1.25947259596531,1.05730796969923,-0.349805353583128,-0.630958685473822
SIDM01658,-3.68522216164082,-2.04905647506695,-0.444039586854826,-0.943816314591931,-0.0600343774796614,-0.19325036904178,-3.38337036603523,-0.664363855926392,-0.446793373422473,-1.3327372839088,-0.328061912258061,0.306137950157558,-0.825486557420828,-0.547303235556046,-1.85062747831875,0.293708171047067,-0.0211348196934395,-0.0862098994532567
SIDM01659,0.0494987886290597,0.923360659652619,0.26296812738382,0.820978905776652,1.14483700143615,4.9320831166357,-9.08665890492295,2.12727278355036,3.25046651292978,3.20084925950776,1.08192368161305,1.28027473838061,5.55559779418281,5.15004174522237,0.482211652779856,0.200538024360687,3.92362749300355,0.449019902179494
SIDM01660,0.579195199834778,2.85529189517414,2.0765945524408,2.3557902002672,2.56788562168336,3.3740433951298,-5.15009667204313,3.52673021692716,4.46754101406871,3.95565936881193,2.80363326784138,3.20589296824274,0.507339874743099,1.71141100622635,2.74917005022804,1.57731168371875,2.90874320042509,1.17009425514345
SIDM01662,-3.2890462871486,-1.56472784427643,-0.296997653002853,-0.554763328903812,1.28454071593371,0.117222940910081,-4.66196515504971,-0.615044907479341,-0.599780229282529,-1.15592203656413,-0.558870701850073,0.475600392014045,-2.13370911143881,-0.472754442826966,-1.56385335254396,1.10765278314507,-0.210509880170687,-0.244541060260797
SIDM01664,5.19161578158234,-0.883148671681634,-0.373385359996317,0.0907047120997628,-0.10784393962154,-0.881330400023629,-2.97002383405847,0.915662497287587,0.049386950053609,-1.05677659246326,-0.605655425266525,-1.16770770157679,-2.53107039741997,-0.923045224566032,0.0891528617635735,-0.0495909414909807,-0.197382994565049,-0.392573723635307
SIDM01667,-2.53619823166202,0.334345718898312,0.214275843194057,-0.154731976778,-0.421142856981747,0.878571889939354,2.51316342346874,1.45216786797662,1.34602743627952,0.761108270130485,-1.20832745648295,2.46168022688518,0.175868413758755,-1.47532720077415,-1.04320243758394,1.67854562936389,-1.47304294372571,5.68619349087801
SIDM01668,-4.51579240901533,-3.20769347864521,-0.982136873476967,-1.58310529295583,-0.701225187574195,-2.38860266973807,-6.76673729385701,-1.99197673267081,-4.19199749890455,-4.15268763223037,-0.239251780665293,-2.72124923184758,-3.62474703835185,-1.35665168163816,-3.5623297005461,-0.80337845994279,-1.37502996527951,-0.996648927831873
SIDM01672,-3.24118445384006,-2.7425585421373,-0.448491545633625,-1.44567415118893,-0.818798152566876,-1.79175666861291,-6.74643261334338,-1.45036993833585,-3.06196417405067,-3.18656876877614,-1.31481768304311,-2.38959068820933,-4.02070441738548,-1.15234200899239,-2.75580243562984,-0.4616383723359,-1.20651283677427,-0.239481663741988
SIDM01675,-2.39700125650254,-1.35358587703718,0.159129686148307,-1.70103608480173,-0.715612063673412,-0.223323880300871,-8.75682286485292,0.671004034836858,-1.68429724024045,-1.86119290864635,-0.749535093532681,-1.76855063100285,-3.06961569910323,1.85498845406841,-1.64403584745969,3.73240647493142,-2.60112316269149,-0.240448660109293
SIDM01676,-3.09026116263506,-1.67879937498649,-0.417600200634308,-1.28361587699652,0.596082430404054,-1.51104958206405,-6.74648920851015,-1.60017065908161,-3.04164427078518,-2.83938119975613,-0.732987430261389,-2.61508240152281,-3.02650562394185,-0.581115877589874,-2.10815469637888,-0.616771951024189,-0.532369454126997,-0.494072461721534
SIDM01679,-3.57248412904283,-2.79725829059642,-0.310002195109932,-2.31465758515881,-1.0900066655489,-2.11856769215495,-6.01235928845773,-1.79679662463061,-3.46241607670816,-3.67184677098911,0.288870214349352,-2.45808557978461,-4.18598414159325,-1.53535708061775,-3.74099535139059,-0.743586132609312,-1.33263835180866,-0.427595133680186
SIDM01682,-0.0464993613525274,-0.466884717658543,-0.518174799369885,-0.59354091466592,-0.835346910301656,-0.249983020821728,-4.18877986352365,-0.19533552345236,-0.609012657969563,-0.247406595237163,-0.532330615524588,-1.63501226573709,-1.67934580930633,0.128720621803812,-0.751873344543334,-0.452756893431955,-1.62538929282953,-1.14278928378281
SIDM01685,-0.533753173371731,-0.0505107752300189,-0.388673553830618,0.332290971354001,-0.274348178350643,0.596887376344474,2.69680005266003,0.471059177507556,-0.262893760283359,-0.299890388598664,0.338281474980112,2.95974180209344,-1.19855361391463,-0.408131390017377,0.0982979570155607,0.861560088810214,-0.0408490747603531,0.915741862739239
SIDM01686,-2.94331757914188,-0.932396896044636,-0.365560601098897,0.537330966007416,0.90734030496546,1.67930893111779,-1.74883264064847,0.100498080292233,-1.10983368024745,-0.829019470545426,-1.40630647435009,1.31225316319174,-1.17533646996584,-0.464215152746127,-0.972927004808761,0.629946157836028,-0.318070607289427,0.40844746086238
SIDM01689,-1.00150485538572,0.231287673523805,0.0503864593389409,1.26211802518889,1.50891013940215,1.89033258467104,0.837252998308022,0.903383805880057,-0.0668349727210872,0.0419253121968607,-0.77747328607941,3.97137351901755,0.633681448864493,-0.455759600430926,-0.237219994987864,1.61353243603053,1.36292625142652,1.69433792310615
SIDM01690,-3.58308167466871,-1.78124130213789,-0.68417765918389,0.0522446400598708,0.234341676083645,-0.0489577492172785,-5.64870460342605,-0.432034785638462,-0.767282844191341,-0.944466869890526,-0.773079681296586,0.333397397480885,-1.43663649759713,-0.217279084668666,-1.65842344542548,0.677958321474879,0.0566678931544677,0.002309265102753
SIDM01691,-0.793947664959274,2.05579864231945,-0.832353756521169,0.979207370254545,4.8383286292673,0.856884383326034,1.57518842746698,0.0373733406784092,0.445848807895205,2.43638297626531,-0.56144209021905,6.68418003625483,0.969734166058796,-1.20638512205624,1.52647302219981,3.03437956602477,1.79445308599528,1.46561048452854
SIDM01692,-0.996828737231649,3.90640522838668,0.535358126881959,2.73995904536222,3.33892703460648,2.86278296784279,3.72972990292562,10.2953518852907,8.32148762546196,7.14913725804008,-0.406271579554392,4.18746963468494,7.25858388117052,0.856391405986734,8.80986034734172,5.0245177163332,6.58304938017116,7.12889699819071
SIDM01693,-2.92298375792592,-1.08648335774499,-0.457711656497174,0.28674367906461,-0.191430816867472,0.0765146553456834,-2.6363302611249,-0.293275548201154,-0.897778483461019,-0.902101765688695,-1.28388139660308,1.57206019687044,-2.24386838726536,-0.850431349684768,-1.27405443196771,0.742786371242865,-0.802875734589652,0.553785377226012
SIDM01694,-3.96262077311657,-0.275755018639099,-0.22856374126874,2.09326840690417,0.565870061104827,0.752310345386095,-5.42071516546562,0.198867154534866,-0.351885921078388,-0.793655498067116,-0.40229898920928,1.95253808531681,-2.10497857137188,-0.396776066000436,-1.04321196761121,1.58461287392335,0.126345174363361,1.11715529309379
SIDM01695,-3.5281936686951,-1.25724732809081,-0.782684826418533,1.07840741854162,2.44041730129411,0.201420952178978,-5.59347234520496,-0.599264568750038,-0.812078795252381,-1.65806027071554,-0.600366220205841,2.96338110527299,-1.07242593428684,-1.26295977259402,-0.734346169652386,0.511786869947449,1.36224100670649,0.998733298398469
SIDM01696,0.452470601954737,3.58056806475207,1.95540332808301,2.0964019141669,2.49924129821268,4.07736200351555,-7.28167686715816,3.57846147436445,5.97494768380884,6.52562037745551,2.06156511305202,5.75879086901023,2.35832107446656,4.46766418166606,3.87847108489869,1.28667907489439,3.49781766411039,1.50042908096736
SIDM01697,4.66045782372081,4.20371461295625,-0.223829607088356,1.53107866356687,1.61012426190815,-0.146898486826582,-9.31405753068817,4.59039100582681,4.73444289886077,4.89453465613408,1.92395951806181,6.24974811655991,1.60171709732212,2.9484733582611,3.9335222405516,0.688017625857323,3.40801567401637,-0.0829657416819174
SIDM01698,1.14343051078707,5.64234821908563,1.73178122739111,1.57378924643035,0.959420675677048,0.643915099001383,-8.01651190150252,4.7096293889545,2.09612312101513,1.69562969931559,3.01396125740373,5.80395460566354,1.36063668716959,2.01286351179223,2.13517335703291,0.773089904894133,4.25306137275149,0.357671494779829
SIDM01699,3.58482960639322,3.42086563377261,-0.110015974352247,1.20063067726254,1.81733413322724,-0.515262120382844,-9.81217934597336,3.64577719051835,3.99953221071859,4.25953877758066,2.18887296387136,5.040028351816,0.965908688486286,1.93925069631109,3.03407473315761,0.975555455698746,3.65893236925361,0.0464455554326623
SIDM01701,2.97772790645669,9.62909042734342,5.53722643632224,1.25569585798726,2.16846064755539,1.50007361958501,-12.2492220206215,7.68396941601359,5.82438153228298,6.34542082692838,3.20544768880917,6.98770523306617,2.47863483732278,5.97754469342251,4.11939229496198,1.35769346992641,6.56863738177917,0.554457756820182
SIDM01702,0.448202498717556,2.94345011109632,0.812361085427492,1.07951736153036,1.28121888848199,-0.162030761746533,-13.8728741593801,3.28034263301167,1.21608317565945,2.14379230339747,1.74568497265234,3.22095328398168,0.484061543471815,0.840941281633446,1.24832285140899,1.53959316659922,4.040126878807,0.0087965258113263
SIDM01703,1.50042586883887,4.62089005462853,0.540184475883532,1.70153332218509,2.00232348530586,0.411906073718122,-12.2133144728944,4.7838505817966,3.29137485813119,3.4572627936937,1.92262667058664,4.70875337593537,1.07885436540897,2.05085649004424,2.69408494351643,1.20758852534993,3.63751918221483,0.482166300648385
SIDM01704,-1.24869671790267,2.84868368099538,1.57679023938829,0.146498071532678,-0.240880160565797,-1.20353499706384,-8.43894337587388,3.23317252136238,-0.623200054640667,0.111565272375385,1.0915312598116,1.61598941762448,0.0783526102200737,0.77176995062107,-0.118484557861454,0.402005503980756,3.82826299801473,-0.34902502097427
SIDM01705,0.639407120941724,4.37464378596185,2.13205688122415,1.99963859738964,1.166185601162,0.462637426433419,-9.43594701175327,2.46049943141482,1.98549782791276,2.62872979723561,1.96079775509855,3.7641975141891,0.39231521375978,1.82587202351982,1.09373896760644,1.23050842693389,2.92302312707555,-0.0512278092264294
SIDM01709,1.13433654349965,4.38127020809409,0.831459754630947,1.53018911791838,1.31353594338038,0.0431056876525382,-9.56981694162483,3.418388894811,2.20650849847451,2.96396763086157,2.17787599867423,4.48951841651956,0.735841609715912,2.13312446596613,1.59723509678363,0.728406626061733,2.86557831344298,-0.0674794556012654
SIDM01710,3.35728477642198,2.75513010150485,2.83134053486137,3.98167851900446,1.04896331113987,1.22520734743596,-6.08002413929139,1.53552517422249,3.84919632573331,5.92548150670856,2.00352299448136,4.04353333208396,2.09331282665366,2.42375234759142,3.37983902212179,0.559216566436285,4.97243675134419,-0.0056286837317414
SIDM01724,0.671593677192355,3.74104572734902,1.81389517065223,1.976258472694,3.00985241193099,-0.0586383493307698,-9.58095041119317,3.9952890675872,1.86976817658744,2.6467949881592,1.92469006196127,5.72470450355862,1.41134849450744,0.83934961316941,5.2589602441814,1.50116044080654,4.00047073082708,0.185427222248032
SIDM01725,0.24224918986768,3.60073060506368,3.5575497810408,1.77295336253992,1.54903228737572,0.667320539178143,-7.86431630685785,3.29293000048294,3.41910393561798,5.46586764405825,2.64265433929004,3.72807839399538,0.755998494759023,1.32038314603379,3.5861395603998,1.76042816175117,3.87171896985233,0.035535005970213
SIDM01726,0.933845949255353,4.86033278367726,-1.02565358531721,1.33386278291716,1.36644174663997,-0.155067515989924,-8.38636209880409,2.47662555869771,3.55229114028969,2.7430779338741,2.60782697113358,4.66000164658731,0.0682059375873841,2.14403618449536,2.83013521715179,0.923280868204885,2.51087661961013,-0.031740592270805
SIDM01727,-0.781318174809878,0.48415865998771,-0.464671155815749,-0.57951471807462,9.69151064274988,-0.112416983089138,-2.00499949258416,-0.349224532458772,-0.718228709838173,-1.33480312790005,-0.310748270471617,-0.260477122333944,-0.834706153944397,-0.818332668722586,-1.70681397260296,0.990049243414131,1.83788372172561,0.227710659104686
SIDM01728,-0.762438928349885,2.69017732529432,-0.198451741076386,-0.0070140102690067,0.0636816377695462,1.62694705361675,-6.81915471696931,1.33310893915489,2.93593960546102,0.779907669634088,1.1212499209872,0.269525681038643,0.465200656269292,0.83888118140539,1.10866262006663,1.24268236917126,3.7417662742191,0.0993822071538818
SIDM01729,-1.88657695712107,-0.39678470430293,-0.716716169269325,-0.679469433988939,0.119311812361955,-0.573430033814242,-5.96795631652183,-0.598837543959572,-1.18221899908008,-1.3335231457332,0.254892625548099,1.32499204353543,-1.17905168515305,-0.934458372229147,-0.90248214897696,0.636567314119958,0.155375186855557,0.222104118507609
SIDM01730,-2.37039338515513,-0.715843051897262,-0.389563085703518,0.915276150686274,0.268932955690804,0.3468801601363,-8.49082079535837,0.122980699237151,0.0079743502860016,-1.22668926969191,1.279887835976,-0.199799231907149,-1.57029257987457,0.495498481903486,-0.998264113276079,0.85952782049715,0.705650409015156,-0.278744831189948
SIDM01734,-0.240098545800439,2.72920921395363,0.370224386707126,1.37405446102236,-0.0894996730280026,8.7013899227067,-1.23806378024208,4.51872563318295,9.6570025495964,7.98052679662745,0.0690156745729864,4.10649104774265,8.02978177580905,0.614033560139514,5.29230588740801,7.97835408651393,7.72634707112802,11.8422226045969
SIDM01739,-2.11393167216458,-2.17733650823672,0.0936001124393705,-0.680611069811088,-0.380065192422956,-1.89416113568017,-5.17461207950773,-1.21569251882345,-2.66496883050395,-2.46900039676183,-0.343039448236004,-1.6146132206869,-3.05228713860801,-0.911837338364,-1.90803096423575,-0.466788298395544,-1.03975926576911,-0.0347715982370217
SIDM01741,1.35358617822354,3.11206434940164,-0.719676828505558,0.90158928125393,1.60142678480492,-0.165233913744561,-8.5957034622791,3.34147214531561,2.71637446384211,2.97067681434305,1.59254678752226,5.25068447121745,2.63591650773724,1.53549392037669,4.05744352914354,1.16544869799176,4.84036127640147,0.0854460201338502
SIDM01743,1.45937550599454,2.02927977697493,3.85208087088684,2.75894805489077,0.79949822303505,-0.375955559851374,-5.40775288688497,1.03734744431867,3.1052536747422,3.70314614831956,1.45580343778126,2.40035540094441,0.483532936190356,1.04418737820353,2.19583146493689,0.920255649114259,3.19757973329917,-0.744322872508385
SIDM01746,3.26620311549256,4.9644175244964,3.29816914825958,2.42790408553071,0.0997984236004543,0.444923165545641,-4.83936256353617,2.35971085324613,4.44635988504006,6.38881858031681,0.59895154465616,3.78195088153069,3.94378741939821,3.01879449012998,5.50456243032123,-1.11672938493325,7.43317586883639,1.02527477599012
SIDM01749,0.149574670455576,3.06561769526981,-0.682200615713238,-0.0817312815186648,0.426703179944494,-0.958806692993504,-7.28868494248976,1.09457685273261,1.99364806380232,2.64205048815429,1.42981656384482,1.7936875573743,-0.637168850170779,1.24360157183201,2.43181456474067,0.412093944777237,3.38091224816173,-0.149522208719066
SIDM01750,0.731911346711757,0.442130248560706,-0.242789273072556,1.88850947231715,1.11192477448786,0.277250103767517,-3.60162831737188,1.04422193323755,-1.0049076658325,-0.494247043883601,0.245498323644563,-0.107582818039396,-0.12934119918794,-1.3397877313507,-0.216811953701312,1.3844558282505,0.133741249081926,0.818108196975982
SIDM01752,-3.84747717827444,-1.44462747402498,-0.549530023678283,-1.48921927113315,-0.204010512531429,-1.36477844134764,-7.25152306815969,-0.469580711644905,-0.016326258219909,-0.0686806632911108,2.79326517931837,0.350148579435228,-0.950006409876578,-0.961966166986204,-0.748127739024164,-0.27488753949942,1.62654479510744,-0.645900569358296
SIDM01753,1.93118782861294,-0.660192495125288,-0.623337381217202,0.894819470889664,1.19688541381455,2.58572747107558,2.59035902506621,-0.0917927350165697,2.5469393431927,1.52654402805035,2.68364106430658,0.0722768177177641,-1.7694261820054,-0.668184539214405,0.178957386201043,0.0533633788367038,4.10679254511118,0.14266361408505
SIDM01756,1.52068426210792,-0.322879831189474,-0.118789364303061,-0.839329139568835,8.08260642887846,0.0601128567539717,3.38787089256935,-0.299734571264713,-0.586924159204047,-0.113499577232227,-0.290183361200882,2.07609159787834,0.54468375210105,-1.32007104730088,0.0595418757339192,3.00396901614519,-0.0255284399850148,-1.17968864723124
SIDM01757,-3.38548468719046,1.19538483665389,1.44043868432785,0.132015954847104,1.62351493386111,2.45857760059569,-9.531632510454,0.823589357838258,1.81295488181105,1.11065421403178,2.16058700482625,1.38127645595775,-1.62136500307796,1.27001904173914,0.333168171188198,1.13741688944155,1.4081389083324,0.604457997592577
SIDM01758,-2.96276623229442,-1.81197142061715,-0.307665237460087,-0.628064987738226,-1.25898547597996,-1.10805847848385,-0.150194709235038,-0.804954998864956,-1.92368542648393,-1.94358992957798,-0.817059985654635,-0.268971699032549,-2.32215045999806,-1.48425189155876,-1.70157717381357,-0.134957740987343,-1.33098368806353,0.451192096098137
SIDM01759,1.44614483170612,4.01911976021351,1.07325120213363,1.48319327369772,0.837400259285367,0.671114112817528,-7.47200004608782,2.28346441016821,2.20079171883609,3.03119528314003,2.01783785573088,3.7892036690405,0.83298197544776,1.94070105058598,2.86203625849981,1.34586211595015,4.85062899755014,0.30120707403076
SIDM01760,-2.28422929123404,-1.06514921156494,-1.14540486227862,-0.533478208797702,-0.103906899840601,-1.31542467769945,-2.40105639073597,-1.33200463232305,-1.93124760882942,-2.92310161715575,-0.202505517779704,-0.643717800437541,-2.86719274793901,-1.02331911416166,-1.48820124917826,-0.633636624902953,-0.653916203541813,-0.61150347731518
SIDM01761,2.3237467399242,1.63744735315869,-1.35598750225454,-0.569098793372537,0.137124539018704,-0.542244537333285,-2.48578972277049,1.63704545962154,1.20690016593493,1.40034071375653,1.17807773470417,1.34179372760532,2.0942283474171,0.607977932472791,2.01945567994041,0.283611380184489,1.61167572936423,-0.64586196289121
SIDM01762,-3.37210030032219,-0.290037188039226,-0.723602250883285,-0.365654165850034,1.28298286417573,0.104343513342331,-9.5402300588759,-0.074818060108367,0.426351743241137,-0.380951113267478,1.12197042250646,0.374830300114257,-2.01455107432929,-0.0248306280583757,-0.157142176111714,0.815519394475558,1.25369108118914,0.325279818087849
SIDM01763,-2.45911363783635,0.570593334724955,0.442165779722477,0.437155121752535,1.31543101905562,0.368003468379586,-9.34010813905015,0.665568383073336,0.785565215908141,0.599160068163425,0.93542307806892,1.26840031733399,-1.12792052978337,0.355025369200229,0.0011516365458871,0.733742468341077,1.68443539786271,0.390893500873276
SIDM01764,-2.61277730790311,2.13636942681051,0.653866490676867,0.259628242480904,1.35906243490746,1.71502726769306,-6.9796044277435,1.24671979705661,2.71415869587765,2.51987122862602,1.07076736101688,2.96675957336656,1.20390901445414,1.6373704975265,1.6586447855106,1.3054562722103,1.72159354601196,0.965885924846666
SIDM01765,-1.07542914591252,2.00073126886929,0.0869322712717524,0.356265443588683,1.24932965366276,0.30595442527325,-11.0298866772119,1.97268112891875,2.09672479382026,1.75155512986462,1.66226127481896,3.39511474510034,-0.361161833556331,1.49407305882495,1.3302109819493,0.855305638234822,2.81649414174215,0.342987890615131
SIDM01766,-2.46674421378918,-1.31906091686555,-0.0459336644344642,-0.480153231414581,-0.303355558283442,-0.632609049190746,-7.6082006163559,0.0760799095809727,-1.01641893680363,-0.971790875276942,0.0595857152610954,-1.02917348075584,-1.79104025337218,-0.0788122989306367,-1.79889377626891,-0.0135560046966228,-0.114338086074761,-0.507362043825078
SIDM01767,0.812937547303167,-0.0385192006626312,0.119485679507614,-0.644575429928674,-0.437320722998321,0.321484792919854,0.394086085804467,-0.612806449497757,0.497923909753628,0.641630836217058,0.26462037231819,-0.34819347291364,-1.10731111193696,0.525612148526551,1.39152775887149,-0.514252018559406,0.445233590493469,-0.21153179986764
SIDM01768,-3.25907911437871,-0.187623608313459,-0.232675818086926,0.360452162944566,1.57120632716201,2.02604322237059,-9.32530124757562,1.00699411228153,0.173907700627917,-0.207390992116656,0.928285301855475,0.932014727387879,-1.95763103676266,-0.102991089936784,-0.372976987551892,0.779438163758359,0.632329918369787,0.638388776024104
SIDM01770,-0.782405964153772,0.680573903946522,1.36672309131793,-0.665777572559501,4.82650890130874,-1.56961195330748,-2.66912917121305,0.118554525077126,3.61246940402593,1.58471462889816,1.84603133903402,-0.184306415097986,-1.61821308627008,-1.08720053551685,-2.45613565911016,0.0479669476523779,0.571500845121134,-0.650849550521349
SIDM01771,-0.918903193800705,-0.668395745302282,-0.183446304764026,-0.186780376247637,0.731378768870738,-1.07939084677744,-2.95860003063537,-0.903602681903173,-1.93112331149273,-2.33234952346801,-0.351917606183789,-0.326991862378881,-1.92209819813896,-0.571823659821156,-0.861913069001099,0.11511610639,0.593707134205566,-0.451882622368296
SIDM01772,3.09263946071448,4.3946490550237,3.93342349958961,2.63922421596041,1.2986199518564,0.69936389702811,-6.96089698989215,2.86551796650307,4.7885182025763,5.45008355598705,1.67347916366585,4.85711944032287,0.406631079285517,1.68290936644892,4.33693064876266,1.58698233145118,5.09457791614575,2.6312063177842
SIDM01773,-2.05607437376924,0.461774054813501,-0.338265246499159,0.129460648638581,0.0328641650887748,3.33650331840157,1.28669132846356,0.480368905232835,6.17570212178227,5.02594082799879,-0.652753422802171,6.20465041625064,3.95490967485839,-0.284145209427418,2.27693727028979,0.414315666462096,2.30268104463652,1.83908599019276
SIDM01774,-1.28985648266585,1.33416457224597,0.630836015703424,-0.646339430631192,0.332936853513393,0.135178376938184,-4.14598752186662,-0.108778163646345,0.787576071661606,-0.00223173944085,0.0798710840302671,0.2190206392094,-1.0034154040663,0.62688848338472,1.48867477486949,-0.0416509187364913,1.14114123736021,0.39622176108368
SIDM01775,-1.03385597427633,0.162142414450243,-0.451010321621477,-0.985486241820184,1.19231484623136,2.47748904003902,1.0383533135112,1.81425013434449,1.27840487188727,2.72074996503064,-0.787029194398359,1.99772634625154,0.733394265041565,-0.866090565930719,-0.81283352298345,5.56643500062406,2.68890755413168,8.92817100476421
SIDM01777,1.01699999222943,1.16220631124586,0.031441909287238,-0.374704221000921,0.535217333676886,2.56234732240277,-5.95597902379337,0.77264383622474,2.75941337835724,2.38487518612053,2.22095203022104,1.03384239332914,1.0360188217548,2.27948420481093,0.786736314183972,2.67987281654844,2.20156622611269,-0.234775153079872
SIDM01779,1.06300231408365,2.25130318016971,0.632023370793098,1.50561792099879,1.28679368036104,2.73362111532353,-2.88476593083931,1.91865137423619,4.61841444810172,4.29076091947525,1.82598908654076,1.90187616931292,3.92365511722369,2.40198588688045,2.07148540692114,0.969651691926877,1.5554626651929,0.623754338670421
SIDM01780,-0.941429771818618,3.24537100113619,-0.354043665832984,1.08950088077525,1.15760320242157,3.9372306185573,2.92845885263827,1.99207657020672,3.34524078207353,2.9062417058167,-0.484779628227956,6.71260659763933,2.90397844216585,-0.0031829245228239,-0.184177917600189,2.57585758888805,-0.522992619977112,4.82538748768833
SIDM01781,2.22896321024147,-1.01676079882872,-0.571683583348936,-0.318033301766383,-0.125831382441314,1.87282480086292,-1.70396298195124,0.118216397921757,1.68207479612541,1.54870010475808,0.805598242143018,3.87905717366638,-1.27383867249889,0.0921644750315767,-0.405324969263386,0.0321708157557414,0.415731358069995,-0.391366925653813
SIDM01782,-3.89681255442502,0.505296922453642,0.534713542264578,0.442310332695099,0.871752761998791,1.05695465343047,-11.8915382332585,0.44705861789756,1.54935701782475,1.06501673223262,1.64915106837417,1.22989134722108,-1.60202807451879,0.800251428951693,-0.103855379917147,1.07980667466817,1.35739673281192,0.715942513629997
SIDM01820,-1.75010880364727,1.25955168387685,-0.530616114140684,1.49400041811762,1.50622548403844,1.93942002268807,-8.59233690945736,0.816692537484152,2.20796663816845,0.652857581898795,2.29872160792539,2.85679099270033,-0.711199338712105,1.06062740581305,-0.108976864925659,1.95076321861812,2.66057864462655,0.777942737111878
SIDM01858,-1.07968333039097,1.12583852972612,0.0526844297271901,0.417973303022986,0.452872718374227,1.10778988642184,4.47312924728624,0.896047460820702,2.16833583663214,1.11697406822013,-0.582561018419001,4.33012864337936,0.164793538275911,-0.892465022550195,0.767439560852758,1.56905174933544,0.911752090145703,2.71258312714423
SIDM01859,-2.78335695498286,-1.01938532186963,-0.794214083794503,-0.566673354731469,-0.812732752629734,0.436930080687184,-1.90149135654099,1.40867475423735,0.828386170925702,-1.29322524125777,-0.957363213754206,0.0117470642859951,-1.58172901899284,-0.472820609801378,-1.23360752362454,0.531276901138358,-0.298119342522318,-0.938812100610546
SIDM01873,-2.82766678853414,0.519599610112143,0.0834568120600457,0.275075391686167,1.54185989448868,1.47768788032645,-8.1652958517554,0.365506651856689,-0.480534284270741,0.256965219404508,0.556317501587962,5.83314137741458,-0.88260393446115,0.0770027454562032,-0.0355487128042983,0.782040509121516,1.40279372740026,0.523178027763449
