"gene","sample","TF activity score"
"AR","SIDM00001",-3.54127610566524
"AR","SIDM00005",-3.98764692496725
"AR","SIDM00008",-1.88377271567201
"AR","SIDM00011",-1.05845759520432
"AR","SIDM00015",-2.53537713307165
"AR","SIDM00016",-2.37313400866721
"AR","SIDM00017",-0.832785802296705
"AR","SIDM00029",-2.60415602115535
"AR","SIDM00032",-2.57215007501581
"AR","SIDM00036",-1.01174632066303
"AR","SIDM00046",-1.21648182848068
"AR","SIDM00062",-0.364046500552653
"AR","SIDM00063",-1.18562107216488
"AR","SIDM00065",-1.49323158603959
"AR","SIDM00071",-2.51971341856935
"AR","SIDM00074",-3.67520327634202
"AR","SIDM00078",-1.91726431342901
"AR","SIDM00079",-1.31590210918879
"AR","SIDM00080",-1.92950852772584
"AR","SIDM00081",-2.24085358588928
"AR","SIDM00083",-1.12174278582366
"AR","SIDM00084",-1.73756994146847
"AR","SIDM00085",2.95746492439325
"AR","SIDM00087",-1.96262971746407
"AR","SIDM00088",-3.85228403949501
"AR","SIDM00090",1.24508155138324
"AR","SIDM00092",-1.34769389006498
"AR","SIDM00093",-1.80579252460288
"AR","SIDM00095",0.931952409438241
"AR","SIDM00097",0.0744203145552123
"AR","SIDM00105",-4.09124338832522
"AR","SIDM00107",-2.58981600744916
"AR","SIDM00108",-2.8876064122043
"AR","SIDM00116",-2.78571421779754
"AR","SIDM00117",-2.77192442562879
"AR","SIDM00119",0.857844057891893
"AR","SIDM00122",0.600351175656552
"AR","SIDM00123",-1.08227363748776
"AR","SIDM00124",-0.0874315238606068
"AR","SIDM00125",0.0426015998786916
"AR","SIDM00130",-1.91920703861766
"AR","SIDM00131",0.550201789590108
"AR","SIDM00132",1.77974950044173
"AR","SIDM00133",2.87892723327925
"AR","SIDM00134",-0.0750442248320917
"AR","SIDM00135",1.59320940442418
"AR","SIDM00138",-2.84307652767392
"AR","SIDM00139",-0.705351756553362
"AR","SIDM00140",-0.381516056172901
"AR","SIDM00142",-0.0520638488461272
"AR","SIDM00143",-1.53048059859546
"AR","SIDM00144",-0.253096239048559
"AR","SIDM00146",-0.949211063831871
"AR","SIDM00147",-1.44583270288096
"AR","SIDM00148",-1.36227950391538
"AR","SIDM00149",-0.482126266839513
"AR","SIDM00150",-4.08680343532383
"AR","SIDM00151",-1.27955595574521
"AR","SIDM00153",-2.09080396307953
"AR","SIDM00158",-1.39421430647567
"AR","SIDM00159",1.07021324699112
"AR","SIDM00160",-1.73951559829992
"AR","SIDM00161",-3.50613548580852
"AR","SIDM00162",-1.32639654335203
"AR","SIDM00163",2.02315170600286
"AR","SIDM00164",-2.43290079622775
"AR","SIDM00165",-0.670292687379632
"AR","SIDM00166",-0.4027467657161
"AR","SIDM00167",-1.04447516537846
"AR","SIDM00168",-2.07853857686223
"AR","SIDM00169",-2.65741364072565
"AR","SIDM00170",-2.68799524735317
"AR","SIDM00171",-1.86318868598485
"AR","SIDM00173",2.47147904400792
"AR","SIDM00192",-1.39110349801769
"AR","SIDM00194",-0.876976472375483
"AR","SIDM00210",-0.661270092074238
"AR","SIDM00212",-2.90045656020736
"AR","SIDM00213",-1.50336786559666
"AR","SIDM00217",-0.436986207964116
"AR","SIDM00220",-4.09910614994144
"AR","SIDM00222",0.148025799021309
"AR","SIDM00226",-1.71563509119693
"AR","SIDM00228",-3.23710768853619
"AR","SIDM00235",1.74456886206711
"AR","SIDM00237",-0.487850735253451
"AR","SIDM00238",1.0698929628476
"AR","SIDM00239",0.859913308870769
"AR","SIDM00247",-0.963814718824298
"AR","SIDM00248",-1.56125305009719
"AR","SIDM00249",-1.83890171949643
"AR","SIDM00250",-2.70648402227886
"AR","SIDM00271",-0.693564701430288
"AR","SIDM00272",-0.61230489721297
"AR","SIDM00273",-2.71619020153058
"AR","SIDM00278",-2.02811073760296
"AR","SIDM00279",-2.17650455122854
"AR","SIDM00280",-2.11732803507407
"AR","SIDM00282",-0.112909716951892
"AR","SIDM00284",-2.92399988378394
"AR","SIDM00286",-3.84338452844707
"AR","SIDM00290",-1.48281185358089
"AR","SIDM00298",-2.60634612435251
"AR","SIDM00301",-1.66131477440402
"AR","SIDM00303",-3.00468594060737
"AR","SIDM00305",-1.78955131341874
"AR","SIDM00306",-1.83957338763008
"AR","SIDM00307",-2.86579105938761
"AR","SIDM00312",-3.24313508395229
"AR","SIDM00313",-1.45570037036975
"AR","SIDM00314",-2.93182710179781
"AR","SIDM00315",-1.47356801252016
"AR","SIDM00318",-3.59347394316894
"AR","SIDM00321",-1.12524458781376
"AR","SIDM00322",-2.73008422572523
"AR","SIDM00325",-2.4625968672976
"AR","SIDM00327",-2.39872496511139
"AR","SIDM00329",-3.55548336281473
"AR","SIDM00331",-1.88721235584679
"AR","SIDM00333",-2.99337468333628
"AR","SIDM00334",-1.67933913304248
"AR","SIDM00335",-2.04485962218691
"AR","SIDM00336",-1.53832126279081
"AR","SIDM00337",-1.30768033462517
"AR","SIDM00338",-1.32955915706326
"AR","SIDM00339",-3.17480606344639
"AR","SIDM00340",-2.88791126579763
"AR","SIDM00341",-2.11699032478634
"AR","SIDM00342",-2.51419225026036
"AR","SIDM00344",-3.1082601209476
"AR","SIDM00345",-3.27844454428834
"AR","SIDM00347",-3.53099026981481
"AR","SIDM00348",-1.06731544245352
"AR","SIDM00352",0.277748063722384
"AR","SIDM00353",0.526866755880852
"AR","SIDM00354",-1.22175108145434
"AR","SIDM00355",-1.2887177261468
"AR","SIDM00356",0.960037527881325
"AR","SIDM00358",-2.65431695530191
"AR","SIDM00359",-2.12112430283961
"AR","SIDM00360",-1.43450643851333
"AR","SIDM00363",-0.564057311883209
"AR","SIDM00368",-1.8508880122273
"AR","SIDM00369",-0.872740508992908
"AR","SIDM00370",-2.41095529094211
"AR","SIDM00373",-2.40867208023453
"AR","SIDM00376",-3.57277150398155
"AR","SIDM00380",-1.29931079710613
"AR","SIDM00382",0.304707205433996
"AR","SIDM00386",-0.914385504248135
"AR","SIDM00387",-3.17666931461136
"AR","SIDM00390",-1.66435601171723
"AR","SIDM00391",-2.95231100103904
"AR","SIDM00392",-0.766078600877839
"AR","SIDM00395",-2.01210548229529
"AR","SIDM00396",-0.581090586013044
"AR","SIDM00402",-0.908482268790451
"AR","SIDM00403",-1.74691651610465
"AR","SIDM00405",-2.85626056635946
"AR","SIDM00419",-1.88889695224739
"AR","SIDM00421",-1.66640980065726
"AR","SIDM00423",-1.641923010122
"AR","SIDM00425",0.0665835833449375
"AR","SIDM00426",-0.729492835228985
"AR","SIDM00428",-1.01040970993922
"AR","SIDM00429",-3.56501042827493
"AR","SIDM00431",0.0200093862245295
"AR","SIDM00433",-3.57128846204199
"AR","SIDM00434",-1.92449080107947
"AR","SIDM00435",-1.68562032714559
"AR","SIDM00437",-1.94349330903007
"AR","SIDM00442",0.0138371129612527
"AR","SIDM00443",-3.04567369036748
"AR","SIDM00446",1.94413141278741
"AR","SIDM00447",-2.60981020320768
"AR","SIDM00449",-0.139103744134018
"AR","SIDM00450",-1.2319862373896
"AR","SIDM00451",-2.89644567822931
"AR","SIDM00452",-2.42432127358228
"AR","SIDM00453",-0.196210816683632
"AR","SIDM00454",-0.763202140258648
"AR","SIDM00455",-0.962284955252943
"AR","SIDM00457",-3.0377722883561
"AR","SIDM00458",-0.897737304400183
"AR","SIDM00460",-0.737233355760858
"AR","SIDM00461",-0.361478714356031
"AR","SIDM00462",0.91055755719234
"AR","SIDM00463",-1.87630120810013
"AR","SIDM00469",-1.14791150791005
"AR","SIDM00473",-4.45635782940585
"AR","SIDM00474",2.09702994529327
"AR","SIDM00475",0.926794306756639
"AR","SIDM00477",0.95401665172869
"AR","SIDM00478",-4.1954612273277
"AR","SIDM00479",-0.918563901316014
"AR","SIDM00480",0.77175532879756
"AR","SIDM00481",0.370847333791134
"AR","SIDM00484",-3.38279843145128
"AR","SIDM00485",-3.22694261289136
"AR","SIDM00486",-4.06662069475081
"AR","SIDM00492",-1.48688633075005
"AR","SIDM00493",-3.09167428505567
"AR","SIDM00494",-2.2613028771882
"AR","SIDM00495",-2.27330095693329
"AR","SIDM00497",-2.11026705521486
"AR","SIDM00499",1.51018989630707
"AR","SIDM00500",-1.9325838975931
"AR","SIDM00502",-3.43630064118961
"AR","SIDM00503",-0.425542670531813
"AR","SIDM00505",-1.80934312366695
"AR","SIDM00506",-3.22194521184399
"AR","SIDM00509",-2.5680772141916
"AR","SIDM00511",-2.14900536758018
"AR","SIDM00512",-0.873251956676264
"AR","SIDM00513",-2.51915821001845
"AR","SIDM00515",-3.52605357747011
"AR","SIDM00521",-1.34595952957568
"AR","SIDM00522",-1.20679714132396
"AR","SIDM00523",-2.1351812022029
"AR","SIDM00524",-3.19374716680929
"AR","SIDM00525",-1.57527719660278
"AR","SIDM00526",-3.86510475041902
"AR","SIDM00529",-3.20111122194149
"AR","SIDM00531",-0.135714636917213
"AR","SIDM00533",-2.07069942524752
"AR","SIDM00536",-2.89766382391469
"AR","SIDM00545",-1.55435500993404
"AR","SIDM00546",-1.88708043370336
"AR","SIDM00547",-2.97039690272728
"AR","SIDM00548",-2.69420770666044
"AR","SIDM00552",-1.27625904095983
"AR","SIDM00554",-4.16900601568803
"AR","SIDM00555",2.52628928894705
"AR","SIDM00556",-3.053411412031
"AR","SIDM00557",-3.66256669387178
"AR","SIDM00560",-0.138414211000984
"AR","SIDM00564",-0.291952662269632
"AR","SIDM00567",-3.90150598962017
"AR","SIDM00568",-0.61559881016327
"AR","SIDM00570",-1.92044405714418
"AR","SIDM00571",-1.92090286276911
"AR","SIDM00572",-1.79037747227167
"AR","SIDM00575",0.687896039881749
"AR","SIDM00578",-0.454149581346305
"AR","SIDM00580",-1.71831580588433
"AR","SIDM00581",-1.88233498678348
"AR","SIDM00582",-3.61732082420435
"AR","SIDM00585",0.725955629381763
"AR","SIDM00586",-0.623158969809487
"AR","SIDM00587",1.33725536706022
"AR","SIDM00588",-4.04273389303761
"AR","SIDM00589",-1.14666967544392
"AR","SIDM00590",-3.96453825417478
"AR","SIDM00593",-0.19406136104562
"AR","SIDM00594",-0.0233862557468352
"AR","SIDM00595",-2.37047888218814
"AR","SIDM00598",-2.64019929584315
"AR","SIDM00602",-1.05415086237102
"AR","SIDM00605",-2.29647322757876
"AR","SIDM00607",-2.17619433392974
"AR","SIDM00608",-2.75796933472848
"AR","SIDM00609",-1.83146215516804
"AR","SIDM00610",-0.529575679225728
"AR","SIDM00611",3.73621501153465
"AR","SIDM00613",-1.57200966832323
"AR","SIDM00614",-0.151520777888533
"AR","SIDM00615",-1.95189529999144
"AR","SIDM00616",-1.20085495686175
"AR","SIDM00617",0.655081005028599
"AR","SIDM00618",-1.90055658296851
"AR","SIDM00625",-1.70393116270916
"AR","SIDM00628",-3.3170002848967
"AR","SIDM00629",-2.29589818211064
"AR","SIDM00630",-1.50382841405873
"AR","SIDM00633",0.965311303912911
"AR","SIDM00634",-2.34668940129483
"AR","SIDM00637",-3.72492173052639
"AR","SIDM00639",-2.00873164462683
"AR","SIDM00640",-1.62816375115571
"AR","SIDM00641",-2.33396163842369
"AR","SIDM00644",0.108481350375283
"AR","SIDM00645",0.106329114989994
"AR","SIDM00646",-2.34218101664456
"AR","SIDM00649",-3.66895785471414
"AR","SIDM00651",-0.708919853744392
"AR","SIDM00652",-3.89888014333667
"AR","SIDM00653",-2.61374906012173
"AR","SIDM00654",0.0513090465785749
"AR","SIDM00657",-0.866421747850032
"AR","SIDM00658",-2.91713569243716
"AR","SIDM00660",-3.18062647639767
"AR","SIDM00661",-2.3867392485472
"AR","SIDM00662",2.15995377817825
"AR","SIDM00663",-1.21181854909329
"AR","SIDM00664",-2.01804464872565
"AR","SIDM00665",-0.969644568700127
"AR","SIDM00666",-2.22890294085803
"AR","SIDM00669",1.14335723806427
"AR","SIDM00670",-2.91784444405618
"AR","SIDM00671",-1.63160033776596
"AR","SIDM00672",1.43241011459718
"AR","SIDM00673",-1.38447142675269
"AR","SIDM00675",-0.424164579508458
"AR","SIDM00676",-1.22605690309094
"AR","SIDM00678",-1.46466935454324
"AR","SIDM00681",-1.89401877335354
"AR","SIDM00683",8.04122037829914
"AR","SIDM00684",-1.03975203697932
"AR","SIDM00685",-2.9034718685493
"AR","SIDM00686",-0.174444879989685
"AR","SIDM00687",0.142183359986729
"AR","SIDM00689",-2.10705390829865
"AR","SIDM00693",-0.243714696787529
"AR","SIDM00694",-1.20716703608832
"AR","SIDM00695",-2.64304720727512
"AR","SIDM00697",-2.69932759572773
"AR","SIDM00698",-1.90306566094518
"AR","SIDM00702",-2.18873133748363
"AR","SIDM00703",-0.05036415235694
"AR","SIDM00704",-2.02062762630728
"AR","SIDM00706",-2.62477548563053
"AR","SIDM00708",-0.656057352395058
"AR","SIDM00709",0.575274236376117
"AR","SIDM00710",-2.98696719183739
"AR","SIDM00711",-3.92063691555853
"AR","SIDM00713",-1.67198785114889
"AR","SIDM00715",-1.07649442443663
"AR","SIDM00716",-0.240573671481893
"AR","SIDM00718",-2.69840177083513
"AR","SIDM00720",0.0587984479014473
"AR","SIDM00722",-0.763045242506316
"AR","SIDM00723",0.89604996511611
"AR","SIDM00724",-2.39345193299953
"AR","SIDM00726",0.656333020667744
"AR","SIDM00727",-0.959327904540306
"AR","SIDM00728",-1.89331704887884
"AR","SIDM00729",1.64582840926581
"AR","SIDM00730",-3.17008996106367
"AR","SIDM00731",-2.88804749587976
"AR","SIDM00733",-2.80935014309635
"AR","SIDM00734",-2.56600173319076
"AR","SIDM00735",-2.1531019606357
"AR","SIDM00738",-1.67958419710489
"AR","SIDM00739",-1.54748885557247
"AR","SIDM00740",-0.510415207381586
"AR","SIDM00741",-3.29329857676243
"AR","SIDM00742",-4.25749067217356
"AR","SIDM00743",-2.41094512012471
"AR","SIDM00744",-3.32943735505241
"AR","SIDM00745",-3.30151912899091
"AR","SIDM00746",-1.91198539390562
"AR","SIDM00747",-2.74915960387234
"AR","SIDM00748",-2.69128750148293
"AR","SIDM00749",-3.1593465361572
"AR","SIDM00750",-1.13123043213811
"AR","SIDM00751",3.79291460054571
"AR","SIDM00753",-1.33997064848279
"AR","SIDM00754",0.0917540363080595
"AR","SIDM00755",-1.53393937855013
"AR","SIDM00756",-1.59036323198778
"AR","SIDM00757",-2.67111918965666
"AR","SIDM00759",-1.93754829231962
"AR","SIDM00760",-3.0939444537927
"AR","SIDM00761",-2.61853945039722
"AR","SIDM00762",-1.76920583316056
"AR","SIDM00763",-3.89677783941412
"AR","SIDM00766",-3.08173114070409
"AR","SIDM00768",0.832573470715782
"AR","SIDM00769",-1.09327574561616
"AR","SIDM00771",-1.39007221970909
"AR","SIDM00772",2.44755417937017
"AR","SIDM00774",-0.969003899165148
"AR","SIDM00775",-0.311391995491479
"AR","SIDM00776",-2.76393653097389
"AR","SIDM00777",-3.71731587480304
"AR","SIDM00778",-3.99243023561938
"AR","SIDM00779",-1.71905635236234
"AR","SIDM00780",-2.91166401116354
"AR","SIDM00782",-1.3821749160669
"AR","SIDM00784",-1.1542455038286
"AR","SIDM00785",-1.73967477889529
"AR","SIDM00791",-2.07194135125673
"AR","SIDM00795",-3.07017965601421
"AR","SIDM00796",-2.1919278499126
"AR","SIDM00797",-1.55972675282597
"AR","SIDM00798",-4.14330596388613
"AR","SIDM00799",-1.74207814729829
"AR","SIDM00800",-2.8242513016695
"AR","SIDM00801",-2.55773827511343
"AR","SIDM00803",-0.283780607314507
"AR","SIDM00806",-2.7093098404992
"AR","SIDM00812",-1.4557392597254
"AR","SIDM00823",1.17145846637617
"AR","SIDM00828",-0.659706643955936
"AR","SIDM00829",-3.79549367843314
"AR","SIDM00831",-2.31223669198045
"AR","SIDM00839",-2.12347314974755
"AR","SIDM00840",-1.31909860313595
"AR","SIDM00844",-2.2936807379448
"AR","SIDM00845",-3.59641549016387
"AR","SIDM00847",-1.42212735227085
"AR","SIDM00848",-1.96894807181863
"AR","SIDM00849",-3.6290866560677
"AR","SIDM00850",-0.200045723791067
"AR","SIDM00851",-0.860603007348633
"AR","SIDM00852",-2.46275140145257
"AR","SIDM00853",-4.95665145085823
"AR","SIDM00854",-3.83068653452157
"AR","SIDM00855",-1.54539887071575
"AR","SIDM00856",-1.93822799695964
"AR","SIDM00857",-0.232951016806335
"AR","SIDM00858",0.496678049950323
"AR","SIDM00860",-3.07838670524011
"AR","SIDM00861",-2.6551599186136
"AR","SIDM00862",-3.23394404161849
"AR","SIDM00865",-3.2495372568394
"AR","SIDM00866",-3.7319192674601
"AR","SIDM00867",-1.80515782402915
"AR","SIDM00870",-1.34979424323677
"AR","SIDM00872",-0.0052280993093128
"AR","SIDM00874",-2.84266125142695
"AR","SIDM00877",-2.0979055230825
"AR","SIDM00878",-1.42475299915846
"AR","SIDM00879",-1.7166251494721
"AR","SIDM00881",-2.28917680439223
"AR","SIDM00882",0.64883111190585
"AR","SIDM00884",-2.8105060432661
"AR","SIDM00886",-2.58736943569067
"AR","SIDM00887",-3.42574545967458
"AR","SIDM00888",-2.15276212189438
"AR","SIDM00890",-0.905778117370024
"AR","SIDM00892",-2.23430681813947
"AR","SIDM00893",-0.31761095052236
"AR","SIDM00894",-2.19876804757067
"AR","SIDM00897",0.800907673573337
"AR","SIDM00898",2.00694637921969
"AR","SIDM00899",-1.10881990706703
"AR","SIDM00901",-3.32079654693755
"AR","SIDM00903",1.03345472053757
"AR","SIDM00904",3.08340492959684
"AR","SIDM00907",-4.73111998906108
"AR","SIDM00909",-1.81444409705459
"AR","SIDM00910",-1.73498280191478
"AR","SIDM00914",-0.185772740989476
"AR","SIDM00918",-4.73963202780766
"AR","SIDM00919",-2.66653385394352
"AR","SIDM00920",-2.28406767569706
"AR","SIDM00921",-3.34819855460383
"AR","SIDM00922",-2.45324827560154
"AR","SIDM00924",-3.86024884003477
"AR","SIDM00925",-1.29321355330404
"AR","SIDM00926",-1.50728598234296
"AR","SIDM00928",-2.70001452523019
"AR","SIDM00931",-2.23057104723649
"AR","SIDM00932",-0.700050765183503
"AR","SIDM00933",-3.18748165715141
"AR","SIDM00934",-3.78980729774475
"AR","SIDM00936",-2.16632332796451
"AR","SIDM00937",-4.07418761473568
"AR","SIDM00938",0.302452085907224
"AR","SIDM00939",-2.74345188476978
"AR","SIDM00940",-1.10451683321197
"AR","SIDM00941",0.984690488074478
"AR","SIDM00942",-2.31525951580989
"AR","SIDM00943",-2.43075906667704
"AR","SIDM00944",-2.13104052698519
"AR","SIDM00945",-2.44028069623996
"AR","SIDM00947",-1.79378103665287
"AR","SIDM00949",-2.34136216634632
"AR","SIDM00950",-1.60056395571213
"AR","SIDM00955",-1.76840421042011
"AR","SIDM00956",-2.66530253673715
"AR","SIDM00957",-2.50939541325681
"AR","SIDM00959",-3.4305873406768
"AR","SIDM00961",-2.20305116507819
"AR","SIDM00963",-1.31992706642803
"AR","SIDM00965",-2.02882480835602
"AR","SIDM00979",-3.89637074226812
"AR","SIDM00980",-1.90061578610303
"AR","SIDM00981",-3.91485181466874
"AR","SIDM00982",-1.88985096799607
"AR","SIDM00983",1.77971025157323
"AR","SIDM00985",-4.39675924641926
"AR","SIDM00986",-5.32642717230246
"AR","SIDM00987",-2.1637473753643
"AR","SIDM00988",-2.44537941026913
"AR","SIDM00989",-3.03513123027486
"AR","SIDM00990",-2.7540417340241
"AR","SIDM00991",-1.6927364830518
"AR","SIDM00992",-3.03149437819986
"AR","SIDM00993",-2.60119904760851
"AR","SIDM00994",-1.26495863039265
"AR","SIDM00996",-1.35132676552828
"AR","SIDM00997",-0.208931582286066
"AR","SIDM00998",-2.66292688497013
"AR","SIDM00999",-1.54107457635704
"AR","SIDM01000",-2.39143964767854
"AR","SIDM01001",-0.00355851664462438
"AR","SIDM01002",-0.469242060721706
"AR","SIDM01003",-3.08936165925806
"AR","SIDM01004",-1.06251561336829
"AR","SIDM01005",-2.53887658948254
"AR","SIDM01008",-2.10826750619642
"AR","SIDM01009",-2.8045701306772
"AR","SIDM01010",-2.16737724375256
"AR","SIDM01012",-3.51010150488949
"AR","SIDM01013",-2.99308939549619
"AR","SIDM01015",-2.21718987747868
"AR","SIDM01016",-3.84591486274743
"AR","SIDM01018",-2.37956488809123
"AR","SIDM01020",-3.05211826375705
"AR","SIDM01022",-2.27072691215077
"AR","SIDM01023",-2.26098250837671
"AR","SIDM01024",-1.66087503000703
"AR","SIDM01025",-3.90183369800619
"AR","SIDM01026",-2.04955990430694
"AR","SIDM01027",-0.386347590998415
"AR","SIDM01028",-3.21547544884555
"AR","SIDM01029",-3.9224705664609
"AR","SIDM01030",-3.19191849828627
"AR","SIDM01031",-3.00686085591246
"AR","SIDM01032",-4.41110159879855
"AR","SIDM01033",-3.89998541541821
"AR","SIDM01034",-1.45490969425179
"AR","SIDM01036",-2.23456423856647
"AR","SIDM01037",0.850501856379384
"AR","SIDM01038",-2.51847406905272
"AR","SIDM01040",-2.59734271350625
"AR","SIDM01043",-0.920192040692899
"AR","SIDM01044",-0.535114916730638
"AR","SIDM01045",-3.92738799982536
"AR","SIDM01048",-1.43900317025518
"AR","SIDM01049",-2.41420767012976
"AR","SIDM01051",-3.6674720959214
"AR","SIDM01052",-2.66235899423832
"AR","SIDM01055",-3.30886560952781
"AR","SIDM01056",-0.398194325852649
"AR","SIDM01057",-3.10823619038916
"AR","SIDM01058",-4.45130026136772
"AR","SIDM01059",-2.64601433762261
"AR","SIDM01060",-1.34082204866398
"AR","SIDM01062",-3.51753905280563
"AR","SIDM01063",0.524095306780109
"AR","SIDM01066",-0.227114253031044
"AR","SIDM01067",-3.41557026519217
"AR","SIDM01068",-2.09939600739051
"AR","SIDM01069",-3.32091863191965
"AR","SIDM01070",-1.25775297302503
"AR","SIDM01071",-3.28473883252854
"AR","SIDM01072",-1.02741043149908
"AR","SIDM01074",-0.552788517534006
"AR","SIDM01077",6.84438245324525
"AR","SIDM01078",-2.18933524041944
"AR","SIDM01079",0.55783071467545
"AR","SIDM01080",-2.52425443827579
"AR","SIDM01081",-3.59392546442806
"AR","SIDM01082",-1.16620372727013
"AR","SIDM01083",-1.93584814016852
"AR","SIDM01084",-2.45061705782555
"AR","SIDM01085",-0.210447737622787
"AR","SIDM01086",-2.1396193716935
"AR","SIDM01087",-3.02253595485584
"AR","SIDM01088",-0.882750319957386
"AR","SIDM01089",-3.23105694012211
"AR","SIDM01096",-1.5120473965385
"AR","SIDM01099",-2.29713626098232
"AR","SIDM01100",-2.11152066267263
"AR","SIDM01101",-2.12439905458633
"AR","SIDM01103",-3.30046330309424
"AR","SIDM01104",-2.31451893884883
"AR","SIDM01105",-2.11942315386313
"AR","SIDM01106",1.58092739135813
"AR","SIDM01107",-0.5552440410256
"AR","SIDM01108",-3.58428511080906
"AR","SIDM01109",-1.95068882974459
"AR","SIDM01110",0.421407088687147
"AR","SIDM01111",-3.03448175566039
"AR","SIDM01112",-1.08576017904496
"AR","SIDM01113",-1.58586078410054
"AR","SIDM01116",-0.985702607264559
"AR","SIDM01119",-0.239063532326708
"AR","SIDM01121",-2.90762896383453
"AR","SIDM01123",-3.4132256070953
"AR","SIDM01124",-3.60844736641501
"AR","SIDM01125",-0.45466219116662
"AR","SIDM01127",0.0805339374291421
"AR","SIDM01128",-2.82745590202952
"AR","SIDM01129",-1.97429626520721
"AR","SIDM01130",-1.23708304570228
"AR","SIDM01131",-0.3194578572234
"AR","SIDM01134",-1.92136610292523
"AR","SIDM01135",-3.49860816545051
"AR","SIDM01136",-0.929203547004525
"AR","SIDM01137",2.35694625584092
"AR","SIDM01138",-2.07165036888978
"AR","SIDM01139",-4.09364694805004
"AR","SIDM01141",-0.96337113351856
"AR","SIDM01144",0.573733155889367
"AR","SIDM01147",-0.0089044681732059
"AR","SIDM01148",-2.75475350281221
"AR","SIDM01150",-3.09593986557107
"AR","SIDM01151",0.390183579607441
"AR","SIDM01154",-1.65930694710735
"AR","SIDM01156",-2.38570641370523
"AR","SIDM01158",-3.26998217456307
"AR","SIDM01164",-0.668915177858161
"AR","SIDM01165",-2.60199018046848
"AR","SIDM01167",-1.72792613715137
"AR","SIDM01169",-2.49640071985655
"AR","SIDM01170",-1.24769087382202
"AR","SIDM01171",-1.55739410592312
"AR","SIDM01172",-1.78323005097218
"AR","SIDM01176",-2.94919191278578
"AR","SIDM01180",-1.32442465013333
"AR","SIDM01181",-2.5132737219371
"AR","SIDM01182",-1.60112578929278
"AR","SIDM01184",0.365016018563954
"AR","SIDM01186",-0.784971221115807
"AR","SIDM01188",-2.98986123282796
"AR","SIDM01189",-0.12142390544694
"AR","SIDM01190",-1.6028892420225
"AR","SIDM01191",-3.37011527247405
"AR","SIDM01193",-1.44949560964131
"AR","SIDM01194",-0.0809725795900792
"AR","SIDM01195",-1.54812419279606
"AR","SIDM01196",-0.699428995778797
"AR","SIDM01199",-1.10922648612297
"AR","SIDM01215",-2.25550660119757
"AR","SIDM01222",-4.74554781676882
"AR","SIDM01241",-2.26613170537802
"AR","SIDM01254",-2.38295229458648
"AR","SIDM01265",-1.88660979717537
"AR","SIDM01316",-2.91691486361639
"AR","SIDM01318",0.329933458881429
"AR","SIDM01320",-0.268848130470889
"AR","SIDM01321",-0.82277196877273
"AR","SIDM01322",0.874923145653623
"AR","SIDM01323",-2.39295143560843
"AR","SIDM01324",-0.595118119991554
"AR","SIDM01325",-3.45945199924234
"AR","SIDM01331",-0.733269139097642
"AR","SIDM01332",-1.39833691892412
"AR","SIDM01335",5.23127494447856
"AR","SIDM01336",-1.69499556779042
"AR","SIDM01343",-1.12601244940883
"AR","SIDM01347",-0.446503676778514
"AR","SIDM01363",-3.52762167246608
"AR","SIDM01368",-2.32537677681621
"AR","SIDM01372",-0.639786352447549
"AR","SIDM01377",-2.12998359425402
"AR","SIDM01378",-4.16560904502522
"AR","SIDM01387",-3.81376423523336
"AR","SIDM01391",-2.74110708620921
"AR","SIDM01393",0.130576806516702
"AR","SIDM01394",2.31921173219258
"AR","SIDM01397",-3.48764933882123
"AR","SIDM01398",-1.24050016645905
"AR","SIDM01409",-2.16173428429319
"AR","SIDM01411",-3.93494823580951
"AR","SIDM01412",-3.25709984063922
"AR","SIDM01413",-2.53758910567013
"AR","SIDM01432",-3.12612111936914
"AR","SIDM01433",-1.94862800599178
"AR","SIDM01434",1.35886622070274
"AR","SIDM01435",-1.9639212053145
"AR","SIDM01436",-0.818512569396397
"AR","SIDM01437",0.190598887346047
"AR","SIDM01439",0.0902726912991659
"AR","SIDM01442",1.57112848897081
"AR","SIDM01443",-0.612458946234097
"AR","SIDM01444",-2.75608722178475
"AR","SIDM01445",0.239749574322472
"AR","SIDM01446",-1.42603791833104
"AR","SIDM01447",-1.22913554638766
"AR","SIDM01449",-0.835945991770815
"AR","SIDM01450",-3.18330636482824
"AR","SIDM01451",0.707188294486203
"AR","SIDM01454",2.45161423084525
"AR","SIDM01460",0.434418743944432
"AR","SIDM01463",-0.361155477840629
"AR","SIDM01464",-2.60225839405163
"AR","SIDM01469",-3.97485165209031
"AR","SIDM01470",-1.93498335464673
"AR","SIDM01471",-2.34526329712721
"AR","SIDM01472",-0.205141087778611
"AR","SIDM01473",-3.31282713807896
"AR","SIDM01474",-1.59185877967286
"AR","SIDM01476",-0.799834580102419
"AR","SIDM01479",-0.681414638641168
"AR","SIDM01480",-4.03558329954112
"AR","SIDM01482",-1.57578323949003
"AR","SIDM01490",-2.87042840795047
"AR","SIDM01491",-3.45066524819571
"AR","SIDM01492",-2.29518379128115
"AR","SIDM01494",-3.16533986961432
"AR","SIDM01498",-0.699627137744025
"AR","SIDM01502",-2.30757518064935
"AR","SIDM01503",-1.92467314346913
"AR","SIDM01504",-2.20862367373048
"AR","SIDM01510",-1.88460607469355
"AR","SIDM01511",-1.17491049480224
"AR","SIDM01512",-0.74850359945474
"AR","SIDM01517",-3.91034224084817
"AR","SIDM01518",-2.37566710024576
"AR","SIDM01519",-2.3448824702097
"AR","SIDM01520",-2.0610373837539
"AR","SIDM01522",-1.34660891272688
"AR","SIDM01523",-2.19728880211469
"AR","SIDM01525",-3.19266898856047
"AR","SIDM01526",-3.68700987939677
"AR","SIDM01528",-0.338038692534688
"AR","SIDM01529",-2.08320565617968
"AR","SIDM01530",-2.53604842590786
"AR","SIDM01531",-3.9560228493483
"AR","SIDM01545",1.45768855227182
"AR","SIDM01546",-2.77399765854016
"AR","SIDM01551",-0.505648371787541
"AR","SIDM01553",-3.68254475792136
"AR","SIDM01554",-2.63009721467929
"AR","SIDM01556",-2.86509260916723
"AR","SIDM01559",-1.35743909296024
"AR","SIDM01560",-1.33406588376252
"AR","SIDM01561",-2.06170271627363
"AR","SIDM01563",4.27445052973791
"AR","SIDM01564",1.16616146024242
"AR","SIDM01565",0.353515344441518
"AR","SIDM01566",2.42213999833648
"AR","SIDM01567",-3.01471940639233
"AR","SIDM01569",0.945709347223499
"AR","SIDM01570",0.676971690688495
"AR","SIDM01571",-1.50249267440411
"AR","SIDM01572",0.130935634593898
"AR","SIDM01573",-3.46801597476604
"AR","SIDM01574",-2.7911700274871
"AR","SIDM01575",-2.03379427040845
"AR","SIDM01577",-3.05405215269215
"AR","SIDM01578",1.10039080332783
"AR","SIDM01580",1.21250031473181
"AR","SIDM01581",-2.26710394646105
"AR","SIDM01582",0.762772465057668
"AR","SIDM01587",1.56775542774499
"AR","SIDM01588",-2.56538842169702
"AR","SIDM01589",-3.30876642974976
"AR","SIDM01590",2.81095612052935
"AR","SIDM01591",2.79323413949652
"AR","SIDM01593",-1.00122188002134
"AR","SIDM01594",1.60327530053792
"AR","SIDM01596",-1.7006466066598
"AR","SIDM01598",-1.67147003867294
"AR","SIDM01602",-1.23522611873566
"AR","SIDM01603",1.88418764156132
"AR","SIDM01604",-3.1613530124581
"AR","SIDM01605",-3.04695493612289
"AR","SIDM01606",-1.32527454567538
"AR","SIDM01607",-2.26989141502338
"AR","SIDM01608",-3.39164018824432
"AR","SIDM01609",-2.95117651836591
"AR","SIDM01611",-3.17131353910567
"AR","SIDM01612",-3.53350171183905
"AR","SIDM01613",0.49352685811563
"AR","SIDM01614",-1.60128392504023
"AR","SIDM01615",3.00920911830419
"AR","SIDM01616",-2.59595334242958
"AR","SIDM01617",-3.12157947414426
"AR","SIDM01618",-1.13074320285406
"AR","SIDM01619",-2.92671161561771
"AR","SIDM01622",-1.08326076037827
"AR","SIDM01624",-1.6970735408853
"AR","SIDM01628",-2.66532715828623
"AR","SIDM01629",1.32711410788799
"AR","SIDM01635",-1.96112699824671
"AR","SIDM01640",-2.4299027985019
"AR","SIDM01657",-2.7997808612455
"AR","SIDM01658",-3.68522216164082
"AR","SIDM01659",0.0494987886290597
"AR","SIDM01660",0.579195199834778
"AR","SIDM01662",-3.2890462871486
"AR","SIDM01664",5.19161578158234
"AR","SIDM01667",-2.53619823166202
"AR","SIDM01668",-4.51579240901533
"AR","SIDM01672",-3.24118445384006
"AR","SIDM01675",-2.39700125650254
"AR","SIDM01676",-3.09026116263506
"AR","SIDM01679",-3.57248412904283
"AR","SIDM01682",-0.0464993613525274
"AR","SIDM01685",-0.533753173371731
"AR","SIDM01686",-2.94331757914188
"AR","SIDM01689",-1.00150485538572
"AR","SIDM01690",-3.58308167466871
"AR","SIDM01691",-0.793947664959274
"AR","SIDM01692",-0.996828737231649
"AR","SIDM01693",-2.92298375792592
"AR","SIDM01694",-3.96262077311657
"AR","SIDM01695",-3.5281936686951
"AR","SIDM01696",0.452470601954737
"AR","SIDM01697",4.66045782372081
"AR","SIDM01698",1.14343051078707
"AR","SIDM01699",3.58482960639322
"AR","SIDM01701",2.97772790645669
"AR","SIDM01702",0.448202498717556
"AR","SIDM01703",1.50042586883887
"AR","SIDM01704",-1.24869671790267
"AR","SIDM01705",0.639407120941724
"AR","SIDM01709",1.13433654349965
"AR","SIDM01710",3.35728477642198
"AR","SIDM01724",0.671593677192355
"AR","SIDM01725",0.24224918986768
"AR","SIDM01726",0.933845949255353
"AR","SIDM01727",-0.781318174809878
"AR","SIDM01728",-0.762438928349885
"AR","SIDM01729",-1.88657695712107
"AR","SIDM01730",-2.37039338515513
"AR","SIDM01734",-0.240098545800439
"AR","SIDM01739",-2.11393167216458
"AR","SIDM01741",1.35358617822354
"AR","SIDM01743",1.45937550599454
"AR","SIDM01746",3.26620311549256
"AR","SIDM01749",0.149574670455576
"AR","SIDM01750",0.731911346711757
"AR","SIDM01752",-3.84747717827444
"AR","SIDM01753",1.93118782861294
"AR","SIDM01756",1.52068426210792
"AR","SIDM01757",-3.38548468719046
"AR","SIDM01758",-2.96276623229442
"AR","SIDM01759",1.44614483170612
"AR","SIDM01760",-2.28422929123404
"AR","SIDM01761",2.3237467399242
"AR","SIDM01762",-3.37210030032219
"AR","SIDM01763",-2.45911363783635
"AR","SIDM01764",-2.61277730790311
"AR","SIDM01765",-1.07542914591252
"AR","SIDM01766",-2.46674421378918
"AR","SIDM01767",0.812937547303167
"AR","SIDM01768",-3.25907911437871
"AR","SIDM01770",-0.782405964153772
"AR","SIDM01771",-0.918903193800705
"AR","SIDM01772",3.09263946071448
"AR","SIDM01773",-2.05607437376924
"AR","SIDM01774",-1.28985648266585
"AR","SIDM01775",-1.03385597427633
"AR","SIDM01777",1.01699999222943
"AR","SIDM01779",1.06300231408365
"AR","SIDM01780",-0.941429771818618
"AR","SIDM01781",2.22896321024147
"AR","SIDM01782",-3.89681255442502
"AR","SIDM01820",-1.75010880364727
"AR","SIDM01858",-1.07968333039097
"AR","SIDM01859",-2.78335695498286
"AR","SIDM01873",-2.82766678853414
"FOS","SIDM00001",-0.330965943961665
"FOS","SIDM00005",-2.83085467208194
"FOS","SIDM00008",2.34304402739174
"FOS","SIDM00011",1.62413119224707
"FOS","SIDM00015",-0.314841731951406
"FOS","SIDM00016",-0.0855591191343367
"FOS","SIDM00017",0.987205568782966
"FOS","SIDM00029",-2.77363564921115
"FOS","SIDM00032",1.58018699893893
"FOS","SIDM00036",-1.51191505204373
"FOS","SIDM00046",1.0847602009519
"FOS","SIDM00062",-1.85051962589702
"FOS","SIDM00063",1.70071501480285
"FOS","SIDM00065",0.147304596753763
"FOS","SIDM00071",-2.38789712079692
"FOS","SIDM00074",-0.140185789943675
"FOS","SIDM00078",2.04038565474622
"FOS","SIDM00079",-0.154879263790933
"FOS","SIDM00080",-0.558564908501085
"FOS","SIDM00081",0.496093408534685
"FOS","SIDM00083",3.51343702326266
"FOS","SIDM00084",2.35150862174549
"FOS","SIDM00085",3.71911114248695
"FOS","SIDM00087",-0.316771086470292
"FOS","SIDM00088",0.313948860613246
"FOS","SIDM00090",2.77574427644165
"FOS","SIDM00092",1.98160527351932
"FOS","SIDM00093",-1.77301400567004
"FOS","SIDM00095",2.60511793117502
"FOS","SIDM00097",0.650105300244057
"FOS","SIDM00105",-1.99768517954073
"FOS","SIDM00107",0.572024100689752
"FOS","SIDM00108",0.24475191205013
"FOS","SIDM00116",-2.0925547967167
"FOS","SIDM00117",-0.73677065094775
"FOS","SIDM00119",-0.322129591640535
"FOS","SIDM00122",1.15751819045689
"FOS","SIDM00123",2.73228664948194
"FOS","SIDM00124",1.11063601187528
"FOS","SIDM00125",1.91829535386571
"FOS","SIDM00130",1.57771391709854
"FOS","SIDM00131",2.34564374596831
"FOS","SIDM00132",6.27629369800682
"FOS","SIDM00133",1.02902661565639
"FOS","SIDM00134",2.2351277076328
"FOS","SIDM00135",5.67672236210763
"FOS","SIDM00138",0.777129351003798
"FOS","SIDM00139",1.32887093936025
"FOS","SIDM00140",0.902477258819742
"FOS","SIDM00142",-0.578145620003359
"FOS","SIDM00143",-2.11065061972347
"FOS","SIDM00144",0.187574176991053
"FOS","SIDM00146",2.00863346405689
"FOS","SIDM00147",-0.87306335325802
"FOS","SIDM00148",-0.256526896629391
"FOS","SIDM00149",2.35348473739859
"FOS","SIDM00150",-3.49069590759749
"FOS","SIDM00151",0.123365192246117
"FOS","SIDM00153",-0.436772419613102
"FOS","SIDM00158",-0.217651443044808
"FOS","SIDM00159",0.506358046233738
"FOS","SIDM00160",2.58015533326052
"FOS","SIDM00161",-0.654489679802025
"FOS","SIDM00162",-0.591136400460848
"FOS","SIDM00163",2.36013196146766
"FOS","SIDM00164",-1.12628385595078
"FOS","SIDM00165",1.25790583882011
"FOS","SIDM00166",2.47802899419409
"FOS","SIDM00167",2.66412606498193
"FOS","SIDM00168",0.657224439807335
"FOS","SIDM00169",1.32564747518991
"FOS","SIDM00170",-1.77745340344651
"FOS","SIDM00171",2.590072792541
"FOS","SIDM00173",2.61290574460588
"FOS","SIDM00192",0.0911532836461075
"FOS","SIDM00194",0.465335040688554
"FOS","SIDM00210",-1.6592638009718
"FOS","SIDM00212",0.5250913678956
"FOS","SIDM00213",2.62404763566777
"FOS","SIDM00217",0.118940762815464
"FOS","SIDM00220",-2.52153077002535
"FOS","SIDM00222",-0.320145890183345
"FOS","SIDM00226",-1.34189593471939
"FOS","SIDM00228",1.05770517431675
"FOS","SIDM00235",1.84263766224963
"FOS","SIDM00237",1.5978325134096
"FOS","SIDM00238",1.11569810970674
"FOS","SIDM00239",0.737194708128446
"FOS","SIDM00247",-1.07205599101179
"FOS","SIDM00248",0.059644429347683
"FOS","SIDM00249",0.932748059923183
"FOS","SIDM00250",-0.00450867114761717
"FOS","SIDM00271",-0.297662503476872
"FOS","SIDM00272",-0.857331354204891
"FOS","SIDM00273",-0.00750512991592951
"FOS","SIDM00278",-0.065249336733217
"FOS","SIDM00279",-2.0860498157216
"FOS","SIDM00280",-1.7331599304723
"FOS","SIDM00282",1.56892241153976
"FOS","SIDM00284",3.9163449733448
"FOS","SIDM00286",-1.79296230608552
"FOS","SIDM00290",-2.09737510581236
"FOS","SIDM00298",-0.745254749321458
"FOS","SIDM00301",-1.58255023243719
"FOS","SIDM00303",0.0321704494548491
"FOS","SIDM00305",-0.983393503644954
"FOS","SIDM00306",-0.973368181557605
"FOS","SIDM00307",-1.83306494962775
"FOS","SIDM00312",-2.23292427471475
"FOS","SIDM00313",0.720633205316915
"FOS","SIDM00314",-1.06313020679586
"FOS","SIDM00315",-1.67959687341091
"FOS","SIDM00318",-0.300347154872136
"FOS","SIDM00321",1.99745564205515
"FOS","SIDM00322",-1.05223238476933
"FOS","SIDM00325",-1.20182703636476
"FOS","SIDM00327",-0.385086879660313
"FOS","SIDM00329",0.0533683708646217
"FOS","SIDM00331",-0.335697906476225
"FOS","SIDM00333",1.05846800341972
"FOS","SIDM00334",-1.75038193932367
"FOS","SIDM00335",-0.374882302022132
"FOS","SIDM00336",0.970499129569736
"FOS","SIDM00337",1.35966767220166
"FOS","SIDM00338",2.55407416711839
"FOS","SIDM00339",-0.563998490465543
"FOS","SIDM00340",-1.47278382376203
"FOS","SIDM00341",1.09459425276379
"FOS","SIDM00342",-1.16919481909465
"FOS","SIDM00344",0.300436436913486
"FOS","SIDM00345",-0.0277775261900611
"FOS","SIDM00347",-1.95779573727401
"FOS","SIDM00348",0.953338987941028
"FOS","SIDM00352",-0.344543669467788
"FOS","SIDM00353",3.88551550257553
"FOS","SIDM00354",2.41313147369491
"FOS","SIDM00355",1.06085427114433
"FOS","SIDM00356",-0.793043120555283
"FOS","SIDM00358",-1.92038013034231
"FOS","SIDM00359",-0.999925858393491
"FOS","SIDM00360",-1.41167801709374
"FOS","SIDM00363",0.637732712945314
"FOS","SIDM00368",-1.39063727066661
"FOS","SIDM00369",-0.0346973355348845
"FOS","SIDM00370",-0.860181779024586
"FOS","SIDM00373",0.406522153164201
"FOS","SIDM00376",-0.819913687664449
"FOS","SIDM00380",-0.637225456496737
"FOS","SIDM00382",1.70566716427488
"FOS","SIDM00386",-1.7510338875595
"FOS","SIDM00387",-2.25281069703663
"FOS","SIDM00390",0.309735057176598
"FOS","SIDM00391",-1.9679028218923
"FOS","SIDM00392",0.297171147330527
"FOS","SIDM00395",0.405375416494516
"FOS","SIDM00396",0.165410712115805
"FOS","SIDM00402",0.871092131987807
"FOS","SIDM00403",0.383918410026532
"FOS","SIDM00405",-0.576235555436948
"FOS","SIDM00419",-1.03953989336248
"FOS","SIDM00421",-0.234393172496316
"FOS","SIDM00423",0.316136429225142
"FOS","SIDM00425",1.69262376260716
"FOS","SIDM00426",0.16941306310073
"FOS","SIDM00428",1.24964576532867
"FOS","SIDM00429",-1.37685391646907
"FOS","SIDM00431",2.32058111455174
"FOS","SIDM00433",-2.10584254105179
"FOS","SIDM00434",-1.24657207576011
"FOS","SIDM00435",0.0139368394494518
"FOS","SIDM00437",0.83115439743104
"FOS","SIDM00442",3.18886768651496
"FOS","SIDM00443",-1.24250733043355
"FOS","SIDM00446",-0.217367013619083
"FOS","SIDM00447",-0.9160107784992
"FOS","SIDM00449",0.553410740697395
"FOS","SIDM00450",0.0667768059572401
"FOS","SIDM00451",-0.251713239442052
"FOS","SIDM00452",-1.95519501346398
"FOS","SIDM00453",0.414836028722851
"FOS","SIDM00454",2.4983229673743
"FOS","SIDM00455",0.652661180397421
"FOS","SIDM00457",-1.58087462290436
"FOS","SIDM00458",-0.899113968652865
"FOS","SIDM00460",-0.0406195299965814
"FOS","SIDM00461",-0.0983298058817405
"FOS","SIDM00462",4.03046239319781
"FOS","SIDM00463",-1.50621701554985
"FOS","SIDM00469",0.931469043760453
"FOS","SIDM00473",0.80543387401619
"FOS","SIDM00474",4.84852714010569
"FOS","SIDM00475",3.21361384770309
"FOS","SIDM00477",3.01222461845187
"FOS","SIDM00478",2.09412959646722
"FOS","SIDM00479",-0.453261130288425
"FOS","SIDM00480",1.08961431030069
"FOS","SIDM00481",-0.686392419768856
"FOS","SIDM00484",-1.26725917534828
"FOS","SIDM00485",3.18071692259352
"FOS","SIDM00486",0.602308608729736
"FOS","SIDM00492",-0.279836539585531
"FOS","SIDM00493",2.8545565458645
"FOS","SIDM00494",-0.0981321461221023
"FOS","SIDM00495",-1.9251936223696
"FOS","SIDM00497",-0.976582906008624
"FOS","SIDM00499",-1.23514255017081
"FOS","SIDM00500",-0.756086023760333
"FOS","SIDM00502",-2.47000331255885
"FOS","SIDM00503",0.513463571337357
"FOS","SIDM00505",0.106386197435045
"FOS","SIDM00506",-2.51245350809637
"FOS","SIDM00509",-1.82943294580594
"FOS","SIDM00511",-2.24452590500453
"FOS","SIDM00512",0.764801189389646
"FOS","SIDM00513",-0.247944569327075
"FOS","SIDM00515",2.3937212915126
"FOS","SIDM00521",-3.37835465534122
"FOS","SIDM00522",-0.845949958258665
"FOS","SIDM00523",-2.20687277185114
"FOS","SIDM00524",-1.96498132668362
"FOS","SIDM00525",-0.0526050675967154
"FOS","SIDM00526",-1.32130713379352
"FOS","SIDM00529",-2.06679640571804
"FOS","SIDM00531",1.23510962677159
"FOS","SIDM00533",-0.360887612537765
"FOS","SIDM00536",-1.72874004324631
"FOS","SIDM00545",-0.329080905819208
"FOS","SIDM00546",0.246176130626405
"FOS","SIDM00547",-0.391708552653752
"FOS","SIDM00548",0.543996032064199
"FOS","SIDM00552",-0.707829934025572
"FOS","SIDM00554",-1.61511646792936
"FOS","SIDM00555",5.68756402674285
"FOS","SIDM00556",-2.47634554876468
"FOS","SIDM00557",-1.94500055852356
"FOS","SIDM00560",0.830995600748764
"FOS","SIDM00564",-0.393753990565542
"FOS","SIDM00567",-1.36577932469312
"FOS","SIDM00568",1.64605272588988
"FOS","SIDM00570",1.48600790827255
"FOS","SIDM00571",-0.251438271011021
"FOS","SIDM00572",2.57979801442021
"FOS","SIDM00575",0.137730516534363
"FOS","SIDM00578",-0.749084913657071
"FOS","SIDM00580",-0.790243736819127
"FOS","SIDM00581",0.359014671581942
"FOS","SIDM00582",-0.784822858577006
"FOS","SIDM00585",2.14456844830199
"FOS","SIDM00586",0.70142025973
"FOS","SIDM00587",3.24333411365747
"FOS","SIDM00588",-1.52427211928978
"FOS","SIDM00589",4.04106034844181
"FOS","SIDM00590",0.173131398414815
"FOS","SIDM00593",0.576443875097035
"FOS","SIDM00594",2.02079221041673
"FOS","SIDM00595",-0.823441420469645
"FOS","SIDM00598",-0.697678234195548
"FOS","SIDM00602",-1.59563151996367
"FOS","SIDM00605",0.0714589455293284
"FOS","SIDM00607",-1.69723688810516
"FOS","SIDM00608",-0.6692902782308
"FOS","SIDM00609",0.657169407108857
"FOS","SIDM00610",0.320979190652389
"FOS","SIDM00611",5.96792736404627
"FOS","SIDM00613",-0.132720287154853
"FOS","SIDM00614",1.04426432678412
"FOS","SIDM00615",-0.971600187225304
"FOS","SIDM00616",-0.756848484778629
"FOS","SIDM00617",4.09962880040672
"FOS","SIDM00618",-0.470818690489802
"FOS","SIDM00625",-0.560303865172368
"FOS","SIDM00628",0.534593273535385
"FOS","SIDM00629",1.18164114947428
"FOS","SIDM00630",-0.00083818431725311
"FOS","SIDM00633",0.556220865885664
"FOS","SIDM00634",-0.410214912854128
"FOS","SIDM00637",-0.231397933767957
"FOS","SIDM00639",1.449461218283
"FOS","SIDM00640",3.20801154852022
"FOS","SIDM00641",-0.714746906153004
"FOS","SIDM00644",-0.602085339258946
"FOS","SIDM00645",-0.586159930588425
"FOS","SIDM00646",-1.63867091597157
"FOS","SIDM00649",-1.04739173585706
"FOS","SIDM00651",-1.61716763615201
"FOS","SIDM00652",-3.0750107325325
"FOS","SIDM00653",-3.81134624602429
"FOS","SIDM00654",-2.54031415805383
"FOS","SIDM00657",-0.831716946844072
"FOS","SIDM00658",-1.30756752805797
"FOS","SIDM00660",-1.91774711621248
"FOS","SIDM00661",-1.41364126644923
"FOS","SIDM00662",5.57516827527801
"FOS","SIDM00663",2.26460393687715
"FOS","SIDM00664",0.950436643123252
"FOS","SIDM00665",-0.36978215262977
"FOS","SIDM00666",2.38356724332064
"FOS","SIDM00669",3.36631525243966
"FOS","SIDM00670",-1.01565113171197
"FOS","SIDM00671",-0.69186284028249
"FOS","SIDM00672",2.78890526396461
"FOS","SIDM00673",0.198218402380206
"FOS","SIDM00675",-0.170114398475799
"FOS","SIDM00676",1.53674991080475
"FOS","SIDM00678",0.0101897026774194
"FOS","SIDM00681",-0.864992524423463
"FOS","SIDM00683",-1.63464956339224
"FOS","SIDM00684",0.224424480894434
"FOS","SIDM00685",-0.673826441654299
"FOS","SIDM00686",0.0922312560820691
"FOS","SIDM00687",2.21909704467919
"FOS","SIDM00689",-1.49597367388777
"FOS","SIDM00693",2.51377995221312
"FOS","SIDM00694",-1.21903699884394
"FOS","SIDM00695",0.824441713811089
"FOS","SIDM00697",-2.66069185471761
"FOS","SIDM00698",-1.69792766146561
"FOS","SIDM00702",1.216655422646
"FOS","SIDM00703",-0.285088549533287
"FOS","SIDM00704",-1.86016074704197
"FOS","SIDM00706",-2.73849583722683
"FOS","SIDM00708",0.343235438738518
"FOS","SIDM00709",2.17116853789989
"FOS","SIDM00710",-3.59418586556493
"FOS","SIDM00711",-2.13475075033225
"FOS","SIDM00713",0.731843195066549
"FOS","SIDM00715",-0.725709824500066
"FOS","SIDM00716",-0.866780378635136
"FOS","SIDM00718",-2.00007119435357
"FOS","SIDM00720",2.06879888056095
"FOS","SIDM00722",1.01564670233341
"FOS","SIDM00723",4.01746421720024
"FOS","SIDM00724",1.45198348203071
"FOS","SIDM00726",1.13343732481896
"FOS","SIDM00727",-0.323950205514053
"FOS","SIDM00728",1.0800080459891
"FOS","SIDM00729",1.18667435690839
"FOS","SIDM00730",-2.93522571915954
"FOS","SIDM00731",-3.23522444748789
"FOS","SIDM00733",-1.72388342708429
"FOS","SIDM00734",-1.05124933778852
"FOS","SIDM00735",-2.32143089305802
"FOS","SIDM00738",-0.159483023022357
"FOS","SIDM00739",0.153607270361622
"FOS","SIDM00740",-0.985760547369703
"FOS","SIDM00741",-3.08382816949988
"FOS","SIDM00742",-2.42548047978631
"FOS","SIDM00743",0.556478722695684
"FOS","SIDM00744",-1.07764797405559
"FOS","SIDM00745",-0.427333194011641
"FOS","SIDM00746",1.94480993719379
"FOS","SIDM00747",-1.50365780244575
"FOS","SIDM00748",-2.50216483988671
"FOS","SIDM00749",-2.96604660946565
"FOS","SIDM00750",-1.29490591238589
"FOS","SIDM00751",0.748029100154052
"FOS","SIDM00753",-1.05830403466216
"FOS","SIDM00754",0.548292683146474
"FOS","SIDM00755",-1.77584515969508
"FOS","SIDM00756",-0.372823392419058
"FOS","SIDM00757",-0.838370179996048
"FOS","SIDM00759",0.588791104492761
"FOS","SIDM00760",-2.66003970663273
"FOS","SIDM00761",0.48250433439126
"FOS","SIDM00762",-1.41221516585712
"FOS","SIDM00763",-2.01004748970046
"FOS","SIDM00766",-3.02595795798808
"FOS","SIDM00768",4.09077567605101
"FOS","SIDM00769",0.0253921145889464
"FOS","SIDM00771",0.565882049425328
"FOS","SIDM00772",-0.810536563034812
"FOS","SIDM00774",-0.851642794276293
"FOS","SIDM00775",-1.37950461087933
"FOS","SIDM00776",0.730702074602512
"FOS","SIDM00777",-1.68758651057697
"FOS","SIDM00778",-0.541221129550122
"FOS","SIDM00779",-1.00208746871558
"FOS","SIDM00780",-1.46217166918254
"FOS","SIDM00782",-0.670656520272662
"FOS","SIDM00784",-0.329301413388471
"FOS","SIDM00785",-0.676069220265094
"FOS","SIDM00791",-0.859851699974588
"FOS","SIDM00795",-1.88142074076564
"FOS","SIDM00796",2.57111754119446
"FOS","SIDM00797",-0.527369709254385
"FOS","SIDM00798",3.11544247164252
"FOS","SIDM00799",2.29966389648001
"FOS","SIDM00800",-0.156335511027445
"FOS","SIDM00801",0.702881873429609
"FOS","SIDM00803",2.17633842376004
"FOS","SIDM00806",-1.33805223426452
"FOS","SIDM00812",0.52857119504339
"FOS","SIDM00823",-0.120417911299427
"FOS","SIDM00828",-0.476263113065116
"FOS","SIDM00829",-0.426274910134259
"FOS","SIDM00831",2.97666127320613
"FOS","SIDM00839",-0.985581529479064
"FOS","SIDM00840",0.395329037755426
"FOS","SIDM00844",-0.38997400641836
"FOS","SIDM00845",-1.67659373054417
"FOS","SIDM00847",0.686442053658747
"FOS","SIDM00848",-1.18422610800285
"FOS","SIDM00849",-2.26850265676127
"FOS","SIDM00850",-0.279051081523378
"FOS","SIDM00851",2.74857121785881
"FOS","SIDM00852",-0.828237923686113
"FOS","SIDM00853",3.64853836277095
"FOS","SIDM00854",-0.822588354610498
"FOS","SIDM00855",-0.327533050683603
"FOS","SIDM00856",-0.502535966623635
"FOS","SIDM00857",-0.487428112261741
"FOS","SIDM00858",2.17694772274689
"FOS","SIDM00860",-0.782839653598039
"FOS","SIDM00861",3.56638244802198
"FOS","SIDM00862",-1.30928793629802
"FOS","SIDM00865",-1.81328553566121
"FOS","SIDM00866",-0.266804249265125
"FOS","SIDM00867",1.82654495848053
"FOS","SIDM00870",-1.8513803159851
"FOS","SIDM00872",0.663597094024139
"FOS","SIDM00874",-0.283146062118937
"FOS","SIDM00877",-2.18794418391997
"FOS","SIDM00878",-0.121522415281827
"FOS","SIDM00879",-0.809148400004295
"FOS","SIDM00881",-0.158310102865788
"FOS","SIDM00882",-0.705857199326613
"FOS","SIDM00884",0.0973612766318671
"FOS","SIDM00886",-1.5744018471756
"FOS","SIDM00887",-0.495306691347499
"FOS","SIDM00888",-1.53528535106281
"FOS","SIDM00890",0.765186742275256
"FOS","SIDM00892",-0.329315412020182
"FOS","SIDM00893",-0.544400183356733
"FOS","SIDM00894",-1.38689676286686
"FOS","SIDM00897",-0.590902388758513
"FOS","SIDM00898",-0.973739510406008
"FOS","SIDM00899",0.196090065898748
"FOS","SIDM00901",-2.62612051847479
"FOS","SIDM00903",1.25230919706529
"FOS","SIDM00904",3.91241076721354
"FOS","SIDM00907",-1.57803798537962
"FOS","SIDM00909",2.17806380333764
"FOS","SIDM00910",-1.13904805873966
"FOS","SIDM00914",0.00569305762685081
"FOS","SIDM00918",-1.59347686948163
"FOS","SIDM00919",1.13462530521521
"FOS","SIDM00920",-0.743509319739978
"FOS","SIDM00921",-1.3708206301076
"FOS","SIDM00922",1.09496614811712
"FOS","SIDM00924",-1.42418866249475
"FOS","SIDM00925",0.330372106545432
"FOS","SIDM00926",-0.777271890794442
"FOS","SIDM00928",2.96699588452006
"FOS","SIDM00931",0.0169655468716607
"FOS","SIDM00932",1.20320061092469
"FOS","SIDM00933",-1.56042776665419
"FOS","SIDM00934",-0.510386647424542
"FOS","SIDM00936",2.21384267014436
"FOS","SIDM00937",2.05014834570826
"FOS","SIDM00938",-0.989825380712945
"FOS","SIDM00939",2.41752047059693
"FOS","SIDM00940",0.358407364575606
"FOS","SIDM00941",1.86641128447151
"FOS","SIDM00942",0.488880113818522
"FOS","SIDM00943",1.71851171030338
"FOS","SIDM00944",0.915696495869015
"FOS","SIDM00945",-1.30899220819192
"FOS","SIDM00947",2.29058876442984
"FOS","SIDM00949",1.44876990807108
"FOS","SIDM00950",0.321815843178218
"FOS","SIDM00955",0.554214936915324
"FOS","SIDM00956",-0.628672225995071
"FOS","SIDM00957",-0.783794181866688
"FOS","SIDM00959",-0.266734386926143
"FOS","SIDM00961",1.63513382349243
"FOS","SIDM00963",1.17649838023381
"FOS","SIDM00965",-1.92880040421518
"FOS","SIDM00979",0.640184727809815
"FOS","SIDM00980",-0.0824919264245023
"FOS","SIDM00981",-0.909468351228825
"FOS","SIDM00982",2.98890127810048
"FOS","SIDM00983",4.08576300051614
"FOS","SIDM00985",-0.247111730192546
"FOS","SIDM00986",0.476255013027302
"FOS","SIDM00987",-0.0293069368109958
"FOS","SIDM00988",1.69804868980112
"FOS","SIDM00989",1.58205972232316
"FOS","SIDM00990",-2.14055739525852
"FOS","SIDM00991",-0.244251959552196
"FOS","SIDM00992",1.70607028679069
"FOS","SIDM00993",-1.22420564031501
"FOS","SIDM00994",-0.349162117788621
"FOS","SIDM00996",2.12370014346957
"FOS","SIDM00997",4.46874017263001
"FOS","SIDM00998",-2.09011261152079
"FOS","SIDM00999",0.571923421121535
"FOS","SIDM01000",1.42764151163527
"FOS","SIDM01001",0.871102114575706
"FOS","SIDM01002",0.169660455771616
"FOS","SIDM01003",-1.28012294940165
"FOS","SIDM01004",1.4079786041695
"FOS","SIDM01005",-1.6818209879327
"FOS","SIDM01008",-1.06040001266504
"FOS","SIDM01009",-1.18369433467468
"FOS","SIDM01010",1.20087111688266
"FOS","SIDM01012",-0.690662464506344
"FOS","SIDM01013",3.0369908082701
"FOS","SIDM01015",1.59449749698509
"FOS","SIDM01016",-0.92710488678989
"FOS","SIDM01018",-0.105490943879313
"FOS","SIDM01020",-1.7319635569845
"FOS","SIDM01022",0.867937213216806
"FOS","SIDM01023",-0.922121423812748
"FOS","SIDM01024",-0.821930434887673
"FOS","SIDM01025",0.158822195703086
"FOS","SIDM01026",-0.235606892998309
"FOS","SIDM01027",-0.396133012676789
"FOS","SIDM01028",-1.21603603266278
"FOS","SIDM01029",0.712531792835557
"FOS","SIDM01030",-1.37110417448213
"FOS","SIDM01031",0.27375701294385
"FOS","SIDM01032",-0.80427948600328
"FOS","SIDM01033",-0.453431795054213
"FOS","SIDM01034",2.22024758063765
"FOS","SIDM01036",-0.331104405016355
"FOS","SIDM01037",1.08259062229864
"FOS","SIDM01038",-0.0883391205745622
"FOS","SIDM01040",-0.456801550925269
"FOS","SIDM01043",2.41633740321579
"FOS","SIDM01044",2.07272328169261
"FOS","SIDM01045",-2.16805234835719
"FOS","SIDM01048",-0.976166333627066
"FOS","SIDM01049",0.275626899522623
"FOS","SIDM01051",-1.24424366825823
"FOS","SIDM01052",0.933920616414039
"FOS","SIDM01055",1.53103933932418
"FOS","SIDM01056",-0.330279945822553
"FOS","SIDM01057",-0.294893067071873
"FOS","SIDM01058",-0.740967530065992
"FOS","SIDM01059",1.1138017584469
"FOS","SIDM01060",-0.0468637508446604
"FOS","SIDM01062",-0.707808472772972
"FOS","SIDM01063",0.598596695184185
"FOS","SIDM01066",0.235488307167628
"FOS","SIDM01067",1.19746474920523
"FOS","SIDM01068",0.983633663454063
"FOS","SIDM01069",1.03809083863438
"FOS","SIDM01070",2.34404103764622
"FOS","SIDM01071",-2.88303391157199
"FOS","SIDM01072",-0.160168994250162
"FOS","SIDM01074",0.424395040495668
"FOS","SIDM01077",-0.339447364501327
"FOS","SIDM01078",-1.89288662515345
"FOS","SIDM01079",1.43125273615892
"FOS","SIDM01080",-0.186964154809967
"FOS","SIDM01081",1.26751673969749
"FOS","SIDM01082",5.81306503661816
"FOS","SIDM01083",3.34181998724562
"FOS","SIDM01084",0.324959614892407
"FOS","SIDM01085",0.63813886077982
"FOS","SIDM01086",-0.477239079860095
"FOS","SIDM01087",-0.251989566778514
"FOS","SIDM01088",1.64548096962372
"FOS","SIDM01089",-1.10887721345923
"FOS","SIDM01096",0.0689963654993432
"FOS","SIDM01099",0.177390201638544
"FOS","SIDM01100",-1.74933401763978
"FOS","SIDM01101",-0.361865319112746
"FOS","SIDM01103",-0.881057658565913
"FOS","SIDM01104",1.44508790843603
"FOS","SIDM01105",-0.264651783900089
"FOS","SIDM01106",4.24679063593816
"FOS","SIDM01107",-0.479081356360064
"FOS","SIDM01108",-1.70464535211352
"FOS","SIDM01109",-0.396964277958986
"FOS","SIDM01110",4.09740789520396
"FOS","SIDM01111",-3.47774347238721
"FOS","SIDM01112",1.48289293699674
"FOS","SIDM01113",-1.21292658736942
"FOS","SIDM01116",-1.75984996874324
"FOS","SIDM01119",0.1668993558835
"FOS","SIDM01121",-2.89081957178173
"FOS","SIDM01123",-3.12704883210541
"FOS","SIDM01124",-0.224871584708409
"FOS","SIDM01125",3.30609277695056
"FOS","SIDM01127",2.90685447225548
"FOS","SIDM01128",-1.50873047388225
"FOS","SIDM01129",-1.49267798768653
"FOS","SIDM01130",-2.32129266178131
"FOS","SIDM01131",-2.89625590287885
"FOS","SIDM01134",-3.04009098251136
"FOS","SIDM01135",0.317762533643397
"FOS","SIDM01136",1.2669547465622
"FOS","SIDM01137",4.14320018020344
"FOS","SIDM01138",3.30172954323387
"FOS","SIDM01139",-0.827026127025002
"FOS","SIDM01141",-0.0131020336345318
"FOS","SIDM01144",-0.222969547042993
"FOS","SIDM01147",-1.53685304059536
"FOS","SIDM01148",-3.21172588244876
"FOS","SIDM01150",-2.45214322334746
"FOS","SIDM01151",2.64852353160109
"FOS","SIDM01154",-0.461997086226135
"FOS","SIDM01156",-0.881409400464808
"FOS","SIDM01158",-0.181894617556865
"FOS","SIDM01164",1.95786342018693
"FOS","SIDM01165",0.929676152503862
"FOS","SIDM01167",2.39800040924505
"FOS","SIDM01169",0.252763191362829
"FOS","SIDM01170",-1.08943011342049
"FOS","SIDM01171",1.13603357135176
"FOS","SIDM01172",-1.01608765097537
"FOS","SIDM01176",-0.949579495307741
"FOS","SIDM01180",0.850426536180331
"FOS","SIDM01181",-2.07928963094736
"FOS","SIDM01182",-0.69075436247723
"FOS","SIDM01184",1.7185346073479
"FOS","SIDM01186",-1.85719336041663
"FOS","SIDM01188",-0.341984363573394
"FOS","SIDM01189",1.65230596551744
"FOS","SIDM01190",-0.182969074917189
"FOS","SIDM01191",-2.45823884636484
"FOS","SIDM01193",-0.312828246126537
"FOS","SIDM01194",0.263912834894829
"FOS","SIDM01195",2.34342021868457
"FOS","SIDM01196",0.542074070674255
"FOS","SIDM01199",0.44762161099094
"FOS","SIDM01215",2.61158447832792
"FOS","SIDM01222",-2.30913070395641
"FOS","SIDM01241",-1.07435472750957
"FOS","SIDM01254",-0.771383773518709
"FOS","SIDM01265",0.370631784888616
"FOS","SIDM01316",-3.2625929296213
"FOS","SIDM01318",2.83040026118444
"FOS","SIDM01320",0.916246700219153
"FOS","SIDM01321",2.27383004947916
"FOS","SIDM01322",5.06595558941763
"FOS","SIDM01323",4.05994757288522
"FOS","SIDM01324",4.69934762500891
"FOS","SIDM01325",1.48058261875217
"FOS","SIDM01331",-0.283472233574895
"FOS","SIDM01332",1.54714781388622
"FOS","SIDM01335",2.91560404323713
"FOS","SIDM01336",2.3673775711203
"FOS","SIDM01343",0.672737401708838
"FOS","SIDM01347",0.923831071947624
"FOS","SIDM01363",0.0937173449261876
"FOS","SIDM01368",2.04109713672179
"FOS","SIDM01372",1.23942330367251
"FOS","SIDM01377",-0.515411724291836
"FOS","SIDM01378",0.279330458870337
"FOS","SIDM01387",0.439885833979278
"FOS","SIDM01391",-2.02344859949403
"FOS","SIDM01393",0.847302820030599
"FOS","SIDM01394",2.20722625547442
"FOS","SIDM01397",0.17813593494044
"FOS","SIDM01398",-0.313717777073154
"FOS","SIDM01409",2.80357633349139
"FOS","SIDM01411",0.676300368501511
"FOS","SIDM01412",1.59671339994803
"FOS","SIDM01413",0.07071085934229
"FOS","SIDM01432",1.63626682524724
"FOS","SIDM01433",-0.933062900808018
"FOS","SIDM01434",0.753314704512685
"FOS","SIDM01435",0.917442359705569
"FOS","SIDM01436",1.55724708119424
"FOS","SIDM01437",3.95472269248056
"FOS","SIDM01439",0.899233927032649
"FOS","SIDM01442",1.56134830433085
"FOS","SIDM01443",1.25379685132582
"FOS","SIDM01444",-0.825876574835884
"FOS","SIDM01445",1.69320206160309
"FOS","SIDM01446",1.31074023792396
"FOS","SIDM01447",1.07879508209007
"FOS","SIDM01449",2.28439936803337
"FOS","SIDM01450",-1.11095377071523
"FOS","SIDM01451",1.93607032109095
"FOS","SIDM01454",2.36576940449084
"FOS","SIDM01460",0.987589421477255
"FOS","SIDM01463",-0.154827058613181
"FOS","SIDM01464",1.0774443179102
"FOS","SIDM01469",-0.490938426770437
"FOS","SIDM01470",-1.38862750648745
"FOS","SIDM01471",-0.171207432982765
"FOS","SIDM01472",-0.0939833815312882
"FOS","SIDM01473",-1.4684019127023
"FOS","SIDM01474",0.162782155198738
"FOS","SIDM01476",0.195405279976045
"FOS","SIDM01479",1.24249397997532
"FOS","SIDM01480",-1.26035373061069
"FOS","SIDM01482",-2.01231111473785
"FOS","SIDM01490",-2.62632996584907
"FOS","SIDM01491",0.0214522697119509
"FOS","SIDM01492",-0.702952863323081
"FOS","SIDM01494",-0.604681154782813
"FOS","SIDM01498",0.994997206205351
"FOS","SIDM01502",1.27741178699104
"FOS","SIDM01503",-2.51159296173434
"FOS","SIDM01504",-3.14988979382157
"FOS","SIDM01510",-0.354652301320213
"FOS","SIDM01511",-1.56219277383129
"FOS","SIDM01512",3.07654964383032
"FOS","SIDM01517",1.44089704195625
"FOS","SIDM01518",4.26706974300781
"FOS","SIDM01519",-1.14862452322117
"FOS","SIDM01520",3.11227970261265
"FOS","SIDM01522",-0.740541244132755
"FOS","SIDM01523",1.63959568241741
"FOS","SIDM01525",1.33541033985283
"FOS","SIDM01526",-0.931975939595006
"FOS","SIDM01528",1.62909953808887
"FOS","SIDM01529",1.15647431358587
"FOS","SIDM01530",-1.28866584035252
"FOS","SIDM01531",0.0910140344910182
"FOS","SIDM01545",1.45502883532965
"FOS","SIDM01546",0.741730349287919
"FOS","SIDM01551",0.422934450731374
"FOS","SIDM01553",-0.936306510596727
"FOS","SIDM01554",1.25010647957156
"FOS","SIDM01556",-0.341820622633869
"FOS","SIDM01559",0.183701390490296
"FOS","SIDM01560",1.49192731709361
"FOS","SIDM01561",-0.249524370887691
"FOS","SIDM01563",3.37525644856539
"FOS","SIDM01564",5.64134576099592
"FOS","SIDM01565",1.8956017569112
"FOS","SIDM01566",5.11144787270386
"FOS","SIDM01567",-0.128363564152523
"FOS","SIDM01569",0.762332628630394
"FOS","SIDM01570",4.07356953195394
"FOS","SIDM01571",-0.545455179624711
"FOS","SIDM01572",-1.92098501431266
"FOS","SIDM01573",-1.32461493694675
"FOS","SIDM01574",-1.07396459411823
"FOS","SIDM01575",-1.7844897011325
"FOS","SIDM01577",-1.10658802505169
"FOS","SIDM01578",4.83862612797564
"FOS","SIDM01580",3.62095082167761
"FOS","SIDM01581",0.27136744671342
"FOS","SIDM01582",0.0798299712503006
"FOS","SIDM01587",4.13192518320789
"FOS","SIDM01588",1.42985445493497
"FOS","SIDM01589",-1.69163880529553
"FOS","SIDM01590",4.62591246211735
"FOS","SIDM01591",4.04772613712834
"FOS","SIDM01593",0.861257488088669
"FOS","SIDM01594",4.28326923471066
"FOS","SIDM01596",0.35066542062279
"FOS","SIDM01598",0.225020198285059
"FOS","SIDM01602",2.11541530162542
"FOS","SIDM01603",6.99849935301735
"FOS","SIDM01604",-0.173248576441395
"FOS","SIDM01605",1.0427485822285
"FOS","SIDM01606",4.32846407771058
"FOS","SIDM01607",0.846088140942737
"FOS","SIDM01608",-2.09822026598082
"FOS","SIDM01609",-0.892759964597863
"FOS","SIDM01611",-1.68454553804645
"FOS","SIDM01612",-0.360144185188726
"FOS","SIDM01613",1.44420265611103
"FOS","SIDM01614",-0.172668022616698
"FOS","SIDM01615",4.57174484158306
"FOS","SIDM01616",1.7325725116406
"FOS","SIDM01617",-2.11006001909845
"FOS","SIDM01618",0.610734280539123
"FOS","SIDM01619",-1.31974770756771
"FOS","SIDM01622",0.880569739415308
"FOS","SIDM01624",1.0439583376973
"FOS","SIDM01628",-1.6837012440009
"FOS","SIDM01629",4.88339172201076
"FOS","SIDM01635",-3.20084202374742
"FOS","SIDM01640",-0.643705293164762
"FOS","SIDM01657",-2.00204681259389
"FOS","SIDM01658",-2.04905647506695
"FOS","SIDM01659",0.923360659652619
"FOS","SIDM01660",2.85529189517414
"FOS","SIDM01662",-1.56472784427643
"FOS","SIDM01664",-0.883148671681634
"FOS","SIDM01667",0.334345718898312
"FOS","SIDM01668",-3.20769347864521
"FOS","SIDM01672",-2.7425585421373
"FOS","SIDM01675",-1.35358587703718
"FOS","SIDM01676",-1.67879937498649
"FOS","SIDM01679",-2.79725829059642
"FOS","SIDM01682",-0.466884717658543
"FOS","SIDM01685",-0.0505107752300189
"FOS","SIDM01686",-0.932396896044636
"FOS","SIDM01689",0.231287673523805
"FOS","SIDM01690",-1.78124130213789
"FOS","SIDM01691",2.05579864231945
"FOS","SIDM01692",3.90640522838668
"FOS","SIDM01693",-1.08648335774499
"FOS","SIDM01694",-0.275755018639099
"FOS","SIDM01695",-1.25724732809081
"FOS","SIDM01696",3.58056806475207
"FOS","SIDM01697",4.20371461295625
"FOS","SIDM01698",5.64234821908563
"FOS","SIDM01699",3.42086563377261
"FOS","SIDM01701",9.62909042734342
"FOS","SIDM01702",2.94345011109632
"FOS","SIDM01703",4.62089005462853
"FOS","SIDM01704",2.84868368099538
"FOS","SIDM01705",4.37464378596185
"FOS","SIDM01709",4.38127020809409
"FOS","SIDM01710",2.75513010150485
"FOS","SIDM01724",3.74104572734902
"FOS","SIDM01725",3.60073060506368
"FOS","SIDM01726",4.86033278367726
"FOS","SIDM01727",0.48415865998771
"FOS","SIDM01728",2.69017732529432
"FOS","SIDM01729",-0.39678470430293
"FOS","SIDM01730",-0.715843051897262
"FOS","SIDM01734",2.72920921395363
"FOS","SIDM01739",-2.17733650823672
"FOS","SIDM01741",3.11206434940164
"FOS","SIDM01743",2.02927977697493
"FOS","SIDM01746",4.9644175244964
"FOS","SIDM01749",3.06561769526981
"FOS","SIDM01750",0.442130248560706
"FOS","SIDM01752",-1.44462747402498
"FOS","SIDM01753",-0.660192495125288
"FOS","SIDM01756",-0.322879831189474
"FOS","SIDM01757",1.19538483665389
"FOS","SIDM01758",-1.81197142061715
"FOS","SIDM01759",4.01911976021351
"FOS","SIDM01760",-1.06514921156494
"FOS","SIDM01761",1.63744735315869
"FOS","SIDM01762",-0.290037188039226
"FOS","SIDM01763",0.570593334724955
"FOS","SIDM01764",2.13636942681051
"FOS","SIDM01765",2.00073126886929
"FOS","SIDM01766",-1.31906091686555
"FOS","SIDM01767",-0.0385192006626312
"FOS","SIDM01768",-0.187623608313459
"FOS","SIDM01770",0.680573903946522
"FOS","SIDM01771",-0.668395745302282
"FOS","SIDM01772",4.3946490550237
"FOS","SIDM01773",0.461774054813501
"FOS","SIDM01774",1.33416457224597
"FOS","SIDM01775",0.162142414450243
"FOS","SIDM01777",1.16220631124586
"FOS","SIDM01779",2.25130318016971
"FOS","SIDM01780",3.24537100113619
"FOS","SIDM01781",-1.01676079882872
"FOS","SIDM01782",0.505296922453642
"FOS","SIDM01820",1.25955168387685
"FOS","SIDM01858",1.12583852972612
"FOS","SIDM01859",-1.01938532186963
"FOS","SIDM01873",0.519599610112143
"FOSL1","SIDM00001",-0.423199719416268
"FOSL1","SIDM00005",0.704616720970366
"FOSL1","SIDM00008",0.698489060584488
"FOSL1","SIDM00011",-0.786085536676187
"FOSL1","SIDM00015",0.275515446275408
"FOSL1","SIDM00016",0.599039389623906
"FOSL1","SIDM00017",2.04805869657518
"FOSL1","SIDM00029",-0.600254952884438
"FOSL1","SIDM00032",2.94737515345957
"FOSL1","SIDM00036",-0.673700958558978
"FOSL1","SIDM00046",1.22924965897216
"FOSL1","SIDM00062",-0.218093809700632
"FOSL1","SIDM00063",0.701578551172194
"FOSL1","SIDM00065",1.42678146845306
"FOSL1","SIDM00071",-0.472223790223486
"FOSL1","SIDM00074",0.698335220398709
"FOSL1","SIDM00078",1.89639603495609
"FOSL1","SIDM00079",-0.0359747892209705
"FOSL1","SIDM00080",-0.109359308659224
"FOSL1","SIDM00081",0.193174370463469
"FOSL1","SIDM00083",0.890645608008175
"FOSL1","SIDM00084",2.22687152101323
"FOSL1","SIDM00085",0.46238610220764
"FOSL1","SIDM00087",-0.277111675369788
"FOSL1","SIDM00088",-0.0645507375331517
"FOSL1","SIDM00090",3.08999082400439
"FOSL1","SIDM00092",-0.43920202652093
"FOSL1","SIDM00093",-0.0427656585879672
"FOSL1","SIDM00095",1.22711420198591
"FOSL1","SIDM00097",1.9420580330885
"FOSL1","SIDM00105",-0.191571725490355
"FOSL1","SIDM00107",0.231853904342611
"FOSL1","SIDM00108",-0.367002897384479
"FOSL1","SIDM00116",-0.360500166807916
"FOSL1","SIDM00117",-1.00380770004688
"FOSL1","SIDM00119",-0.0733106512701205
"FOSL1","SIDM00122",1.31446151792187
"FOSL1","SIDM00123",0.390996885281368
"FOSL1","SIDM00124",0.00765426296841367
"FOSL1","SIDM00125",1.39121897647023
"FOSL1","SIDM00130",-0.245176270829935
"FOSL1","SIDM00131",0.953627436051353
"FOSL1","SIDM00132",3.17007678381824
"FOSL1","SIDM00133",0.117433860601257
"FOSL1","SIDM00134",0.612899191731883
"FOSL1","SIDM00135",3.29164580713902
"FOSL1","SIDM00138",0.519335577975192
"FOSL1","SIDM00139",1.00579386109717
"FOSL1","SIDM00140",0.223374427928883
"FOSL1","SIDM00142",-0.141893519071028
"FOSL1","SIDM00143",-0.159094519133806
"FOSL1","SIDM00144",-0.769370232186649
"FOSL1","SIDM00146",1.04357697922127
"FOSL1","SIDM00147",-0.0036257358352337
"FOSL1","SIDM00148",0.634258927043642
"FOSL1","SIDM00149",1.65834729621691
"FOSL1","SIDM00150",-1.0794092600389
"FOSL1","SIDM00151",-0.295439560160312
"FOSL1","SIDM00153",-0.0675138492080581
"FOSL1","SIDM00158",-0.12698961759414
"FOSL1","SIDM00159",-0.564064456784847
"FOSL1","SIDM00160",0.455407235992515
"FOSL1","SIDM00161",-1.98242978535256
"FOSL1","SIDM00162",-1.0151059100169
"FOSL1","SIDM00163",0.348755069120376
"FOSL1","SIDM00164",-0.521171048374998
"FOSL1","SIDM00165",1.45852829493422
"FOSL1","SIDM00166",-0.980170506395062
"FOSL1","SIDM00167",1.98225347318093
"FOSL1","SIDM00168",0.567201099720929
"FOSL1","SIDM00169",-0.132349827174504
"FOSL1","SIDM00170",-0.439979951720176
"FOSL1","SIDM00171",0.35964266491898
"FOSL1","SIDM00173",1.2443552577672
"FOSL1","SIDM00192",0.00341411022940888
"FOSL1","SIDM00194",-0.388013967627455
"FOSL1","SIDM00210",-0.382122808286201
"FOSL1","SIDM00212",1.03557085918289
"FOSL1","SIDM00213",0.889859727446987
"FOSL1","SIDM00217",-0.463296146864832
"FOSL1","SIDM00220",-0.617860202285002
"FOSL1","SIDM00222",0.415290688069448
"FOSL1","SIDM00226",0.620453028325431
"FOSL1","SIDM00228",1.72657370402472
"FOSL1","SIDM00235",-0.424385677901566
"FOSL1","SIDM00237",-0.214366652499216
"FOSL1","SIDM00238",-0.488138321318572
"FOSL1","SIDM00239",1.35828418325405
"FOSL1","SIDM00247",-0.594745945333683
"FOSL1","SIDM00248",0.17241988368231
"FOSL1","SIDM00249",0.0980821679655355
"FOSL1","SIDM00250",-0.166926530849319
"FOSL1","SIDM00271",-0.335402582795472
"FOSL1","SIDM00272",-0.574826621974296
"FOSL1","SIDM00273",1.19297675184523
"FOSL1","SIDM00278",-0.723759071052896
"FOSL1","SIDM00279",-0.113669540368194
"FOSL1","SIDM00280",-0.394859367366481
"FOSL1","SIDM00282",-0.131533778301676
"FOSL1","SIDM00284",-0.282630959408571
"FOSL1","SIDM00286",-0.19305654894568
"FOSL1","SIDM00290",-0.110038810931331
"FOSL1","SIDM00298",-0.491498328522958
"FOSL1","SIDM00301",-0.422783434058692
"FOSL1","SIDM00303",-0.10515864542269
"FOSL1","SIDM00305",-0.151825093625367
"FOSL1","SIDM00306",0.670264304089103
"FOSL1","SIDM00307",-0.56682510893093
"FOSL1","SIDM00312",-0.5751273176066
"FOSL1","SIDM00313",-0.181853982710949
"FOSL1","SIDM00314",0.118240389766573
"FOSL1","SIDM00315",0.290978164678961
"FOSL1","SIDM00318",-0.216616768198979
"FOSL1","SIDM00321",0.62765587214034
"FOSL1","SIDM00322",-0.552888803553341
"FOSL1","SIDM00325",0.147103918188767
"FOSL1","SIDM00327",0.0192876478189733
"FOSL1","SIDM00329",-0.0197812382767732
"FOSL1","SIDM00331",-0.48889431267245
"FOSL1","SIDM00333",-0.2289325037991
"FOSL1","SIDM00334",-0.628083529233175
"FOSL1","SIDM00335",-0.140637809929263
"FOSL1","SIDM00336",-0.0587879656305335
"FOSL1","SIDM00337",-0.0583447428238943
"FOSL1","SIDM00338",0.0700771951102525
"FOSL1","SIDM00339",-0.140518035011352
"FOSL1","SIDM00340",-0.568632380400456
"FOSL1","SIDM00341",1.00779039428783
"FOSL1","SIDM00342",-0.406627421276242
"FOSL1","SIDM00344",0.877375482202066
"FOSL1","SIDM00345",-0.00705106970841088
"FOSL1","SIDM00347",-0.5860378701942
"FOSL1","SIDM00348",0.604796798806922
"FOSL1","SIDM00352",-0.646972615332001
"FOSL1","SIDM00353",1.5739485420809
"FOSL1","SIDM00354",2.29588694096942
"FOSL1","SIDM00355",0.0107313433452712
"FOSL1","SIDM00356",0.0498917530581911
"FOSL1","SIDM00358",-0.628219109831084
"FOSL1","SIDM00359",-0.44203353152697
"FOSL1","SIDM00360",-1.50101550375682
"FOSL1","SIDM00363",-0.686539480711547
"FOSL1","SIDM00368",-0.523838079976616
"FOSL1","SIDM00369",0.976220979997608
"FOSL1","SIDM00370",-0.0233333548776362
"FOSL1","SIDM00373",-0.566903233654555
"FOSL1","SIDM00376",-0.167399563485285
"FOSL1","SIDM00380",-0.378089750460885
"FOSL1","SIDM00382",1.49460948942019
"FOSL1","SIDM00386",0.459344260089665
"FOSL1","SIDM00387",-0.519422658014968
"FOSL1","SIDM00390",-0.304648934973798
"FOSL1","SIDM00391",-0.46511312396109
"FOSL1","SIDM00392",0.0601512143187534
"FOSL1","SIDM00395",0.000795456540329876
"FOSL1","SIDM00396",0.395958085760487
"FOSL1","SIDM00402",2.30174362599127
"FOSL1","SIDM00403",-0.363350138479835
"FOSL1","SIDM00405",-0.25264682794122
"FOSL1","SIDM00419",0.511051127311888
"FOSL1","SIDM00421",-0.181474130258593
"FOSL1","SIDM00423",0.461661362455701
"FOSL1","SIDM00425",0.694124769701233
"FOSL1","SIDM00426",0.0506412220894119
"FOSL1","SIDM00428",3.02553406306839
"FOSL1","SIDM00429",-0.031183701602252
"FOSL1","SIDM00431",-3.88789554682288
"FOSL1","SIDM00433",-0.60269806507058
"FOSL1","SIDM00434",-0.0505798422734871
"FOSL1","SIDM00435",-0.217347545069495
"FOSL1","SIDM00437",-0.0540662976414009
"FOSL1","SIDM00442",-0.92837622282944
"FOSL1","SIDM00443",-0.37665187503938
"FOSL1","SIDM00446",-0.323927666013551
"FOSL1","SIDM00447",0.0608462404170971
"FOSL1","SIDM00449",0.0409599603448284
"FOSL1","SIDM00450",-0.211660314200898
"FOSL1","SIDM00451",-0.1694842334915
"FOSL1","SIDM00452",-1.04345511309259
"FOSL1","SIDM00453",-0.368609081641999
"FOSL1","SIDM00454",-0.8129589716722
"FOSL1","SIDM00455",-0.490941986359832
"FOSL1","SIDM00457",-0.577815613780407
"FOSL1","SIDM00458",-0.345985953765198
"FOSL1","SIDM00460",-0.078603513984287
"FOSL1","SIDM00461",-0.356895223230265
"FOSL1","SIDM00462",-0.313460424156301
"FOSL1","SIDM00463",-0.285716404778672
"FOSL1","SIDM00469",0.927230532629878
"FOSL1","SIDM00473",0.806245530127489
"FOSL1","SIDM00474",1.88048374012642
"FOSL1","SIDM00475",0.192139020941205
"FOSL1","SIDM00477",0.801276729028894
"FOSL1","SIDM00478",1.80721822918463
"FOSL1","SIDM00479",-1.09798811899433
"FOSL1","SIDM00480",0.0900281422313122
"FOSL1","SIDM00481",0.105501043865795
"FOSL1","SIDM00484",-0.53953677776643
"FOSL1","SIDM00485",0.63679757542814
"FOSL1","SIDM00486",0.463206788470159
"FOSL1","SIDM00492",0.536085434779055
"FOSL1","SIDM00493",0.951910564574835
"FOSL1","SIDM00494",0.870261743478148
"FOSL1","SIDM00495",-0.815433313415022
"FOSL1","SIDM00497",-0.825177352988339
"FOSL1","SIDM00499",0.0432350966346162
"FOSL1","SIDM00500",-0.708174389144823
"FOSL1","SIDM00502",-0.344246473002412
"FOSL1","SIDM00503",-0.591831497533721
"FOSL1","SIDM00505",-0.590178012522485
"FOSL1","SIDM00506",-0.254917351036733
"FOSL1","SIDM00509",-0.135540188636019
"FOSL1","SIDM00511",-0.568065706002472
"FOSL1","SIDM00512",0.563344832116619
"FOSL1","SIDM00513",-0.0227913983671011
"FOSL1","SIDM00515",-0.0293131093633072
"FOSL1","SIDM00521",7.07692900120147
"FOSL1","SIDM00522",0.10776029511578
"FOSL1","SIDM00523",-0.232054146008306
"FOSL1","SIDM00524",-0.279445026190098
"FOSL1","SIDM00525",0.419017715040023
"FOSL1","SIDM00526",-0.509080082454514
"FOSL1","SIDM00529",0.580156770789242
"FOSL1","SIDM00531",-0.578658512440159
"FOSL1","SIDM00533",-0.260792070695245
"FOSL1","SIDM00536",-0.223862554850863
"FOSL1","SIDM00545",-0.197693564858657
"FOSL1","SIDM00546",0.629708377445333
"FOSL1","SIDM00547",0.293739158735661
"FOSL1","SIDM00548",-0.295725544835828
"FOSL1","SIDM00552",-0.0698708368606364
"FOSL1","SIDM00554",-0.76844359372475
"FOSL1","SIDM00555",0.904109369197931
"FOSL1","SIDM00556",-0.00563599689777592
"FOSL1","SIDM00557",-0.187948157476778
"FOSL1","SIDM00560",0.129016938509875
"FOSL1","SIDM00564",-1.17900297034299
"FOSL1","SIDM00567",-0.258569795459357
"FOSL1","SIDM00568",-0.847434594338264
"FOSL1","SIDM00570",-0.58879887037933
"FOSL1","SIDM00571",-0.341238232431009
"FOSL1","SIDM00572",1.1130667585109
"FOSL1","SIDM00575",0.845495272733449
"FOSL1","SIDM00578",0.363156684087556
"FOSL1","SIDM00580",-0.461762608577711
"FOSL1","SIDM00581",0.68971473553957
"FOSL1","SIDM00582",-0.724291693839086
"FOSL1","SIDM00585",-0.31743394520167
"FOSL1","SIDM00586",-1.12310341625064
"FOSL1","SIDM00587",0.639885481871231
"FOSL1","SIDM00588",-0.090950422760984
"FOSL1","SIDM00589",1.06288452744255
"FOSL1","SIDM00590",0.943821088208336
"FOSL1","SIDM00593",-0.665122217526663
"FOSL1","SIDM00594",-0.623433816279838
"FOSL1","SIDM00595",-0.091988235473791
"FOSL1","SIDM00598",0.181584238714312
"FOSL1","SIDM00602",-0.461068577777149
"FOSL1","SIDM00605",0.257094158547241
"FOSL1","SIDM00607",0.421893151198339
"FOSL1","SIDM00608",-0.0493213459653404
"FOSL1","SIDM00609",0.0890524406471863
"FOSL1","SIDM00610",0.703044415227796
"FOSL1","SIDM00611",2.69281346326112
"FOSL1","SIDM00613",0.579906147627659
"FOSL1","SIDM00614",-0.505586795447901
"FOSL1","SIDM00615",-0.292987409444957
"FOSL1","SIDM00616",-0.204771057612324
"FOSL1","SIDM00617",1.05063972904341
"FOSL1","SIDM00618",-0.180423695698983
"FOSL1","SIDM00625",0.0334954419059757
"FOSL1","SIDM00628",1.17265702963937
"FOSL1","SIDM00629",-0.00683671683038089
"FOSL1","SIDM00630",0.127932474005559
"FOSL1","SIDM00633",0.302511540302978
"FOSL1","SIDM00634",0.711293143907316
"FOSL1","SIDM00637",0.392960178732376
"FOSL1","SIDM00639",0.0301469176173664
"FOSL1","SIDM00640",0.594548733452947
"FOSL1","SIDM00641",-0.124576381594579
"FOSL1","SIDM00644",-0.51471281947705
"FOSL1","SIDM00645",0.792539251064145
"FOSL1","SIDM00646",-0.568823472523374
"FOSL1","SIDM00649",0.309860878929227
"FOSL1","SIDM00651",0.129674455888285
"FOSL1","SIDM00652",-0.356401395943006
"FOSL1","SIDM00653",-0.0623822614465962
"FOSL1","SIDM00654",-0.416100630855313
"FOSL1","SIDM00657",-0.352911076171014
"FOSL1","SIDM00658",-0.471481532754015
"FOSL1","SIDM00660",-0.947045435244465
"FOSL1","SIDM00661",-0.24104506469934
"FOSL1","SIDM00662",0.0551142866928663
"FOSL1","SIDM00663",-0.473628798507487
"FOSL1","SIDM00664",0.565499408329182
"FOSL1","SIDM00665",0.836164653490441
"FOSL1","SIDM00666",1.04291402681802
"FOSL1","SIDM00669",0.0455952147641985
"FOSL1","SIDM00670",-0.975510409086028
"FOSL1","SIDM00671",0.310708332810525
"FOSL1","SIDM00672",-0.992790353550002
"FOSL1","SIDM00673",0.795011537215966
"FOSL1","SIDM00675",0.173415151935412
"FOSL1","SIDM00676",0.781689773289395
"FOSL1","SIDM00678",0.201800662965977
"FOSL1","SIDM00681",-0.601833857233045
"FOSL1","SIDM00683",-0.641721568671502
"FOSL1","SIDM00684",2.3696626058903
"FOSL1","SIDM00685",-0.459048944404645
"FOSL1","SIDM00686",-0.0674674609258023
"FOSL1","SIDM00687",-0.370295183755922
"FOSL1","SIDM00689",0.0886087936759272
"FOSL1","SIDM00693",0.415781783129548
"FOSL1","SIDM00694",-0.928046832394157
"FOSL1","SIDM00695",-0.391032264187716
"FOSL1","SIDM00697",-0.33453678918751
"FOSL1","SIDM00698",-0.134317147943963
"FOSL1","SIDM00702",-0.91517539993243
"FOSL1","SIDM00703",0.659862102668926
"FOSL1","SIDM00704",-0.532179410500229
"FOSL1","SIDM00706",-0.418186696444848
"FOSL1","SIDM00708",-0.583512320940409
"FOSL1","SIDM00709",4.75445496941455
"FOSL1","SIDM00710",-0.439925787827827
"FOSL1","SIDM00711",-1.21120484547375
"FOSL1","SIDM00713",1.18048782301548
"FOSL1","SIDM00715",-1.03177934978601
"FOSL1","SIDM00716",-1.0512872680479
"FOSL1","SIDM00718",-0.189754251758057
"FOSL1","SIDM00720",-1.74577644969806
"FOSL1","SIDM00722",0.401421800403076
"FOSL1","SIDM00723",0.859213752360908
"FOSL1","SIDM00724",-0.402140465284779
"FOSL1","SIDM00726",1.38069262464204
"FOSL1","SIDM00727",-0.0262746227990098
"FOSL1","SIDM00728",0.593454240120247
"FOSL1","SIDM00729",-2.99609992611532
"FOSL1","SIDM00730",-0.623379042706135
"FOSL1","SIDM00731",-0.708752477508904
"FOSL1","SIDM00733",0.115965964332416
"FOSL1","SIDM00734",-1.22035089368842
"FOSL1","SIDM00735",-0.526289712238828
"FOSL1","SIDM00738",-0.337756871296824
"FOSL1","SIDM00739",0.897492765208153
"FOSL1","SIDM00740",-0.259611175514347
"FOSL1","SIDM00741",-0.365922048467107
"FOSL1","SIDM00742",-0.585537239969628
"FOSL1","SIDM00743",-0.0384754370738378
"FOSL1","SIDM00744",-0.931636971728263
"FOSL1","SIDM00745",0.905017275079965
"FOSL1","SIDM00746",2.45449069978215
"FOSL1","SIDM00747",-0.212498834524631
"FOSL1","SIDM00748",-0.489691343295035
"FOSL1","SIDM00749",-1.81623964386395
"FOSL1","SIDM00750",0.282846931961096
"FOSL1","SIDM00751",0.0741532749299554
"FOSL1","SIDM00753",2.19172685836638
"FOSL1","SIDM00754",-0.431508537529672
"FOSL1","SIDM00755",-1.14516398137453
"FOSL1","SIDM00756",-0.0574994002172915
"FOSL1","SIDM00757",0.293527648574313
"FOSL1","SIDM00759",0.830727798863191
"FOSL1","SIDM00760",-0.434830057672617
"FOSL1","SIDM00761",0.0398113405449369
"FOSL1","SIDM00762",0.410722150002926
"FOSL1","SIDM00763",0.2133294712897
"FOSL1","SIDM00766",-0.41941736681874
"FOSL1","SIDM00768",2.75109955599451
"FOSL1","SIDM00769",1.25782945844225
"FOSL1","SIDM00771",-0.130569145633168
"FOSL1","SIDM00772",-0.0878292264744121
"FOSL1","SIDM00774",-0.270622745721681
"FOSL1","SIDM00775",-0.324516884718805
"FOSL1","SIDM00776",0.525203471924011
"FOSL1","SIDM00777",-1.03388350311043
"FOSL1","SIDM00778",0.250462917744453
"FOSL1","SIDM00779",-0.580099892606007
"FOSL1","SIDM00780",-0.0694295278049042
"FOSL1","SIDM00782",-0.90905442475745
"FOSL1","SIDM00784",0.0609925891215703
"FOSL1","SIDM00785",-0.391579359502909
"FOSL1","SIDM00791",-0.0739335079119641
"FOSL1","SIDM00795",-0.155941103592431
"FOSL1","SIDM00796",1.09042855967189
"FOSL1","SIDM00797",-0.682859971040967
"FOSL1","SIDM00798",2.26864621669167
"FOSL1","SIDM00799",1.23626710389809
"FOSL1","SIDM00800",0.668909515095984
"FOSL1","SIDM00801",0.320533804565208
"FOSL1","SIDM00803",-0.134035101852775
"FOSL1","SIDM00806",0.134195266107562
"FOSL1","SIDM00812",0.317390548769409
"FOSL1","SIDM00823",-0.0567102665510706
"FOSL1","SIDM00828",1.1079902476651
"FOSL1","SIDM00829",-0.564954699017944
"FOSL1","SIDM00831",0.515347146971403
"FOSL1","SIDM00839",-0.438136026424076
"FOSL1","SIDM00840",0.470047469647237
"FOSL1","SIDM00844",0.0931797539846095
"FOSL1","SIDM00845",-0.481568403019745
"FOSL1","SIDM00847",-0.172301903055776
"FOSL1","SIDM00848",0.790989155188309
"FOSL1","SIDM00849",-0.456307244515505
"FOSL1","SIDM00850",-0.469147497414994
"FOSL1","SIDM00851",-1.36666345835527
"FOSL1","SIDM00852",0.334137735670644
"FOSL1","SIDM00853",2.58816652543021
"FOSL1","SIDM00854",0.157099588129694
"FOSL1","SIDM00855",0.138063477467283
"FOSL1","SIDM00856",-0.157440120657269
"FOSL1","SIDM00857",0.259321710035208
"FOSL1","SIDM00858",1.86891036433955
"FOSL1","SIDM00860",-0.266274369361747
"FOSL1","SIDM00861",5.05229897078753
"FOSL1","SIDM00862",-0.892027782615408
"FOSL1","SIDM00865",-0.178564461188461
"FOSL1","SIDM00866",0.178175975929601
"FOSL1","SIDM00867",1.5618253537922
"FOSL1","SIDM00870",-0.590745183770139
"FOSL1","SIDM00872",0.270856504463232
"FOSL1","SIDM00874",-0.0563545308195453
"FOSL1","SIDM00877",-0.259854273843095
"FOSL1","SIDM00878",0.834154252311454
"FOSL1","SIDM00879",1.43459184593318
"FOSL1","SIDM00881",1.25249246955517
"FOSL1","SIDM00882",-0.451039055616378
"FOSL1","SIDM00884",0.83665107520468
"FOSL1","SIDM00886",-0.329086846070385
"FOSL1","SIDM00887",0.883651374054011
"FOSL1","SIDM00888",1.57822034024545
"FOSL1","SIDM00890",0.132416221141267
"FOSL1","SIDM00892",1.51778577624623
"FOSL1","SIDM00893",-0.616782292879551
"FOSL1","SIDM00894",0.559887106382448
"FOSL1","SIDM00897",0.79476747979911
"FOSL1","SIDM00898",-0.00460391680206044
"FOSL1","SIDM00899",-0.309948343773121
"FOSL1","SIDM00901",1.22778927602793
"FOSL1","SIDM00903",-0.235860344260888
"FOSL1","SIDM00904",-0.449156122114941
"FOSL1","SIDM00907",-0.743638487245769
"FOSL1","SIDM00909",-2.13570354437935
"FOSL1","SIDM00910",-0.0596185943405552
"FOSL1","SIDM00914",0.42493403585058
"FOSL1","SIDM00918",-0.551411591763871
"FOSL1","SIDM00919",0.347913953301411
"FOSL1","SIDM00920",0.416295589417419
"FOSL1","SIDM00921",-0.17625176531682
"FOSL1","SIDM00922",-0.342964848212615
"FOSL1","SIDM00924",-0.101030908040863
"FOSL1","SIDM00925",0.366296859328071
"FOSL1","SIDM00926",-0.266557441022264
"FOSL1","SIDM00928",1.68874667761014
"FOSL1","SIDM00931",0.171800563137352
"FOSL1","SIDM00932",-0.696064362082127
"FOSL1","SIDM00933",-0.733162918107615
"FOSL1","SIDM00934",-0.296377769743325
"FOSL1","SIDM00936",1.94618039612405
"FOSL1","SIDM00937",0.873000071684324
"FOSL1","SIDM00938",0.248376360674864
"FOSL1","SIDM00939",1.95255290467693
"FOSL1","SIDM00940",0.589524500011636
"FOSL1","SIDM00941",0.034066046347383
"FOSL1","SIDM00942",1.02449030548886
"FOSL1","SIDM00943",0.471641046319702
"FOSL1","SIDM00944",0.302757026347451
"FOSL1","SIDM00945",-0.591992789086955
"FOSL1","SIDM00947",0.39309359801223
"FOSL1","SIDM00949",0.0943150573208214
"FOSL1","SIDM00950",-0.270748382146763
"FOSL1","SIDM00955",-0.0378895007971979
"FOSL1","SIDM00956",-0.925279308809481
"FOSL1","SIDM00957",0.0149254468987314
"FOSL1","SIDM00959",-0.419367727194326
"FOSL1","SIDM00961",0.0756795293800959
"FOSL1","SIDM00963",0.213273777025275
"FOSL1","SIDM00965",-0.765262852659162
"FOSL1","SIDM00979",-0.126195306606118
"FOSL1","SIDM00980",-1.51402404254343
"FOSL1","SIDM00981",-0.222700859060287
"FOSL1","SIDM00982",-0.0403578248566946
"FOSL1","SIDM00983",2.20996761138609
"FOSL1","SIDM00985",0.266387404462363
"FOSL1","SIDM00986",0.0874825081676139
"FOSL1","SIDM00987",-0.0492642590930068
"FOSL1","SIDM00988",1.49335594372035
"FOSL1","SIDM00989",1.24768224983248
"FOSL1","SIDM00990",-0.486997373444871
"FOSL1","SIDM00991",0.266159980676285
"FOSL1","SIDM00992",1.83534045555077
"FOSL1","SIDM00993",-0.0996780761664924
"FOSL1","SIDM00994",0.563253346142451
"FOSL1","SIDM00996",2.18806236234508
"FOSL1","SIDM00997",3.43755699531479
"FOSL1","SIDM00998",0.0187322022052664
"FOSL1","SIDM00999",0.541377867205798
"FOSL1","SIDM01000",0.0885642928667244
"FOSL1","SIDM01001",-0.503080109490704
"FOSL1","SIDM01002",-0.439313442364078
"FOSL1","SIDM01003",-0.16695584218383
"FOSL1","SIDM01004",0.0881682099711502
"FOSL1","SIDM01005",-0.390863291728088
"FOSL1","SIDM01008",-0.216357263224148
"FOSL1","SIDM01009",0.106185219626757
"FOSL1","SIDM01010",0.19575621697038
"FOSL1","SIDM01012",-0.438555473002642
"FOSL1","SIDM01013",-0.226409638734239
"FOSL1","SIDM01015",-0.546408263548812
"FOSL1","SIDM01016",-0.290113091723382
"FOSL1","SIDM01018",2.58724869533502
"FOSL1","SIDM01020",-0.0675965597618114
"FOSL1","SIDM01022",-0.253751055719718
"FOSL1","SIDM01023",-0.393712832124075
"FOSL1","SIDM01024",-2.62908098681343
"FOSL1","SIDM01025",0.374824634411358
"FOSL1","SIDM01026",-0.18012808403998
"FOSL1","SIDM01027",-0.554711776372086
"FOSL1","SIDM01028",-0.0658151692191222
"FOSL1","SIDM01029",0.200250823603336
"FOSL1","SIDM01030",-0.810262129785684
"FOSL1","SIDM01031",0.147087234126787
"FOSL1","SIDM01032",-0.486277625728721
"FOSL1","SIDM01033",-0.0535923454649378
"FOSL1","SIDM01034",0.109478382364713
"FOSL1","SIDM01036",0.194989938366899
"FOSL1","SIDM01037",0.925909868248912
"FOSL1","SIDM01038",0.506792605704561
"FOSL1","SIDM01040",-0.152553206407121
"FOSL1","SIDM01043",1.85332645215219
"FOSL1","SIDM01044",0.523093016733432
"FOSL1","SIDM01045",-0.56566785225775
"FOSL1","SIDM01048",-0.296236981637961
"FOSL1","SIDM01049",-0.154643540244116
"FOSL1","SIDM01051",-0.40168110800415
"FOSL1","SIDM01052",-1.99636394702425
"FOSL1","SIDM01055",0.640137135602154
"FOSL1","SIDM01056",0.948102801560933
"FOSL1","SIDM01057",-0.227534446619439
"FOSL1","SIDM01058",-0.145660378449712
"FOSL1","SIDM01059",0.442487974131221
"FOSL1","SIDM01060",-0.156421760071239
"FOSL1","SIDM01062",-0.0555940288650757
"FOSL1","SIDM01063",-0.798530411788063
"FOSL1","SIDM01066",-0.241316569595755
"FOSL1","SIDM01067",1.50227435760268
"FOSL1","SIDM01068",0.215285358093667
"FOSL1","SIDM01069",0.561654096651789
"FOSL1","SIDM01070",2.47781985955239
"FOSL1","SIDM01071",-0.356053170356795
"FOSL1","SIDM01072",-1.73073746768775
"FOSL1","SIDM01074",1.05883569563479
"FOSL1","SIDM01077",-0.43822663278374
"FOSL1","SIDM01078",-0.390587113971417
"FOSL1","SIDM01079",-2.22196471016604
"FOSL1","SIDM01080",2.20609052127789
"FOSL1","SIDM01081",0.834655788708908
"FOSL1","SIDM01082",6.32041904599821
"FOSL1","SIDM01083",2.0229772977708
"FOSL1","SIDM01084",1.27628313259692
"FOSL1","SIDM01085",-0.458755235893526
"FOSL1","SIDM01086",-0.32815641258622
"FOSL1","SIDM01087",0.641066859205771
"FOSL1","SIDM01088",0.482903230384333
"FOSL1","SIDM01089",-0.0187037849290445
"FOSL1","SIDM01096",-0.584073052780607
"FOSL1","SIDM01099",-0.121058189491177
"FOSL1","SIDM01100",0.209407159235067
"FOSL1","SIDM01101",0.29217032293178
"FOSL1","SIDM01103",-1.16450420691873
"FOSL1","SIDM01104",0.114030035809283
"FOSL1","SIDM01105",0.192330909243988
"FOSL1","SIDM01106",1.97198366803083
"FOSL1","SIDM01107",-0.308463890457142
"FOSL1","SIDM01108",-0.434122718669438
"FOSL1","SIDM01109",0.257942356424217
"FOSL1","SIDM01110",0.53595911150757
"FOSL1","SIDM01111",0.162936223530408
"FOSL1","SIDM01112",0.821584378303875
"FOSL1","SIDM01113",0.220575220428496
"FOSL1","SIDM01116",-0.667760526425546
"FOSL1","SIDM01119",-0.471683200952868
"FOSL1","SIDM01121",-0.285882822194802
"FOSL1","SIDM01123",-0.181319743380582
"FOSL1","SIDM01124",0.13498590114212
"FOSL1","SIDM01125",0.490952126123685
"FOSL1","SIDM01127",-0.147868803522106
"FOSL1","SIDM01128",-0.223007805138815
"FOSL1","SIDM01129",0.0121256952063717
"FOSL1","SIDM01130",-0.921049482256452
"FOSL1","SIDM01131",-0.0613604181226516
"FOSL1","SIDM01134",-0.928503662511164
"FOSL1","SIDM01135",-0.104295595161406
"FOSL1","SIDM01136",0.426994341077899
"FOSL1","SIDM01137",0.620487666562947
"FOSL1","SIDM01138",0.948457975359763
"FOSL1","SIDM01139",0.119794342839488
"FOSL1","SIDM01141",-0.380016140559633
"FOSL1","SIDM01144",-0.748884979692873
"FOSL1","SIDM01147",0.16428799900529
"FOSL1","SIDM01148",-0.721548899077893
"FOSL1","SIDM01150",-0.412886680198084
"FOSL1","SIDM01151",1.23718597607005
"FOSL1","SIDM01154",0.077725342102333
"FOSL1","SIDM01156",-0.0658796990698847
"FOSL1","SIDM01158",0.433103220812591
"FOSL1","SIDM01164",1.44355813297355
"FOSL1","SIDM01165",0.818913748786741
"FOSL1","SIDM01167",2.55732028833311
"FOSL1","SIDM01169",-0.720632648863878
"FOSL1","SIDM01170",-0.533909931687306
"FOSL1","SIDM01171",0.0224207948696788
"FOSL1","SIDM01172",-0.737743678329145
"FOSL1","SIDM01176",-0.250328080774768
"FOSL1","SIDM01180",1.0572858296351
"FOSL1","SIDM01181",-0.34807967633217
"FOSL1","SIDM01182",0.968483539456589
"FOSL1","SIDM01184",1.33579263934822
"FOSL1","SIDM01186",-0.634348762830344
"FOSL1","SIDM01188",-0.701068220880452
"FOSL1","SIDM01189",1.41446950773077
"FOSL1","SIDM01190",0.309258579078304
"FOSL1","SIDM01191",0.192124456300126
"FOSL1","SIDM01193",1.35768993904172
"FOSL1","SIDM01194",-0.286800016780759
"FOSL1","SIDM01195",-0.33974572455878
"FOSL1","SIDM01196",-1.27063880965664
"FOSL1","SIDM01199",0.155063905715859
"FOSL1","SIDM01215",0.474633722160869
"FOSL1","SIDM01222",-0.637914117294013
"FOSL1","SIDM01241",-0.949617547992856
"FOSL1","SIDM01254",0.0169315940896955
"FOSL1","SIDM01265",-0.0647298853366282
"FOSL1","SIDM01316",-0.055944444826966
"FOSL1","SIDM01318",-0.70028190769745
"FOSL1","SIDM01320",-1.01794332430377
"FOSL1","SIDM01321",0.670340357820403
"FOSL1","SIDM01322",0.590776773462618
"FOSL1","SIDM01323",1.08713080624026
"FOSL1","SIDM01324",0.86245367088052
"FOSL1","SIDM01325",0.766050434191423
"FOSL1","SIDM01331",0.38678520934213
"FOSL1","SIDM01332",0.926208722317363
"FOSL1","SIDM01335",1.66827531047794
"FOSL1","SIDM01336",1.06426044656572
"FOSL1","SIDM01343",1.03459028279263
"FOSL1","SIDM01347",-1.59889145494702
"FOSL1","SIDM01363",-2.35451322379824
"FOSL1","SIDM01368",0.957764053513123
"FOSL1","SIDM01372",-0.151053194811953
"FOSL1","SIDM01377",0.171566535261677
"FOSL1","SIDM01378",-0.506472536015035
"FOSL1","SIDM01387",0.727555157186184
"FOSL1","SIDM01391",0.00585409159905304
"FOSL1","SIDM01393",-1.07367514912036
"FOSL1","SIDM01394",-0.161955438491471
"FOSL1","SIDM01397",0.179228648918056
"FOSL1","SIDM01398",-0.784955038926772
"FOSL1","SIDM01409",1.08299624927614
"FOSL1","SIDM01411",0.288792763749999
"FOSL1","SIDM01412",0.293686050957436
"FOSL1","SIDM01413",0.0606213633895706
"FOSL1","SIDM01432",0.663040247828883
"FOSL1","SIDM01433",-0.229576414111904
"FOSL1","SIDM01434",0.177796768604478
"FOSL1","SIDM01435",0.359408247363251
"FOSL1","SIDM01436",0.870026860962236
"FOSL1","SIDM01437",2.4971324303603
"FOSL1","SIDM01439",-0.587381665743449
"FOSL1","SIDM01442",0.618840465291658
"FOSL1","SIDM01443",0.759157699184797
"FOSL1","SIDM01444",-1.48333533853232
"FOSL1","SIDM01445",-0.222843688182789
"FOSL1","SIDM01446",0.728227671121156
"FOSL1","SIDM01447",0.152018208290163
"FOSL1","SIDM01449",1.68693235130701
"FOSL1","SIDM01450",-0.582081069212107
"FOSL1","SIDM01451",0.424596934618575
"FOSL1","SIDM01454",1.88547544473651
"FOSL1","SIDM01460",1.00228841727279
"FOSL1","SIDM01463",-0.083420818681147
"FOSL1","SIDM01464",-0.680693435192091
"FOSL1","SIDM01469",0.1712684161638
"FOSL1","SIDM01470",-0.50002948932553
"FOSL1","SIDM01471",-0.307208403111897
"FOSL1","SIDM01472",0.138325137377425
"FOSL1","SIDM01473",0.230633659820413
"FOSL1","SIDM01474",0.340370687888231
"FOSL1","SIDM01476",-0.298667862337369
"FOSL1","SIDM01479",0.730790374016748
"FOSL1","SIDM01480",-0.35654003853506
"FOSL1","SIDM01482",0.0992934891585061
"FOSL1","SIDM01490",-0.406162932351321
"FOSL1","SIDM01491",-0.248293593877017
"FOSL1","SIDM01492",-0.339712307587784
"FOSL1","SIDM01494",0.278140858332957
"FOSL1","SIDM01498",-0.134205009130978
"FOSL1","SIDM01502",-0.00142325607568139
"FOSL1","SIDM01503",-0.427355937786914
"FOSL1","SIDM01504",0.610490155989132
"FOSL1","SIDM01510",-0.216241428358942
"FOSL1","SIDM01511",-0.217573133288231
"FOSL1","SIDM01512",0.655471665965991
"FOSL1","SIDM01517",0.786233727264461
"FOSL1","SIDM01518",3.53712940191284
"FOSL1","SIDM01519",-0.370723284132521
"FOSL1","SIDM01520",1.58146061648147
"FOSL1","SIDM01522",-0.293783406670412
"FOSL1","SIDM01523",-1.8202487190065
"FOSL1","SIDM01525",0.0312801171631533
"FOSL1","SIDM01526",0.0446681091099472
"FOSL1","SIDM01528",0.282617489039057
"FOSL1","SIDM01529",-0.0764604330929266
"FOSL1","SIDM01530",-0.134539821073191
"FOSL1","SIDM01531",0.0422508550749232
"FOSL1","SIDM01545",1.02454595579407
"FOSL1","SIDM01546",-1.1340940831761
"FOSL1","SIDM01551",-0.649673622869976
"FOSL1","SIDM01553",-0.130019513043017
"FOSL1","SIDM01554",1.77374097388361
"FOSL1","SIDM01556",-0.221096814383653
"FOSL1","SIDM01559",0.9504300410808
"FOSL1","SIDM01560",0.832518229118212
"FOSL1","SIDM01561",-0.163438862267478
"FOSL1","SIDM01563",1.54556782906173
"FOSL1","SIDM01564",2.29055733403447
"FOSL1","SIDM01565",1.29786601934932
"FOSL1","SIDM01566",2.70194203686394
"FOSL1","SIDM01567",-0.0177745169812927
"FOSL1","SIDM01569",-1.42506276800204
"FOSL1","SIDM01570",0.697395804807859
"FOSL1","SIDM01571",-0.373675165045258
"FOSL1","SIDM01572",-0.059451757171232
"FOSL1","SIDM01573",-0.18519619612518
"FOSL1","SIDM01574",-0.432345992413415
"FOSL1","SIDM01575",-0.324148963169701
"FOSL1","SIDM01577",-0.254081191998123
"FOSL1","SIDM01578",-0.152640046858143
"FOSL1","SIDM01580",1.02578956030107
"FOSL1","SIDM01581",0.401671745190789
"FOSL1","SIDM01582",-0.794621723084202
"FOSL1","SIDM01587",2.36209111647712
"FOSL1","SIDM01588",0.157685663430322
"FOSL1","SIDM01589",-0.272313747271037
"FOSL1","SIDM01590",2.30654171291146
"FOSL1","SIDM01591",1.3084597159178
"FOSL1","SIDM01593",-1.54729006437314
"FOSL1","SIDM01594",2.1838479740601
"FOSL1","SIDM01596",0.17039504703666
"FOSL1","SIDM01598",0.377714973200344
"FOSL1","SIDM01602",0.484044197023583
"FOSL1","SIDM01603",1.80057789646828
"FOSL1","SIDM01604",0.000974518960116952
"FOSL1","SIDM01605",-1.44082076236841
"FOSL1","SIDM01606",4.47917083703444
"FOSL1","SIDM01607",0.00288988048702383
"FOSL1","SIDM01608",-0.989279784767392
"FOSL1","SIDM01609",0.0342839820496905
"FOSL1","SIDM01611",-0.493417978692632
"FOSL1","SIDM01612",0.0956600472542431
"FOSL1","SIDM01613",1.78872980291624
"FOSL1","SIDM01614",-0.353352255941053
"FOSL1","SIDM01615",3.48026864805513
"FOSL1","SIDM01616",-0.417563445961411
"FOSL1","SIDM01617",-0.660107052610653
"FOSL1","SIDM01618",-0.226690721638413
"FOSL1","SIDM01619",-0.629155604026076
"FOSL1","SIDM01622",0.153395708101484
"FOSL1","SIDM01624",0.520837256808194
"FOSL1","SIDM01628",-0.654103586075109
"FOSL1","SIDM01629",-0.119430924392899
"FOSL1","SIDM01635",0.443736302425563
"FOSL1","SIDM01640",-0.437275677286517
"FOSL1","SIDM01657",-0.234950500320296
"FOSL1","SIDM01658",-0.444039586854826
"FOSL1","SIDM01659",0.26296812738382
"FOSL1","SIDM01660",2.0765945524408
"FOSL1","SIDM01662",-0.296997653002853
"FOSL1","SIDM01664",-0.373385359996317
"FOSL1","SIDM01667",0.214275843194057
"FOSL1","SIDM01668",-0.982136873476967
"FOSL1","SIDM01672",-0.448491545633625
"FOSL1","SIDM01675",0.159129686148307
"FOSL1","SIDM01676",-0.417600200634308
"FOSL1","SIDM01679",-0.310002195109932
"FOSL1","SIDM01682",-0.518174799369885
"FOSL1","SIDM01685",-0.388673553830618
"FOSL1","SIDM01686",-0.365560601098897
"FOSL1","SIDM01689",0.0503864593389409
"FOSL1","SIDM01690",-0.68417765918389
"FOSL1","SIDM01691",-0.832353756521169
"FOSL1","SIDM01692",0.535358126881959
"FOSL1","SIDM01693",-0.457711656497174
"FOSL1","SIDM01694",-0.22856374126874
"FOSL1","SIDM01695",-0.782684826418533
"FOSL1","SIDM01696",1.95540332808301
"FOSL1","SIDM01697",-0.223829607088356
"FOSL1","SIDM01698",1.73178122739111
"FOSL1","SIDM01699",-0.110015974352247
"FOSL1","SIDM01701",5.53722643632224
"FOSL1","SIDM01702",0.812361085427492
"FOSL1","SIDM01703",0.540184475883532
"FOSL1","SIDM01704",1.57679023938829
"FOSL1","SIDM01705",2.13205688122415
"FOSL1","SIDM01709",0.831459754630947
"FOSL1","SIDM01710",2.83134053486137
"FOSL1","SIDM01724",1.81389517065223
"FOSL1","SIDM01725",3.5575497810408
"FOSL1","SIDM01726",-1.02565358531721
"FOSL1","SIDM01727",-0.464671155815749
"FOSL1","SIDM01728",-0.198451741076386
"FOSL1","SIDM01729",-0.716716169269325
"FOSL1","SIDM01730",-0.389563085703518
"FOSL1","SIDM01734",0.370224386707126
"FOSL1","SIDM01739",0.0936001124393705
"FOSL1","SIDM01741",-0.719676828505558
"FOSL1","SIDM01743",3.85208087088684
"FOSL1","SIDM01746",3.29816914825958
"FOSL1","SIDM01749",-0.682200615713238
"FOSL1","SIDM01750",-0.242789273072556
"FOSL1","SIDM01752",-0.549530023678283
"FOSL1","SIDM01753",-0.623337381217202
"FOSL1","SIDM01756",-0.118789364303061
"FOSL1","SIDM01757",1.44043868432785
"FOSL1","SIDM01758",-0.307665237460087
"FOSL1","SIDM01759",1.07325120213363
"FOSL1","SIDM01760",-1.14540486227862
"FOSL1","SIDM01761",-1.35598750225454
"FOSL1","SIDM01762",-0.723602250883285
"FOSL1","SIDM01763",0.442165779722477
"FOSL1","SIDM01764",0.653866490676867
"FOSL1","SIDM01765",0.0869322712717524
"FOSL1","SIDM01766",-0.0459336644344642
"FOSL1","SIDM01767",0.119485679507614
"FOSL1","SIDM01768",-0.232675818086926
"FOSL1","SIDM01770",1.36672309131793
"FOSL1","SIDM01771",-0.183446304764026
"FOSL1","SIDM01772",3.93342349958961
"FOSL1","SIDM01773",-0.338265246499159
"FOSL1","SIDM01774",0.630836015703424
"FOSL1","SIDM01775",-0.451010321621477
"FOSL1","SIDM01777",0.031441909287238
"FOSL1","SIDM01779",0.632023370793098
"FOSL1","SIDM01780",-0.354043665832984
"FOSL1","SIDM01781",-0.571683583348936
"FOSL1","SIDM01782",0.534713542264578
"FOSL1","SIDM01820",-0.530616114140684
"FOSL1","SIDM01858",0.0526844297271901
"FOSL1","SIDM01859",-0.794214083794503
"FOSL1","SIDM01873",0.0834568120600457
"FOXO1","SIDM00001",0.510541476576502
"FOXO1","SIDM00005",-1.93154383775945
"FOXO1","SIDM00008",0.518415627723303
"FOXO1","SIDM00011",-0.0784627531785671
"FOXO1","SIDM00015",-0.240138185364036
"FOXO1","SIDM00016",-1.18809383563283
"FOXO1","SIDM00017",-1.16412442592571
"FOXO1","SIDM00029",-0.78623552764197
"FOXO1","SIDM00032",1.14969473963018
"FOXO1","SIDM00036",-0.368088920463859
"FOXO1","SIDM00046",-0.689276785199081
"FOXO1","SIDM00062",0.811471447295211
"FOXO1","SIDM00063",0.961261078554683
"FOXO1","SIDM00065",-0.702440653355626
"FOXO1","SIDM00071",-0.547253162563542
"FOXO1","SIDM00074",-1.06263505727668
"FOXO1","SIDM00078",0.898034270081575
"FOXO1","SIDM00079",-0.480531621337099
"FOXO1","SIDM00080",0.399574235344949
"FOXO1","SIDM00081",0.629097269246372
"FOXO1","SIDM00083",1.34513755134104
"FOXO1","SIDM00084",0.168381879966648
"FOXO1","SIDM00085",1.64987575115868
"FOXO1","SIDM00087",-0.511389012264251
"FOXO1","SIDM00088",-0.708454691787184
"FOXO1","SIDM00090",0.0910597881723169
"FOXO1","SIDM00092",1.15428833718596
"FOXO1","SIDM00093",0.437360991754896
"FOXO1","SIDM00095",1.65339160074859
"FOXO1","SIDM00097",-1.58226715331436
"FOXO1","SIDM00105",0.284078125395528
"FOXO1","SIDM00107",-0.26272986379149
"FOXO1","SIDM00108",-0.0887775459062494
"FOXO1","SIDM00116",-1.0562696866766
"FOXO1","SIDM00117",-1.64535624905285
"FOXO1","SIDM00119",-1.35032353172464
"FOXO1","SIDM00122",1.15711413164462
"FOXO1","SIDM00123",0.0887177984665522
"FOXO1","SIDM00124",1.88049366839573
"FOXO1","SIDM00125",0.939510321804233
"FOXO1","SIDM00130",-0.422411693641382
"FOXO1","SIDM00131",1.14371874150741
"FOXO1","SIDM00132",0.917806266890619
"FOXO1","SIDM00133",-1.37174278934291
"FOXO1","SIDM00134",0.733422251284563
"FOXO1","SIDM00135",0.964213398252123
"FOXO1","SIDM00138",-0.170770323929926
"FOXO1","SIDM00139",-0.0549493902326758
"FOXO1","SIDM00140",1.06821867123508
"FOXO1","SIDM00142",-0.774760115963238
"FOXO1","SIDM00143",-0.979692772391637
"FOXO1","SIDM00144",-1.06172180883096
"FOXO1","SIDM00146",-0.603594728418326
"FOXO1","SIDM00147",-1.521808429619
"FOXO1","SIDM00148",-1.61849936013722
"FOXO1","SIDM00149",-0.022835925049043
"FOXO1","SIDM00150",-1.88138750752487
"FOXO1","SIDM00151",-0.0861664224764992
"FOXO1","SIDM00153",-0.217695067242394
"FOXO1","SIDM00158",1.35353384227781
"FOXO1","SIDM00159",-0.954464808947623
"FOXO1","SIDM00160",-0.0135421460759941
"FOXO1","SIDM00161",-1.61620438365003
"FOXO1","SIDM00162",-0.644750251410875
"FOXO1","SIDM00163",-0.460425186450037
"FOXO1","SIDM00164",-1.01102406433463
"FOXO1","SIDM00165",-0.089221501074679
"FOXO1","SIDM00166",0.0557217174090742
"FOXO1","SIDM00167",0.494404870004422
"FOXO1","SIDM00168",0.854350348514579
"FOXO1","SIDM00169",0.979435730702614
"FOXO1","SIDM00170",-0.883847811749315
"FOXO1","SIDM00171",-0.00190845369154642
"FOXO1","SIDM00173",0.156421538792734
"FOXO1","SIDM00192",0.7531750941058
"FOXO1","SIDM00194",-0.919125794267585
"FOXO1","SIDM00210",-0.360220388012107
"FOXO1","SIDM00212",0.421932471769464
"FOXO1","SIDM00213",1.43260518455452
"FOXO1","SIDM00217",1.39168489790665
"FOXO1","SIDM00220",-1.50979610574229
"FOXO1","SIDM00222",-0.530852110131344
"FOXO1","SIDM00226",-0.984188834569776
"FOXO1","SIDM00228",-0.449889398605266
"FOXO1","SIDM00235",0.658006415661372
"FOXO1","SIDM00237",0.0699024637973364
"FOXO1","SIDM00238",-0.0250966856561944
"FOXO1","SIDM00239",-0.198204725655479
"FOXO1","SIDM00247",-0.159540254820484
"FOXO1","SIDM00248",1.05172796986851
"FOXO1","SIDM00249",-0.741624403977132
"FOXO1","SIDM00250",-0.297653264865529
"FOXO1","SIDM00271",0.927258698712616
"FOXO1","SIDM00272",-1.85741847325836
"FOXO1","SIDM00273",0.00483144847002486
"FOXO1","SIDM00278",0.0777493942980277
"FOXO1","SIDM00279",-1.33465889972749
"FOXO1","SIDM00280",1.25849680723677
"FOXO1","SIDM00282",1.012943162986
"FOXO1","SIDM00284",0.606578542864972
"FOXO1","SIDM00286",-0.946039594837299
"FOXO1","SIDM00290",-1.47135721471006
"FOXO1","SIDM00298",0.459335450493983
"FOXO1","SIDM00301",-1.14681658197707
"FOXO1","SIDM00303",0.549946928269825
"FOXO1","SIDM00305",-0.612534867409356
"FOXO1","SIDM00306",0.0185869004636459
"FOXO1","SIDM00307",-1.76079655198014
"FOXO1","SIDM00312",-1.33332379627916
"FOXO1","SIDM00313",-0.867468754936571
"FOXO1","SIDM00314",-1.21446061738669
"FOXO1","SIDM00315",-0.315216951739719
"FOXO1","SIDM00318",0.430687528327464
"FOXO1","SIDM00321",0.32885221193584
"FOXO1","SIDM00322",-0.969774289067302
"FOXO1","SIDM00325",-1.38635986563806
"FOXO1","SIDM00327",-0.424847860692266
"FOXO1","SIDM00329",-0.392098281034427
"FOXO1","SIDM00331",0.0777018368991949
"FOXO1","SIDM00333",0.64645090845243
"FOXO1","SIDM00334",-1.90039453143019
"FOXO1","SIDM00335",-0.767108317229765
"FOXO1","SIDM00336",-0.948375718770149
"FOXO1","SIDM00337",0.956742128673982
"FOXO1","SIDM00338",0.321981744187446
"FOXO1","SIDM00339",-0.208973363217624
"FOXO1","SIDM00340",-0.0549502023872935
"FOXO1","SIDM00341",-0.307764434837665
"FOXO1","SIDM00342",1.6320055335879
"FOXO1","SIDM00344",-0.30163097757983
"FOXO1","SIDM00345",-0.0937797450687974
"FOXO1","SIDM00347",-1.18226516066272
"FOXO1","SIDM00348",-0.247996715966676
"FOXO1","SIDM00352",3.07076809100491
"FOXO1","SIDM00353",1.11562035627627
"FOXO1","SIDM00354",-1.11286840260779
"FOXO1","SIDM00355",0.938370378899834
"FOXO1","SIDM00356",0.343041161796041
"FOXO1","SIDM00358",-1.50976432640416
"FOXO1","SIDM00359",-0.723258387896135
"FOXO1","SIDM00360",-1.28087959146043
"FOXO1","SIDM00363",0.743853788442175
"FOXO1","SIDM00368",-0.886389585138784
"FOXO1","SIDM00369",-0.641242977897389
"FOXO1","SIDM00370",-0.482548037024495
"FOXO1","SIDM00373",0.817713222312661
"FOXO1","SIDM00376",0.990244077247941
"FOXO1","SIDM00380",-0.231298802210515
"FOXO1","SIDM00382",0.569495887761223
"FOXO1","SIDM00386",-0.263203297892285
"FOXO1","SIDM00387",-1.13143109184174
"FOXO1","SIDM00390",-1.30026745804481
"FOXO1","SIDM00391",-0.291559761333691
"FOXO1","SIDM00392",-0.175403515157394
"FOXO1","SIDM00395",-1.39854778725807
"FOXO1","SIDM00396",2.2976552663411
"FOXO1","SIDM00402",0.400417453396972
"FOXO1","SIDM00403",0.0176448409092525
"FOXO1","SIDM00405",-1.06546780645607
"FOXO1","SIDM00419",-1.95825874891296
"FOXO1","SIDM00421",-0.179351751381172
"FOXO1","SIDM00423",2.13540722944626
"FOXO1","SIDM00425",0.974464917319425
"FOXO1","SIDM00426",0.34152486340712
"FOXO1","SIDM00428",1.01244007783742
"FOXO1","SIDM00429",0.494429852467027
"FOXO1","SIDM00431",1.07397386872651
"FOXO1","SIDM00433",-0.853307543870715
"FOXO1","SIDM00434",0.780194410296356
"FOXO1","SIDM00435",0.124840540289387
"FOXO1","SIDM00437",-0.25561516546266
"FOXO1","SIDM00442",-0.242683041583291
"FOXO1","SIDM00443",-0.5829062593577
"FOXO1","SIDM00446",0.376223948396837
"FOXO1","SIDM00447",1.50350136342647
"FOXO1","SIDM00449",2.81907860371304
"FOXO1","SIDM00450",1.34453283017076
"FOXO1","SIDM00451",-0.857527413150638
"FOXO1","SIDM00452",-0.486035491758215
"FOXO1","SIDM00453",-0.508803674229715
"FOXO1","SIDM00454",0.242413482789542
"FOXO1","SIDM00455",-1.22892820100755
"FOXO1","SIDM00457",-0.782919151358098
"FOXO1","SIDM00458",-0.20979088883949
"FOXO1","SIDM00460",1.2821482782441
"FOXO1","SIDM00461",-0.0215751083334449
"FOXO1","SIDM00462",2.05151797981156
"FOXO1","SIDM00463",-0.796625037852413
"FOXO1","SIDM00469",0.249330988808876
"FOXO1","SIDM00473",0.437030845757161
"FOXO1","SIDM00474",0.00961185522320537
"FOXO1","SIDM00475",1.12542494131676
"FOXO1","SIDM00477",-1.68604062379516
"FOXO1","SIDM00478",-0.00631348098177445
"FOXO1","SIDM00479",0.523133109909096
"FOXO1","SIDM00480",0.567799167823069
"FOXO1","SIDM00481",-0.586113708744211
"FOXO1","SIDM00484",-1.67239728955097
"FOXO1","SIDM00485",2.15489587459368
"FOXO1","SIDM00486",-0.0712117763110697
"FOXO1","SIDM00492",-1.15424681634836
"FOXO1","SIDM00493",-0.875574797592565
"FOXO1","SIDM00494",-1.59096225751764
"FOXO1","SIDM00495",-0.628140026403357
"FOXO1","SIDM00497",-0.487926731048019
"FOXO1","SIDM00499",-1.11795148945966
"FOXO1","SIDM00500",-0.358099835166419
"FOXO1","SIDM00502",-0.944190575264103
"FOXO1","SIDM00503",1.15796420109308
"FOXO1","SIDM00505",-1.14578294302868
"FOXO1","SIDM00506",-1.31643352349108
"FOXO1","SIDM00509",-0.317531925822801
"FOXO1","SIDM00511",-0.292374170786552
"FOXO1","SIDM00512",-1.33742234007786
"FOXO1","SIDM00513",-0.313908545003641
"FOXO1","SIDM00515",0.243330776659488
"FOXO1","SIDM00521",0.32797634482781
"FOXO1","SIDM00522",0.581906880228788
"FOXO1","SIDM00523",-0.826974723414006
"FOXO1","SIDM00524",-1.28024661734888
"FOXO1","SIDM00525",-0.73325852559762
"FOXO1","SIDM00526",-1.25499588875527
"FOXO1","SIDM00529",-1.25191933516202
"FOXO1","SIDM00531",-0.244485551436624
"FOXO1","SIDM00533",-1.91452431796047
"FOXO1","SIDM00536",-1.50695013442759
"FOXO1","SIDM00545",0.140565466579835
"FOXO1","SIDM00546",-0.634407253542471
"FOXO1","SIDM00547",-0.453422965703936
"FOXO1","SIDM00548",2.20994666766645
"FOXO1","SIDM00552",-0.435404504642385
"FOXO1","SIDM00554",-0.0885495996879342
"FOXO1","SIDM00555",-0.388351243539355
"FOXO1","SIDM00556",-1.52451117315231
"FOXO1","SIDM00557",-1.2813968577199
"FOXO1","SIDM00560",1.66893510024012
"FOXO1","SIDM00564",-0.360893262078687
"FOXO1","SIDM00567",-0.753380380980125
"FOXO1","SIDM00568",0.50078843223658
"FOXO1","SIDM00570",1.04572145422133
"FOXO1","SIDM00571",-0.202518353575177
"FOXO1","SIDM00572",-0.555696419071884
"FOXO1","SIDM00575",-0.267642724006439
"FOXO1","SIDM00578",-1.4399182557133
"FOXO1","SIDM00580",0.644661932277518
"FOXO1","SIDM00581",0.955152830471117
"FOXO1","SIDM00582",-1.95145736386991
"FOXO1","SIDM00585",1.06107906993685
"FOXO1","SIDM00586",1.26218070343075
"FOXO1","SIDM00587",0.107943226397044
"FOXO1","SIDM00588",-0.438803768134403
"FOXO1","SIDM00589",0.475148172542545
"FOXO1","SIDM00590",0.244433232335932
"FOXO1","SIDM00593",-0.952897577813334
"FOXO1","SIDM00594",-0.773987463034392
"FOXO1","SIDM00595",-1.81974945609307
"FOXO1","SIDM00598",-0.664037635453936
"FOXO1","SIDM00602",-0.883754458642278
"FOXO1","SIDM00605",1.83197273769128
"FOXO1","SIDM00607",1.28966122971261
"FOXO1","SIDM00608",-0.328463794832019
"FOXO1","SIDM00609",0.93912141621311
"FOXO1","SIDM00610",-0.175166390180004
"FOXO1","SIDM00611",2.55383986363167
"FOXO1","SIDM00613",0.25602454707801
"FOXO1","SIDM00614",0.702716662116516
"FOXO1","SIDM00615",0.0127015865767331
"FOXO1","SIDM00616",-0.87483019794533
"FOXO1","SIDM00617",-2.84737188150729
"FOXO1","SIDM00618",1.46875936377883
"FOXO1","SIDM00625",0.272742716263647
"FOXO1","SIDM00628",1.1014845525864
"FOXO1","SIDM00629",0.520829557981078
"FOXO1","SIDM00630",-0.127847937016575
"FOXO1","SIDM00633",-0.714620308934857
"FOXO1","SIDM00634",-1.2282563071611
"FOXO1","SIDM00637",-1.26540698088955
"FOXO1","SIDM00639",0.0896418745749553
"FOXO1","SIDM00640",1.92005472596275
"FOXO1","SIDM00641",0.284370315479826
"FOXO1","SIDM00644",3.98553484057076
"FOXO1","SIDM00645",-0.773983838157952
"FOXO1","SIDM00646",-1.32518144727865
"FOXO1","SIDM00649",-2.18190807910038
"FOXO1","SIDM00651",-1.25530317627114
"FOXO1","SIDM00652",-1.564123630861
"FOXO1","SIDM00653",-2.05567335376339
"FOXO1","SIDM00654",-0.580631736819159
"FOXO1","SIDM00657",-0.654865345875579
"FOXO1","SIDM00658",-1.69244131720708
"FOXO1","SIDM00660",-1.04637300979739
"FOXO1","SIDM00661",-0.959311039534254
"FOXO1","SIDM00662",0.844957211940331
"FOXO1","SIDM00663",0.22015761565023
"FOXO1","SIDM00664",0.568268366670795
"FOXO1","SIDM00665",-0.776634971140687
"FOXO1","SIDM00666",0.76084540947378
"FOXO1","SIDM00669",-0.0350538998034625
"FOXO1","SIDM00670",0.151513131653982
"FOXO1","SIDM00671",-0.0237155850524416
"FOXO1","SIDM00672",1.35252559358535
"FOXO1","SIDM00673",0.580657002561343
"FOXO1","SIDM00675",-1.1266744723246
"FOXO1","SIDM00676",0.123317193320469
"FOXO1","SIDM00678",-0.277091643867007
"FOXO1","SIDM00681",-0.362993940238403
"FOXO1","SIDM00683",-0.448892474039893
"FOXO1","SIDM00684",-0.995564684000621
"FOXO1","SIDM00685",-0.137723946717546
"FOXO1","SIDM00686",0.0640303587788859
"FOXO1","SIDM00687",0.587368102292364
"FOXO1","SIDM00689",-0.534512187473003
"FOXO1","SIDM00693",0.40342685852984
"FOXO1","SIDM00694",0.69758094326327
"FOXO1","SIDM00695",0.413849400153992
"FOXO1","SIDM00697",-1.63056681414281
"FOXO1","SIDM00698",-1.02275470689092
"FOXO1","SIDM00702",0.649017374257118
"FOXO1","SIDM00703",-0.349016065229178
"FOXO1","SIDM00704",-0.526357083854094
"FOXO1","SIDM00706",-1.91323842847226
"FOXO1","SIDM00708",-1.01692642018892
"FOXO1","SIDM00709",0.037887101641356
"FOXO1","SIDM00710",-1.66856719751268
"FOXO1","SIDM00711",-0.335808296385122
"FOXO1","SIDM00713",-0.30616795758871
"FOXO1","SIDM00715",-1.19613607260761
"FOXO1","SIDM00716",-1.43908557328778
"FOXO1","SIDM00718",-1.92470662487102
"FOXO1","SIDM00720",1.1963271226276
"FOXO1","SIDM00722",-0.975765808222187
"FOXO1","SIDM00723",0.18302328515044
"FOXO1","SIDM00724",-0.655298100109625
"FOXO1","SIDM00726",-1.69639238242507
"FOXO1","SIDM00727",-1.50118115809767
"FOXO1","SIDM00728",-0.442816457069219
"FOXO1","SIDM00729",2.45466299394382
"FOXO1","SIDM00730",-1.2472907028898
"FOXO1","SIDM00731",-1.65564851109341
"FOXO1","SIDM00733",-0.714925478928041
"FOXO1","SIDM00734",-0.560864004230398
"FOXO1","SIDM00735",-1.18850741199677
"FOXO1","SIDM00738",-1.90703172701562
"FOXO1","SIDM00739",-1.52609010860602
"FOXO1","SIDM00740",-0.359032873738719
"FOXO1","SIDM00741",-1.19076537240845
"FOXO1","SIDM00742",-1.62159166763549
"FOXO1","SIDM00743",1.16286378305588
"FOXO1","SIDM00744",-0.0147450332107837
"FOXO1","SIDM00745",0.0773334700054789
"FOXO1","SIDM00746",-0.796535566571126
"FOXO1","SIDM00747",-0.471671790469436
"FOXO1","SIDM00748",-1.33636152237428
"FOXO1","SIDM00749",-0.576487758286828
"FOXO1","SIDM00750",-0.207825457591902
"FOXO1","SIDM00751",0.934795461806249
"FOXO1","SIDM00753",-0.0476430922235853
"FOXO1","SIDM00754",-0.88659952579622
"FOXO1","SIDM00755",-0.415347752490185
"FOXO1","SIDM00756",-0.650219126847713
"FOXO1","SIDM00757",-0.805211475718017
"FOXO1","SIDM00759",-0.696512149113198
"FOXO1","SIDM00760",-1.56533376332444
"FOXO1","SIDM00761",-0.987130880093025
"FOXO1","SIDM00762",1.53869168316746
"FOXO1","SIDM00763",-2.46202257055098
"FOXO1","SIDM00766",-1.43674468583144
"FOXO1","SIDM00768",-0.214728371181542
"FOXO1","SIDM00769",-1.32640333113528
"FOXO1","SIDM00771",-0.571578847536689
"FOXO1","SIDM00772",0.0116060402599681
"FOXO1","SIDM00774",-1.04402179720924
"FOXO1","SIDM00775",-0.0307346330706678
"FOXO1","SIDM00776",0.174523037222314
"FOXO1","SIDM00777",-0.383298899071872
"FOXO1","SIDM00778",-0.579506967681738
"FOXO1","SIDM00779",-1.43894315967353
"FOXO1","SIDM00780",-1.05905909640657
"FOXO1","SIDM00782",-0.269035467966555
"FOXO1","SIDM00784",0.288593471200272
"FOXO1","SIDM00785",-0.55969550743381
"FOXO1","SIDM00791",-0.956051529439005
"FOXO1","SIDM00795",-0.56332868262391
"FOXO1","SIDM00796",0.603453613399422
"FOXO1","SIDM00797",0.597168837879573
"FOXO1","SIDM00798",1.29537148695209
"FOXO1","SIDM00799",0.331684214667014
"FOXO1","SIDM00800",0.802683003519402
"FOXO1","SIDM00801",0.943484794872379
"FOXO1","SIDM00803",0.703255263275363
"FOXO1","SIDM00806",-1.06724274039919
"FOXO1","SIDM00812",1.45232737531065
"FOXO1","SIDM00823",0.0922974455798216
"FOXO1","SIDM00828",-1.22481399407053
"FOXO1","SIDM00829",0.0488165141520389
"FOXO1","SIDM00831",1.24529756767859
"FOXO1","SIDM00839",0.414643529211134
"FOXO1","SIDM00840",-0.487436691893299
"FOXO1","SIDM00844",-1.00139003482857
"FOXO1","SIDM00845",-0.707802842636173
"FOXO1","SIDM00847",0.803217756217497
"FOXO1","SIDM00848",-1.65962392272617
"FOXO1","SIDM00849",-1.17593832238776
"FOXO1","SIDM00850",1.41485406126619
"FOXO1","SIDM00851",-0.413441287931639
"FOXO1","SIDM00852",0.413680552299549
"FOXO1","SIDM00853",1.0226390341034
"FOXO1","SIDM00854",-1.3014270936393
"FOXO1","SIDM00855",-0.538907550801682
"FOXO1","SIDM00856",0.168001791732192
"FOXO1","SIDM00857",1.70373159253715
"FOXO1","SIDM00858",0.747725519719805
"FOXO1","SIDM00860",-1.25043784472858
"FOXO1","SIDM00861",2.18206298418666
"FOXO1","SIDM00862",-0.797911928333279
"FOXO1","SIDM00865",-0.64188091585167
"FOXO1","SIDM00866",-0.691818868725389
"FOXO1","SIDM00867",2.00438853312609
"FOXO1","SIDM00870",-1.71053100303033
"FOXO1","SIDM00872",0.0399769074605501
"FOXO1","SIDM00874",-0.445863082954756
"FOXO1","SIDM00877",-1.31167778589795
"FOXO1","SIDM00878",-0.145409893585538
"FOXO1","SIDM00879",-2.02611128421963
"FOXO1","SIDM00881",-1.50628741234563
"FOXO1","SIDM00882",-1.37382676366817
"FOXO1","SIDM00884",-0.785533017349635
"FOXO1","SIDM00886",-1.35244420158035
"FOXO1","SIDM00887",-1.04282187696757
"FOXO1","SIDM00888",-0.717387756626533
"FOXO1","SIDM00890",0.584017805635599
"FOXO1","SIDM00892",-1.13975037270357
"FOXO1","SIDM00893",-0.870780673812077
"FOXO1","SIDM00894",-0.975278574432416
"FOXO1","SIDM00897",-1.33589574056005
"FOXO1","SIDM00898",-0.897399672599538
"FOXO1","SIDM00899",1.55540246985108
"FOXO1","SIDM00901",-1.05251405131718
"FOXO1","SIDM00903",-0.321553477656623
"FOXO1","SIDM00904",4.96542849197866
"FOXO1","SIDM00907",-0.777867455027494
"FOXO1","SIDM00909",2.5004477790118
"FOXO1","SIDM00910",-0.185858029996445
"FOXO1","SIDM00914",-0.914631633774057
"FOXO1","SIDM00918",-0.743689956342353
"FOXO1","SIDM00919",0.655895171745472
"FOXO1","SIDM00920",-1.75187358105055
"FOXO1","SIDM00921",1.67539810120827
"FOXO1","SIDM00922",0.386680442979901
"FOXO1","SIDM00924",-0.314508939517131
"FOXO1","SIDM00925",-1.07302581199977
"FOXO1","SIDM00926",-1.12929645681913
"FOXO1","SIDM00928",1.39140823661374
"FOXO1","SIDM00931",-1.65416023510821
"FOXO1","SIDM00932",0.875265629790459
"FOXO1","SIDM00933",-0.840452730629691
"FOXO1","SIDM00934",-0.714824085973025
"FOXO1","SIDM00936",0.157077434907214
"FOXO1","SIDM00937",2.18692680950387
"FOXO1","SIDM00938",-1.34217033548852
"FOXO1","SIDM00939",-0.338936640978983
"FOXO1","SIDM00940",2.8124158741907
"FOXO1","SIDM00941",0.787330332350414
"FOXO1","SIDM00942",1.18409368435264
"FOXO1","SIDM00943",-0.902074346664287
"FOXO1","SIDM00944",0.551393203183697
"FOXO1","SIDM00945",-0.821317924245491
"FOXO1","SIDM00947",1.27131298497163
"FOXO1","SIDM00949",-0.0596539024205904
"FOXO1","SIDM00950",-0.671953022162445
"FOXO1","SIDM00955",-0.030325188995149
"FOXO1","SIDM00956",-0.264878771166553
"FOXO1","SIDM00957",-0.742161365924206
"FOXO1","SIDM00959",-1.08598378361742
"FOXO1","SIDM00961",0.520953836396828
"FOXO1","SIDM00963",-0.525364501970578
"FOXO1","SIDM00965",-1.31912272726681
"FOXO1","SIDM00979",-0.0945783560568417
"FOXO1","SIDM00980",-0.373661923433719
"FOXO1","SIDM00981",-1.17420013658658
"FOXO1","SIDM00982",-0.011270908652668
"FOXO1","SIDM00983",0.967725044058005
"FOXO1","SIDM00985",-1.04640189894318
"FOXO1","SIDM00986",0.00340876602265785
"FOXO1","SIDM00987",1.15707762176705
"FOXO1","SIDM00988",-0.523271528993941
"FOXO1","SIDM00989",0.838051246548123
"FOXO1","SIDM00990",-0.424885504332301
"FOXO1","SIDM00991",-0.363656223735513
"FOXO1","SIDM00992",0.548190303218499
"FOXO1","SIDM00993",-0.654720666713622
"FOXO1","SIDM00994",-0.118226159083369
"FOXO1","SIDM00996",0.429770536528856
"FOXO1","SIDM00997",0.528982556689416
"FOXO1","SIDM00998",0.132014863969004
"FOXO1","SIDM00999",-1.11709132360988
"FOXO1","SIDM01000",0.804787813250205
"FOXO1","SIDM01001",-0.239117224620307
"FOXO1","SIDM01002",-1.82634231989136
"FOXO1","SIDM01003",0.226428424564781
"FOXO1","SIDM01004",-0.281070519893244
"FOXO1","SIDM01005",-0.719031514338403
"FOXO1","SIDM01008",-0.654392988665942
"FOXO1","SIDM01009",-1.16526667456865
"FOXO1","SIDM01010",0.791248498082732
"FOXO1","SIDM01012",0.442221503668287
"FOXO1","SIDM01013",0.289930841961739
"FOXO1","SIDM01015",-0.828155812965889
"FOXO1","SIDM01016",-0.560370596350716
"FOXO1","SIDM01018",-0.328966399228623
"FOXO1","SIDM01020",-0.307427788061488
"FOXO1","SIDM01022",0.91729475742616
"FOXO1","SIDM01023",1.08618991978208
"FOXO1","SIDM01024",1.28281532964525
"FOXO1","SIDM01025",-0.253685758404904
"FOXO1","SIDM01026",-0.973384083954117
"FOXO1","SIDM01027",1.01603629852807
"FOXO1","SIDM01028",-1.26787231357788
"FOXO1","SIDM01029",0.830671834525992
"FOXO1","SIDM01030",-0.814815245501236
"FOXO1","SIDM01031",0.416976003026109
"FOXO1","SIDM01032",-0.0264341005611801
"FOXO1","SIDM01033",-1.03940493817428
"FOXO1","SIDM01034",1.55131408145642
"FOXO1","SIDM01036",0.238104619413278
"FOXO1","SIDM01037",-0.241413343340769
"FOXO1","SIDM01038",-0.522215413576413
"FOXO1","SIDM01040",-0.388870145195559
"FOXO1","SIDM01043",0.0660795746995204
"FOXO1","SIDM01044",-0.371918248104076
"FOXO1","SIDM01045",-1.18734234160539
"FOXO1","SIDM01048",-0.721521638986379
"FOXO1","SIDM01049",-0.0676479613248245
"FOXO1","SIDM01051",-0.438175600831951
"FOXO1","SIDM01052",2.18698488756363
"FOXO1","SIDM01055",0.232384729037495
"FOXO1","SIDM01056",-0.784406207784791
"FOXO1","SIDM01057",-0.941557679807965
"FOXO1","SIDM01058",-0.0867587583597343
"FOXO1","SIDM01059",0.0732119965781499
"FOXO1","SIDM01060",0.200562383155027
"FOXO1","SIDM01062",-0.288833409068629
"FOXO1","SIDM01063",1.40740308403031
"FOXO1","SIDM01066",1.09184741793417
"FOXO1","SIDM01067",-0.743536442391898
"FOXO1","SIDM01068",-1.06898317876696
"FOXO1","SIDM01069",-0.194664812493363
"FOXO1","SIDM01070",1.84576860513147
"FOXO1","SIDM01071",-0.740548662127325
"FOXO1","SIDM01072",-0.720795329236018
"FOXO1","SIDM01074",0.443802312172697
"FOXO1","SIDM01077",0.0864053533128606
"FOXO1","SIDM01078",-1.1352055803507
"FOXO1","SIDM01079",0.527495093274621
"FOXO1","SIDM01080",-1.00789422823367
"FOXO1","SIDM01081",-0.503853402770417
"FOXO1","SIDM01082",0.646947937214611
"FOXO1","SIDM01083",0.477863982016369
"FOXO1","SIDM01084",-1.49698902544415
"FOXO1","SIDM01085",-0.341187934654733
"FOXO1","SIDM01086",0.553506378725854
"FOXO1","SIDM01087",0.482763385024785
"FOXO1","SIDM01088",-0.65151874599802
"FOXO1","SIDM01089",-1.35586127977664
"FOXO1","SIDM01096",0.651585853012853
"FOXO1","SIDM01099",-0.434853630954116
"FOXO1","SIDM01100",-1.51440755126036
"FOXO1","SIDM01101",0.15095721923411
"FOXO1","SIDM01103",-0.785597823031343
"FOXO1","SIDM01104",0.164611616807885
"FOXO1","SIDM01105",0.976179073836708
"FOXO1","SIDM01106",1.01675892895915
"FOXO1","SIDM01107",0.386519558688417
"FOXO1","SIDM01108",-0.908060351073585
"FOXO1","SIDM01109",-0.386204034320675
"FOXO1","SIDM01110",-0.270224962528179
"FOXO1","SIDM01111",-1.79201780808538
"FOXO1","SIDM01112",-0.32654734050376
"FOXO1","SIDM01113",-1.4523272430698
"FOXO1","SIDM01116",-0.425411000324365
"FOXO1","SIDM01119",-0.580026265744894
"FOXO1","SIDM01121",-0.966206928746981
"FOXO1","SIDM01123",-0.80436486152287
"FOXO1","SIDM01124",-0.45370976012258
"FOXO1","SIDM01125",-0.416103406764527
"FOXO1","SIDM01127",0.559903065596349
"FOXO1","SIDM01128",0.0129170335941214
"FOXO1","SIDM01129",-1.22305306078496
"FOXO1","SIDM01130",-0.866818992647772
"FOXO1","SIDM01131",-0.859657942549456
"FOXO1","SIDM01134",-1.34059473888695
"FOXO1","SIDM01135",-1.68087253544294
"FOXO1","SIDM01136",-0.219968392902522
"FOXO1","SIDM01137",-1.10865693787459
"FOXO1","SIDM01138",0.564888886337399
"FOXO1","SIDM01139",-1.99523335228525
"FOXO1","SIDM01141",0.653108551023126
"FOXO1","SIDM01144",-0.280689495870452
"FOXO1","SIDM01147",-2.26946037997022
"FOXO1","SIDM01148",-2.9667734335965
"FOXO1","SIDM01150",-1.99061799054688
"FOXO1","SIDM01151",0.291534739677633
"FOXO1","SIDM01154",-0.784606071821797
"FOXO1","SIDM01156",-0.826120935261991
"FOXO1","SIDM01158",-1.17413840667428
"FOXO1","SIDM01164",0.0327942091003139
"FOXO1","SIDM01165",-0.947762342634813
"FOXO1","SIDM01167",-0.429845828569478
"FOXO1","SIDM01169",-1.43609323245209
"FOXO1","SIDM01170",1.13439566855072
"FOXO1","SIDM01171",1.8828851614166
"FOXO1","SIDM01172",0.162465563745549
"FOXO1","SIDM01176",0.216343383418219
"FOXO1","SIDM01180",0.254772173563537
"FOXO1","SIDM01181",-1.52120120014546
"FOXO1","SIDM01182",-1.97254896325622
"FOXO1","SIDM01184",-0.180179988942329
"FOXO1","SIDM01186",-1.51134999154105
"FOXO1","SIDM01188",-0.52118961632618
"FOXO1","SIDM01189",0.387993890785997
"FOXO1","SIDM01190",0.981787160969744
"FOXO1","SIDM01191",-1.01293078936682
"FOXO1","SIDM01193",-0.496761186516333
"FOXO1","SIDM01194",-1.76203678631411
"FOXO1","SIDM01195",-0.383863291302409
"FOXO1","SIDM01196",-0.177567264848279
"FOXO1","SIDM01199",-0.71026460245361
"FOXO1","SIDM01215",0.0093955931929554
"FOXO1","SIDM01222",-1.72731196932621
"FOXO1","SIDM01241",-1.6421865128558
"FOXO1","SIDM01254",-1.24949107950331
"FOXO1","SIDM01265",0.0972305045179502
"FOXO1","SIDM01316",-1.20590793617597
"FOXO1","SIDM01318",1.63385533503079
"FOXO1","SIDM01320",-0.207030180978667
"FOXO1","SIDM01321",-1.16183507024896
"FOXO1","SIDM01322",1.85282812405301
"FOXO1","SIDM01323",0.983544123730761
"FOXO1","SIDM01324",0.862560340394637
"FOXO1","SIDM01325",-0.125240151446615
"FOXO1","SIDM01331",-1.27282196058202
"FOXO1","SIDM01332",-0.201383591095368
"FOXO1","SIDM01335",2.91377875049967
"FOXO1","SIDM01336",-0.255589119630588
"FOXO1","SIDM01343",0.188054415021487
"FOXO1","SIDM01347",-0.141614721591032
"FOXO1","SIDM01363",-0.290147878769683
"FOXO1","SIDM01368",-1.9440682243642
"FOXO1","SIDM01372",0.290845588737415
"FOXO1","SIDM01377",-0.253044407446101
"FOXO1","SIDM01378",-0.00704220424142576
"FOXO1","SIDM01387",-1.69118194982169
"FOXO1","SIDM01391",-1.78028386623154
"FOXO1","SIDM01393",0.241835702513943
"FOXO1","SIDM01394",1.39965342667706
"FOXO1","SIDM01397",0.0689583551473787
"FOXO1","SIDM01398",-0.320195392122462
"FOXO1","SIDM01409",1.34805015800287
"FOXO1","SIDM01411",-0.0424027700970558
"FOXO1","SIDM01412",0.217150502897498
"FOXO1","SIDM01413",0.429494524817448
"FOXO1","SIDM01432",1.92676696402878
"FOXO1","SIDM01433",-0.348807467082232
"FOXO1","SIDM01434",-0.447788654605066
"FOXO1","SIDM01435",0.939745660646131
"FOXO1","SIDM01436",-0.693775770623808
"FOXO1","SIDM01437",1.82087576717703
"FOXO1","SIDM01439",0.373545861262506
"FOXO1","SIDM01442",-0.172197458758542
"FOXO1","SIDM01443",-1.21806412590372
"FOXO1","SIDM01444",0.0415190075026499
"FOXO1","SIDM01445",0.368052503060999
"FOXO1","SIDM01446",2.48542010355528
"FOXO1","SIDM01447",1.05014699406779
"FOXO1","SIDM01449",0.806507835584021
"FOXO1","SIDM01450",-0.916408146061045
"FOXO1","SIDM01451",-1.16291140053736
"FOXO1","SIDM01454",2.36394964663094
"FOXO1","SIDM01460",1.25430386685483
"FOXO1","SIDM01463",0.395459248166165
"FOXO1","SIDM01464",0.219068346292047
"FOXO1","SIDM01469",-1.29415587690457
"FOXO1","SIDM01470",-0.711921378184797
"FOXO1","SIDM01471",-0.866553542272367
"FOXO1","SIDM01472",-0.798721295258327
"FOXO1","SIDM01473",-0.803828118656606
"FOXO1","SIDM01474",0.237169967479166
"FOXO1","SIDM01476",-1.06974920922843
"FOXO1","SIDM01479",0.229714909068054
"FOXO1","SIDM01480",-0.5120561633173
"FOXO1","SIDM01482",-0.724045744976322
"FOXO1","SIDM01490",-1.02823894497212
"FOXO1","SIDM01491",-0.480720368812574
"FOXO1","SIDM01492",-0.303014839726556
"FOXO1","SIDM01494",-1.23798043106785
"FOXO1","SIDM01498",-0.910500736791424
"FOXO1","SIDM01502",2.06470043003657
"FOXO1","SIDM01503",0.398234624861353
"FOXO1","SIDM01504",-0.358393716126002
"FOXO1","SIDM01510",-0.485540684684444
"FOXO1","SIDM01511",-0.307354600434493
"FOXO1","SIDM01512",1.05224106615813
"FOXO1","SIDM01517",0.592474753903626
"FOXO1","SIDM01518",2.41432062507356
"FOXO1","SIDM01519",-0.703397146442133
"FOXO1","SIDM01520",2.58047329352649
"FOXO1","SIDM01522",0.45400787673882
"FOXO1","SIDM01523",0.939105410469208
"FOXO1","SIDM01525",-0.0762892668499711
"FOXO1","SIDM01526",-0.872790675342794
"FOXO1","SIDM01528",0.478603822191435
"FOXO1","SIDM01529",0.191463928105792
"FOXO1","SIDM01530",-0.48319299955551
"FOXO1","SIDM01531",-0.693214592369314
"FOXO1","SIDM01545",-1.76011158581489
"FOXO1","SIDM01546",-0.565371195424187
"FOXO1","SIDM01551",-0.0209016044653076
"FOXO1","SIDM01553",-1.3584293834329
"FOXO1","SIDM01554",-0.273053099345015
"FOXO1","SIDM01556",-0.155381672187658
"FOXO1","SIDM01559",0.156162792444653
"FOXO1","SIDM01560",0.999832339612239
"FOXO1","SIDM01561",-0.38293111324614
"FOXO1","SIDM01563",3.38854072368025
"FOXO1","SIDM01564",3.69444712163169
"FOXO1","SIDM01565",1.07415763942513
"FOXO1","SIDM01566",2.41790244331036
"FOXO1","SIDM01567",-0.616052720011224
"FOXO1","SIDM01569",0.936689947182433
"FOXO1","SIDM01570",1.86508539044839
"FOXO1","SIDM01571",-0.157789310842424
"FOXO1","SIDM01572",-1.46731718593677
"FOXO1","SIDM01573",-0.0775021332068809
"FOXO1","SIDM01574",-0.197923783373606
"FOXO1","SIDM01575",-0.816787928711498
"FOXO1","SIDM01577",-0.858685270011888
"FOXO1","SIDM01578",1.26289162581848
"FOXO1","SIDM01580",1.05431620108191
"FOXO1","SIDM01581",0.0321828855301142
"FOXO1","SIDM01582",-0.373158159810365
"FOXO1","SIDM01587",2.10130043394047
"FOXO1","SIDM01588",0.132886447971998
"FOXO1","SIDM01589",-0.855817733387504
"FOXO1","SIDM01590",1.50676949582774
"FOXO1","SIDM01591",1.76592844337345
"FOXO1","SIDM01593",1.42521995028149
"FOXO1","SIDM01594",-0.0793274335095542
"FOXO1","SIDM01596",-0.530271766235546
"FOXO1","SIDM01598",-1.04618378298791
"FOXO1","SIDM01602",1.07304850638516
"FOXO1","SIDM01603",2.43823194044067
"FOXO1","SIDM01604",1.50883151577334
"FOXO1","SIDM01605",0.817923423599685
"FOXO1","SIDM01606",0.531033431326141
"FOXO1","SIDM01607",-0.452973183362667
"FOXO1","SIDM01608",-1.33071971035894
"FOXO1","SIDM01609",-1.02889634826706
"FOXO1","SIDM01611",-0.477785185875637
"FOXO1","SIDM01612",-1.30358899810951
"FOXO1","SIDM01613",2.43816192483637
"FOXO1","SIDM01614",-1.55242952819836
"FOXO1","SIDM01615",0.381023140392485
"FOXO1","SIDM01616",1.01640632487456
"FOXO1","SIDM01617",-1.24116680307994
"FOXO1","SIDM01618",-0.658478206541043
"FOXO1","SIDM01619",-1.32806740177619
"FOXO1","SIDM01622",-0.104589665752039
"FOXO1","SIDM01624",0.0027452494837023
"FOXO1","SIDM01628",-1.82512823912823
"FOXO1","SIDM01629",-0.21819484647325
"FOXO1","SIDM01635",0.817066633398639
"FOXO1","SIDM01640",-1.84985517139137
"FOXO1","SIDM01657",0.244344139579424
"FOXO1","SIDM01658",-0.943816314591931
"FOXO1","SIDM01659",0.820978905776652
"FOXO1","SIDM01660",2.3557902002672
"FOXO1","SIDM01662",-0.554763328903812
"FOXO1","SIDM01664",0.0907047120997628
"FOXO1","SIDM01667",-0.154731976778
"FOXO1","SIDM01668",-1.58310529295583
"FOXO1","SIDM01672",-1.44567415118893
"FOXO1","SIDM01675",-1.70103608480173
"FOXO1","SIDM01676",-1.28361587699652
"FOXO1","SIDM01679",-2.31465758515881
"FOXO1","SIDM01682",-0.59354091466592
"FOXO1","SIDM01685",0.332290971354001
"FOXO1","SIDM01686",0.537330966007416
"FOXO1","SIDM01689",1.26211802518889
"FOXO1","SIDM01690",0.0522446400598708
"FOXO1","SIDM01691",0.979207370254545
"FOXO1","SIDM01692",2.73995904536222
"FOXO1","SIDM01693",0.28674367906461
"FOXO1","SIDM01694",2.09326840690417
"FOXO1","SIDM01695",1.07840741854162
"FOXO1","SIDM01696",2.0964019141669
"FOXO1","SIDM01697",1.53107866356687
"FOXO1","SIDM01698",1.57378924643035
"FOXO1","SIDM01699",1.20063067726254
"FOXO1","SIDM01701",1.25569585798726
"FOXO1","SIDM01702",1.07951736153036
"FOXO1","SIDM01703",1.70153332218509
"FOXO1","SIDM01704",0.146498071532678
"FOXO1","SIDM01705",1.99963859738964
"FOXO1","SIDM01709",1.53018911791838
"FOXO1","SIDM01710",3.98167851900446
"FOXO1","SIDM01724",1.976258472694
"FOXO1","SIDM01725",1.77295336253992
"FOXO1","SIDM01726",1.33386278291716
"FOXO1","SIDM01727",-0.57951471807462
"FOXO1","SIDM01728",-0.00701401026900676
"FOXO1","SIDM01729",-0.679469433988939
"FOXO1","SIDM01730",0.915276150686274
"FOXO1","SIDM01734",1.37405446102236
"FOXO1","SIDM01739",-0.680611069811088
"FOXO1","SIDM01741",0.90158928125393
"FOXO1","SIDM01743",2.75894805489077
"FOXO1","SIDM01746",2.42790408553071
"FOXO1","SIDM01749",-0.0817312815186648
"FOXO1","SIDM01750",1.88850947231715
"FOXO1","SIDM01752",-1.48921927113315
"FOXO1","SIDM01753",0.894819470889664
"FOXO1","SIDM01756",-0.839329139568835
"FOXO1","SIDM01757",0.132015954847104
"FOXO1","SIDM01758",-0.628064987738226
"FOXO1","SIDM01759",1.48319327369772
"FOXO1","SIDM01760",-0.533478208797702
"FOXO1","SIDM01761",-0.569098793372537
"FOXO1","SIDM01762",-0.365654165850034
"FOXO1","SIDM01763",0.437155121752535
"FOXO1","SIDM01764",0.259628242480904
"FOXO1","SIDM01765",0.356265443588683
"FOXO1","SIDM01766",-0.480153231414581
"FOXO1","SIDM01767",-0.644575429928674
"FOXO1","SIDM01768",0.360452162944566
"FOXO1","SIDM01770",-0.665777572559501
"FOXO1","SIDM01771",-0.186780376247637
"FOXO1","SIDM01772",2.63922421596041
"FOXO1","SIDM01773",0.129460648638581
"FOXO1","SIDM01774",-0.646339430631192
"FOXO1","SIDM01775",-0.985486241820184
"FOXO1","SIDM01777",-0.374704221000921
"FOXO1","SIDM01779",1.50561792099879
"FOXO1","SIDM01780",1.08950088077525
"FOXO1","SIDM01781",-0.318033301766383
"FOXO1","SIDM01782",0.442310332695099
"FOXO1","SIDM01820",1.49400041811762
"FOXO1","SIDM01858",0.417973303022986
"FOXO1","SIDM01859",-0.566673354731469
"FOXO1","SIDM01873",0.275075391686167
"GATA2","SIDM00001",0.107476769118893
"GATA2","SIDM00005",-1.38450520617262
"GATA2","SIDM00008",1.95499609304479
"GATA2","SIDM00011",3.16072293066058
"GATA2","SIDM00015",-0.871938866947645
"GATA2","SIDM00016",0.24972957950565
"GATA2","SIDM00017",-1.20075339262787
"GATA2","SIDM00029",-0.570437552094899
"GATA2","SIDM00032",0.641797395160446
"GATA2","SIDM00036",0.632658946489678
"GATA2","SIDM00046",-0.746600707078385
"GATA2","SIDM00062",0.426412256153631
"GATA2","SIDM00063",1.78004670033402
"GATA2","SIDM00065",0.0114905789534434
"GATA2","SIDM00071",0.530434284184656
"GATA2","SIDM00074",0.472026713497137
"GATA2","SIDM00078",1.56332279957577
"GATA2","SIDM00079",0.836963006792437
"GATA2","SIDM00080",0.48534671311065
"GATA2","SIDM00081",1.92575092409258
"GATA2","SIDM00083",1.1965492400389
"GATA2","SIDM00084",1.00455999739997
"GATA2","SIDM00085",1.41200465548568
"GATA2","SIDM00087",-0.164319726046442
"GATA2","SIDM00088",0.286383594268079
"GATA2","SIDM00090",-0.125438589373992
"GATA2","SIDM00092",1.5523017813271
"GATA2","SIDM00093",0.417336004696323
"GATA2","SIDM00095",1.22113650878891
"GATA2","SIDM00097",-1.03219785974397
"GATA2","SIDM00105",0.601927774636522
"GATA2","SIDM00107",-0.315120811419814
"GATA2","SIDM00108",2.06903978479738
"GATA2","SIDM00116",-1.51179755660346
"GATA2","SIDM00117",0.180619981043936
"GATA2","SIDM00119",-1.16838377589067
"GATA2","SIDM00122",0.0379874345650972
"GATA2","SIDM00123",0.141490498232648
"GATA2","SIDM00124",0.583035905402021
"GATA2","SIDM00125",1.07384124178022
"GATA2","SIDM00130",0.98008895256208
"GATA2","SIDM00131",1.34965496367582
"GATA2","SIDM00132",3.40456187189814
"GATA2","SIDM00133",-0.789820447547468
"GATA2","SIDM00134",1.1689258617068
"GATA2","SIDM00135",1.50854484594565
"GATA2","SIDM00138",-0.0732045159616087
"GATA2","SIDM00139",0.855170762905636
"GATA2","SIDM00140",3.6779666276496
"GATA2","SIDM00142",-0.476556356251399
"GATA2","SIDM00143",0.044828076951739
"GATA2","SIDM00144",-0.309949102227832
"GATA2","SIDM00146",3.23257881839726
"GATA2","SIDM00147",-0.28475331970748
"GATA2","SIDM00148",-0.675511622204443
"GATA2","SIDM00149",0.851349971271778
"GATA2","SIDM00150",-1.36415686237529
"GATA2","SIDM00151",1.70287676769533
"GATA2","SIDM00153",-0.00857633202983251
"GATA2","SIDM00158",2.14851173258803
"GATA2","SIDM00159",-0.55137097116186
"GATA2","SIDM00160",1.09392146067611
"GATA2","SIDM00161",-0.72965705808518
"GATA2","SIDM00162",-0.306599518347918
"GATA2","SIDM00163",0.8932291712497
"GATA2","SIDM00164",-0.709425845528905
"GATA2","SIDM00165",0.947834687837565
"GATA2","SIDM00166",1.07306763054145
"GATA2","SIDM00167",0.372208527024383
"GATA2","SIDM00168",0.0466870163212202
"GATA2","SIDM00169",0.975864280788319
"GATA2","SIDM00170",-1.24286526413107
"GATA2","SIDM00171",1.22431970287548
"GATA2","SIDM00173",2.97846322346666
"GATA2","SIDM00192",0.847919000015813
"GATA2","SIDM00194",1.21512434627379
"GATA2","SIDM00210",-0.486970653627785
"GATA2","SIDM00212",0.690318481204613
"GATA2","SIDM00213",1.59550289175423
"GATA2","SIDM00217",-0.185632040150093
"GATA2","SIDM00220",-1.2348089379793
"GATA2","SIDM00222",-0.0711878712081139
"GATA2","SIDM00226",-0.792074321040361
"GATA2","SIDM00228",0.585919840334545
"GATA2","SIDM00235",0.581677622567764
"GATA2","SIDM00237",0.382930030639445
"GATA2","SIDM00238",0.514174633608413
"GATA2","SIDM00239",0.569418680766337
"GATA2","SIDM00247",0.0520480253010558
"GATA2","SIDM00248",-0.200973768318701
"GATA2","SIDM00249",0.0254021445508159
"GATA2","SIDM00250",0.916046001925282
"GATA2","SIDM00271",-0.256328880725514
"GATA2","SIDM00272",-0.362954084065509
"GATA2","SIDM00273",0.632189616079775
"GATA2","SIDM00278",5.14419747707472
"GATA2","SIDM00279",0.995847508549068
"GATA2","SIDM00280",-0.529565686723926
"GATA2","SIDM00282",1.56359938793589
"GATA2","SIDM00284",2.58935823190959
"GATA2","SIDM00286",-0.119461807821229
"GATA2","SIDM00290",-0.98333035089727
"GATA2","SIDM00298",0.340574342235313
"GATA2","SIDM00301",-0.916415956645835
"GATA2","SIDM00303",0.800431881600978
"GATA2","SIDM00305",-0.280173886222628
"GATA2","SIDM00306",-0.480740560262231
"GATA2","SIDM00307",-1.11563630531023
"GATA2","SIDM00312",-0.844783654103485
"GATA2","SIDM00313",1.86240545901652
"GATA2","SIDM00314",-0.397307614042655
"GATA2","SIDM00315",-0.188374161050054
"GATA2","SIDM00318",0.989069614147115
"GATA2","SIDM00321",4.52863061599207
"GATA2","SIDM00322",0.781373353724935
"GATA2","SIDM00325",-0.350523410278436
"GATA2","SIDM00327",0.702387043420035
"GATA2","SIDM00329",0.119786537489294
"GATA2","SIDM00331",1.05918196940361
"GATA2","SIDM00333",1.7050129688851
"GATA2","SIDM00334",-1.11557836953075
"GATA2","SIDM00335",0.033405478064464
"GATA2","SIDM00336",2.67279991338563
"GATA2","SIDM00337",2.9261757749081
"GATA2","SIDM00338",6.14184351411808
"GATA2","SIDM00339",0.075833033938993
"GATA2","SIDM00340",-0.55930441924977
"GATA2","SIDM00341",0.353603732915696
"GATA2","SIDM00342",1.49461085998955
"GATA2","SIDM00344",0.305929526075561
"GATA2","SIDM00345",0.951171863775881
"GATA2","SIDM00347",-1.04382740274199
"GATA2","SIDM00348",0.34151097066757
"GATA2","SIDM00352",3.06603403549218
"GATA2","SIDM00353",0.783778053862075
"GATA2","SIDM00354",0.384279697746321
"GATA2","SIDM00355",0.320482191919191
"GATA2","SIDM00356",1.30632926335128
"GATA2","SIDM00358",-0.663586152234461
"GATA2","SIDM00359",-0.114993542519842
"GATA2","SIDM00360",0.606762316000062
"GATA2","SIDM00363",3.16524183158503
"GATA2","SIDM00368",-0.28357596919229
"GATA2","SIDM00369",-0.0731849003086826
"GATA2","SIDM00370",-0.0388648231702086
"GATA2","SIDM00373",1.42083080125611
"GATA2","SIDM00376",0.966967870718646
"GATA2","SIDM00380",2.56290741255324
"GATA2","SIDM00382",3.35488294544871
"GATA2","SIDM00386",0.536548657783398
"GATA2","SIDM00387",-0.924241429887375
"GATA2","SIDM00390",0.339805002476654
"GATA2","SIDM00391",-0.346787716182137
"GATA2","SIDM00392",2.0983569073708
"GATA2","SIDM00395",-0.733259376011744
"GATA2","SIDM00396",4.59846613354915
"GATA2","SIDM00402",-0.0753887005963058
"GATA2","SIDM00403",1.76996988613583
"GATA2","SIDM00405",0.21653812509265
"GATA2","SIDM00419",-0.054780088777854
"GATA2","SIDM00421",0.334067885861893
"GATA2","SIDM00423",0.911827928454424
"GATA2","SIDM00425",1.45196331104606
"GATA2","SIDM00426",0.579443402257227
"GATA2","SIDM00428",1.37855911064361
"GATA2","SIDM00429",0.965937222330158
"GATA2","SIDM00431",0.538549372061407
"GATA2","SIDM00433",-0.211882255673956
"GATA2","SIDM00434",1.34104698182916
"GATA2","SIDM00435",7.64586354638048
"GATA2","SIDM00437",1.18995892002852
"GATA2","SIDM00442",0.133888645254354
"GATA2","SIDM00443",-1.174628871848
"GATA2","SIDM00446",0.795614745481896
"GATA2","SIDM00447",1.35734597082998
"GATA2","SIDM00449",1.21944275748038
"GATA2","SIDM00450",1.74885755749368
"GATA2","SIDM00451",0.172506235029371
"GATA2","SIDM00452",-0.427610533349799
"GATA2","SIDM00453",0.0113311643190019
"GATA2","SIDM00454",0.33108780006038
"GATA2","SIDM00455",1.49181458406759
"GATA2","SIDM00457",-0.0628971245485259
"GATA2","SIDM00458",6.94107559279709
"GATA2","SIDM00460",4.21823527179579
"GATA2","SIDM00461",1.99874836763207
"GATA2","SIDM00462",4.23830017193333
"GATA2","SIDM00463",0.0814674744351911
"GATA2","SIDM00469",2.21491662725877
"GATA2","SIDM00473",0.686807092034019
"GATA2","SIDM00474",1.62797450793133
"GATA2","SIDM00475",0.173066815926536
"GATA2","SIDM00477",1.75853408668823
"GATA2","SIDM00478",0.867801432956837
"GATA2","SIDM00479",0.1329309727421
"GATA2","SIDM00480",0.901517677746012
"GATA2","SIDM00481",1.36695402464636
"GATA2","SIDM00484",-0.0752148878318733
"GATA2","SIDM00485",1.410231126977
"GATA2","SIDM00486",0.0902870458188238
"GATA2","SIDM00492",-0.43368194089315
"GATA2","SIDM00493",0.0904155679217801
"GATA2","SIDM00494",0.0256035176991779
"GATA2","SIDM00495",2.16439406074206
"GATA2","SIDM00497",0.153180149509588
"GATA2","SIDM00499",-0.56080142949474
"GATA2","SIDM00500",0.209195102145573
"GATA2","SIDM00502",-0.360725854710549
"GATA2","SIDM00503",0.708764314619279
"GATA2","SIDM00505",0.711586453791387
"GATA2","SIDM00506",-0.728126695528567
"GATA2","SIDM00509",-0.223780071726476
"GATA2","SIDM00511",-0.135274064390021
"GATA2","SIDM00512",0.907498456135261
"GATA2","SIDM00513",0.258426832340409
"GATA2","SIDM00515",3.05047923293487
"GATA2","SIDM00521",0.563826550507553
"GATA2","SIDM00522",0.27908364948014
"GATA2","SIDM00523",-0.424726074951321
"GATA2","SIDM00524",-0.320603002007198
"GATA2","SIDM00525",-0.192417980819536
"GATA2","SIDM00526",9.26961556500573
"GATA2","SIDM00529",-1.14366266500947
"GATA2","SIDM00531",0.41492597586913
"GATA2","SIDM00533",1.02159475006572
"GATA2","SIDM00536",-0.282009682375052
"GATA2","SIDM00545",1.1113389143801
"GATA2","SIDM00546",0.178845296915943
"GATA2","SIDM00547",0.814482242918834
"GATA2","SIDM00548",0.337404162418236
"GATA2","SIDM00552",-0.0296978341614498
"GATA2","SIDM00554",0.885978840749425
"GATA2","SIDM00555",0.856320462076255
"GATA2","SIDM00556",-0.804451583664861
"GATA2","SIDM00557",-0.488584120578297
"GATA2","SIDM00560",0.654738895676087
"GATA2","SIDM00564",-0.190811230604522
"GATA2","SIDM00567",-0.198849656224942
"GATA2","SIDM00568",1.31560608819376
"GATA2","SIDM00570",1.4315264581113
"GATA2","SIDM00571",-0.167626014933609
"GATA2","SIDM00572",1.2285175218736
"GATA2","SIDM00575",1.10719777553004
"GATA2","SIDM00578",-0.797581386632131
"GATA2","SIDM00580",1.32636633428136
"GATA2","SIDM00581",1.26074252335254
"GATA2","SIDM00582",0.0326794821089212
"GATA2","SIDM00585",0.489938545151647
"GATA2","SIDM00586",2.16553157667776
"GATA2","SIDM00587",1.11279622809113
"GATA2","SIDM00588",-1.31527433829459
"GATA2","SIDM00589",0.613959571682247
"GATA2","SIDM00590",0.127210800813345
"GATA2","SIDM00593",8.02345506587149
"GATA2","SIDM00594",8.21488924041144
"GATA2","SIDM00595",-0.0975545402557897
"GATA2","SIDM00598",-0.498282854510542
"GATA2","SIDM00602",0.771899968246343
"GATA2","SIDM00605",0.775283172512949
"GATA2","SIDM00607",-0.287564373337396
"GATA2","SIDM00608",-0.173570642270636
"GATA2","SIDM00609",0.164709009136557
"GATA2","SIDM00610",0.0625327567196178
"GATA2","SIDM00611",3.80262661901048
"GATA2","SIDM00613",0.22314006531687
"GATA2","SIDM00614",1.01616305799659
"GATA2","SIDM00615",-0.0405879875520403
"GATA2","SIDM00616",-0.413645636914435
"GATA2","SIDM00617",0.660380397030975
"GATA2","SIDM00618",0.228987212156391
"GATA2","SIDM00625",0.396907562285673
"GATA2","SIDM00628",0.126638510363622
"GATA2","SIDM00629",-0.0519369005883121
"GATA2","SIDM00630",-0.767192102439719
"GATA2","SIDM00633",-0.632518144902079
"GATA2","SIDM00634",-0.0563176461637547
"GATA2","SIDM00637",0.797371439340936
"GATA2","SIDM00639",0.774082024684952
"GATA2","SIDM00640",1.15429267548565
"GATA2","SIDM00641",0.208812077289112
"GATA2","SIDM00644",0.188771638062213
"GATA2","SIDM00645",-0.441714430863522
"GATA2","SIDM00646",-0.477841566395702
"GATA2","SIDM00649",-0.0987336215797691
"GATA2","SIDM00651",-0.775834723358081
"GATA2","SIDM00652",-1.08971231347269
"GATA2","SIDM00653",-0.950698074487081
"GATA2","SIDM00654",-0.924626057491531
"GATA2","SIDM00657",1.49525822961254
"GATA2","SIDM00658",-1.09047729483128
"GATA2","SIDM00660",-0.0815781479060862
"GATA2","SIDM00661",-0.660088581206597
"GATA2","SIDM00662",0.737538231780596
"GATA2","SIDM00663",1.56525198668699
"GATA2","SIDM00664",1.07407705437089
"GATA2","SIDM00665",-0.221292482462747
"GATA2","SIDM00666",0.897883619259535
"GATA2","SIDM00669",0.137524822242151
"GATA2","SIDM00670",-0.372076971525146
"GATA2","SIDM00671",-1.09732288937397
"GATA2","SIDM00672",1.01732782133278
"GATA2","SIDM00673",-0.416195049568357
"GATA2","SIDM00675",-0.790360845485675
"GATA2","SIDM00676",0.624971624689855
"GATA2","SIDM00678",-0.223316999186626
"GATA2","SIDM00681",0.369428239611148
"GATA2","SIDM00683",0.776498651820301
"GATA2","SIDM00684",0.0362528446122241
"GATA2","SIDM00685",1.06551077838565
"GATA2","SIDM00686",1.11381778463946
"GATA2","SIDM00687",0.658101703462143
"GATA2","SIDM00689",-0.336809870768824
"GATA2","SIDM00693",3.65592051206934
"GATA2","SIDM00694",0.668694031244307
"GATA2","SIDM00695",2.32118019952714
"GATA2","SIDM00697",-0.374143270715446
"GATA2","SIDM00698",-0.482102082107137
"GATA2","SIDM00702",0.609791094999539
"GATA2","SIDM00703",0.0188557367130579
"GATA2","SIDM00704",-0.700010819164725
"GATA2","SIDM00706",-1.36348858232111
"GATA2","SIDM00708",-0.335448548600264
"GATA2","SIDM00709",9.11120889696797e-05
"GATA2","SIDM00710",-1.24446949029289
"GATA2","SIDM00711",-0.658849812096363
"GATA2","SIDM00713",-0.0809065121357695
"GATA2","SIDM00715",-0.148074861670467
"GATA2","SIDM00716",0.366498948776119
"GATA2","SIDM00718",-0.783036827240956
"GATA2","SIDM00720",-0.570009274618602
"GATA2","SIDM00722",-0.0411338796436238
"GATA2","SIDM00723",2.44472922998076
"GATA2","SIDM00724",-0.752179042186378
"GATA2","SIDM00726",0.144468804921301
"GATA2","SIDM00727",0.245353964019257
"GATA2","SIDM00728",0.148022653698328
"GATA2","SIDM00729",0.167659777747539
"GATA2","SIDM00730",-1.28779819774146
"GATA2","SIDM00731",-1.19777351002215
"GATA2","SIDM00733",-0.605271020013117
"GATA2","SIDM00734",-1.30776489858009
"GATA2","SIDM00735",-0.845464610845444
"GATA2","SIDM00738",-0.492759439182143
"GATA2","SIDM00739",-0.442208279553442
"GATA2","SIDM00740",-0.836505260730294
"GATA2","SIDM00741",-1.27534876087453
"GATA2","SIDM00742",-0.939964089462586
"GATA2","SIDM00743",-0.125195278905412
"GATA2","SIDM00744",-0.442888985854545
"GATA2","SIDM00745",-1.36207797621051
"GATA2","SIDM00746",-0.622253770563517
"GATA2","SIDM00747",-0.301548965888134
"GATA2","SIDM00748",-0.725763633590317
"GATA2","SIDM00749",-1.09618211470594
"GATA2","SIDM00750",1.24322929854563
"GATA2","SIDM00751",0.115030275778014
"GATA2","SIDM00753",-0.225059462363067
"GATA2","SIDM00754",0.518842498594575
"GATA2","SIDM00755",-1.06358927921416
"GATA2","SIDM00756",-0.434907625177603
"GATA2","SIDM00757",-0.198047391874291
"GATA2","SIDM00759",0.25009857725827
"GATA2","SIDM00760",-0.627968622961506
"GATA2","SIDM00761",0.224304997849915
"GATA2","SIDM00762",-0.788160488058647
"GATA2","SIDM00763",-1.13560364069371
"GATA2","SIDM00766",-0.768662014362771
"GATA2","SIDM00768",-0.00316095544215649
"GATA2","SIDM00769",-0.305370744098364
"GATA2","SIDM00771",0.891799751354051
"GATA2","SIDM00772",-0.944698297658357
"GATA2","SIDM00774",-1.909123083806
"GATA2","SIDM00775",-0.773837160019673
"GATA2","SIDM00776",0.721914010405177
"GATA2","SIDM00777",-0.59366833430288
"GATA2","SIDM00778",0.641816664182416
"GATA2","SIDM00779",-0.471547013289568
"GATA2","SIDM00780",-0.754990164568199
"GATA2","SIDM00782",-0.922157693653285
"GATA2","SIDM00784",0.300011771342391
"GATA2","SIDM00785",2.90882491300776
"GATA2","SIDM00791",4.20156224440405
"GATA2","SIDM00795",-0.391028571974315
"GATA2","SIDM00796",-0.655654627578323
"GATA2","SIDM00797",1.8120213694667
"GATA2","SIDM00798",-0.0785352839537826
"GATA2","SIDM00799",0.487733213436612
"GATA2","SIDM00800",0.781958425904214
"GATA2","SIDM00801",1.01167520602415
"GATA2","SIDM00803",1.17190048498798
"GATA2","SIDM00806",-0.134877508955516
"GATA2","SIDM00812",1.00546867164812
"GATA2","SIDM00823",0.13145596588032
"GATA2","SIDM00828",-0.345813356023234
"GATA2","SIDM00829",-1.02805994293354
"GATA2","SIDM00831",2.12158307533234
"GATA2","SIDM00839",-0.471790365752205
"GATA2","SIDM00840",1.30363410110775
"GATA2","SIDM00844",-0.747506113035203
"GATA2","SIDM00845",-0.996598059866903
"GATA2","SIDM00847",-0.747947550499582
"GATA2","SIDM00848",0.00416210624481004
"GATA2","SIDM00849",-1.05138951514885
"GATA2","SIDM00850",-0.722819920614825
"GATA2","SIDM00851",0.06158073024883
"GATA2","SIDM00852",0.82374205276981
"GATA2","SIDM00853",0.865556894508294
"GATA2","SIDM00854",-0.207367561408352
"GATA2","SIDM00855",0.0598016192536988
"GATA2","SIDM00856",0.17011563414967
"GATA2","SIDM00857",1.05286448735239
"GATA2","SIDM00858",0.7613762665223
"GATA2","SIDM00860",-0.357530661083046
"GATA2","SIDM00861",1.27310084762907
"GATA2","SIDM00862",-1.87257874331917
"GATA2","SIDM00865",-1.15844439038585
"GATA2","SIDM00866",-0.127361194408914
"GATA2","SIDM00867",2.27413540339319
"GATA2","SIDM00870",-1.13478117658958
"GATA2","SIDM00872",0.48018073682104
"GATA2","SIDM00874",-0.969009597877794
"GATA2","SIDM00877",-0.5734620425779
"GATA2","SIDM00878",-0.733486861866065
"GATA2","SIDM00879",-0.883949413608241
"GATA2","SIDM00881",-0.82691351529064
"GATA2","SIDM00882",-2.23163341263677
"GATA2","SIDM00884",0.148863641223172
"GATA2","SIDM00886",-0.762149742341163
"GATA2","SIDM00887",-0.383013457985709
"GATA2","SIDM00888",-0.585317841345875
"GATA2","SIDM00890",1.61401081013725
"GATA2","SIDM00892",-0.158704053523004
"GATA2","SIDM00893",-1.87098943943149
"GATA2","SIDM00894",-1.12850671964967
"GATA2","SIDM00897",-0.345315821286886
"GATA2","SIDM00898",-0.620411100645138
"GATA2","SIDM00899",0.111493789525642
"GATA2","SIDM00901",-1.4077950433845
"GATA2","SIDM00903",0.0642446154486755
"GATA2","SIDM00904",2.55121954898612
"GATA2","SIDM00907",-0.339724702346871
"GATA2","SIDM00909",2.51266773761719
"GATA2","SIDM00910",-0.479690450293007
"GATA2","SIDM00914",0.654477963722549
"GATA2","SIDM00918",-0.571951860282637
"GATA2","SIDM00919",0.758182560827224
"GATA2","SIDM00920",-0.249026892436601
"GATA2","SIDM00921",-0.427995834761666
"GATA2","SIDM00922",2.06107091822079
"GATA2","SIDM00924",0.353261091177365
"GATA2","SIDM00925",-1.44965502238735
"GATA2","SIDM00926",-0.13190546702894
"GATA2","SIDM00928",2.06184858097872
"GATA2","SIDM00931",-1.09978286042346
"GATA2","SIDM00932",0.107724281421358
"GATA2","SIDM00933",0.0437898659846566
"GATA2","SIDM00934",1.36529189959752
"GATA2","SIDM00936",0.844473184246086
"GATA2","SIDM00937",0.826230223667863
"GATA2","SIDM00938",-0.249172414498124
"GATA2","SIDM00939",1.21573868456312
"GATA2","SIDM00940",0.6809628823536
"GATA2","SIDM00941",0.342850841265124
"GATA2","SIDM00942",-0.210027545026282
"GATA2","SIDM00943",0.579796117578812
"GATA2","SIDM00944",0.772190948470005
"GATA2","SIDM00945",-0.00667491295754731
"GATA2","SIDM00947",0.849552563893051
"GATA2","SIDM00949",0.185122547214542
"GATA2","SIDM00950",2.3310941091944
"GATA2","SIDM00955",1.4417680973644
"GATA2","SIDM00956",-0.685371242048523
"GATA2","SIDM00957",-0.394293677317093
"GATA2","SIDM00959",8.56813128543127
"GATA2","SIDM00961",0.436197439563718
"GATA2","SIDM00963",0.16629146216837
"GATA2","SIDM00965",-0.593645546184271
"GATA2","SIDM00979",1.5026494230046
"GATA2","SIDM00980",0.135075864403944
"GATA2","SIDM00981",0.164365772114998
"GATA2","SIDM00982",0.232494333040726
"GATA2","SIDM00983",2.20045413843653
"GATA2","SIDM00985",0.310524994043586
"GATA2","SIDM00986",1.22381760864268
"GATA2","SIDM00987",0.200619660912431
"GATA2","SIDM00988",1.5629323559302
"GATA2","SIDM00989",3.0389182564532
"GATA2","SIDM00990",0.464789334900579
"GATA2","SIDM00991",0.977647207048089
"GATA2","SIDM00992",-0.214795670283237
"GATA2","SIDM00993",0.242933501694014
"GATA2","SIDM00994",0.634293766439985
"GATA2","SIDM00996",1.17949508637866
"GATA2","SIDM00997",0.91093224908723
"GATA2","SIDM00998",-1.2287006756687
"GATA2","SIDM00999",-0.484605588533025
"GATA2","SIDM01000",1.4055374632435
"GATA2","SIDM01001",2.38622760539757
"GATA2","SIDM01002",-0.554120285844789
"GATA2","SIDM01003",0.296440080177635
"GATA2","SIDM01004",3.1213923092519
"GATA2","SIDM01005",6.22529780351476
"GATA2","SIDM01008",-0.24179881965975
"GATA2","SIDM01009",-0.600324247273846
"GATA2","SIDM01010",0.020677803596386
"GATA2","SIDM01012",-0.301325188743776
"GATA2","SIDM01013",0.216000012927847
"GATA2","SIDM01015",8.06887698927497
"GATA2","SIDM01016",-0.0684624657116387
"GATA2","SIDM01018",-0.231023502137613
"GATA2","SIDM01020",0.14281060802014
"GATA2","SIDM01022",2.80221953053814
"GATA2","SIDM01023",1.56641117605223
"GATA2","SIDM01024",0.0545050650975252
"GATA2","SIDM01025",0.211407816735
"GATA2","SIDM01026",0.445708626116679
"GATA2","SIDM01027",1.08671136818316
"GATA2","SIDM01028",0.455728708095762
"GATA2","SIDM01029",1.25313915479359
"GATA2","SIDM01030",-0.937789704881344
"GATA2","SIDM01031",-0.372682324267927
"GATA2","SIDM01032",-0.159080565186813
"GATA2","SIDM01033",-0.27884573307195
"GATA2","SIDM01034",2.11024713854987
"GATA2","SIDM01036",0.538567909076281
"GATA2","SIDM01037",0.763938215441904
"GATA2","SIDM01038",1.14860865808244
"GATA2","SIDM01040",0.461653664648583
"GATA2","SIDM01043",0.887905008471425
"GATA2","SIDM01044",0.00384896072447223
"GATA2","SIDM01045",-0.604236515144472
"GATA2","SIDM01048",0.0418571785964867
"GATA2","SIDM01049",-0.258663546544175
"GATA2","SIDM01051",0.881460398991183
"GATA2","SIDM01052",3.8789126684989
"GATA2","SIDM01055",1.51723258817163
"GATA2","SIDM01056",1.1039972170151
"GATA2","SIDM01057",1.92334916307539
"GATA2","SIDM01058",0.634494789638858
"GATA2","SIDM01059",6.78736021134118
"GATA2","SIDM01060",0.858355881939702
"GATA2","SIDM01062",-0.474381322847157
"GATA2","SIDM01063",1.51982922995753
"GATA2","SIDM01066",0.937269492515258
"GATA2","SIDM01067",-0.121164347981709
"GATA2","SIDM01068",0.465122662629901
"GATA2","SIDM01069",0.96933040022749
"GATA2","SIDM01070",0.447326337473375
"GATA2","SIDM01071",-0.807302054151243
"GATA2","SIDM01072",-0.303303598346
"GATA2","SIDM01074",0.621005112693574
"GATA2","SIDM01077",1.38377248616293
"GATA2","SIDM01078",-0.740573803195745
"GATA2","SIDM01079",1.22080203089108
"GATA2","SIDM01080",-0.867058763925808
"GATA2","SIDM01081",-0.0577572238203855
"GATA2","SIDM01082",1.3407143854816
"GATA2","SIDM01083",0.389987606463806
"GATA2","SIDM01084",0.690305848783281
"GATA2","SIDM01085",0.0123078417215691
"GATA2","SIDM01086",0.590641982451546
"GATA2","SIDM01087",0.166445718342486
"GATA2","SIDM01088",-0.145861952711026
"GATA2","SIDM01089",-0.237192671157737
"GATA2","SIDM01096",0.0603284996279999
"GATA2","SIDM01099",-0.905594317690161
"GATA2","SIDM01100",-0.580812953571086
"GATA2","SIDM01101",-1.02213995234037
"GATA2","SIDM01103",-0.130511244278955
"GATA2","SIDM01104",1.26783035694434
"GATA2","SIDM01105",1.1186655316541
"GATA2","SIDM01106",1.79688308331676
"GATA2","SIDM01107",1.20818233167008
"GATA2","SIDM01108",-0.465497981678613
"GATA2","SIDM01109",0.262862271006154
"GATA2","SIDM01110",1.21834812081299
"GATA2","SIDM01111",0.388837549600464
"GATA2","SIDM01112",0.474743227392967
"GATA2","SIDM01113",-0.0803684533683356
"GATA2","SIDM01116",-0.663229309227894
"GATA2","SIDM01119",-0.0737492952587113
"GATA2","SIDM01121",-0.996255561832378
"GATA2","SIDM01123",-0.702631410268658
"GATA2","SIDM01124",-1.04294529418206
"GATA2","SIDM01125",0.403589681557906
"GATA2","SIDM01127",0.519071446301135
"GATA2","SIDM01128",-0.0146519195979222
"GATA2","SIDM01129",-0.646366847047407
"GATA2","SIDM01130",-1.04993320919015
"GATA2","SIDM01131",0.235195909919825
"GATA2","SIDM01134",-1.57633726612784
"GATA2","SIDM01135",-0.0337393995400401
"GATA2","SIDM01136",1.69644653610912
"GATA2","SIDM01137",0.737772706284852
"GATA2","SIDM01138",2.26842705713073
"GATA2","SIDM01139",-0.756737468636088
"GATA2","SIDM01141",1.37946215611827
"GATA2","SIDM01144",-0.298126428493923
"GATA2","SIDM01147",-1.25034359235763
"GATA2","SIDM01148",-0.328865884906449
"GATA2","SIDM01150",-1.31783527129991
"GATA2","SIDM01151",0.318754415429364
"GATA2","SIDM01154",0.293238981337445
"GATA2","SIDM01156",0.081603365778756
"GATA2","SIDM01158",0.371677458467574
"GATA2","SIDM01164",1.40259620221798
"GATA2","SIDM01165",1.91510160510307
"GATA2","SIDM01167",1.4319796066069
"GATA2","SIDM01169",0.384082332346816
"GATA2","SIDM01170",0.280750040633617
"GATA2","SIDM01171",1.15632336743277
"GATA2","SIDM01172",2.88651577686296
"GATA2","SIDM01176",0.384263975927581
"GATA2","SIDM01180",0.773361851524152
"GATA2","SIDM01181",-1.36989185993318
"GATA2","SIDM01182",-0.580328960658557
"GATA2","SIDM01184",0.00772089821023974
"GATA2","SIDM01186",-0.749383223460206
"GATA2","SIDM01188",0.338693643932459
"GATA2","SIDM01189",0.215637874794465
"GATA2","SIDM01190",0.169366709481976
"GATA2","SIDM01191",-0.616521462828083
"GATA2","SIDM01193",-1.08179957651413
"GATA2","SIDM01194",-0.23373633434981
"GATA2","SIDM01195",2.07441283499499
"GATA2","SIDM01196",-0.229985419264701
"GATA2","SIDM01199",0.539318502605163
"GATA2","SIDM01215",1.66612336607653
"GATA2","SIDM01222",-1.22059042020041
"GATA2","SIDM01241",-0.75247620059408
"GATA2","SIDM01254",-0.82088096363756
"GATA2","SIDM01265",0.628797302915351
"GATA2","SIDM01316",-0.332550712354865
"GATA2","SIDM01318",0.684036940224147
"GATA2","SIDM01320",0.473925578645901
"GATA2","SIDM01321",0.367417924247203
"GATA2","SIDM01322",1.82370874757467
"GATA2","SIDM01323",2.19054386827426
"GATA2","SIDM01324",1.55094067429643
"GATA2","SIDM01325",0.59180259598544
"GATA2","SIDM01331",-0.333820926631181
"GATA2","SIDM01332",0.794502387388935
"GATA2","SIDM01335",1.84126410323005
"GATA2","SIDM01336",1.7595984698933
"GATA2","SIDM01343",1.04473960040838
"GATA2","SIDM01347",1.21076657396397
"GATA2","SIDM01363",-0.0038138937690184
"GATA2","SIDM01368",0.852882504839015
"GATA2","SIDM01372",0.861705650015657
"GATA2","SIDM01377",0.0683038566368536
"GATA2","SIDM01378",1.41761520015956
"GATA2","SIDM01387",-0.930115937333677
"GATA2","SIDM01391",-1.21836908218338
"GATA2","SIDM01393",0.0645899965068329
"GATA2","SIDM01394",3.67700520556118
"GATA2","SIDM01397",1.37214444843352
"GATA2","SIDM01398",0.865395942232962
"GATA2","SIDM01409",1.95397480367228
"GATA2","SIDM01411",0.87974872803295
"GATA2","SIDM01412",0.962923731288612
"GATA2","SIDM01413",0.365048543227174
"GATA2","SIDM01432",2.72896377939743
"GATA2","SIDM01433",-0.366629752731751
"GATA2","SIDM01434",-0.215016155500044
"GATA2","SIDM01435",3.61002734800692
"GATA2","SIDM01436",0.0929551028003393
"GATA2","SIDM01437",1.11833047127762
"GATA2","SIDM01439",0.575802778105161
"GATA2","SIDM01442",0.606077204833936
"GATA2","SIDM01443",0.0759374145878896
"GATA2","SIDM01444",0.0507399087134312
"GATA2","SIDM01445",1.26509133267902
"GATA2","SIDM01446",2.29387869519292
"GATA2","SIDM01447",1.35932523793574
"GATA2","SIDM01449",0.326943435309984
"GATA2","SIDM01450",-0.735300678417023
"GATA2","SIDM01451",0.367456189868967
"GATA2","SIDM01454",1.60491791120791
"GATA2","SIDM01460",1.28283579280714
"GATA2","SIDM01463",-0.69051364522363
"GATA2","SIDM01464",1.69403335771371
"GATA2","SIDM01469",-0.538422352567148
"GATA2","SIDM01470",4.91934768631464
"GATA2","SIDM01471",7.25743092040502
"GATA2","SIDM01472",0.6193316013587
"GATA2","SIDM01473",0.0328503629873494
"GATA2","SIDM01474",1.07131426911496
"GATA2","SIDM01476",0.566316067094878
"GATA2","SIDM01479",1.86623745132563
"GATA2","SIDM01480",0.820345090217112
"GATA2","SIDM01482",-0.380279596397769
"GATA2","SIDM01490",0.523991196439238
"GATA2","SIDM01491",1.06267883571044
"GATA2","SIDM01492",-0.124512217448238
"GATA2","SIDM01494",1.27814856714276
"GATA2","SIDM01498",1.627007492283
"GATA2","SIDM01502",1.08227079445824
"GATA2","SIDM01503",-0.0825774249718898
"GATA2","SIDM01504",-0.542057848212291
"GATA2","SIDM01510",0.719207740228075
"GATA2","SIDM01511",0.191268176151296
"GATA2","SIDM01512",1.40815427481121
"GATA2","SIDM01517",1.59667340362511
"GATA2","SIDM01518",1.72837303140741
"GATA2","SIDM01519",-0.543880845445109
"GATA2","SIDM01520",2.14678043156785
"GATA2","SIDM01522",-0.725783117146752
"GATA2","SIDM01523",0.817800443964357
"GATA2","SIDM01525",3.04770225898188
"GATA2","SIDM01526",0.392797727396728
"GATA2","SIDM01528",1.12461560812586
"GATA2","SIDM01529",0.582581348513832
"GATA2","SIDM01530",-0.390592346405188
"GATA2","SIDM01531",0.324879104289131
"GATA2","SIDM01545",0.100622204590012
"GATA2","SIDM01546",0.164521717135233
"GATA2","SIDM01551",0.200479505042223
"GATA2","SIDM01553",-0.447543440371145
"GATA2","SIDM01554",0.376812881219702
"GATA2","SIDM01556",-0.916753441192706
"GATA2","SIDM01559",0.927819737046444
"GATA2","SIDM01560",0.094331054965245
"GATA2","SIDM01561",0.836720255581222
"GATA2","SIDM01563",1.10482823870916
"GATA2","SIDM01564",5.17321844025648
"GATA2","SIDM01565",0.551453544706234
"GATA2","SIDM01566",1.29705953583043
"GATA2","SIDM01567",-0.822653958054274
"GATA2","SIDM01569",1.48869628994625
"GATA2","SIDM01570",1.6397264998109
"GATA2","SIDM01571",0.258670760408943
"GATA2","SIDM01572",-1.70716908719563
"GATA2","SIDM01573",0.0224654829352051
"GATA2","SIDM01574",-0.196438902501321
"GATA2","SIDM01575",0.146784268144887
"GATA2","SIDM01577",0.0345344067761556
"GATA2","SIDM01578",0.201369763895414
"GATA2","SIDM01580",4.35823862204331
"GATA2","SIDM01581",0.300572080984368
"GATA2","SIDM01582",0.712145066064521
"GATA2","SIDM01587",1.37823939013878
"GATA2","SIDM01588",0.90606477018438
"GATA2","SIDM01589",-0.849039467941842
"GATA2","SIDM01590",1.40837825515942
"GATA2","SIDM01591",1.23456514566919
"GATA2","SIDM01593",0.178857037254462
"GATA2","SIDM01594",1.26947767836929
"GATA2","SIDM01596",-0.113476689383009
"GATA2","SIDM01598",-0.429693040650863
"GATA2","SIDM01602",1.53434428106797
"GATA2","SIDM01603",-0.524728614202002
"GATA2","SIDM01604",1.81174519868807
"GATA2","SIDM01605",1.06839434117357
"GATA2","SIDM01606",0.521363425730096
"GATA2","SIDM01607",0.643644453292489
"GATA2","SIDM01608",-1.28688297277871
"GATA2","SIDM01609",0.028719345301199
"GATA2","SIDM01611",-0.420637128797107
"GATA2","SIDM01612",-0.346198381845264
"GATA2","SIDM01613",0.939201986330265
"GATA2","SIDM01614",-0.743508420076581
"GATA2","SIDM01615",0.390028278800127
"GATA2","SIDM01616",0.429605972223864
"GATA2","SIDM01617",-0.842152196348237
"GATA2","SIDM01618",0.713245971377032
"GATA2","SIDM01619",-0.830327250644137
"GATA2","SIDM01622",0.904411933956918
"GATA2","SIDM01624",0.160047120081135
"GATA2","SIDM01628",0.102473519200776
"GATA2","SIDM01629",0.93542675683836
"GATA2","SIDM01635",0.241188522495643
"GATA2","SIDM01640",7.64502414483569
"GATA2","SIDM01657",-0.330538662116226
"GATA2","SIDM01658",-0.0600343774796614
"GATA2","SIDM01659",1.14483700143615
"GATA2","SIDM01660",2.56788562168336
"GATA2","SIDM01662",1.28454071593371
"GATA2","SIDM01664",-0.10784393962154
"GATA2","SIDM01667",-0.421142856981747
"GATA2","SIDM01668",-0.701225187574195
"GATA2","SIDM01672",-0.818798152566876
"GATA2","SIDM01675",-0.715612063673412
"GATA2","SIDM01676",0.596082430404054
"GATA2","SIDM01679",-1.0900066655489
"GATA2","SIDM01682",-0.835346910301656
"GATA2","SIDM01685",-0.274348178350643
"GATA2","SIDM01686",0.90734030496546
"GATA2","SIDM01689",1.50891013940215
"GATA2","SIDM01690",0.234341676083645
"GATA2","SIDM01691",4.8383286292673
"GATA2","SIDM01692",3.33892703460648
"GATA2","SIDM01693",-0.191430816867472
"GATA2","SIDM01694",0.565870061104827
"GATA2","SIDM01695",2.44041730129411
"GATA2","SIDM01696",2.49924129821268
"GATA2","SIDM01697",1.61012426190815
"GATA2","SIDM01698",0.959420675677048
"GATA2","SIDM01699",1.81733413322724
"GATA2","SIDM01701",2.16846064755539
"GATA2","SIDM01702",1.28121888848199
"GATA2","SIDM01703",2.00232348530586
"GATA2","SIDM01704",-0.240880160565797
"GATA2","SIDM01705",1.166185601162
"GATA2","SIDM01709",1.31353594338038
"GATA2","SIDM01710",1.04896331113987
"GATA2","SIDM01724",3.00985241193099
"GATA2","SIDM01725",1.54903228737572
"GATA2","SIDM01726",1.36644174663997
"GATA2","SIDM01727",9.69151064274988
"GATA2","SIDM01728",0.0636816377695462
"GATA2","SIDM01729",0.119311812361955
"GATA2","SIDM01730",0.268932955690804
"GATA2","SIDM01734",-0.0894996730280026
"GATA2","SIDM01739",-0.380065192422956
"GATA2","SIDM01741",1.60142678480492
"GATA2","SIDM01743",0.79949822303505
"GATA2","SIDM01746",0.0997984236004543
"GATA2","SIDM01749",0.426703179944494
"GATA2","SIDM01750",1.11192477448786
"GATA2","SIDM01752",-0.204010512531429
"GATA2","SIDM01753",1.19688541381455
"GATA2","SIDM01756",8.08260642887846
"GATA2","SIDM01757",1.62351493386111
"GATA2","SIDM01758",-1.25898547597996
"GATA2","SIDM01759",0.837400259285367
"GATA2","SIDM01760",-0.103906899840601
"GATA2","SIDM01761",0.137124539018704
"GATA2","SIDM01762",1.28298286417573
"GATA2","SIDM01763",1.31543101905562
"GATA2","SIDM01764",1.35906243490746
"GATA2","SIDM01765",1.24932965366276
"GATA2","SIDM01766",-0.303355558283442
"GATA2","SIDM01767",-0.437320722998321
"GATA2","SIDM01768",1.57120632716201
"GATA2","SIDM01770",4.82650890130874
"GATA2","SIDM01771",0.731378768870738
"GATA2","SIDM01772",1.2986199518564
"GATA2","SIDM01773",0.0328641650887748
"GATA2","SIDM01774",0.332936853513393
"GATA2","SIDM01775",1.19231484623136
"GATA2","SIDM01777",0.535217333676886
"GATA2","SIDM01779",1.28679368036104
"GATA2","SIDM01780",1.15760320242157
"GATA2","SIDM01781",-0.125831382441314
"GATA2","SIDM01782",0.871752761998791
"GATA2","SIDM01820",1.50622548403844
"GATA2","SIDM01858",0.452872718374227
"GATA2","SIDM01859",-0.812732752629734
"GATA2","SIDM01873",1.54185989448868
"IRF1","SIDM00001",5.03009712330131
"IRF1","SIDM00005",-1.54250302899812
"IRF1","SIDM00008",0.978566511926007
"IRF1","SIDM00011",-0.0859513641882493
"IRF1","SIDM00015",1.40616916479114
"IRF1","SIDM00016",-0.567199425838243
"IRF1","SIDM00017",-0.923939483907958
"IRF1","SIDM00029",-1.74272619773022
"IRF1","SIDM00032",0.505877998724478
"IRF1","SIDM00036",-1.34345930275351
"IRF1","SIDM00046",-0.0369671566958369
"IRF1","SIDM00062",-1.09615014545153
"IRF1","SIDM00063",1.12281024516417
"IRF1","SIDM00065",-0.217106140672521
"IRF1","SIDM00071",-0.994874768793515
"IRF1","SIDM00074",0.818347594113253
"IRF1","SIDM00078",1.61731100257653
"IRF1","SIDM00079",1.65678596001523
"IRF1","SIDM00080",-0.525103529617555
"IRF1","SIDM00081",1.76466590965618
"IRF1","SIDM00083",12.1397289450505
"IRF1","SIDM00084",0.97816635962516
"IRF1","SIDM00085",-0.594443905791773
"IRF1","SIDM00087",-0.347684844818798
"IRF1","SIDM00088",-0.655203957445988
"IRF1","SIDM00090",-0.924356355840553
"IRF1","SIDM00092",-0.261370660947889
"IRF1","SIDM00093",-1.91914560395513
"IRF1","SIDM00095",3.7030039758374
"IRF1","SIDM00097",-1.54062300952022
"IRF1","SIDM00105",-1.18828915930322
"IRF1","SIDM00107",-0.242837768220565
"IRF1","SIDM00108",0.456170372203908
"IRF1","SIDM00116",-1.51047125146681
"IRF1","SIDM00117",-2.03849504246217
"IRF1","SIDM00119",-1.06733084255409
"IRF1","SIDM00122",-0.698971682553347
"IRF1","SIDM00123",1.07329559553166
"IRF1","SIDM00124",1.00656698219951
"IRF1","SIDM00125",1.82936752186111
"IRF1","SIDM00130",2.37790465843475
"IRF1","SIDM00131",2.35334329576697
"IRF1","SIDM00132",3.89316693738902
"IRF1","SIDM00133",-0.697237925273564
"IRF1","SIDM00134",1.42718924765693
"IRF1","SIDM00135",0.0517541823330469
"IRF1","SIDM00138",-1.06334855190515
"IRF1","SIDM00139",1.0046101258612
"IRF1","SIDM00140",0.976857110565958
"IRF1","SIDM00142",-0.618827259697112
"IRF1","SIDM00143",-1.78718376152259
"IRF1","SIDM00144",-1.28316830450746
"IRF1","SIDM00146",0.917352946341778
"IRF1","SIDM00147",-1.6444331494837
"IRF1","SIDM00148",-1.78806223887535
"IRF1","SIDM00149",0.788266248631835
"IRF1","SIDM00150",-1.42080084902792
"IRF1","SIDM00151",-0.368519253714992
"IRF1","SIDM00153",-0.154892688074698
"IRF1","SIDM00158",1.33540343509279
"IRF1","SIDM00159",0.918747361275051
"IRF1","SIDM00160",1.09897997528557
"IRF1","SIDM00161",-1.36248100398756
"IRF1","SIDM00162",0.0702435227140057
"IRF1","SIDM00163",-0.88654388571255
"IRF1","SIDM00164",0.933088407852173
"IRF1","SIDM00165",1.72684334721109
"IRF1","SIDM00166",0.365474685625728
"IRF1","SIDM00167",1.79656189119107
"IRF1","SIDM00168",4.91901436882763
"IRF1","SIDM00169",0.912774960014464
"IRF1","SIDM00170",1.49548512354259
"IRF1","SIDM00171",3.64046698664134
"IRF1","SIDM00173",-0.63394423738315
"IRF1","SIDM00192",-0.253861574647043
"IRF1","SIDM00194",1.49183982079185
"IRF1","SIDM00210",-0.279587140370381
"IRF1","SIDM00212",0.780294323514333
"IRF1","SIDM00213",1.09074821393096
"IRF1","SIDM00217",0.00668057054819575
"IRF1","SIDM00220",-1.39139532496886
"IRF1","SIDM00222",-0.42554827841688
"IRF1","SIDM00226",-2.03412812090151
"IRF1","SIDM00228",-0.205037045743062
"IRF1","SIDM00235",2.5700326308899
"IRF1","SIDM00237",0.323385829288144
"IRF1","SIDM00238",-0.495730482977637
"IRF1","SIDM00239",0.628623808746816
"IRF1","SIDM00247",-1.43163891185093
"IRF1","SIDM00248",4.40333558212515
"IRF1","SIDM00249",-0.306843441719695
"IRF1","SIDM00250",-0.239887881106058
"IRF1","SIDM00271",0.19297395899489
"IRF1","SIDM00272",-1.93803813550144
"IRF1","SIDM00273",-0.17995776656763
"IRF1","SIDM00278",0.649854431202733
"IRF1","SIDM00279",-0.64943443813417
"IRF1","SIDM00280",-0.754847758901581
"IRF1","SIDM00282",1.67626793849941
"IRF1","SIDM00284",0.186014346597717
"IRF1","SIDM00286",-0.82400511996847
"IRF1","SIDM00290",-1.48420569853393
"IRF1","SIDM00298",-1.7888503371965
"IRF1","SIDM00301",-1.77691292169286
"IRF1","SIDM00303",-0.46503921554796
"IRF1","SIDM00305",-0.50439948262924
"IRF1","SIDM00306",-0.438896826491921
"IRF1","SIDM00307",-0.176473145167982
"IRF1","SIDM00312",-0.923777654171982
"IRF1","SIDM00313",1.91157474055679
"IRF1","SIDM00314",-1.08554082439058
"IRF1","SIDM00315",-0.0292194815951569
"IRF1","SIDM00318",1.38872844852679
"IRF1","SIDM00321",-0.659111613019498
"IRF1","SIDM00322",-1.27609795625357
"IRF1","SIDM00325",-1.1046677278609
"IRF1","SIDM00327",0.943467932459122
"IRF1","SIDM00329",1.38025239687184
"IRF1","SIDM00331",0.23779951985017
"IRF1","SIDM00333",-0.975541652130746
"IRF1","SIDM00334",-1.44319942981167
"IRF1","SIDM00335",-1.56504352999174
"IRF1","SIDM00336",0.201062061272492
"IRF1","SIDM00337",0.513151879902301
"IRF1","SIDM00338",0.933710631401308
"IRF1","SIDM00339",1.03438702624827
"IRF1","SIDM00340",0.615826054585211
"IRF1","SIDM00341",0.525846117011363
"IRF1","SIDM00342",0.769130687970734
"IRF1","SIDM00344",1.00408035879716
"IRF1","SIDM00345",1.50003394951646
"IRF1","SIDM00347",-0.529373158252913
"IRF1","SIDM00348",-0.475063291943227
"IRF1","SIDM00352",-0.0869918314947876
"IRF1","SIDM00353",2.58240390762757
"IRF1","SIDM00354",1.24978938569904
"IRF1","SIDM00355",0.838344578023311
"IRF1","SIDM00356",-0.445918008789048
"IRF1","SIDM00358",-1.22844202762614
"IRF1","SIDM00359",-0.0908485878018058
"IRF1","SIDM00360",-1.93127195688093
"IRF1","SIDM00363",1.65731747187351
"IRF1","SIDM00368",-1.62320418906079
"IRF1","SIDM00369",-1.22466419180903
"IRF1","SIDM00370",-0.498159672319432
"IRF1","SIDM00373",0.750751114935488
"IRF1","SIDM00376",2.69238361444618
"IRF1","SIDM00380",0.713456637075056
"IRF1","SIDM00382",2.02747847141175
"IRF1","SIDM00386",-0.334162662789512
"IRF1","SIDM00387",-1.34876093402031
"IRF1","SIDM00390",0.514117806092406
"IRF1","SIDM00391",-0.806384236349635
"IRF1","SIDM00392",0.389641865291585
"IRF1","SIDM00395",-0.634666674386025
"IRF1","SIDM00396",2.52327601629596
"IRF1","SIDM00402",-0.749039482755096
"IRF1","SIDM00403",-0.704980819346407
"IRF1","SIDM00405",0.828785403149614
"IRF1","SIDM00419",-2.71065661321399
"IRF1","SIDM00421",2.274286227144
"IRF1","SIDM00423",1.84999515436121
"IRF1","SIDM00425",0.858135680096537
"IRF1","SIDM00426",-1.68090086350264
"IRF1","SIDM00428",2.41585047874413
"IRF1","SIDM00429",-0.167509057069273
"IRF1","SIDM00431",1.0629212709721
"IRF1","SIDM00433",-0.938921435494882
"IRF1","SIDM00434",0.671226490519235
"IRF1","SIDM00435",-0.851447279114921
"IRF1","SIDM00437",1.22676390167684
"IRF1","SIDM00442",2.30332062620681
"IRF1","SIDM00443",0.542152785894792
"IRF1","SIDM00446",2.03595090662124
"IRF1","SIDM00447",-0.0718249028344352
"IRF1","SIDM00449",1.68441957141926
"IRF1","SIDM00450",2.24077014210534
"IRF1","SIDM00451",-0.250624024358379
"IRF1","SIDM00452",-0.197357031324039
"IRF1","SIDM00453",-1.72044729759652
"IRF1","SIDM00454",-0.511353165009549
"IRF1","SIDM00455",-0.0229747972357927
"IRF1","SIDM00457",-0.267565368399399
"IRF1","SIDM00458",2.4102849171773
"IRF1","SIDM00460",0.944578324103561
"IRF1","SIDM00461",0.782795674162898
"IRF1","SIDM00462",4.21395499021068
"IRF1","SIDM00463",-0.69578163776304
"IRF1","SIDM00469",0.311854050308265
"IRF1","SIDM00473",3.28668571016108
"IRF1","SIDM00474",1.07458103320023
"IRF1","SIDM00475",5.21038633746931
"IRF1","SIDM00477",2.7400596326866
"IRF1","SIDM00478",1.79510219307076
"IRF1","SIDM00479",-0.597352491400399
"IRF1","SIDM00480",-0.489100200711919
"IRF1","SIDM00481",-2.16380608555717
"IRF1","SIDM00484",-1.53731584190386
"IRF1","SIDM00485",3.3931505598918
"IRF1","SIDM00486",-0.125724815009761
"IRF1","SIDM00492",-1.27074605549102
"IRF1","SIDM00493",2.08077419797183
"IRF1","SIDM00494",-0.00445615944786868
"IRF1","SIDM00495",0.362245272669159
"IRF1","SIDM00497",-1.25699151648855
"IRF1","SIDM00499",-2.73342929194282
"IRF1","SIDM00500",-0.616374264529747
"IRF1","SIDM00502",1.72707369408373
"IRF1","SIDM00503",-0.714891876473306
"IRF1","SIDM00505",-0.973015517326839
"IRF1","SIDM00506",-1.66919678963867
"IRF1","SIDM00509",-1.44462832228386
"IRF1","SIDM00511",-1.43739718061865
"IRF1","SIDM00512",-0.398369947009611
"IRF1","SIDM00513",0.636179323780176
"IRF1","SIDM00515",1.02825349222719
"IRF1","SIDM00521",-1.03487949478753
"IRF1","SIDM00522",-0.431127438759355
"IRF1","SIDM00523",-1.85810734537978
"IRF1","SIDM00524",-1.79452560293633
"IRF1","SIDM00525",0.15594779795201
"IRF1","SIDM00526",-0.814661094253473
"IRF1","SIDM00529",-1.18411139231861
"IRF1","SIDM00531",3.30853743237021
"IRF1","SIDM00533",-0.166907189262252
"IRF1","SIDM00536",-1.07192174497324
"IRF1","SIDM00545",-0.864153544822514
"IRF1","SIDM00546",-0.754450564400584
"IRF1","SIDM00547",0.100734734233394
"IRF1","SIDM00548",-0.0949653643341257
"IRF1","SIDM00552",-0.408467402718029
"IRF1","SIDM00554",-0.526965460321967
"IRF1","SIDM00555",0.23192635126145
"IRF1","SIDM00556",-1.7040632761873
"IRF1","SIDM00557",-1.59318254825031
"IRF1","SIDM00560",1.14194097411218
"IRF1","SIDM00564",0.495676118719685
"IRF1","SIDM00567",-0.00173287315051506
"IRF1","SIDM00568",1.40740377995776
"IRF1","SIDM00570",0.256262530076106
"IRF1","SIDM00571",1.38749132972134
"IRF1","SIDM00572",1.51990227147407
"IRF1","SIDM00575",0.362092765616837
"IRF1","SIDM00578",-2.1566413929569
"IRF1","SIDM00580",2.51664856062754
"IRF1","SIDM00581",0.0167178930074342
"IRF1","SIDM00582",-0.278259893567209
"IRF1","SIDM00585",-1.0651173117402
"IRF1","SIDM00586",-0.535677474327851
"IRF1","SIDM00587",1.34238734327084
"IRF1","SIDM00588",1.67266246066461
"IRF1","SIDM00589",1.30548678140519
"IRF1","SIDM00590",0.96247275288165
"IRF1","SIDM00593",-0.947091508261507
"IRF1","SIDM00594",0.0901389549137674
"IRF1","SIDM00595",-1.16206543272753
"IRF1","SIDM00598",-1.1098844117069
"IRF1","SIDM00602",-0.292733858697852
"IRF1","SIDM00605",0.590533893374248
"IRF1","SIDM00607",0.858204037174899
"IRF1","SIDM00608",-0.43281461027336
"IRF1","SIDM00609",1.40118501732881
"IRF1","SIDM00610",-0.00894085151834468
"IRF1","SIDM00611",3.65900063143477
"IRF1","SIDM00613",0.949576439172276
"IRF1","SIDM00614",-0.936790467585081
"IRF1","SIDM00615",0.211788004988442
"IRF1","SIDM00616",0.0557026771513575
"IRF1","SIDM00617",1.18044494654692
"IRF1","SIDM00618",-0.813200940056366
"IRF1","SIDM00625",-0.547804665638317
"IRF1","SIDM00628",0.793963717350228
"IRF1","SIDM00629",1.08699878006157
"IRF1","SIDM00630",0.369067911762422
"IRF1","SIDM00633",-1.00313771052928
"IRF1","SIDM00634",-2.09697244627034
"IRF1","SIDM00637",1.94953246125775
"IRF1","SIDM00639",-0.321666267208296
"IRF1","SIDM00640",1.45151778711683
"IRF1","SIDM00641",1.01906217091574
"IRF1","SIDM00644",-0.598806928624159
"IRF1","SIDM00645",-1.28189665308248
"IRF1","SIDM00646",-1.37323306626581
"IRF1","SIDM00649",-2.00992752476606
"IRF1","SIDM00651",-1.70580866308099
"IRF1","SIDM00652",-2.32688205681174
"IRF1","SIDM00653",-2.71607663845989
"IRF1","SIDM00654",-1.64464025804898
"IRF1","SIDM00657",0.186476556050244
"IRF1","SIDM00658",-1.66847426134625
"IRF1","SIDM00660",-0.303482562319756
"IRF1","SIDM00661",0.817709506059185
"IRF1","SIDM00662",0.00705594967634213
"IRF1","SIDM00663",0.550049167661677
"IRF1","SIDM00664",1.65194899634062
"IRF1","SIDM00665",-0.265587490460764
"IRF1","SIDM00666",1.99666735740231
"IRF1","SIDM00669",2.4787223679293
"IRF1","SIDM00670",1.94410570746659
"IRF1","SIDM00671",0.877817108907474
"IRF1","SIDM00672",-0.991453079294034
"IRF1","SIDM00673",1.47877918876382
"IRF1","SIDM00675",-1.09846291725086
"IRF1","SIDM00676",0.170515973706822
"IRF1","SIDM00678",1.11000413439737
"IRF1","SIDM00681",-0.0727618883110748
"IRF1","SIDM00683",-1.42785532075375
"IRF1","SIDM00684",-0.770306111303728
"IRF1","SIDM00685",0.438859444133186
"IRF1","SIDM00686",-0.632724751271053
"IRF1","SIDM00687",0.00514410318970448
"IRF1","SIDM00689",-1.3167516007929
"IRF1","SIDM00693",0.0492620880168437
"IRF1","SIDM00694",-1.58236652430959
"IRF1","SIDM00695",0.773135725994389
"IRF1","SIDM00697",-1.90764895970178
"IRF1","SIDM00698",-1.24819804029164
"IRF1","SIDM00702",0.208120485514588
"IRF1","SIDM00703",-0.560787678597745
"IRF1","SIDM00704",-1.81523365945382
"IRF1","SIDM00706",-2.41214763436381
"IRF1","SIDM00708",-0.691739817163701
"IRF1","SIDM00709",1.74553673245835
"IRF1","SIDM00710",-2.50998521564722
"IRF1","SIDM00711",-1.42397338810546
"IRF1","SIDM00713",0.120765532282777
"IRF1","SIDM00715",-0.196231197060416
"IRF1","SIDM00716",-0.960424440004915
"IRF1","SIDM00718",-2.16765606761111
"IRF1","SIDM00720",-0.857159358348254
"IRF1","SIDM00722",2.95875999815214
"IRF1","SIDM00723",2.17972956469274
"IRF1","SIDM00724",1.11385799140032
"IRF1","SIDM00726",-0.386653257274067
"IRF1","SIDM00727",0.443616034009815
"IRF1","SIDM00728",0.259521064791559
"IRF1","SIDM00729",3.56924919817197
"IRF1","SIDM00730",-1.92395932882252
"IRF1","SIDM00731",-1.54575138306179
"IRF1","SIDM00733",-1.33703784502031
"IRF1","SIDM00734",-1.02990578451904
"IRF1","SIDM00735",3.60931553102954
"IRF1","SIDM00738",-1.07704077365277
"IRF1","SIDM00739",-0.242286360597815
"IRF1","SIDM00740",-0.738199120342941
"IRF1","SIDM00741",-2.28773639251318
"IRF1","SIDM00742",-1.60699323004847
"IRF1","SIDM00743",0.387359616050778
"IRF1","SIDM00744",0.0851759730977627
"IRF1","SIDM00745",-0.253288495174243
"IRF1","SIDM00746",2.02293446481966
"IRF1","SIDM00747",-0.765359671161383
"IRF1","SIDM00748",-1.65587568168136
"IRF1","SIDM00749",-1.77299782997821
"IRF1","SIDM00750",-1.30302254225963
"IRF1","SIDM00751",-0.243345338100564
"IRF1","SIDM00753",-0.847866625765811
"IRF1","SIDM00754",-0.333490826665685
"IRF1","SIDM00755",-1.17367545784213
"IRF1","SIDM00756",-0.271438990105894
"IRF1","SIDM00757",-0.314619514648337
"IRF1","SIDM00759",0.0378214905587919
"IRF1","SIDM00760",-2.41391864492536
"IRF1","SIDM00761",-0.741635423251327
"IRF1","SIDM00762",-0.895004981224728
"IRF1","SIDM00763",-1.8798781862604
"IRF1","SIDM00766",-2.03618723769856
"IRF1","SIDM00768",1.78737908861766
"IRF1","SIDM00769",-1.04324798694491
"IRF1","SIDM00771",0.0918222787915364
"IRF1","SIDM00772",-1.55751467025919
"IRF1","SIDM00774",-1.75158962664897
"IRF1","SIDM00775",-0.371167763543011
"IRF1","SIDM00776",3.58362040229127
"IRF1","SIDM00777",0.0597757168956246
"IRF1","SIDM00778",1.25439609463116
"IRF1","SIDM00779",-0.551526856778715
"IRF1","SIDM00780",-0.258049095376659
"IRF1","SIDM00782",0.873640316948534
"IRF1","SIDM00784",2.67064981987303
"IRF1","SIDM00785",0.147416831757438
"IRF1","SIDM00791",-1.25438325381378
"IRF1","SIDM00795",-1.23112315470332
"IRF1","SIDM00796",-0.578715149390028
"IRF1","SIDM00797",-0.857306725109791
"IRF1","SIDM00798",1.10883976217318
"IRF1","SIDM00799",0.465681793698742
"IRF1","SIDM00800",1.92885289935295
"IRF1","SIDM00801",0.35712383339377
"IRF1","SIDM00803",3.09035177295959
"IRF1","SIDM00806",-2.27049614071233
"IRF1","SIDM00812",1.37563018845113
"IRF1","SIDM00823",1.12984869593235
"IRF1","SIDM00828",2.12695033583223
"IRF1","SIDM00829",0.385843370467767
"IRF1","SIDM00831",1.56763138545246
"IRF1","SIDM00839",-0.102087897696843
"IRF1","SIDM00840",-0.515404843408379
"IRF1","SIDM00844",1.68784731129534
"IRF1","SIDM00845",1.22745215915575
"IRF1","SIDM00847",-0.794849388200902
"IRF1","SIDM00848",-2.04521128983251
"IRF1","SIDM00849",-0.407732612384011
"IRF1","SIDM00850",0.0799474014134037
"IRF1","SIDM00851",2.53035416087971
"IRF1","SIDM00852",3.29132842534074
"IRF1","SIDM00853",1.55832073324765
"IRF1","SIDM00854",0.472685010938808
"IRF1","SIDM00855",-0.390762427558211
"IRF1","SIDM00856",-1.64745506249716
"IRF1","SIDM00857",-1.43547212886817
"IRF1","SIDM00858",-1.37062664784149
"IRF1","SIDM00860",-1.12329486530984
"IRF1","SIDM00861",0.638844879900983
"IRF1","SIDM00862",4.21871394257303
"IRF1","SIDM00865",-1.55979568428612
"IRF1","SIDM00866",-0.126954639129343
"IRF1","SIDM00867",1.35290393517681
"IRF1","SIDM00870",-1.5584424465757
"IRF1","SIDM00872",1.4739563684772
"IRF1","SIDM00874",0.481926924729901
"IRF1","SIDM00877",-1.26411911625277
"IRF1","SIDM00878",-0.240724414626208
"IRF1","SIDM00879",-1.46465530261503
"IRF1","SIDM00881",-2.05416121364672
"IRF1","SIDM00882",-1.26161983260545
"IRF1","SIDM00884",-0.361470467005756
"IRF1","SIDM00886",-0.712690080451131
"IRF1","SIDM00887",-0.775223930163785
"IRF1","SIDM00888",-0.698337393740606
"IRF1","SIDM00890",0.456729452103344
"IRF1","SIDM00892",-1.0009064049827
"IRF1","SIDM00893",-0.830025476661669
"IRF1","SIDM00894",-1.79709976887767
"IRF1","SIDM00897",-0.436806501589467
"IRF1","SIDM00898",-0.723871591680153
"IRF1","SIDM00899",1.71890402196175
"IRF1","SIDM00901",-1.64080982811388
"IRF1","SIDM00903",-0.322283408838448
"IRF1","SIDM00904",-0.112745442737516
"IRF1","SIDM00907",-0.296201777744516
"IRF1","SIDM00909",1.19035679165156
"IRF1","SIDM00910",-1.44692251470035
"IRF1","SIDM00914",-1.15635424555738
"IRF1","SIDM00918",-1.4823956199846
"IRF1","SIDM00919",0.608740187111241
"IRF1","SIDM00920",-1.35872540292237
"IRF1","SIDM00921",-0.925653527479117
"IRF1","SIDM00922",1.52048064537452
"IRF1","SIDM00924",-0.672681926520096
"IRF1","SIDM00925",-1.1070403236958
"IRF1","SIDM00926",-1.50091056598027
"IRF1","SIDM00928",1.87578694098629
"IRF1","SIDM00931",-1.91036223351738
"IRF1","SIDM00932",2.25495509743482
"IRF1","SIDM00933",-1.52538339115383
"IRF1","SIDM00934",1.34022489803957
"IRF1","SIDM00936",0.603871991719563
"IRF1","SIDM00937",6.34048968096372
"IRF1","SIDM00938",-1.8397212931976
"IRF1","SIDM00939",1.44191308437332
"IRF1","SIDM00940",-0.302936638217264
"IRF1","SIDM00941",1.89226020409616
"IRF1","SIDM00942",3.34592974430455
"IRF1","SIDM00943",1.74901900631994
"IRF1","SIDM00944",0.268124369711582
"IRF1","SIDM00945",-0.0192247025067228
"IRF1","SIDM00947",0.793637721665542
"IRF1","SIDM00949",2.13459202429053
"IRF1","SIDM00950",-1.18354059393761
"IRF1","SIDM00955",0.16619456762355
"IRF1","SIDM00956",0.00415488353140576
"IRF1","SIDM00957",-0.600551844481261
"IRF1","SIDM00959",-0.868537450640382
"IRF1","SIDM00961",-0.565930788333539
"IRF1","SIDM00963",-1.45450197959088
"IRF1","SIDM00965",-1.44619545237702
"IRF1","SIDM00979",0.755818962246189
"IRF1","SIDM00980",-0.0806259652946864
"IRF1","SIDM00981",0.790449363926817
"IRF1","SIDM00982",-0.889360115491575
"IRF1","SIDM00983",2.60600070787552
"IRF1","SIDM00985",0.798509295819266
"IRF1","SIDM00986",2.11305896524235
"IRF1","SIDM00987",3.32839942993537
"IRF1","SIDM00988",1.90500549975484
"IRF1","SIDM00989",2.33685388805523
"IRF1","SIDM00990",-1.15103633006149
"IRF1","SIDM00991",-0.55251069632006
"IRF1","SIDM00992",1.04045125954231
"IRF1","SIDM00993",0.660162202728695
"IRF1","SIDM00994",1.0437985276025
"IRF1","SIDM00996",0.219005425884163
"IRF1","SIDM00997",0.908392009621893
"IRF1","SIDM00998",2.09389854054755
"IRF1","SIDM00999",-0.758237644649107
"IRF1","SIDM01000",-0.0606924648307095
"IRF1","SIDM01001",-0.463750671447751
"IRF1","SIDM01002",-1.05638378746625
"IRF1","SIDM01003",0.319295409513199
"IRF1","SIDM01004",1.14519528582649
"IRF1","SIDM01005",-0.483216432004775
"IRF1","SIDM01008",3.70568146075033
"IRF1","SIDM01009",-0.929669510241646
"IRF1","SIDM01010",3.49139279215817
"IRF1","SIDM01012",4.50052671856905
"IRF1","SIDM01013",2.47270899661098
"IRF1","SIDM01015",-0.649349465114796
"IRF1","SIDM01016",-0.870888080147583
"IRF1","SIDM01018",1.04555352572842
"IRF1","SIDM01020",-0.45413991408297
"IRF1","SIDM01022",3.24948065095111
"IRF1","SIDM01023",2.00778756122096
"IRF1","SIDM01024",-1.05554287668733
"IRF1","SIDM01025",-0.0843684035143443
"IRF1","SIDM01026",0.0731658373110891
"IRF1","SIDM01027",0.0124484245540502
"IRF1","SIDM01028",-0.391044381345249
"IRF1","SIDM01029",0.00348743962757513
"IRF1","SIDM01030",-2.33553520071971
"IRF1","SIDM01031",0.0234447423661924
"IRF1","SIDM01032",-0.725450003077558
"IRF1","SIDM01033",-0.954037209270756
"IRF1","SIDM01034",3.3565539624803
"IRF1","SIDM01036",1.78526288307725
"IRF1","SIDM01037",1.1499498410268
"IRF1","SIDM01038",0.359954045511526
"IRF1","SIDM01040",-0.795712686925078
"IRF1","SIDM01043",3.58158451332506
"IRF1","SIDM01044",1.12377945412814
"IRF1","SIDM01045",-1.58857677004629
"IRF1","SIDM01048",0.549969117028183
"IRF1","SIDM01049",6.1993752546213
"IRF1","SIDM01051",-0.317854239363744
"IRF1","SIDM01052",-0.417936162473725
"IRF1","SIDM01055",0.703151544239588
"IRF1","SIDM01056",-1.3283655209259
"IRF1","SIDM01057",-0.18285796841145
"IRF1","SIDM01058",3.21956444361179
"IRF1","SIDM01059",1.14642792369225
"IRF1","SIDM01060",-0.684523242480376
"IRF1","SIDM01062",2.4131018670063
"IRF1","SIDM01063",-0.441215844962954
"IRF1","SIDM01066",-0.300045329818441
"IRF1","SIDM01067",-0.393109414409048
"IRF1","SIDM01068",2.71316652042591
"IRF1","SIDM01069",1.16548508111489
"IRF1","SIDM01070",3.39595235030481
"IRF1","SIDM01071",-2.20450653995191
"IRF1","SIDM01072",-0.711242125664265
"IRF1","SIDM01074",3.5869322720072
"IRF1","SIDM01077",-1.00122184094487
"IRF1","SIDM01078",-1.90454282109294
"IRF1","SIDM01079",0.46661313929102
"IRF1","SIDM01080",-0.937437281529803
"IRF1","SIDM01081",0.199847141932974
"IRF1","SIDM01082",3.79474902526279
"IRF1","SIDM01083",2.77749495652258
"IRF1","SIDM01084",-1.58494822344535
"IRF1","SIDM01085",-1.20534897012226
"IRF1","SIDM01086",1.23724424207185
"IRF1","SIDM01087",1.7093155069461
"IRF1","SIDM01088",-0.195202499203262
"IRF1","SIDM01089",-0.0238952282537661
"IRF1","SIDM01096",0.0679378526541123
"IRF1","SIDM01099",-1.94215788578312
"IRF1","SIDM01100",-2.15416910029729
"IRF1","SIDM01101",-1.40514142644042
"IRF1","SIDM01103",0.854270160316565
"IRF1","SIDM01104",0.191012252396782
"IRF1","SIDM01105",0.41669711962387
"IRF1","SIDM01106",1.60137695870172
"IRF1","SIDM01107",-0.907786435917358
"IRF1","SIDM01108",-0.239838449759382
"IRF1","SIDM01109",-0.365632761858178
"IRF1","SIDM01110",1.42257213391654
"IRF1","SIDM01111",-2.69317701664228
"IRF1","SIDM01112",-0.377401522343501
"IRF1","SIDM01113",-1.66632171966218
"IRF1","SIDM01116",-1.95768190175509
"IRF1","SIDM01119",-1.66615035063311
"IRF1","SIDM01121",-2.13981053975987
"IRF1","SIDM01123",-1.47457200005181
"IRF1","SIDM01124",2.38176919274452
"IRF1","SIDM01125",0.61142873905739
"IRF1","SIDM01127",8.54509939268832
"IRF1","SIDM01128",-2.03512323723428
"IRF1","SIDM01129",-1.64269917616324
"IRF1","SIDM01130",-0.93789976460669
"IRF1","SIDM01131",-1.3014778589542
"IRF1","SIDM01134",-2.47659445918012
"IRF1","SIDM01135",0.991094460807
"IRF1","SIDM01136",2.87527532835224
"IRF1","SIDM01137",1.23368796347326
"IRF1","SIDM01138",4.42160346893777
"IRF1","SIDM01139",0.0230594852879444
"IRF1","SIDM01141",-0.229395794066733
"IRF1","SIDM01144",2.65384213966062
"IRF1","SIDM01147",-1.31386497645089
"IRF1","SIDM01148",-0.22979038555826
"IRF1","SIDM01150",-1.66823796784694
"IRF1","SIDM01151",-1.24567606335558
"IRF1","SIDM01154",-0.404781285688998
"IRF1","SIDM01156",-1.74096594374715
"IRF1","SIDM01158",0.800861193491343
"IRF1","SIDM01164",0.500250944063825
"IRF1","SIDM01165",0.796447558039542
"IRF1","SIDM01167",-1.15111909422471
"IRF1","SIDM01169",0.282453112132236
"IRF1","SIDM01170",-0.386342449528584
"IRF1","SIDM01171",2.99167688806199
"IRF1","SIDM01172",0.248133372962591
"IRF1","SIDM01176",0.746723237644703
"IRF1","SIDM01180",0.773938282322452
"IRF1","SIDM01181",-2.37978696360797
"IRF1","SIDM01182",-1.27437425418978
"IRF1","SIDM01184",-0.543254213138347
"IRF1","SIDM01186",-1.61294288687468
"IRF1","SIDM01188",1.15036944763205
"IRF1","SIDM01189",0.334183816641593
"IRF1","SIDM01190",2.73883742004985
"IRF1","SIDM01191",-1.36946552349422
"IRF1","SIDM01193",-1.19430021023353
"IRF1","SIDM01194",-0.585442830935395
"IRF1","SIDM01195",0.219082551098952
"IRF1","SIDM01196",3.78000159889128
"IRF1","SIDM01199",0.131453197739898
"IRF1","SIDM01215",0.939398280741296
"IRF1","SIDM01222",-0.828779438860071
"IRF1","SIDM01241",-1.61133331004297
"IRF1","SIDM01254",1.02171454380299
"IRF1","SIDM01265",0.37352680032908
"IRF1","SIDM01316",-2.25411916997171
"IRF1","SIDM01318",0.181369902132014
"IRF1","SIDM01320",-0.0832602625767292
"IRF1","SIDM01321",-0.588773703979637
"IRF1","SIDM01322",2.69512515550834
"IRF1","SIDM01323",4.39760024089378
"IRF1","SIDM01324",2.38191481095867
"IRF1","SIDM01325",0.664817305656675
"IRF1","SIDM01331",0.932550506210878
"IRF1","SIDM01332",2.06371141338258
"IRF1","SIDM01335",5.43240425741857
"IRF1","SIDM01336",-0.363710084894425
"IRF1","SIDM01343",-0.133683037359292
"IRF1","SIDM01347",-0.392109924927234
"IRF1","SIDM01363",-1.30539642312403
"IRF1","SIDM01368",3.11901137187666
"IRF1","SIDM01372",2.89111473811856
"IRF1","SIDM01377",-1.73339878672855
"IRF1","SIDM01378",0.302248478090223
"IRF1","SIDM01387",0.274090203269951
"IRF1","SIDM01391",-2.01636320862827
"IRF1","SIDM01393",0.164665465097689
"IRF1","SIDM01394",0.999224331537605
"IRF1","SIDM01397",-0.0293301089177278
"IRF1","SIDM01398",-1.0502767612054
"IRF1","SIDM01409",1.90549627900336
"IRF1","SIDM01411",0.42864317541742
"IRF1","SIDM01412",0.887999762710174
"IRF1","SIDM01413",1.54040956100486
"IRF1","SIDM01432",3.33012540098811
"IRF1","SIDM01433",0.485517740762426
"IRF1","SIDM01434",-0.231595926058075
"IRF1","SIDM01435",1.23081879387953
"IRF1","SIDM01436",-0.064467677040867
"IRF1","SIDM01437",1.95152767887115
"IRF1","SIDM01439",0.686967656861271
"IRF1","SIDM01442",-0.475085005700068
"IRF1","SIDM01443",-1.08373546990883
"IRF1","SIDM01444",1.12963938503045
"IRF1","SIDM01445",2.31059750276203
"IRF1","SIDM01446",0.971987459667711
"IRF1","SIDM01447",0.0603037356388951
"IRF1","SIDM01449",3.06947316757178
"IRF1","SIDM01450",0.260503737463065
"IRF1","SIDM01451",0.438646299051859
"IRF1","SIDM01454",6.28511203217906
"IRF1","SIDM01460",0.181747894214016
"IRF1","SIDM01463",-0.60812535782224
"IRF1","SIDM01464",1.66689271905749
"IRF1","SIDM01469",-0.299337985328226
"IRF1","SIDM01470",-1.55810700657378
"IRF1","SIDM01471",-0.362395097931433
"IRF1","SIDM01472",0.235196275475605
"IRF1","SIDM01473",0.23561150739881
"IRF1","SIDM01474",0.840721778427095
"IRF1","SIDM01476",-0.443145793110682
"IRF1","SIDM01479",1.58198796338506
"IRF1","SIDM01480",-0.372852098090842
"IRF1","SIDM01482",-1.79822507607218
"IRF1","SIDM01490",-1.66706112994714
"IRF1","SIDM01491",1.03198665316068
"IRF1","SIDM01492",-0.82001861150425
"IRF1","SIDM01494",0.569777567922517
"IRF1","SIDM01498",0.772365518881119
"IRF1","SIDM01502",2.37147064807569
"IRF1","SIDM01503",-2.20628615403576
"IRF1","SIDM01504",-2.12300681350863
"IRF1","SIDM01510",0.960232369209657
"IRF1","SIDM01511",-1.47057519926586
"IRF1","SIDM01512",0.810755719257612
"IRF1","SIDM01517",1.54912692625447
"IRF1","SIDM01518",2.24179955851466
"IRF1","SIDM01519",-0.873678709228086
"IRF1","SIDM01520",1.19116684913718
"IRF1","SIDM01522",4.80277980215142
"IRF1","SIDM01523",-0.394643428055009
"IRF1","SIDM01525",1.73997345698058
"IRF1","SIDM01526",0.283409118763431
"IRF1","SIDM01528",1.88380109756593
"IRF1","SIDM01529",2.30380874650618
"IRF1","SIDM01530",0.426503226007198
"IRF1","SIDM01531",3.47538588020295
"IRF1","SIDM01545",-0.103744854092804
"IRF1","SIDM01546",0.752825024227287
"IRF1","SIDM01551",1.28438037160854
"IRF1","SIDM01553",-0.409964566306174
"IRF1","SIDM01554",1.62264938046479
"IRF1","SIDM01556",5.35672629655701
"IRF1","SIDM01559",0.607268551922077
"IRF1","SIDM01560",-0.643142606026454
"IRF1","SIDM01561",-0.845540592052604
"IRF1","SIDM01563",-0.260921543942828
"IRF1","SIDM01564",2.49924070108338
"IRF1","SIDM01565",0.200361360271467
"IRF1","SIDM01566",0.263622734158328
"IRF1","SIDM01567",5.47651988584755
"IRF1","SIDM01569",-0.732281652621258
"IRF1","SIDM01570",3.01663093339593
"IRF1","SIDM01571",0.351964026643308
"IRF1","SIDM01572",-3.97851550556245
"IRF1","SIDM01573",0.200067813823233
"IRF1","SIDM01574",-0.147281992083693
"IRF1","SIDM01575",0.478227608880568
"IRF1","SIDM01577",-1.15373763343851
"IRF1","SIDM01578",0.734561200899232
"IRF1","SIDM01580",0.116242087643374
"IRF1","SIDM01581",1.76494878249764
"IRF1","SIDM01582",0.308266632927852
"IRF1","SIDM01587",0.0893610627953768
"IRF1","SIDM01588",0.954074265769606
"IRF1","SIDM01589",2.26294013540792
"IRF1","SIDM01590",-0.486661146674005
"IRF1","SIDM01591",0.823443332214138
"IRF1","SIDM01593",-1.39915912619837
"IRF1","SIDM01594",-0.55482545345651
"IRF1","SIDM01596",1.20711925200313
"IRF1","SIDM01598",0.250082345273218
"IRF1","SIDM01602",2.0786004382951
"IRF1","SIDM01603",3.7675042582422
"IRF1","SIDM01604",-0.877832835473784
"IRF1","SIDM01605",4.03667841056219
"IRF1","SIDM01606",0.650445728250372
"IRF1","SIDM01607",-0.382515443394822
"IRF1","SIDM01608",-1.35911105466095
"IRF1","SIDM01609",-0.723736136138577
"IRF1","SIDM01611",-1.64206202297152
"IRF1","SIDM01612",-1.14224937146146
"IRF1","SIDM01613",0.851992433929046
"IRF1","SIDM01614",-1.73768768473652
"IRF1","SIDM01615",-0.823299736348435
"IRF1","SIDM01616",0.532777829443201
"IRF1","SIDM01617",-1.69520080453653
"IRF1","SIDM01618",0.27635426702097
"IRF1","SIDM01619",-0.617771377297704
"IRF1","SIDM01622",-0.7933635314236
"IRF1","SIDM01624",1.87966037976332
"IRF1","SIDM01628",-1.3620874521876
"IRF1","SIDM01629",0.226915967378327
"IRF1","SIDM01635",0.449254311564196
"IRF1","SIDM01640",-0.436788612279034
"IRF1","SIDM01657",-0.42731404274697
"IRF1","SIDM01658",-0.19325036904178
"IRF1","SIDM01659",4.9320831166357
"IRF1","SIDM01660",3.3740433951298
"IRF1","SIDM01662",0.117222940910081
"IRF1","SIDM01664",-0.881330400023629
"IRF1","SIDM01667",0.878571889939354
"IRF1","SIDM01668",-2.38860266973807
"IRF1","SIDM01672",-1.79175666861291
"IRF1","SIDM01675",-0.223323880300871
"IRF1","SIDM01676",-1.51104958206405
"IRF1","SIDM01679",-2.11856769215495
"IRF1","SIDM01682",-0.249983020821728
"IRF1","SIDM01685",0.596887376344474
"IRF1","SIDM01686",1.67930893111779
"IRF1","SIDM01689",1.89033258467104
"IRF1","SIDM01690",-0.0489577492172785
"IRF1","SIDM01691",0.856884383326034
"IRF1","SIDM01692",2.86278296784279
"IRF1","SIDM01693",0.0765146553456834
"IRF1","SIDM01694",0.752310345386095
"IRF1","SIDM01695",0.201420952178978
"IRF1","SIDM01696",4.07736200351555
"IRF1","SIDM01697",-0.146898486826582
"IRF1","SIDM01698",0.643915099001383
"IRF1","SIDM01699",-0.515262120382844
"IRF1","SIDM01701",1.50007361958501
"IRF1","SIDM01702",-0.162030761746533
"IRF1","SIDM01703",0.411906073718122
"IRF1","SIDM01704",-1.20353499706384
"IRF1","SIDM01705",0.462637426433419
"IRF1","SIDM01709",0.0431056876525382
"IRF1","SIDM01710",1.22520734743596
"IRF1","SIDM01724",-0.0586383493307698
"IRF1","SIDM01725",0.667320539178143
"IRF1","SIDM01726",-0.155067515989924
"IRF1","SIDM01727",-0.112416983089138
"IRF1","SIDM01728",1.62694705361675
"IRF1","SIDM01729",-0.573430033814242
"IRF1","SIDM01730",0.3468801601363
"IRF1","SIDM01734",8.7013899227067
"IRF1","SIDM01739",-1.89416113568017
"IRF1","SIDM01741",-0.165233913744561
"IRF1","SIDM01743",-0.375955559851374
"IRF1","SIDM01746",0.444923165545641
"IRF1","SIDM01749",-0.958806692993504
"IRF1","SIDM01750",0.277250103767517
"IRF1","SIDM01752",-1.36477844134764
"IRF1","SIDM01753",2.58572747107558
"IRF1","SIDM01756",0.0601128567539717
"IRF1","SIDM01757",2.45857760059569
"IRF1","SIDM01758",-1.10805847848385
"IRF1","SIDM01759",0.671114112817528
"IRF1","SIDM01760",-1.31542467769945
"IRF1","SIDM01761",-0.542244537333285
"IRF1","SIDM01762",0.104343513342331
"IRF1","SIDM01763",0.368003468379586
"IRF1","SIDM01764",1.71502726769306
"IRF1","SIDM01765",0.30595442527325
"IRF1","SIDM01766",-0.632609049190746
"IRF1","SIDM01767",0.321484792919854
"IRF1","SIDM01768",2.02604322237059
"IRF1","SIDM01770",-1.56961195330748
"IRF1","SIDM01771",-1.07939084677744
"IRF1","SIDM01772",0.69936389702811
"IRF1","SIDM01773",3.33650331840157
"IRF1","SIDM01774",0.135178376938184
"IRF1","SIDM01775",2.47748904003902
"IRF1","SIDM01777",2.56234732240277
"IRF1","SIDM01779",2.73362111532353
"IRF1","SIDM01780",3.9372306185573
"IRF1","SIDM01781",1.87282480086292
"IRF1","SIDM01782",1.05695465343047
"IRF1","SIDM01820",1.93942002268807
"IRF1","SIDM01858",1.10778988642184
"IRF1","SIDM01859",0.436930080687184
"IRF1","SIDM01873",1.47768788032645
"MYC","SIDM00001",-0.172899898803658
"MYC","SIDM00005",-6.12389856857064
"MYC","SIDM00008",-6.53476410159194
"MYC","SIDM00011",-6.79744336796939
"MYC","SIDM00015",-7.47347814467636
"MYC","SIDM00016",-6.38794134896719
"MYC","SIDM00017",1.30422590466665
"MYC","SIDM00029",-4.92870243463496
"MYC","SIDM00032",-5.92186975086598
"MYC","SIDM00036",-4.09159976262603
"MYC","SIDM00046",-3.50867153332006
"MYC","SIDM00062",-3.92094771502775
"MYC","SIDM00063",-1.15452422977829
"MYC","SIDM00065",-4.24197862581128
"MYC","SIDM00071",-3.9411177001865
"MYC","SIDM00074",-0.721941983884537
"MYC","SIDM00078",-9.34035877018934
"MYC","SIDM00079",-8.35570636698721
"MYC","SIDM00080",-4.19241059544585
"MYC","SIDM00081",-7.61767056872354
"MYC","SIDM00083",-2.97614320368963
"MYC","SIDM00084",-3.29682280490883
"MYC","SIDM00085",0.364403662669869
"MYC","SIDM00087",-2.88967436943563
"MYC","SIDM00088",-8.84996868511073
"MYC","SIDM00090",0.699762940093058
"MYC","SIDM00092",-6.27642120762449
"MYC","SIDM00093",-3.49090064211464
"MYC","SIDM00095",-7.20470195457085
"MYC","SIDM00097",-5.86207979612645
"MYC","SIDM00105",-9.50645219058994
"MYC","SIDM00107",-4.76076735168863
"MYC","SIDM00108",-5.87952463457452
"MYC","SIDM00116",-4.39555444573225
"MYC","SIDM00117",-5.22364393281519
"MYC","SIDM00119",-0.671894464916332
"MYC","SIDM00122",1.06906586200135
"MYC","SIDM00123",-8.36743574895859
"MYC","SIDM00124",-6.92901170827222
"MYC","SIDM00125",-3.92458577817462
"MYC","SIDM00130",-9.59387907155706
"MYC","SIDM00131",-6.41720524466355
"MYC","SIDM00132",-3.47924376382016
"MYC","SIDM00133",4.8909404284613
"MYC","SIDM00134",-4.96691482957475
"MYC","SIDM00135",-9.29734555368802
"MYC","SIDM00138",-1.29275233135326
"MYC","SIDM00139",-4.47784869530239
"MYC","SIDM00140",-5.70530657637094
"MYC","SIDM00142",-4.86330105939161
"MYC","SIDM00143",-5.12283259364679
"MYC","SIDM00144",4.78367110161053
"MYC","SIDM00146",-6.93309088488056
"MYC","SIDM00147",-5.2805741950338
"MYC","SIDM00148",-3.665091477076
"MYC","SIDM00149",-0.766957873518897
"MYC","SIDM00150",-5.89190176491809
"MYC","SIDM00151",-8.54363590608761
"MYC","SIDM00153",-1.09427357036615
"MYC","SIDM00158",-9.71236497649264
"MYC","SIDM00159",-3.11719060800175
"MYC","SIDM00160",-2.00178577523074
"MYC","SIDM00161",-6.38624397683892
"MYC","SIDM00162",-2.50444847068691
"MYC","SIDM00163",0.588800092416102
"MYC","SIDM00164",-8.31109703171548
"MYC","SIDM00165",-3.13359888624504
"MYC","SIDM00166",-6.0823185621058
"MYC","SIDM00167",-3.44877073962667
"MYC","SIDM00168",-8.51970080786223
"MYC","SIDM00169",-7.71898065470034
"MYC","SIDM00170",-5.43929643266754
"MYC","SIDM00171",-5.88562376140666
"MYC","SIDM00173",-3.52636558281775
"MYC","SIDM00192",-4.77205317750736
"MYC","SIDM00194",-0.825425711052257
"MYC","SIDM00210",-0.327242325972016
"MYC","SIDM00212",-10.8503493342629
"MYC","SIDM00213",-9.22075813394192
"MYC","SIDM00217",0.0804029625787199
"MYC","SIDM00220",-6.95961610754159
"MYC","SIDM00222",-0.878481424129543
"MYC","SIDM00226",-1.30935870613593
"MYC","SIDM00228",-8.47241119549943
"MYC","SIDM00235",-5.29952437808928
"MYC","SIDM00237",-4.29361918951172
"MYC","SIDM00238",1.45259937491487
"MYC","SIDM00239",-7.38381299973495
"MYC","SIDM00247",-2.62345390473733
"MYC","SIDM00248",-5.42709527735655
"MYC","SIDM00249",-5.98235253031773
"MYC","SIDM00250",-8.4586543302959
"MYC","SIDM00271",-3.84202125868964
"MYC","SIDM00272",-5.45061533776321
"MYC","SIDM00273",-9.0491058362235
"MYC","SIDM00278",-10.5128193139534
"MYC","SIDM00279",-4.67963652826127
"MYC","SIDM00280",-6.97573339985832
"MYC","SIDM00282",-3.66559330830566
"MYC","SIDM00284",-7.42004305331312
"MYC","SIDM00286",-6.75930456933679
"MYC","SIDM00290",0.599082041658888
"MYC","SIDM00298",-5.08946926548582
"MYC","SIDM00301",-4.48607494585506
"MYC","SIDM00303",-7.92617324300948
"MYC","SIDM00305",-5.50062653855087
"MYC","SIDM00306",-3.02542564849102
"MYC","SIDM00307",-4.37995398454769
"MYC","SIDM00312",-5.50147095243054
"MYC","SIDM00313",-2.30650044018607
"MYC","SIDM00314",-7.88273751298034
"MYC","SIDM00315",-7.34328115902649
"MYC","SIDM00318",-12.1511303193393
"MYC","SIDM00321",2.6570036696149
"MYC","SIDM00322",-6.8798540939823
"MYC","SIDM00325",-5.70285151601623
"MYC","SIDM00327",-2.11318805522979
"MYC","SIDM00329",-5.56335665754116
"MYC","SIDM00331",0.262862014658735
"MYC","SIDM00333",-10.0031803246413
"MYC","SIDM00334",-1.03035206006239
"MYC","SIDM00335",-4.11765523227266
"MYC","SIDM00336",-1.84365410040465
"MYC","SIDM00337",-4.3702288261306
"MYC","SIDM00338",-1.53398605749884
"MYC","SIDM00339",-7.7824908082971
"MYC","SIDM00340",-5.05851718113498
"MYC","SIDM00341",-7.13808870881357
"MYC","SIDM00342",-4.99741245669069
"MYC","SIDM00344",-4.40140627784169
"MYC","SIDM00345",-9.37286900716324
"MYC","SIDM00347",-7.80352012229534
"MYC","SIDM00348",-1.63789165610266
"MYC","SIDM00352",-3.86474948867474
"MYC","SIDM00353",-2.21586760733186
"MYC","SIDM00354",-7.53974602596036
"MYC","SIDM00355",-7.59771054138385
"MYC","SIDM00356",-5.39873006220945
"MYC","SIDM00358",-6.20318266916274
"MYC","SIDM00359",-6.9245989944798
"MYC","SIDM00360",-3.56233952045476
"MYC","SIDM00363",-3.33522030165375
"MYC","SIDM00368",-4.2864258657987
"MYC","SIDM00369",-3.36496728481472
"MYC","SIDM00370",-4.23530120331213
"MYC","SIDM00373",-8.78084697679213
"MYC","SIDM00376",-4.50710365935754
"MYC","SIDM00380",0.797558789879105
"MYC","SIDM00382",-6.84965137841581
"MYC","SIDM00386",-1.26724100909119
"MYC","SIDM00387",-4.23569823772879
"MYC","SIDM00390",-2.38198978896577
"MYC","SIDM00391",-1.98463761087014
"MYC","SIDM00392",-3.98489708146839
"MYC","SIDM00395",-2.74145204628612
"MYC","SIDM00396",-1.15333612124523
"MYC","SIDM00402",-7.13536415108877
"MYC","SIDM00403",-1.95611592405008
"MYC","SIDM00405",-0.418266047115445
"MYC","SIDM00419",0.736141776002097
"MYC","SIDM00421",-3.20821593893668
"MYC","SIDM00423",2.95594205432298
"MYC","SIDM00425",-2.53310222910437
"MYC","SIDM00426",-1.03756343222108
"MYC","SIDM00428",-0.152965426047621
"MYC","SIDM00429",-4.28870169446906
"MYC","SIDM00431",-2.01595138150953
"MYC","SIDM00433",-5.46785885403046
"MYC","SIDM00434",-0.650482400489132
"MYC","SIDM00435",1.24415114239804
"MYC","SIDM00437",-2.37058645009859
"MYC","SIDM00442",-5.02621648949459
"MYC","SIDM00443",-1.90427517025456
"MYC","SIDM00446",-3.77875071512631
"MYC","SIDM00447",-1.31969269703942
"MYC","SIDM00449",5.09030859519579
"MYC","SIDM00450",-1.92749934597796
"MYC","SIDM00451",-5.21178479659628
"MYC","SIDM00452",-6.04853122321536
"MYC","SIDM00453",3.00441629057986
"MYC","SIDM00454",-7.27230419245616
"MYC","SIDM00455",-0.0797677775022585
"MYC","SIDM00457",-5.15810760154159
"MYC","SIDM00458",-2.93322897139687
"MYC","SIDM00460",3.19684888069586
"MYC","SIDM00461",-2.5100880684698
"MYC","SIDM00462",-0.523926375132703
"MYC","SIDM00463",0.517432142666642
"MYC","SIDM00469",-0.431319677509888
"MYC","SIDM00473",-11.6703557594058
"MYC","SIDM00474",-3.77719275799836
"MYC","SIDM00475",-4.16835207079627
"MYC","SIDM00477",-3.27160672545184
"MYC","SIDM00478",-5.04137379397087
"MYC","SIDM00479",-4.64750191060325
"MYC","SIDM00480",-0.0393792063872718
"MYC","SIDM00481",-3.50502039346458
"MYC","SIDM00484",-5.51801905986857
"MYC","SIDM00485",-11.7420232688931
"MYC","SIDM00486",-6.32899091223564
"MYC","SIDM00492",-2.11779066122615
"MYC","SIDM00493",-8.80885692955232
"MYC","SIDM00494",-4.83971215087968
"MYC","SIDM00495",-2.99839614938456
"MYC","SIDM00497",-4.32805098029197
"MYC","SIDM00499",-2.27141017962924
"MYC","SIDM00500",-4.72406646492832
"MYC","SIDM00502",-4.13948288530877
"MYC","SIDM00503",-0.0103675176446774
"MYC","SIDM00505",-1.12075393066484
"MYC","SIDM00506",-7.19934713817788
"MYC","SIDM00509",-4.24146525199188
"MYC","SIDM00511",-7.1590896163904
"MYC","SIDM00512",-0.517429182149863
"MYC","SIDM00513",-7.88311992724642
"MYC","SIDM00515",-8.84561285125661
"MYC","SIDM00521",-6.21951966804405
"MYC","SIDM00522",1.31037180762423
"MYC","SIDM00523",-4.68614713484858
"MYC","SIDM00524",-7.30315939488982
"MYC","SIDM00525",-3.37474932298916
"MYC","SIDM00526",-2.48755078770783
"MYC","SIDM00529",-5.46411004489048
"MYC","SIDM00531",-4.20474840134893
"MYC","SIDM00533",-3.2907100798437
"MYC","SIDM00536",-4.88812729993594
"MYC","SIDM00545",-3.47846191547914
"MYC","SIDM00546",0.645208072042513
"MYC","SIDM00547",-4.02356481293924
"MYC","SIDM00548",-4.1579734322127
"MYC","SIDM00552",-3.07284276987855
"MYC","SIDM00554",-9.93428974368059
"MYC","SIDM00555",-7.3341605187172
"MYC","SIDM00556",-6.5486019508586
"MYC","SIDM00557",-8.7263297034342
"MYC","SIDM00560",-7.47064791841539
"MYC","SIDM00564",-5.24401213289492
"MYC","SIDM00567",-10.2834575077514
"MYC","SIDM00568",-5.1657560867986
"MYC","SIDM00570",-5.09771619160371
"MYC","SIDM00571",-8.95005299122389
"MYC","SIDM00572",-5.22280463187841
"MYC","SIDM00575",-6.48411859437273
"MYC","SIDM00578",0.346338491675368
"MYC","SIDM00580",-1.92753901516664
"MYC","SIDM00581",-7.0317715130356
"MYC","SIDM00582",-8.57506227915759
"MYC","SIDM00585",-0.748415617029016
"MYC","SIDM00586",-2.52984014980773
"MYC","SIDM00587",2.43043810071339
"MYC","SIDM00588",-8.77072636330925
"MYC","SIDM00589",-3.1914903761867
"MYC","SIDM00590",-10.3046459848498
"MYC","SIDM00593",-0.52321969667878
"MYC","SIDM00594",-1.44907200866804
"MYC","SIDM00595",-5.30197157888392
"MYC","SIDM00598",-4.27749437096694
"MYC","SIDM00602",-2.61703891751142
"MYC","SIDM00605",-10.9065076558121
"MYC","SIDM00607",-5.72459948618996
"MYC","SIDM00608",-5.07395965688527
"MYC","SIDM00609",-7.95649240387371
"MYC","SIDM00610",0.840747997457182
"MYC","SIDM00611",1.07514660561855
"MYC","SIDM00613",-7.30470297517063
"MYC","SIDM00614",-2.52042291151602
"MYC","SIDM00615",-4.02576434612642
"MYC","SIDM00616",-4.86688222739416
"MYC","SIDM00617",-8.27030910285643
"MYC","SIDM00618",-6.55648388866309
"MYC","SIDM00625",-3.7863584066724
"MYC","SIDM00628",-9.2761878280099
"MYC","SIDM00629",-4.08230117507727
"MYC","SIDM00630",-7.40894664519408
"MYC","SIDM00633",-7.15235887865397
"MYC","SIDM00634",-0.62987275688363
"MYC","SIDM00637",0.356942305542652
"MYC","SIDM00639",-7.73436673343299
"MYC","SIDM00640",-4.8590841692763
"MYC","SIDM00641",3.59771946970554
"MYC","SIDM00644",-4.04900587800896
"MYC","SIDM00645",-2.35038878229948
"MYC","SIDM00646",-4.11535724576597
"MYC","SIDM00649",-2.26688913387495
"MYC","SIDM00651",-1.13326728586215
"MYC","SIDM00652",-7.80098121152187
"MYC","SIDM00653",-5.65520756911814
"MYC","SIDM00654",-5.17603908362316
"MYC","SIDM00657",-0.304339985412709
"MYC","SIDM00658",-5.60257978108716
"MYC","SIDM00660",-4.96474126345358
"MYC","SIDM00661",2.39461077465562
"MYC","SIDM00662",-7.62587867014523
"MYC","SIDM00663",-3.49521326599122
"MYC","SIDM00664",-7.48816472742934
"MYC","SIDM00665",-2.93995613198508
"MYC","SIDM00666",-7.7264123131896
"MYC","SIDM00669",-4.55728337812152
"MYC","SIDM00670",-9.76655869718997
"MYC","SIDM00671",1.33070748423964
"MYC","SIDM00672",-4.03539488708052
"MYC","SIDM00673",-7.73790382421721
"MYC","SIDM00675",-5.54783136073244
"MYC","SIDM00676",-5.88346601831841
"MYC","SIDM00678",-4.65359476762835
"MYC","SIDM00681",-4.79054916605051
"MYC","SIDM00683",-3.75040493303503
"MYC","SIDM00684",-6.61527905963471
"MYC","SIDM00685",-5.14209021245286
"MYC","SIDM00686",-4.49917251862743
"MYC","SIDM00687",-4.45926957075258
"MYC","SIDM00689",3.73665928949677
"MYC","SIDM00693",-3.30005347780366
"MYC","SIDM00694",-3.40638951924847
"MYC","SIDM00695",-7.04689017865751
"MYC","SIDM00697",-7.04966211685175
"MYC","SIDM00698",-3.2972528922448
"MYC","SIDM00702",-5.0140214959594
"MYC","SIDM00703",-3.52032968405221
"MYC","SIDM00704",-0.819474619102657
"MYC","SIDM00706",-4.95509401525923
"MYC","SIDM00708",0.484692499885127
"MYC","SIDM00709",-4.88988136154084
"MYC","SIDM00710",-6.36246801254613
"MYC","SIDM00711",-8.45363235340837
"MYC","SIDM00713",-9.01476036205571
"MYC","SIDM00715",-4.90758583272643
"MYC","SIDM00716",-4.75046150046766
"MYC","SIDM00718",-2.8425570995653
"MYC","SIDM00720",-1.88792238096684
"MYC","SIDM00722",-4.8126367755451
"MYC","SIDM00723",-2.5567599817684
"MYC","SIDM00724",-7.27486783192029
"MYC","SIDM00726",-1.7361527378487
"MYC","SIDM00727",-4.8282017441591
"MYC","SIDM00728",-6.81470733942579
"MYC","SIDM00729",-3.35351688294536
"MYC","SIDM00730",-7.34135234995339
"MYC","SIDM00731",-8.79201679021005
"MYC","SIDM00733",-7.45008643997676
"MYC","SIDM00734",-6.94646621733752
"MYC","SIDM00735",-4.98599263408807
"MYC","SIDM00738",-3.16311555838481
"MYC","SIDM00739",-2.52672594846255
"MYC","SIDM00740",0.506187146085087
"MYC","SIDM00741",-6.13796658872253
"MYC","SIDM00742",-4.48987389510336
"MYC","SIDM00743",-4.66992064470663
"MYC","SIDM00744",-7.04995627085427
"MYC","SIDM00745",-5.69338599229778
"MYC","SIDM00746",-4.60512939721592
"MYC","SIDM00747",-4.15448943972242
"MYC","SIDM00748",-3.18450530157216
"MYC","SIDM00749",-8.40007847007747
"MYC","SIDM00750",-4.68426575251683
"MYC","SIDM00751",-2.79822069323924
"MYC","SIDM00753",-3.96012101344472
"MYC","SIDM00754",-3.57233483627606
"MYC","SIDM00755",-5.26320602653235
"MYC","SIDM00756",-3.82903075881366
"MYC","SIDM00757",-6.12013230130117
"MYC","SIDM00759",-5.41780721316134
"MYC","SIDM00760",-6.6900831549855
"MYC","SIDM00761",-8.68921284963928
"MYC","SIDM00762",-1.01234004023361
"MYC","SIDM00763",-2.96289504796044
"MYC","SIDM00766",-7.42428591305394
"MYC","SIDM00768",4.12050228972785
"MYC","SIDM00769",-1.48617798379147
"MYC","SIDM00771",-5.76301050565777
"MYC","SIDM00772",-1.90684037379033
"MYC","SIDM00774",-1.90619459758388
"MYC","SIDM00775",-4.9818916807428
"MYC","SIDM00776",-7.5877049461253
"MYC","SIDM00777",-8.60287350449918
"MYC","SIDM00778",-10.0851196754182
"MYC","SIDM00779",-4.16538550249027
"MYC","SIDM00780",-8.03087274630877
"MYC","SIDM00782",-0.0640435395486079
"MYC","SIDM00784",-7.03349569272655
"MYC","SIDM00785",-3.94088258114765
"MYC","SIDM00791",-3.50748214531537
"MYC","SIDM00795",-4.46495434370294
"MYC","SIDM00796",-4.35323877271206
"MYC","SIDM00797",-1.65125020920344
"MYC","SIDM00798",-5.50932927620795
"MYC","SIDM00799",-8.41887197851932
"MYC","SIDM00800",-6.84593913557671
"MYC","SIDM00801",-4.20074534760256
"MYC","SIDM00803",-3.99697301560732
"MYC","SIDM00806",-1.08233496812125
"MYC","SIDM00812",-7.10158902867509
"MYC","SIDM00823",-7.05768098438214
"MYC","SIDM00828",1.03966368014881
"MYC","SIDM00829",-3.07904669502624
"MYC","SIDM00831",-6.34464956323453
"MYC","SIDM00839",-1.62618380733318
"MYC","SIDM00840",2.32177492899172
"MYC","SIDM00844",5.54682459832328
"MYC","SIDM00845",-2.62725047794272
"MYC","SIDM00847",-1.6820777924536
"MYC","SIDM00848",-3.30158842653019
"MYC","SIDM00849",-5.71347077631571
"MYC","SIDM00850",-1.94422890974692
"MYC","SIDM00851",0.870701455243836
"MYC","SIDM00852",-6.60763482025453
"MYC","SIDM00853",-7.15482157721232
"MYC","SIDM00854",1.82737533599274
"MYC","SIDM00855",-4.46854016393469
"MYC","SIDM00856",-1.77986407113288
"MYC","SIDM00857",-1.25827868660294
"MYC","SIDM00858",-4.44883707202924
"MYC","SIDM00860",-6.88208636803935
"MYC","SIDM00861",-4.24449210971666
"MYC","SIDM00862",-1.79703549556875
"MYC","SIDM00865",-4.12810216591671
"MYC","SIDM00866",-6.99580712824147
"MYC","SIDM00867",-13.4091440684129
"MYC","SIDM00870",-6.85310537699156
"MYC","SIDM00872",-8.95804910507557
"MYC","SIDM00874",-4.56789484171974
"MYC","SIDM00877",-5.34326130223517
"MYC","SIDM00878",-7.02154237089736
"MYC","SIDM00879",-5.25346255693379
"MYC","SIDM00881",-5.13788564529482
"MYC","SIDM00882",-4.95505046364585
"MYC","SIDM00884",-7.08843024967863
"MYC","SIDM00886",-1.23736014905562
"MYC","SIDM00887",-5.21569972622613
"MYC","SIDM00888",-2.55425538929233
"MYC","SIDM00890",-5.65177653145053
"MYC","SIDM00892",-10.1765782513668
"MYC","SIDM00893",-2.8959090480694
"MYC","SIDM00894",-2.47143333481789
"MYC","SIDM00897",-3.54960589951868
"MYC","SIDM00898",-2.27775761321132
"MYC","SIDM00899",-8.30807289657358
"MYC","SIDM00901",-4.70048883072182
"MYC","SIDM00903",-1.46158212535842
"MYC","SIDM00904",-1.45118365422056
"MYC","SIDM00907",-6.15937765506892
"MYC","SIDM00909",-8.56192704545793
"MYC","SIDM00910",-4.02739867128307
"MYC","SIDM00914",-0.384287114086329
"MYC","SIDM00918",-8.72868429308428
"MYC","SIDM00919",-9.19953109594582
"MYC","SIDM00920",-4.90126923974811
"MYC","SIDM00921",-7.47411693702511
"MYC","SIDM00922",-10.3586220254185
"MYC","SIDM00924",-7.29048992794976
"MYC","SIDM00925",-3.90302577023604
"MYC","SIDM00926",-2.17575195447599
"MYC","SIDM00928",-9.55289112763747
"MYC","SIDM00931",-3.57401342056352
"MYC","SIDM00932",-11.7039382764705
"MYC","SIDM00933",-8.67528634940082
"MYC","SIDM00934",-10.9394377431507
"MYC","SIDM00936",-8.77178697532799
"MYC","SIDM00937",-11.4890535814192
"MYC","SIDM00938",-2.23461274164891
"MYC","SIDM00939",-10.4518344910682
"MYC","SIDM00940",-6.32245694762247
"MYC","SIDM00941",-1.90937576361182
"MYC","SIDM00942",-8.32773598724503
"MYC","SIDM00943",-7.82615661083906
"MYC","SIDM00944",-6.47017000973752
"MYC","SIDM00945",-6.92581067103081
"MYC","SIDM00947",-10.6400619883513
"MYC","SIDM00949",-5.82426416615955
"MYC","SIDM00950",-2.29081683386905
"MYC","SIDM00955",-6.80322315837059
"MYC","SIDM00956",-6.87877162095862
"MYC","SIDM00957",-10.3375629757942
"MYC","SIDM00959",-6.34743124281922
"MYC","SIDM00961",-5.97878548450457
"MYC","SIDM00963",-5.94524918036086
"MYC","SIDM00965",-3.92653775628485
"MYC","SIDM00979",-10.9329988241928
"MYC","SIDM00980",-6.53207057648364
"MYC","SIDM00981",-2.77244734013236
"MYC","SIDM00982",-6.5911416847942
"MYC","SIDM00983",-4.45879136546736
"MYC","SIDM00985",-1.31223131553469
"MYC","SIDM00986",-12.8060990022192
"MYC","SIDM00987",-5.44142908500657
"MYC","SIDM00988",-10.4444527855794
"MYC","SIDM00989",-10.2126954224316
"MYC","SIDM00990",-6.91189045840425
"MYC","SIDM00991",0.384307221579418
"MYC","SIDM00992",-5.81289782766033
"MYC","SIDM00993",-0.651397184308226
"MYC","SIDM00994",0.265059712114361
"MYC","SIDM00996",-5.02288715101071
"MYC","SIDM00997",-5.13504608850747
"MYC","SIDM00998",-5.85937873215399
"MYC","SIDM00999",0.335829153016078
"MYC","SIDM01000",-5.97044123116958
"MYC","SIDM01001",-2.30105291843927
"MYC","SIDM01002",-6.04259472067459
"MYC","SIDM01003",-4.43395529449914
"MYC","SIDM01004",-3.8224186940395
"MYC","SIDM01005",-2.37950476712587
"MYC","SIDM01008",-4.06984614338496
"MYC","SIDM01009",-5.90591641887679
"MYC","SIDM01010",-4.60562426632704
"MYC","SIDM01012",-4.37751924753673
"MYC","SIDM01013",-5.6653605863802
"MYC","SIDM01015",-5.3937250364083
"MYC","SIDM01016",-5.68733888665137
"MYC","SIDM01018",-3.11705776146164
"MYC","SIDM01020",-4.17630471925619
"MYC","SIDM01022",-5.86844364591951
"MYC","SIDM01023",-2.98063272317863
"MYC","SIDM01024",-6.03557400924474
"MYC","SIDM01025",-8.51692699547164
"MYC","SIDM01026",-3.78965216638952
"MYC","SIDM01027",-1.43754220980233
"MYC","SIDM01028",-7.02406004451001
"MYC","SIDM01029",-8.56206090077869
"MYC","SIDM01030",0.423198397464247
"MYC","SIDM01031",-5.26665608129317
"MYC","SIDM01032",-7.43666859072446
"MYC","SIDM01033",-9.28471846487737
"MYC","SIDM01034",0.153336895084806
"MYC","SIDM01036",-3.58470290703887
"MYC","SIDM01037",-3.85182466718433
"MYC","SIDM01038",1.5758937663836
"MYC","SIDM01040",-4.8078298404896
"MYC","SIDM01043",-5.53604585561969
"MYC","SIDM01044",-0.563537497991397
"MYC","SIDM01045",-8.60516860695016
"MYC","SIDM01048",-4.33957502793884
"MYC","SIDM01049",-5.92506299261067
"MYC","SIDM01051",-11.2410470181379
"MYC","SIDM01052",-4.67443452292075
"MYC","SIDM01055",-9.26430562562767
"MYC","SIDM01056",-3.96588644718115
"MYC","SIDM01057",-5.76131146817057
"MYC","SIDM01058",-7.50689061622329
"MYC","SIDM01059",-7.44028357908624
"MYC","SIDM01060",-5.1445961996756
"MYC","SIDM01062",-8.45144270012448
"MYC","SIDM01063",-1.04639089596805
"MYC","SIDM01066",-1.26239443250138
"MYC","SIDM01067",-4.74286066801806
"MYC","SIDM01068",-4.44867837284642
"MYC","SIDM01069",-6.22762765310349
"MYC","SIDM01070",-4.26153753918858
"MYC","SIDM01071",-5.68425870952131
"MYC","SIDM01072",-1.98615684264286
"MYC","SIDM01074",-6.69666991129246
"MYC","SIDM01077",2.09079422615726
"MYC","SIDM01078",-4.1574542954365
"MYC","SIDM01079",-1.49798094973285
"MYC","SIDM01080",-5.37263339084234
"MYC","SIDM01081",-8.210853635494
"MYC","SIDM01082",-8.27856343775737
"MYC","SIDM01083",-7.83008462928437
"MYC","SIDM01084",-3.45239555558836
"MYC","SIDM01085",-1.24960326377595
"MYC","SIDM01086",1.24226644175537
"MYC","SIDM01087",-8.4444518307713
"MYC","SIDM01088",-5.75103914546403
"MYC","SIDM01089",-0.101975995531485
"MYC","SIDM01096",-3.58006695474219
"MYC","SIDM01099",-2.86951745885987
"MYC","SIDM01100",-0.690612173259043
"MYC","SIDM01101",-4.16872307991182
"MYC","SIDM01103",-8.21520402711783
"MYC","SIDM01104",-7.3858483913739
"MYC","SIDM01105",-4.21204816302981
"MYC","SIDM01106",-4.44375174682721
"MYC","SIDM01107",-3.34224569791416
"MYC","SIDM01108",-6.97159796778029
"MYC","SIDM01109",-6.38646441051813
"MYC","SIDM01110",-3.42117323335588
"MYC","SIDM01111",-2.07633771328235
"MYC","SIDM01112",-4.46049705699493
"MYC","SIDM01113",-1.07928083181368
"MYC","SIDM01116",-3.25611107618892
"MYC","SIDM01119",-3.91733270645
"MYC","SIDM01121",-5.46441673476024
"MYC","SIDM01123",-8.12105818212676
"MYC","SIDM01124",-7.28480108007223
"MYC","SIDM01125",0.790601051835584
"MYC","SIDM01127",-3.64084805509011
"MYC","SIDM01128",-3.92591652667712
"MYC","SIDM01129",-3.74207515692894
"MYC","SIDM01130",-1.29481236958773
"MYC","SIDM01131",-0.902305707936735
"MYC","SIDM01134",0.830795124818764
"MYC","SIDM01135",-5.84072618482394
"MYC","SIDM01136",-7.86898476279291
"MYC","SIDM01137",-2.35594712619081
"MYC","SIDM01138",-6.47358088937407
"MYC","SIDM01139",-6.82435001519016
"MYC","SIDM01141",-3.59102739974081
"MYC","SIDM01144",-1.1505712296415
"MYC","SIDM01147",0.832886685281016
"MYC","SIDM01148",-1.38635414839595
"MYC","SIDM01150",-0.882334893364031
"MYC","SIDM01151",-2.73565411682988
"MYC","SIDM01154",-3.35262898123619
"MYC","SIDM01156",-2.53510547753155
"MYC","SIDM01158",-8.2180925685885
"MYC","SIDM01164",-5.04826454858782
"MYC","SIDM01165",-5.65483704572522
"MYC","SIDM01167",-7.11562328055885
"MYC","SIDM01169",-7.92472093109436
"MYC","SIDM01170",-2.6396082579576
"MYC","SIDM01171",-6.97967854233353
"MYC","SIDM01172",-3.46520417059966
"MYC","SIDM01176",-1.85858588904266
"MYC","SIDM01180",-7.26152047672316
"MYC","SIDM01181",-1.08420950425381
"MYC","SIDM01182",-1.41816455935191
"MYC","SIDM01184",-4.28724842522275
"MYC","SIDM01186",-6.19109531625349
"MYC","SIDM01188",-8.50171333577868
"MYC","SIDM01189",-5.36059083484382
"MYC","SIDM01190",-11.0146941679235
"MYC","SIDM01191",-6.0046502400176
"MYC","SIDM01193",-1.99847457176043
"MYC","SIDM01194",-5.59704132164194
"MYC","SIDM01195",-1.13025664953504
"MYC","SIDM01196",-6.26292550612939
"MYC","SIDM01199",-6.30325483239495
"MYC","SIDM01215",-2.9825979801187
"MYC","SIDM01222",-7.21616652250356
"MYC","SIDM01241",-4.21373393128532
"MYC","SIDM01254",2.97904704921729
"MYC","SIDM01265",-1.21434142712959
"MYC","SIDM01316",-2.65051110591528
"MYC","SIDM01318",-1.86408495195351
"MYC","SIDM01320",-2.06908449919076
"MYC","SIDM01321",-3.45912236974086
"MYC","SIDM01322",-0.632411577397609
"MYC","SIDM01323",-11.7876112083916
"MYC","SIDM01324",-2.7482058233883
"MYC","SIDM01325",-8.13288238388014
"MYC","SIDM01331",-3.64047357489655
"MYC","SIDM01332",-5.7961991259349
"MYC","SIDM01335",-3.86746624073718
"MYC","SIDM01336",-10.5074135436831
"MYC","SIDM01343",-6.53964731886093
"MYC","SIDM01347",-5.64874445801611
"MYC","SIDM01363",-6.8966147305778
"MYC","SIDM01368",-3.78394874702422
"MYC","SIDM01372",-7.50902487073855
"MYC","SIDM01377",-4.41447612039936
"MYC","SIDM01378",-8.81858297550194
"MYC","SIDM01387",-3.99643244168511
"MYC","SIDM01391",-7.40543862841575
"MYC","SIDM01393",-6.17935944839864
"MYC","SIDM01394",-7.16804312188079
"MYC","SIDM01397",-7.97883077564931
"MYC","SIDM01398",-3.89702866873139
"MYC","SIDM01409",-12.3051078762386
"MYC","SIDM01411",-9.53150774707413
"MYC","SIDM01412",-9.22602206354023
"MYC","SIDM01413",-9.66620112148687
"MYC","SIDM01432",-14.6737801787002
"MYC","SIDM01433",-9.53745294053891
"MYC","SIDM01434",-2.17866041719086
"MYC","SIDM01435",-8.9044964320349
"MYC","SIDM01436",-8.33894399580133
"MYC","SIDM01437",-4.44249583396024
"MYC","SIDM01439",-4.96637606928143
"MYC","SIDM01442",-2.86862835137101
"MYC","SIDM01443",-4.22857644297273
"MYC","SIDM01444",-7.81238501423529
"MYC","SIDM01445",-1.50761496406055
"MYC","SIDM01446",-7.80213530691487
"MYC","SIDM01447",-8.69148669228495
"MYC","SIDM01449",-3.36809579634345
"MYC","SIDM01450",-8.64038955991048
"MYC","SIDM01451",-0.203565826258755
"MYC","SIDM01454",-4.00469382202194
"MYC","SIDM01460",-4.04970883323774
"MYC","SIDM01463",-2.97169975562944
"MYC","SIDM01464",-11.4146054139491
"MYC","SIDM01469",-6.57808537914129
"MYC","SIDM01470",0.237302496083072
"MYC","SIDM01471",-2.2086382186679
"MYC","SIDM01472",-5.62499324856705
"MYC","SIDM01473",-3.93803890995749
"MYC","SIDM01474",-8.26002755446519
"MYC","SIDM01476",-2.34053093255551
"MYC","SIDM01479",-2.21028932529958
"MYC","SIDM01480",-8.23223022094797
"MYC","SIDM01482",-3.32404702752592
"MYC","SIDM01490",-5.46517482654827
"MYC","SIDM01491",-12.0416221043332
"MYC","SIDM01492",-5.66307603674684
"MYC","SIDM01494",-9.29051740310256
"MYC","SIDM01498",-1.83732084324371
"MYC","SIDM01502",-8.07068492111384
"MYC","SIDM01503",-4.33895224697598
"MYC","SIDM01504",-5.79718412602167
"MYC","SIDM01510",-3.91824630365421
"MYC","SIDM01511",-0.718322582448288
"MYC","SIDM01512",-7.51181653647271
"MYC","SIDM01517",-12.4097357897384
"MYC","SIDM01518",-8.3808342846831
"MYC","SIDM01519",-4.0087811054057
"MYC","SIDM01520",-8.78075032633045
"MYC","SIDM01522",0.242432817590217
"MYC","SIDM01523",-3.79489977884573
"MYC","SIDM01525",-7.65660029244293
"MYC","SIDM01526",-3.10700517929096
"MYC","SIDM01528",-2.61305504572654
"MYC","SIDM01529",-6.18865568910104
"MYC","SIDM01530",-3.63930161433713
"MYC","SIDM01531",0.289966836382942
"MYC","SIDM01545",-5.24562706514021
"MYC","SIDM01546",-9.01088610195747
"MYC","SIDM01551",-1.62589486521926
"MYC","SIDM01553",-10.9141225054159
"MYC","SIDM01554",-7.06654957605174
"MYC","SIDM01556",1.35159147906515
"MYC","SIDM01559",-3.33798260533805
"MYC","SIDM01560",-6.3004947061344
"MYC","SIDM01561",-5.02092755845705
"MYC","SIDM01563",-8.4802815640373
"MYC","SIDM01564",-3.36293611135091
"MYC","SIDM01565",-6.19866844569219
"MYC","SIDM01566",-9.18396765642627
"MYC","SIDM01567",0.182493384913611
"MYC","SIDM01569",-4.21660561805265
"MYC","SIDM01570",-2.65574013503988
"MYC","SIDM01571",-6.51994940831645
"MYC","SIDM01572",2.4504849259429
"MYC","SIDM01573",-5.54451385869535
"MYC","SIDM01574",-4.40144274207365
"MYC","SIDM01575",-6.66260457523115
"MYC","SIDM01577",-1.6998133793941
"MYC","SIDM01578",-8.90864647360234
"MYC","SIDM01580",-9.02418578990357
"MYC","SIDM01581",-1.73434837660669
"MYC","SIDM01582",-2.24741165305933
"MYC","SIDM01587",2.47862024082795
"MYC","SIDM01588",-8.53345947453963
"MYC","SIDM01589",-1.87680676833962
"MYC","SIDM01590",-9.23641177076296
"MYC","SIDM01591",-10.9252599771662
"MYC","SIDM01593",0.463522201264939
"MYC","SIDM01594",-8.93702699973272
"MYC","SIDM01596",-4.91050249625823
"MYC","SIDM01598",-8.18272486204081
"MYC","SIDM01602",-5.8229259410938
"MYC","SIDM01603",-1.76970253310174
"MYC","SIDM01604",-9.61897457459548
"MYC","SIDM01605",-6.5501589753846
"MYC","SIDM01606",-3.34317524950495
"MYC","SIDM01607",-4.95280717405722
"MYC","SIDM01608",-7.47903691462366
"MYC","SIDM01609",-3.9084132402265
"MYC","SIDM01611",-7.29327179425318
"MYC","SIDM01612",-5.41697998968671
"MYC","SIDM01613",-8.16592941131094
"MYC","SIDM01614",-1.24136559295813
"MYC","SIDM01615",0.911342426689142
"MYC","SIDM01616",-10.2194362543459
"MYC","SIDM01617",-6.42865188698934
"MYC","SIDM01618",0.16072762638964
"MYC","SIDM01619",-5.04519892950375
"MYC","SIDM01622",-1.47854639877876
"MYC","SIDM01624",-3.31411454084267
"MYC","SIDM01628",-4.55712696446954
"MYC","SIDM01629",-5.5797721062563
"MYC","SIDM01635",-7.59995429395684
"MYC","SIDM01640",-2.10005350363143
"MYC","SIDM01657",-3.58648678093588
"MYC","SIDM01658",-3.38337036603523
"MYC","SIDM01659",-9.08665890492295
"MYC","SIDM01660",-5.15009667204313
"MYC","SIDM01662",-4.66196515504971
"MYC","SIDM01664",-2.97002383405847
"MYC","SIDM01667",2.51316342346874
"MYC","SIDM01668",-6.76673729385701
"MYC","SIDM01672",-6.74643261334338
"MYC","SIDM01675",-8.75682286485292
"MYC","SIDM01676",-6.74648920851015
"MYC","SIDM01679",-6.01235928845773
"MYC","SIDM01682",-4.18877986352365
"MYC","SIDM01685",2.69680005266003
"MYC","SIDM01686",-1.74883264064847
"MYC","SIDM01689",0.837252998308022
"MYC","SIDM01690",-5.64870460342605
"MYC","SIDM01691",1.57518842746698
"MYC","SIDM01692",3.72972990292562
"MYC","SIDM01693",-2.6363302611249
"MYC","SIDM01694",-5.42071516546562
"MYC","SIDM01695",-5.59347234520496
"MYC","SIDM01696",-7.28167686715816
"MYC","SIDM01697",-9.31405753068817
"MYC","SIDM01698",-8.01651190150252
"MYC","SIDM01699",-9.81217934597336
"MYC","SIDM01701",-12.2492220206215
"MYC","SIDM01702",-13.8728741593801
"MYC","SIDM01703",-12.2133144728944
"MYC","SIDM01704",-8.43894337587388
"MYC","SIDM01705",-9.43594701175327
"MYC","SIDM01709",-9.56981694162483
"MYC","SIDM01710",-6.08002413929139
"MYC","SIDM01724",-9.58095041119317
"MYC","SIDM01725",-7.86431630685785
"MYC","SIDM01726",-8.38636209880409
"MYC","SIDM01727",-2.00499949258416
"MYC","SIDM01728",-6.81915471696931
"MYC","SIDM01729",-5.96795631652183
"MYC","SIDM01730",-8.49082079535837
"MYC","SIDM01734",-1.23806378024208
"MYC","SIDM01739",-5.17461207950773
"MYC","SIDM01741",-8.5957034622791
"MYC","SIDM01743",-5.40775288688497
"MYC","SIDM01746",-4.83936256353617
"MYC","SIDM01749",-7.28868494248976
"MYC","SIDM01750",-3.60162831737188
"MYC","SIDM01752",-7.25152306815969
"MYC","SIDM01753",2.59035902506621
"MYC","SIDM01756",3.38787089256935
"MYC","SIDM01757",-9.531632510454
"MYC","SIDM01758",-0.150194709235038
"MYC","SIDM01759",-7.47200004608782
"MYC","SIDM01760",-2.40105639073597
"MYC","SIDM01761",-2.48578972277049
"MYC","SIDM01762",-9.5402300588759
"MYC","SIDM01763",-9.34010813905015
"MYC","SIDM01764",-6.9796044277435
"MYC","SIDM01765",-11.0298866772119
"MYC","SIDM01766",-7.6082006163559
"MYC","SIDM01767",0.394086085804467
"MYC","SIDM01768",-9.32530124757562
"MYC","SIDM01770",-2.66912917121305
"MYC","SIDM01771",-2.95860003063537
"MYC","SIDM01772",-6.96089698989215
"MYC","SIDM01773",1.28669132846356
"MYC","SIDM01774",-4.14598752186662
"MYC","SIDM01775",1.0383533135112
"MYC","SIDM01777",-5.95597902379337
"MYC","SIDM01779",-2.88476593083931
"MYC","SIDM01780",2.92845885263827
"MYC","SIDM01781",-1.70396298195124
"MYC","SIDM01782",-11.8915382332585
"MYC","SIDM01820",-8.59233690945736
"MYC","SIDM01858",4.47312924728624
"MYC","SIDM01859",-1.90149135654099
"MYC","SIDM01873",-8.1652958517554
"NFATC1","SIDM00001",1.3334785128467
"NFATC1","SIDM00005",-1.1158110503773
"NFATC1","SIDM00008",1.24243643712385
"NFATC1","SIDM00011",4.07659267804572
"NFATC1","SIDM00015",-1.41884412560056
"NFATC1","SIDM00016",-0.399907767348036
"NFATC1","SIDM00017",1.02232307631628
"NFATC1","SIDM00029",-1.13944789685439
"NFATC1","SIDM00032",0.307946486565013
"NFATC1","SIDM00036",-1.00558640614112
"NFATC1","SIDM00046",0.884087190858491
"NFATC1","SIDM00062",0.551483021349136
"NFATC1","SIDM00063",1.83887716217315
"NFATC1","SIDM00065",-0.0745105694390458
"NFATC1","SIDM00071",-0.518305498001121
"NFATC1","SIDM00074",-0.248725232337744
"NFATC1","SIDM00078",1.03194130516981
"NFATC1","SIDM00079",-0.124976087072274
"NFATC1","SIDM00080",0.352122880669801
"NFATC1","SIDM00081",2.41100853799453
"NFATC1","SIDM00083",2.17588828832873
"NFATC1","SIDM00084",1.05432572331565
"NFATC1","SIDM00085",0.842797139299826
"NFATC1","SIDM00087",2.28278894670151
"NFATC1","SIDM00088",-0.219539456973565
"NFATC1","SIDM00090",0.298553389968942
"NFATC1","SIDM00092",1.84834117327018
"NFATC1","SIDM00093",-0.604508021459277
"NFATC1","SIDM00095",1.73116247027241
"NFATC1","SIDM00097",-1.03606004598755
"NFATC1","SIDM00105",-0.275324423270588
"NFATC1","SIDM00107",0.0230223396833109
"NFATC1","SIDM00108",1.12562233314836
"NFATC1","SIDM00116",-1.70645433866401
"NFATC1","SIDM00117",0.0151877207338424
"NFATC1","SIDM00119",-0.257116731186822
"NFATC1","SIDM00122",0.08689455962925
"NFATC1","SIDM00123",0.341252395823435
"NFATC1","SIDM00124",1.09146028290123
"NFATC1","SIDM00125",2.39617205909313
"NFATC1","SIDM00130",0.934344238940348
"NFATC1","SIDM00131",1.74253309010257
"NFATC1","SIDM00132",3.78999741976079
"NFATC1","SIDM00133",0.0838051916612153
"NFATC1","SIDM00134",1.68165501862778
"NFATC1","SIDM00135",3.0828937972625
"NFATC1","SIDM00138",-0.285397847096134
"NFATC1","SIDM00139",0.811357547563311
"NFATC1","SIDM00140",2.0945400777765
"NFATC1","SIDM00142",0.147564970497392
"NFATC1","SIDM00143",-1.26536329972535
"NFATC1","SIDM00144",-0.406945670302735
"NFATC1","SIDM00146",1.25773656456763
"NFATC1","SIDM00147",-0.0466708748746219
"NFATC1","SIDM00148",-0.948121817786859
"NFATC1","SIDM00149",0.0558660105244753
"NFATC1","SIDM00150",-1.46579524759085
"NFATC1","SIDM00151",0.126177619167926
"NFATC1","SIDM00153",1.33711014803935
"NFATC1","SIDM00158",0.0416022544636623
"NFATC1","SIDM00159",-0.598204892524646
"NFATC1","SIDM00160",0.90396218468787
"NFATC1","SIDM00161",-0.871351050377612
"NFATC1","SIDM00162",-0.291560252098549
"NFATC1","SIDM00163",0.79350717351981
"NFATC1","SIDM00164",-0.568514062268094
"NFATC1","SIDM00165",1.00218288032243
"NFATC1","SIDM00166",0.728797796302841
"NFATC1","SIDM00167",0.0304287816070776
"NFATC1","SIDM00168",0.241626940440206
"NFATC1","SIDM00169",0.320260278023831
"NFATC1","SIDM00170",-1.24154910416894
"NFATC1","SIDM00171",0.0190431245163116
"NFATC1","SIDM00173",1.27013948762074
"NFATC1","SIDM00192",-0.0393259204847819
"NFATC1","SIDM00194",0.339461348193555
"NFATC1","SIDM00210",-0.576709254256026
"NFATC1","SIDM00212",0.921693192747187
"NFATC1","SIDM00213",2.21513384014872
"NFATC1","SIDM00217",0.292269371873477
"NFATC1","SIDM00220",-1.69435749174488
"NFATC1","SIDM00222",-0.116179969113153
"NFATC1","SIDM00226",-1.15329009890956
"NFATC1","SIDM00228",1.14591708788902
"NFATC1","SIDM00235",1.00495583770092
"NFATC1","SIDM00237",-0.469822604481204
"NFATC1","SIDM00238",0.172007564187563
"NFATC1","SIDM00239",2.2543677741559
"NFATC1","SIDM00247",-0.248361883661253
"NFATC1","SIDM00248",0.0402678188784448
"NFATC1","SIDM00249",-0.141215108226904
"NFATC1","SIDM00250",0.425692883129255
"NFATC1","SIDM00271",0.43867007380413
"NFATC1","SIDM00272",-0.2154101463568
"NFATC1","SIDM00273",0.121857519201529
"NFATC1","SIDM00278",-0.669386489766175
"NFATC1","SIDM00279",-0.783487036780324
"NFATC1","SIDM00280",0.444358193819728
"NFATC1","SIDM00282",0.612438460192754
"NFATC1","SIDM00284",7.06309169703361
"NFATC1","SIDM00286",-1.05033132159693
"NFATC1","SIDM00290",-1.23149991474886
"NFATC1","SIDM00298",-0.746699449124283
"NFATC1","SIDM00301",-0.33209100738661
"NFATC1","SIDM00303",0.701977612851435
"NFATC1","SIDM00305",-1.53889595771304
"NFATC1","SIDM00306",0.345509759547638
"NFATC1","SIDM00307",-1.35861738533461
"NFATC1","SIDM00312",-1.1489349876971
"NFATC1","SIDM00313",4.4809169495768
"NFATC1","SIDM00314",-0.676749306188728
"NFATC1","SIDM00315",-0.922965810416046
"NFATC1","SIDM00318",0.493832924031459
"NFATC1","SIDM00321",0.813052860193856
"NFATC1","SIDM00322",-1.3463159800575
"NFATC1","SIDM00325",-0.824177634254009
"NFATC1","SIDM00327",0.801094396449375
"NFATC1","SIDM00329",-0.0104915109673415
"NFATC1","SIDM00331",0.095146216450434
"NFATC1","SIDM00333",0.733862241932951
"NFATC1","SIDM00334",-0.664498913415434
"NFATC1","SIDM00335",0.793534314573713
"NFATC1","SIDM00336",2.99085118891918
"NFATC1","SIDM00337",4.10521042714993
"NFATC1","SIDM00338",-0.243062475279805
"NFATC1","SIDM00339",0.122217652797506
"NFATC1","SIDM00340",-0.226374618065157
"NFATC1","SIDM00341",0.342775407124074
"NFATC1","SIDM00342",-0.355855480965381
"NFATC1","SIDM00344",0.408579438296824
"NFATC1","SIDM00345",0.806928827247091
"NFATC1","SIDM00347",-1.46832811872857
"NFATC1","SIDM00348",0.404627698576174
"NFATC1","SIDM00352",1.01527834518086
"NFATC1","SIDM00353",3.83602675694442
"NFATC1","SIDM00354",1.20955755790115
"NFATC1","SIDM00355",0.893756733008861
"NFATC1","SIDM00356",-0.0522198492169309
"NFATC1","SIDM00358",-0.671586230778086
"NFATC1","SIDM00359",-0.588389783783812
"NFATC1","SIDM00360",-0.508839168887019
"NFATC1","SIDM00363",1.16294833610517
"NFATC1","SIDM00368",0.82146214535286
"NFATC1","SIDM00369",-0.576880506440051
"NFATC1","SIDM00370",-0.215938099898777
"NFATC1","SIDM00373",-0.0923010171994781
"NFATC1","SIDM00376",0.3800531502728
"NFATC1","SIDM00380",0.127249976232895
"NFATC1","SIDM00382",4.36168755986941
"NFATC1","SIDM00386",-0.569043273777921
"NFATC1","SIDM00387",-1.55375996649513
"NFATC1","SIDM00390",-0.214675683024205
"NFATC1","SIDM00391",-0.0880494136333497
"NFATC1","SIDM00392",1.25043630748443
"NFATC1","SIDM00395",-1.25148468764223
"NFATC1","SIDM00396",0.186751549420853
"NFATC1","SIDM00402",-0.311243846589777
"NFATC1","SIDM00403",-0.101330051080505
"NFATC1","SIDM00405",-0.140528921867415
"NFATC1","SIDM00419",-0.808905072714276
"NFATC1","SIDM00421",2.72987284160419
"NFATC1","SIDM00423",0.63888477177911
"NFATC1","SIDM00425",2.91627104663094
"NFATC1","SIDM00426",0.894191718296317
"NFATC1","SIDM00428",2.24110269218942
"NFATC1","SIDM00429",-0.112604308043019
"NFATC1","SIDM00431",2.48040003904377
"NFATC1","SIDM00433",-0.16803180133186
"NFATC1","SIDM00434",0.0733569872963583
"NFATC1","SIDM00435",-1.01982442994195
"NFATC1","SIDM00437",-0.477449865512459
"NFATC1","SIDM00442",1.23905942228591
"NFATC1","SIDM00443",-0.432402408856111
"NFATC1","SIDM00446",-0.0237264759487875
"NFATC1","SIDM00447",1.0592075099363
"NFATC1","SIDM00449",0.60658276984319
"NFATC1","SIDM00450",2.18681346052907
"NFATC1","SIDM00451",1.17059845992459
"NFATC1","SIDM00452",0.11462617949805
"NFATC1","SIDM00453",-0.661714684229761
"NFATC1","SIDM00454",0.420010210322674
"NFATC1","SIDM00455",-0.605945283342403
"NFATC1","SIDM00457",-0.985999794581334
"NFATC1","SIDM00458",-0.136654980962746
"NFATC1","SIDM00460",0.86525395606319
"NFATC1","SIDM00461",-0.258929358990676
"NFATC1","SIDM00462",3.15216934365755
"NFATC1","SIDM00463",-0.31939778077631
"NFATC1","SIDM00469",1.05680967543818
"NFATC1","SIDM00473",0.525342490893489
"NFATC1","SIDM00474",3.86962328990074
"NFATC1","SIDM00475",0.525374383305765
"NFATC1","SIDM00477",-0.372581132502967
"NFATC1","SIDM00478",0.418883373377528
"NFATC1","SIDM00479",-0.456364841302283
"NFATC1","SIDM00480",1.62660270891407
"NFATC1","SIDM00481",-0.819306774256539
"NFATC1","SIDM00484",-0.501509978891438
"NFATC1","SIDM00485",2.16016989971215
"NFATC1","SIDM00486",0.177545592064029
"NFATC1","SIDM00492",-0.276637021208177
"NFATC1","SIDM00493",1.71966560293534
"NFATC1","SIDM00494",-0.0641604149360879
"NFATC1","SIDM00495",-0.686185862525129
"NFATC1","SIDM00497",-0.58074846300283
"NFATC1","SIDM00499",-1.0883634497569
"NFATC1","SIDM00500",0.234863381496903
"NFATC1","SIDM00502",-0.689183698847646
"NFATC1","SIDM00503",2.65976718559379
"NFATC1","SIDM00505",0.511488401498737
"NFATC1","SIDM00506",-0.773619153690144
"NFATC1","SIDM00509",-0.876654489071704
"NFATC1","SIDM00511",-0.653795855009419
"NFATC1","SIDM00512",0.213301263315187
"NFATC1","SIDM00513",0.312454050773867
"NFATC1","SIDM00515",2.81895899368807
"NFATC1","SIDM00521",-0.0202899904928844
"NFATC1","SIDM00522",-0.176714937515443
"NFATC1","SIDM00523",-1.01462844678084
"NFATC1","SIDM00524",-0.707238484846454
"NFATC1","SIDM00525",0.0282848872936673
"NFATC1","SIDM00526",-0.792448416532357
"NFATC1","SIDM00529",-1.33958896982966
"NFATC1","SIDM00531",-0.419671899010534
"NFATC1","SIDM00533",-0.598309031120339
"NFATC1","SIDM00536",-0.944909637824949
"NFATC1","SIDM00545",1.25767090656413
"NFATC1","SIDM00546",0.162048621304639
"NFATC1","SIDM00547",0.62479639218082
"NFATC1","SIDM00548",0.0499466576781892
"NFATC1","SIDM00552",-0.567462488645148
"NFATC1","SIDM00554",-0.274095497781322
"NFATC1","SIDM00555",2.55825960155887
"NFATC1","SIDM00556",-1.12840094207176
"NFATC1","SIDM00557",-0.919357761652651
"NFATC1","SIDM00560",0.288856496036616
"NFATC1","SIDM00564",-0.702636942889327
"NFATC1","SIDM00567",-0.667609462146677
"NFATC1","SIDM00568",0.426220696790009
"NFATC1","SIDM00570",0.611316678123436
"NFATC1","SIDM00571",-0.640727709424249
"NFATC1","SIDM00572",0.537707770753553
"NFATC1","SIDM00575",-0.594632533765874
"NFATC1","SIDM00578",-0.673481567191117
"NFATC1","SIDM00580",-0.333998102521701
"NFATC1","SIDM00581",1.39372536562291
"NFATC1","SIDM00582",-0.399642163634304
"NFATC1","SIDM00585",0.185124990643356
"NFATC1","SIDM00586",-0.61251382996858
"NFATC1","SIDM00587",0.782879055999555
"NFATC1","SIDM00588",-0.532672525291878
"NFATC1","SIDM00589",1.08030930895543
"NFATC1","SIDM00590",-0.0762491441182441
"NFATC1","SIDM00593",-1.08365676313681
"NFATC1","SIDM00594",-0.94949089559555
"NFATC1","SIDM00595",-0.342942740854725
"NFATC1","SIDM00598",-0.427467369598268
"NFATC1","SIDM00602",-0.450786029335066
"NFATC1","SIDM00605",0.481386837402112
"NFATC1","SIDM00607",-0.0429324302338532
"NFATC1","SIDM00608",-0.338022279794828
"NFATC1","SIDM00609",0.302443543257904
"NFATC1","SIDM00610",-0.471600238479155
"NFATC1","SIDM00611",6.09200791176371
"NFATC1","SIDM00613",0.598682795951541
"NFATC1","SIDM00614",0.0399098202664575
"NFATC1","SIDM00615",-0.506428242275786
"NFATC1","SIDM00616",-0.166664153560513
"NFATC1","SIDM00617",2.58576064970186
"NFATC1","SIDM00618",-0.0525638792231721
"NFATC1","SIDM00625",-0.308738394189176
"NFATC1","SIDM00628",0.586615724249585
"NFATC1","SIDM00629",0.38829046380552
"NFATC1","SIDM00630",-0.106458819483528
"NFATC1","SIDM00633",-0.40297847891504
"NFATC1","SIDM00634",-0.88044196303088
"NFATC1","SIDM00637",-0.209207425302529
"NFATC1","SIDM00639",1.72618163836162
"NFATC1","SIDM00640",1.19073440600751
"NFATC1","SIDM00641",0.00781033348775986
"NFATC1","SIDM00644",0.586434937623821
"NFATC1","SIDM00645",-0.81009879437689
"NFATC1","SIDM00646",-0.963745027941075
"NFATC1","SIDM00649",-0.152930079849279
"NFATC1","SIDM00651",-1.56889137541208
"NFATC1","SIDM00652",-1.51959752202987
"NFATC1","SIDM00653",-2.08212354043423
"NFATC1","SIDM00654",-0.910386494561349
"NFATC1","SIDM00657",-0.694053674489729
"NFATC1","SIDM00658",-0.768712610681098
"NFATC1","SIDM00660",-0.157793074101429
"NFATC1","SIDM00661",-1.02374952092428
"NFATC1","SIDM00662",2.97548264965124
"NFATC1","SIDM00663",2.96828022350842
"NFATC1","SIDM00664",0.194998225498482
"NFATC1","SIDM00665",-0.0536349026840602
"NFATC1","SIDM00666",1.32076017875944
"NFATC1","SIDM00669",-0.18618956208467
"NFATC1","SIDM00670",-0.990565281826989
"NFATC1","SIDM00671",2.04216606632778
"NFATC1","SIDM00672",1.6011598867007
"NFATC1","SIDM00673",0.378569434169324
"NFATC1","SIDM00675",-1.26552595633461
"NFATC1","SIDM00676",0.0845601501839915
"NFATC1","SIDM00678",-0.121343523640607
"NFATC1","SIDM00681",-0.132303630861914
"NFATC1","SIDM00683",2.11382632815899
"NFATC1","SIDM00684",1.37631440510019
"NFATC1","SIDM00685",0.654632231845014
"NFATC1","SIDM00686",0.435472042007897
"NFATC1","SIDM00687",0.145067794468889
"NFATC1","SIDM00689",-0.902801622465864
"NFATC1","SIDM00693",2.79477584985284
"NFATC1","SIDM00694",0.125957813824043
"NFATC1","SIDM00695",2.15155001626555
"NFATC1","SIDM00697",-1.48221207798256
"NFATC1","SIDM00698",-1.11439382219529
"NFATC1","SIDM00702",0.195504601785938
"NFATC1","SIDM00703",-0.681964236470436
"NFATC1","SIDM00704",-0.850275187220748
"NFATC1","SIDM00706",-1.85307299904245
"NFATC1","SIDM00708",-0.970905586415726
"NFATC1","SIDM00709",2.83985116117111
"NFATC1","SIDM00710",-2.11235313227651
"NFATC1","SIDM00711",-0.877488984919587
"NFATC1","SIDM00713",0.381413712448343
"NFATC1","SIDM00715",-0.991748993049136
"NFATC1","SIDM00716",-0.786132514674069
"NFATC1","SIDM00718",-1.31239326128478
"NFATC1","SIDM00720",0.401856594552859
"NFATC1","SIDM00722",0.527539881142159
"NFATC1","SIDM00723",3.51242370953225
"NFATC1","SIDM00724",0.803138604024763
"NFATC1","SIDM00726",0.742307505705857
"NFATC1","SIDM00727",-1.35125607366291
"NFATC1","SIDM00728",0.478650382946623
"NFATC1","SIDM00729",0.773883786096343
"NFATC1","SIDM00730",-1.48696973988329
"NFATC1","SIDM00731",-1.74586786110516
"NFATC1","SIDM00733",-0.517735163450234
"NFATC1","SIDM00734",-0.438220228248679
"NFATC1","SIDM00735",-1.29851690600049
"NFATC1","SIDM00738",0.195692585508138
"NFATC1","SIDM00739",-0.595953963468611
"NFATC1","SIDM00740",-0.323638123491953
"NFATC1","SIDM00741",-1.3923430446367
"NFATC1","SIDM00742",-1.97156537749984
"NFATC1","SIDM00743",-0.266358472017787
"NFATC1","SIDM00744",-0.257883742592444
"NFATC1","SIDM00745",-0.0729608249578347
"NFATC1","SIDM00746",1.60399025202258
"NFATC1","SIDM00747",-0.305432246649011
"NFATC1","SIDM00748",-1.22036536868353
"NFATC1","SIDM00749",-1.29873619528726
"NFATC1","SIDM00750",-0.482341536541656
"NFATC1","SIDM00751",2.2421402504119
"NFATC1","SIDM00753",-0.416960615110532
"NFATC1","SIDM00754",-0.228533073919917
"NFATC1","SIDM00755",-1.54665466874915
"NFATC1","SIDM00756",-0.463225017044864
"NFATC1","SIDM00757",-0.294596850238172
"NFATC1","SIDM00759",-0.0710490643219486
"NFATC1","SIDM00760",-1.20273085136914
"NFATC1","SIDM00761",0.470334772136338
"NFATC1","SIDM00762",-1.5018413938434
"NFATC1","SIDM00763",-1.59884609151333
"NFATC1","SIDM00766",-1.4843288824308
"NFATC1","SIDM00768",0.375032907281361
"NFATC1","SIDM00769",-0.431076864251473
"NFATC1","SIDM00771",0.815606369186259
"NFATC1","SIDM00772",-0.99096796247827
"NFATC1","SIDM00774",-0.722375478625705
"NFATC1","SIDM00775",-1.02743594821724
"NFATC1","SIDM00776",0.321683245013165
"NFATC1","SIDM00777",-0.714326673925171
"NFATC1","SIDM00778",-0.214131981428911
"NFATC1","SIDM00779",-0.79706156700201
"NFATC1","SIDM00780",-0.515076747272444
"NFATC1","SIDM00782",-0.477044551658146
"NFATC1","SIDM00784",0.934932414431857
"NFATC1","SIDM00785",-0.461032401873589
"NFATC1","SIDM00791",-0.459341371106496
"NFATC1","SIDM00795",0.251020195874428
"NFATC1","SIDM00796",0.13730446793113
"NFATC1","SIDM00797",1.24541511458609
"NFATC1","SIDM00798",0.156491863645263
"NFATC1","SIDM00799",0.499258562128305
"NFATC1","SIDM00800",1.64641210164625
"NFATC1","SIDM00801",2.16768851415133
"NFATC1","SIDM00803",1.76894295491281
"NFATC1","SIDM00806",-0.297232332815384
"NFATC1","SIDM00812",2.01534696317595
"NFATC1","SIDM00823",0.63057819076937
"NFATC1","SIDM00828",0.528342432390535
"NFATC1","SIDM00829",0.244133327808883
"NFATC1","SIDM00831",1.14776067325158
"NFATC1","SIDM00839",-0.66511400078106
"NFATC1","SIDM00840",0.0325359023842238
"NFATC1","SIDM00844",-0.393784769371538
"NFATC1","SIDM00845",-0.792103471291369
"NFATC1","SIDM00847",3.09658211281308
"NFATC1","SIDM00848",-0.118930546952806
"NFATC1","SIDM00849",-1.17877842763136
"NFATC1","SIDM00850",-1.09039444600743
"NFATC1","SIDM00851",2.27403735447108
"NFATC1","SIDM00852",0.275424773206458
"NFATC1","SIDM00853",0.664489341642241
"NFATC1","SIDM00854",-0.521613065791404
"NFATC1","SIDM00855",0.966202631361873
"NFATC1","SIDM00856",0.251697098060275
"NFATC1","SIDM00857",1.23856100754916
"NFATC1","SIDM00858",0.926586052513189
"NFATC1","SIDM00860",-0.862067044446726
"NFATC1","SIDM00861",1.18073089297128
"NFATC1","SIDM00862",-0.666269588297333
"NFATC1","SIDM00865",-0.636474151058505
"NFATC1","SIDM00866",0.282055914428161
"NFATC1","SIDM00867",1.7591861312239
"NFATC1","SIDM00870",-1.10715786434003
"NFATC1","SIDM00872",0.759140772075569
"NFATC1","SIDM00874",-1.0886249118236
"NFATC1","SIDM00877",-1.01826390275774
"NFATC1","SIDM00878",0.162031940933401
"NFATC1","SIDM00879",-1.06687217486247
"NFATC1","SIDM00881",-0.781644236663349
"NFATC1","SIDM00882",-1.29971265715354
"NFATC1","SIDM00884",0.262797075044417
"NFATC1","SIDM00886",-0.573838801755758
"NFATC1","SIDM00887",-0.118054028077943
"NFATC1","SIDM00888",-0.701330183397532
"NFATC1","SIDM00890",2.96130194790975
"NFATC1","SIDM00892",-0.501210289513907
"NFATC1","SIDM00893",-0.744663434737842
"NFATC1","SIDM00894",-1.49944217474619
"NFATC1","SIDM00897",-0.320289160564271
"NFATC1","SIDM00898",-1.01018481167448
"NFATC1","SIDM00899",-0.132296403563405
"NFATC1","SIDM00901",-0.638658039624479
"NFATC1","SIDM00903",0.142724027290799
"NFATC1","SIDM00904",3.9385492181252
"NFATC1","SIDM00907",-0.139771399819931
"NFATC1","SIDM00909",5.05775176864987
"NFATC1","SIDM00910",-0.834863664571945
"NFATC1","SIDM00914",-0.0786924464229912
"NFATC1","SIDM00918",-0.936798627449451
"NFATC1","SIDM00919",1.17074447027657
"NFATC1","SIDM00920",-0.90754758422048
"NFATC1","SIDM00921",0.479168241522483
"NFATC1","SIDM00922",0.565229482194244
"NFATC1","SIDM00924",-0.137676815806459
"NFATC1","SIDM00925",-0.782904575430883
"NFATC1","SIDM00926",-0.134284409288979
"NFATC1","SIDM00928",1.62531703950618
"NFATC1","SIDM00931",0.0793061753768404
"NFATC1","SIDM00932",1.11547528111012
"NFATC1","SIDM00933",0.628060929750351
"NFATC1","SIDM00934",0.0908185232286859
"NFATC1","SIDM00936",0.960224252530667
"NFATC1","SIDM00937",1.38483994455872
"NFATC1","SIDM00938",-0.658822973704186
"NFATC1","SIDM00939",2.11510380527895
"NFATC1","SIDM00940",0.381200128406375
"NFATC1","SIDM00941",0.47942150916612
"NFATC1","SIDM00942",0.377083677196429
"NFATC1","SIDM00943",0.279914416059691
"NFATC1","SIDM00944",0.767316370725717
"NFATC1","SIDM00945",-0.207961313748148
"NFATC1","SIDM00947",1.83989545289838
"NFATC1","SIDM00949",1.02019157926459
"NFATC1","SIDM00950",-0.839114485192643
"NFATC1","SIDM00955",2.99811308186894
"NFATC1","SIDM00956",-1.15210179442344
"NFATC1","SIDM00957",-0.449751775251988
"NFATC1","SIDM00959",-0.513999162235397
"NFATC1","SIDM00961",0.0364070837530911
"NFATC1","SIDM00963",-0.145539121410409
"NFATC1","SIDM00965",-1.34465285839372
"NFATC1","SIDM00979",1.85665400083197
"NFATC1","SIDM00980",0.144598267133572
"NFATC1","SIDM00981",-0.470576084934763
"NFATC1","SIDM00982",0.60420630545122
"NFATC1","SIDM00983",2.18527020709986
"NFATC1","SIDM00985",1.9092696154056
"NFATC1","SIDM00986",0.013499226888461
"NFATC1","SIDM00987",1.75563020199527
"NFATC1","SIDM00988",2.78650271301881
"NFATC1","SIDM00989",0.996164420620774
"NFATC1","SIDM00990",0.197852425170617
"NFATC1","SIDM00991",-0.173513481876197
"NFATC1","SIDM00992",1.66943439891484
"NFATC1","SIDM00993",-0.262968933373663
"NFATC1","SIDM00994",0.92714888628329
"NFATC1","SIDM00996",1.4196508624287
"NFATC1","SIDM00997",3.86955789533131
"NFATC1","SIDM00998",-1.42032595484652
"NFATC1","SIDM00999",-0.233423932679728
"NFATC1","SIDM01000",1.65735273519492
"NFATC1","SIDM01001",0.467364573753235
"NFATC1","SIDM01002",-0.172911441223046
"NFATC1","SIDM01003",-0.0515715856781652
"NFATC1","SIDM01004",4.21647984741948
"NFATC1","SIDM01005",-0.608768118703884
"NFATC1","SIDM01008",0.475007224758476
"NFATC1","SIDM01009",-0.976640625968299
"NFATC1","SIDM01010",1.2054762343457
"NFATC1","SIDM01012",0.35607186827687
"NFATC1","SIDM01013",-2.58665845766705
"NFATC1","SIDM01015",-0.242484448196695
"NFATC1","SIDM01016",-0.329980141482125
"NFATC1","SIDM01018",0.453688274062189
"NFATC1","SIDM01020",-0.0979254790801158
"NFATC1","SIDM01022",0.595779618545436
"NFATC1","SIDM01023",-0.305719813312629
"NFATC1","SIDM01024",-0.0352260344430545
"NFATC1","SIDM01025",-0.0219001881408399
"NFATC1","SIDM01026",-0.388161763007335
"NFATC1","SIDM01027",-0.844580904892615
"NFATC1","SIDM01028",-0.0360481834205212
"NFATC1","SIDM01029",1.33842215907989
"NFATC1","SIDM01030",-0.85998811772902
"NFATC1","SIDM01031",-0.417518534353208
"NFATC1","SIDM01032",-0.448569095750838
"NFATC1","SIDM01033",-0.109202283707797
"NFATC1","SIDM01034",1.26469750318069
"NFATC1","SIDM01036",0.320838063220028
"NFATC1","SIDM01037",0.0760210198244264
"NFATC1","SIDM01038",2.55992647757788
"NFATC1","SIDM01040",0.37290909022223
"NFATC1","SIDM01043",2.66440884074009
"NFATC1","SIDM01044",0.403097974389214
"NFATC1","SIDM01045",-1.30101707615498
"NFATC1","SIDM01048",-0.893778425060923
"NFATC1","SIDM01049",1.3109366741138
"NFATC1","SIDM01051",-0.494205243872749
"NFATC1","SIDM01052",2.94023955900028
"NFATC1","SIDM01055",1.53980847895982
"NFATC1","SIDM01056",-0.648076715239786
"NFATC1","SIDM01057",-0.678827101748801
"NFATC1","SIDM01058",1.0233486020155
"NFATC1","SIDM01059",2.38386080377222
"NFATC1","SIDM01060",1.70100705863253
"NFATC1","SIDM01062",-0.564140334228621
"NFATC1","SIDM01063",-0.0473413314351351
"NFATC1","SIDM01066",1.35171510005067
"NFATC1","SIDM01067",-0.210460398656419
"NFATC1","SIDM01068",-0.3530893166682
"NFATC1","SIDM01069",1.2901836970821
"NFATC1","SIDM01070",2.25260072353039
"NFATC1","SIDM01071",-1.7138978571347
"NFATC1","SIDM01072",-0.458791400164398
"NFATC1","SIDM01074",0.64931097546365
"NFATC1","SIDM01077",-0.0574280949853553
"NFATC1","SIDM01078",-1.3057677779498
"NFATC1","SIDM01079",1.98777099885949
"NFATC1","SIDM01080",-1.1963388568654
"NFATC1","SIDM01081",0.44834338058963
"NFATC1","SIDM01082",5.79292348526937
"NFATC1","SIDM01083",1.35944598741171
"NFATC1","SIDM01084",0.728451704250474
"NFATC1","SIDM01085",-0.617793900529553
"NFATC1","SIDM01086",2.58477604360801
"NFATC1","SIDM01087",0.147734060999997
"NFATC1","SIDM01088",0.155425238594619
"NFATC1","SIDM01089",-0.530504845898941
"NFATC1","SIDM01096",0.206478539798161
"NFATC1","SIDM01099",-1.52505813974349
"NFATC1","SIDM01100",-1.29643661981661
"NFATC1","SIDM01101",-1.04116645111719
"NFATC1","SIDM01103",-0.575947263401552
"NFATC1","SIDM01104",3.1884027651894
"NFATC1","SIDM01105",1.15238550225921
"NFATC1","SIDM01106",2.77691560605887
"NFATC1","SIDM01107",1.81248557558072
"NFATC1","SIDM01108",-0.886628966185546
"NFATC1","SIDM01109",0.275721525570531
"NFATC1","SIDM01110",0.649935945077721
"NFATC1","SIDM01111",-1.73846748759658
"NFATC1","SIDM01112",1.2176127238115
"NFATC1","SIDM01113",-0.811474058874204
"NFATC1","SIDM01116",-0.683575955037432
"NFATC1","SIDM01119",0.0978493761285777
"NFATC1","SIDM01121",-1.32706586195639
"NFATC1","SIDM01123",-1.7790996810197
"NFATC1","SIDM01124",-0.127491935845241
"NFATC1","SIDM01125",0.817900279479026
"NFATC1","SIDM01127",0.379648414256205
"NFATC1","SIDM01128",-0.59123084842013
"NFATC1","SIDM01129",-0.916020277794935
"NFATC1","SIDM01130",-1.15286084109008
"NFATC1","SIDM01131",-0.330651132912623
"NFATC1","SIDM01134",-2.1879132429633
"NFATC1","SIDM01135",0.194250986380542
"NFATC1","SIDM01136",0.633385915979985
"NFATC1","SIDM01137",0.595790328521375
"NFATC1","SIDM01138",2.05998806947011
"NFATC1","SIDM01139",-0.375453359168817
"NFATC1","SIDM01141",-0.317194467725996
"NFATC1","SIDM01144",-0.630213978808641
"NFATC1","SIDM01147",-1.63530744558582
"NFATC1","SIDM01148",-3.59709044419801
"NFATC1","SIDM01150",-1.56124380610954
"NFATC1","SIDM01151",1.31772091900847
"NFATC1","SIDM01154",0.673679365051647
"NFATC1","SIDM01156",0.514855887822187
"NFATC1","SIDM01158",0.652500675271709
"NFATC1","SIDM01164",1.62896954110814
"NFATC1","SIDM01165",0.192578055562075
"NFATC1","SIDM01167",1.62752429302918
"NFATC1","SIDM01169",0.125447239512378
"NFATC1","SIDM01170",-0.39969291775234
"NFATC1","SIDM01171",0.201506799684832
"NFATC1","SIDM01172",-0.391418618123992
"NFATC1","SIDM01176",-0.145057151218504
"NFATC1","SIDM01180",1.10457145775218
"NFATC1","SIDM01181",-1.67643276873192
"NFATC1","SIDM01182",0.445883107236565
"NFATC1","SIDM01184",0.656758611571435
"NFATC1","SIDM01186",-0.922750342161192
"NFATC1","SIDM01188",-0.0161693684413181
"NFATC1","SIDM01189",1.7695308607017
"NFATC1","SIDM01190",1.38231837893552
"NFATC1","SIDM01191",-0.528337671394712
"NFATC1","SIDM01193",-0.327799524539553
"NFATC1","SIDM01194",0.0502020940994132
"NFATC1","SIDM01195",0.44627659431026
"NFATC1","SIDM01196",-0.313096558355061
"NFATC1","SIDM01199",0.676420213946011
"NFATC1","SIDM01215",1.53414684462398
"NFATC1","SIDM01222",-1.08573121790887
"NFATC1","SIDM01241",-1.50116966819893
"NFATC1","SIDM01254",-0.333494209595749
"NFATC1","SIDM01265",-0.339908306528919
"NFATC1","SIDM01316",-1.42300947851671
"NFATC1","SIDM01318",-0.104862369980873
"NFATC1","SIDM01320",-0.349170329306428
"NFATC1","SIDM01321",0.124739835041532
"NFATC1","SIDM01322",1.41968017713069
"NFATC1","SIDM01323",1.75905021909381
"NFATC1","SIDM01324",1.82188868072407
"NFATC1","SIDM01325",1.25405003390791
"NFATC1","SIDM01331",0.0378523511920251
"NFATC1","SIDM01332",0.482129720934416
"NFATC1","SIDM01335",4.52910160962309
"NFATC1","SIDM01336",2.14233329491763
"NFATC1","SIDM01343",0.910443074193005
"NFATC1","SIDM01347",0.335092345880356
"NFATC1","SIDM01363",-0.96028575950888
"NFATC1","SIDM01368",0.825407884274506
"NFATC1","SIDM01372",0.976385190342031
"NFATC1","SIDM01377",0.486706538621604
"NFATC1","SIDM01378",-0.0572924626102593
"NFATC1","SIDM01387",0.684997460772899
"NFATC1","SIDM01391",-1.01231004468557
"NFATC1","SIDM01393",-1.27687309835924
"NFATC1","SIDM01394",2.18111264025555
"NFATC1","SIDM01397",1.61191996173296
"NFATC1","SIDM01398",1.37654502607322
"NFATC1","SIDM01409",1.76773676783023
"NFATC1","SIDM01411",0.494779887784573
"NFATC1","SIDM01412",0.46700380274896
"NFATC1","SIDM01413",0.635311608054492
"NFATC1","SIDM01432",2.82177150690363
"NFATC1","SIDM01433",-0.0905966259279935
"NFATC1","SIDM01434",0.141936153058293
"NFATC1","SIDM01435",0.811568036114972
"NFATC1","SIDM01436",-0.40987251759555
"NFATC1","SIDM01437",1.85295983357256
"NFATC1","SIDM01439",0.165376655857793
"NFATC1","SIDM01442",0.149078536509358
"NFATC1","SIDM01443",0.170245532519994
"NFATC1","SIDM01444",-0.119607419399265
"NFATC1","SIDM01445",0.471079953618908
"NFATC1","SIDM01446",1.8821568182362
"NFATC1","SIDM01447",0.961963944517026
"NFATC1","SIDM01449",0.338346528687594
"NFATC1","SIDM01450",-0.404899978553319
"NFATC1","SIDM01451",1.49383135296222
"NFATC1","SIDM01454",2.13180111914499
"NFATC1","SIDM01460",1.28068310217634
"NFATC1","SIDM01463",3.73870176360867
"NFATC1","SIDM01464",0.419762552857664
"NFATC1","SIDM01469",-1.10436417076635
"NFATC1","SIDM01470",-1.14123529452868
"NFATC1","SIDM01471",-0.500136301444903
"NFATC1","SIDM01472",1.16498512417888
"NFATC1","SIDM01473",-0.715256246143937
"NFATC1","SIDM01474",0.242459912194436
"NFATC1","SIDM01476",0.0372565439568671
"NFATC1","SIDM01479",0.75075847454609
"NFATC1","SIDM01480",-0.506722732669148
"NFATC1","SIDM01482",-1.07441097753641
"NFATC1","SIDM01490",-1.55166255253214
"NFATC1","SIDM01491",0.860441245439103
"NFATC1","SIDM01492",-0.589586881559409
"NFATC1","SIDM01494",0.57002855300707
"NFATC1","SIDM01498",0.655790837572018
"NFATC1","SIDM01502",0.657943104433516
"NFATC1","SIDM01503",-0.876140053006638
"NFATC1","SIDM01504",-1.19123757512127
"NFATC1","SIDM01510",-0.449458216726618
"NFATC1","SIDM01511",-0.643808403260427
"NFATC1","SIDM01512",1.34663350778503
"NFATC1","SIDM01517",1.52305606078071
"NFATC1","SIDM01518",1.17428312414925
"NFATC1","SIDM01519",-0.693924348863926
"NFATC1","SIDM01520",1.19694601214295
"NFATC1","SIDM01522",1.13548076423199
"NFATC1","SIDM01523",0.0810457102496785
"NFATC1","SIDM01525",0.15804931006353
"NFATC1","SIDM01526",-0.881957956026027
"NFATC1","SIDM01528",1.29076580442995
"NFATC1","SIDM01529",1.36450061150016
"NFATC1","SIDM01530",-0.871365950016715
"NFATC1","SIDM01531",0.359547660697732
"NFATC1","SIDM01545",1.04944632041221
"NFATC1","SIDM01546",0.405400345439795
"NFATC1","SIDM01551",-0.178575066858066
"NFATC1","SIDM01553",-0.229732655971869
"NFATC1","SIDM01554",0.95953755669289
"NFATC1","SIDM01556",0.323706949820439
"NFATC1","SIDM01559",1.08472579750184
"NFATC1","SIDM01560",0.0324511754398578
"NFATC1","SIDM01561",0.178114608674948
"NFATC1","SIDM01563",2.99321919068793
"NFATC1","SIDM01564",1.65847253003709
"NFATC1","SIDM01565",2.44869776994659
"NFATC1","SIDM01566",3.3207582983624
"NFATC1","SIDM01567",2.57349380720567
"NFATC1","SIDM01569",0.15811742326526
"NFATC1","SIDM01570",2.83234068111698
"NFATC1","SIDM01571",0.627116611771137
"NFATC1","SIDM01572",-2.15413251472805
"NFATC1","SIDM01573",-0.559249783475291
"NFATC1","SIDM01574",-0.373975758707865
"NFATC1","SIDM01575",-0.412376826282972
"NFATC1","SIDM01577",-0.210753071245506
"NFATC1","SIDM01578",1.1190827247112
"NFATC1","SIDM01580",4.26244563450829
"NFATC1","SIDM01581",0.175986072913839
"NFATC1","SIDM01582",-0.354646540053036
"NFATC1","SIDM01587",1.91965567201507
"NFATC1","SIDM01588",1.13914036851935
"NFATC1","SIDM01589",-0.339483298249704
"NFATC1","SIDM01590",4.49361843562446
"NFATC1","SIDM01591",3.67105795541339
"NFATC1","SIDM01593",0.576049857320512
"NFATC1","SIDM01594",3.63769098908745
"NFATC1","SIDM01596",0.512800259331516
"NFATC1","SIDM01598",-0.27836900313512
"NFATC1","SIDM01602",1.70713111230362
"NFATC1","SIDM01603",5.21198249775004
"NFATC1","SIDM01604",0.817853274038535
"NFATC1","SIDM01605",0.423251771574554
"NFATC1","SIDM01606",1.52512537463526
"NFATC1","SIDM01607",0.852490024538621
"NFATC1","SIDM01608",-0.861249467455621
"NFATC1","SIDM01609",-1.11239762910534
"NFATC1","SIDM01611",-0.809572533772789
"NFATC1","SIDM01612",0.257612955211542
"NFATC1","SIDM01613",2.35861044502604
"NFATC1","SIDM01614",0.246903628537328
"NFATC1","SIDM01615",1.01933914827016
"NFATC1","SIDM01616",1.2717490709619
"NFATC1","SIDM01617",-0.880879994469678
"NFATC1","SIDM01618",1.71889222130111
"NFATC1","SIDM01619",-1.01609371441979
"NFATC1","SIDM01622",0.676771156668662
"NFATC1","SIDM01624",1.03199737186644
"NFATC1","SIDM01628",-0.974660802173544
"NFATC1","SIDM01629",1.55551051341901
"NFATC1","SIDM01635",0.406176997003554
"NFATC1","SIDM01640",-0.104144110870638
"NFATC1","SIDM01657",-0.756700035113988
"NFATC1","SIDM01658",-0.664363855926392
"NFATC1","SIDM01659",2.12727278355036
"NFATC1","SIDM01660",3.52673021692716
"NFATC1","SIDM01662",-0.615044907479341
"NFATC1","SIDM01664",0.915662497287587
"NFATC1","SIDM01667",1.45216786797662
"NFATC1","SIDM01668",-1.99197673267081
"NFATC1","SIDM01672",-1.45036993833585
"NFATC1","SIDM01675",0.671004034836858
"NFATC1","SIDM01676",-1.60017065908161
"NFATC1","SIDM01679",-1.79679662463061
"NFATC1","SIDM01682",-0.19533552345236
"NFATC1","SIDM01685",0.471059177507556
"NFATC1","SIDM01686",0.100498080292233
"NFATC1","SIDM01689",0.903383805880057
"NFATC1","SIDM01690",-0.432034785638462
"NFATC1","SIDM01691",0.0373733406784092
"NFATC1","SIDM01692",10.2953518852907
"NFATC1","SIDM01693",-0.293275548201154
"NFATC1","SIDM01694",0.198867154534866
"NFATC1","SIDM01695",-0.599264568750038
"NFATC1","SIDM01696",3.57846147436445
"NFATC1","SIDM01697",4.59039100582681
"NFATC1","SIDM01698",4.7096293889545
"NFATC1","SIDM01699",3.64577719051835
"NFATC1","SIDM01701",7.68396941601359
"NFATC1","SIDM01702",3.28034263301167
"NFATC1","SIDM01703",4.7838505817966
"NFATC1","SIDM01704",3.23317252136238
"NFATC1","SIDM01705",2.46049943141482
"NFATC1","SIDM01709",3.418388894811
"NFATC1","SIDM01710",1.53552517422249
"NFATC1","SIDM01724",3.9952890675872
"NFATC1","SIDM01725",3.29293000048294
"NFATC1","SIDM01726",2.47662555869771
"NFATC1","SIDM01727",-0.349224532458772
"NFATC1","SIDM01728",1.33310893915489
"NFATC1","SIDM01729",-0.598837543959572
"NFATC1","SIDM01730",0.122980699237151
"NFATC1","SIDM01734",4.51872563318295
"NFATC1","SIDM01739",-1.21569251882345
"NFATC1","SIDM01741",3.34147214531561
"NFATC1","SIDM01743",1.03734744431867
"NFATC1","SIDM01746",2.35971085324613
"NFATC1","SIDM01749",1.09457685273261
"NFATC1","SIDM01750",1.04422193323755
"NFATC1","SIDM01752",-0.469580711644905
"NFATC1","SIDM01753",-0.0917927350165697
"NFATC1","SIDM01756",-0.299734571264713
"NFATC1","SIDM01757",0.823589357838258
"NFATC1","SIDM01758",-0.804954998864956
"NFATC1","SIDM01759",2.28346441016821
"NFATC1","SIDM01760",-1.33200463232305
"NFATC1","SIDM01761",1.63704545962154
"NFATC1","SIDM01762",-0.074818060108367
"NFATC1","SIDM01763",0.665568383073336
"NFATC1","SIDM01764",1.24671979705661
"NFATC1","SIDM01765",1.97268112891875
"NFATC1","SIDM01766",0.0760799095809727
"NFATC1","SIDM01767",-0.612806449497757
"NFATC1","SIDM01768",1.00699411228153
"NFATC1","SIDM01770",0.118554525077126
"NFATC1","SIDM01771",-0.903602681903173
"NFATC1","SIDM01772",2.86551796650307
"NFATC1","SIDM01773",0.480368905232835
"NFATC1","SIDM01774",-0.108778163646345
"NFATC1","SIDM01775",1.81425013434449
"NFATC1","SIDM01777",0.77264383622474
"NFATC1","SIDM01779",1.91865137423619
"NFATC1","SIDM01780",1.99207657020672
"NFATC1","SIDM01781",0.118216397921757
"NFATC1","SIDM01782",0.44705861789756
"NFATC1","SIDM01820",0.816692537484152
"NFATC1","SIDM01858",0.896047460820702
"NFATC1","SIDM01859",1.40867475423735
"NFATC1","SIDM01873",0.365506651856689
"NFKB1","SIDM00001",4.3025385205518
"NFKB1","SIDM00005",-2.92207316134599
"NFKB1","SIDM00008",4.51369668847085
"NFKB1","SIDM00011",-0.185915543922991
"NFKB1","SIDM00015",0.88268284065465
"NFKB1","SIDM00016",-0.189751943210486
"NFKB1","SIDM00017",1.99415981147551
"NFKB1","SIDM00029",-2.83158692524821
"NFKB1","SIDM00032",4.62183658348727
"NFKB1","SIDM00036",-1.30852730596593
"NFKB1","SIDM00046",1.02570866246174
"NFKB1","SIDM00062",0.715607398583666
"NFKB1","SIDM00063",1.68469892439136
"NFKB1","SIDM00065",0.0359549214198006
"NFKB1","SIDM00071",-1.42557415698399
"NFKB1","SIDM00074",0.437120430373391
"NFKB1","SIDM00078",3.53546790970525
"NFKB1","SIDM00079",0.247162108727725
"NFKB1","SIDM00080",-1.60894713532576
"NFKB1","SIDM00081",-0.0107103493600745
"NFKB1","SIDM00083",7.08416244293094
"NFKB1","SIDM00084",2.55392268231139
"NFKB1","SIDM00085",2.88763835779128
"NFKB1","SIDM00087",0.569985923765655
"NFKB1","SIDM00088",0.347474915298941
"NFKB1","SIDM00090",0.849799279592067
"NFKB1","SIDM00092",2.19092845617468
"NFKB1","SIDM00093",-1.19962312881305
"NFKB1","SIDM00095",4.09349592305921
"NFKB1","SIDM00097",-2.12623983152195
"NFKB1","SIDM00105",-1.13635405394141
"NFKB1","SIDM00107",-2.51168634640403
"NFKB1","SIDM00108",-1.61457209676979
"NFKB1","SIDM00116",-3.15557790561608
"NFKB1","SIDM00117",0.0101631686383276
"NFKB1","SIDM00119",-0.110122218219243
"NFKB1","SIDM00122",2.03210369196526
"NFKB1","SIDM00123",1.48605044043716
"NFKB1","SIDM00124",2.51666705020935
"NFKB1","SIDM00125",4.9051008265962
"NFKB1","SIDM00130",3.64756052115029
"NFKB1","SIDM00131",3.73722603259253
"NFKB1","SIDM00132",6.37372338877077
"NFKB1","SIDM00133",0.558785507688695
"NFKB1","SIDM00134",2.20106182147544
"NFKB1","SIDM00135",2.52773771956851
"NFKB1","SIDM00138",3.19929519181582
"NFKB1","SIDM00139",3.27739075564326
"NFKB1","SIDM00140",0.844779994281071
"NFKB1","SIDM00142",-1.54222809892061
"NFKB1","SIDM00143",-2.14495855550709
"NFKB1","SIDM00144",-0.0762400241390717
"NFKB1","SIDM00146",2.294252924718
"NFKB1","SIDM00147",-1.43140980625364
"NFKB1","SIDM00148",-1.7100367428389
"NFKB1","SIDM00149",2.36648251361518
"NFKB1","SIDM00150",-1.97348410086326
"NFKB1","SIDM00151",0.335529599614213
"NFKB1","SIDM00153",0.672697886002714
"NFKB1","SIDM00158",2.60678209107607
"NFKB1","SIDM00159",0.256237986229472
"NFKB1","SIDM00160",3.39890568731866
"NFKB1","SIDM00161",-1.03242695469098
"NFKB1","SIDM00162",-0.772902345887628
"NFKB1","SIDM00163",-0.55822957005588
"NFKB1","SIDM00164",-0.337096154752439
"NFKB1","SIDM00165",0.434275474614381
"NFKB1","SIDM00166",0.574070916397151
"NFKB1","SIDM00167",1.48336075719145
"NFKB1","SIDM00168",4.13328283077538
"NFKB1","SIDM00169",3.27972392211681
"NFKB1","SIDM00170",-1.42910274554729
"NFKB1","SIDM00171",4.13366686098715
"NFKB1","SIDM00173",3.46313670385332
"NFKB1","SIDM00192",-0.635177898395325
"NFKB1","SIDM00194",1.18216224877351
"NFKB1","SIDM00210",-0.468625824673297
"NFKB1","SIDM00212",1.1036968506725
"NFKB1","SIDM00213",2.90587233336472
"NFKB1","SIDM00217",0.516739813079513
"NFKB1","SIDM00220",-2.25990696166953
"NFKB1","SIDM00222",0.165439842871589
"NFKB1","SIDM00226",-2.03381188335155
"NFKB1","SIDM00228",0.484781837588435
"NFKB1","SIDM00235",3.03832777707649
"NFKB1","SIDM00237",0.761113557572428
"NFKB1","SIDM00238",-1.61169882968045
"NFKB1","SIDM00239",2.74262800674381
"NFKB1","SIDM00247",-0.617939161012385
"NFKB1","SIDM00248",1.92324821043773
"NFKB1","SIDM00249",1.48376464384312
"NFKB1","SIDM00250",0.576693160350051
"NFKB1","SIDM00271",-0.101249241343839
"NFKB1","SIDM00272",-1.10717284842677
"NFKB1","SIDM00273",-0.024929049430968
"NFKB1","SIDM00278",0.855461173740511
"NFKB1","SIDM00279",-1.95277235854881
"NFKB1","SIDM00280",-2.08742482455387
"NFKB1","SIDM00282",1.83094748726166
"NFKB1","SIDM00284",-0.607664748979373
"NFKB1","SIDM00286",-2.05807547591691
"NFKB1","SIDM00290",-2.39397590125784
"NFKB1","SIDM00298",0.147621098554742
"NFKB1","SIDM00301",-1.69917239511267
"NFKB1","SIDM00303",0.634167428275995
"NFKB1","SIDM00305",-0.896225701060587
"NFKB1","SIDM00306",-0.564430882169617
"NFKB1","SIDM00307",-1.89427510741804
"NFKB1","SIDM00312",-1.74406704448705
"NFKB1","SIDM00313",1.26035996718172
"NFKB1","SIDM00314",-1.26167535870992
"NFKB1","SIDM00315",-1.64127581936156
"NFKB1","SIDM00318",0.932768135426628
"NFKB1","SIDM00321",1.8759793187676
"NFKB1","SIDM00322",-0.925321944682716
"NFKB1","SIDM00325",-1.11543104393553
"NFKB1","SIDM00327",1.35876714838968
"NFKB1","SIDM00329",1.36926824402425
"NFKB1","SIDM00331",-1.07536235123661
"NFKB1","SIDM00333",0.0244007014577904
"NFKB1","SIDM00334",-1.94399805890282
"NFKB1","SIDM00335",-0.138311301371216
"NFKB1","SIDM00336",1.63081308263548
"NFKB1","SIDM00337",-0.0873946349764879
"NFKB1","SIDM00338",0.0798628547539625
"NFKB1","SIDM00339",1.65380019070778
"NFKB1","SIDM00340",-0.227938350882117
"NFKB1","SIDM00341",1.00173527540892
"NFKB1","SIDM00342",-0.420328887012943
"NFKB1","SIDM00344",1.7612835081626
"NFKB1","SIDM00345",1.8220236403149
"NFKB1","SIDM00347",-1.63421550492096
"NFKB1","SIDM00348",1.88506273434028
"NFKB1","SIDM00352",3.25745684336742
"NFKB1","SIDM00353",5.75446622654384
"NFKB1","SIDM00354",2.78716555350086
"NFKB1","SIDM00355",2.05607394628741
"NFKB1","SIDM00356",2.23310487443332
"NFKB1","SIDM00358",-2.27524683384685
"NFKB1","SIDM00359",-0.774009247581628
"NFKB1","SIDM00360",-1.11034824737844
"NFKB1","SIDM00363",1.59158339365873
"NFKB1","SIDM00368",-1.78527939672211
"NFKB1","SIDM00369",-0.0629875229018212
"NFKB1","SIDM00370",-0.519925769485481
"NFKB1","SIDM00373",0.524668401574962
"NFKB1","SIDM00376",-0.0144398744388055
"NFKB1","SIDM00380",1.22042009846738
"NFKB1","SIDM00382",2.81410909618506
"NFKB1","SIDM00386",-0.262082792577833
"NFKB1","SIDM00387",-3.04347435993425
"NFKB1","SIDM00390",0.0329038453273128
"NFKB1","SIDM00391",-1.63222162690128
"NFKB1","SIDM00392",0.267946241910715
"NFKB1","SIDM00395",-2.66303000257323
"NFKB1","SIDM00396",1.11484941323448
"NFKB1","SIDM00402",0.0330187420262378
"NFKB1","SIDM00403",1.0558120831775
"NFKB1","SIDM00405",0.20272441434877
"NFKB1","SIDM00419",-1.66326148547318
"NFKB1","SIDM00421",0.73468151819627
"NFKB1","SIDM00423",0.0173116240733737
"NFKB1","SIDM00425",2.692681353393
"NFKB1","SIDM00426",-0.812512786197531
"NFKB1","SIDM00428",2.01523885434838
"NFKB1","SIDM00429",-0.881077256097854
"NFKB1","SIDM00431",2.50106645874121
"NFKB1","SIDM00433",-2.03012744069529
"NFKB1","SIDM00434",0.275241695793541
"NFKB1","SIDM00435",-0.693458209502145
"NFKB1","SIDM00437",1.14802190684191
"NFKB1","SIDM00442",-0.120336836046865
"NFKB1","SIDM00443",-1.00532667298728
"NFKB1","SIDM00446",2.29758096948123
"NFKB1","SIDM00447",-0.223162568231983
"NFKB1","SIDM00449",0.232495003648806
"NFKB1","SIDM00450",2.35116519160912
"NFKB1","SIDM00451",0.206210684752406
"NFKB1","SIDM00452",-1.2334812088925
"NFKB1","SIDM00453",-0.678726687246387
"NFKB1","SIDM00454",0.231447854436257
"NFKB1","SIDM00455",0.155249233089426
"NFKB1","SIDM00457",-1.10813637151336
"NFKB1","SIDM00458",-0.329078961580042
"NFKB1","SIDM00460",1.64089821307453
"NFKB1","SIDM00461",0.377998167719588
"NFKB1","SIDM00462",4.22524571409876
"NFKB1","SIDM00463",-0.597716029780917
"NFKB1","SIDM00469",2.60766565956122
"NFKB1","SIDM00473",2.36279516668084
"NFKB1","SIDM00474",3.60483950595901
"NFKB1","SIDM00475",8.80987976585593
"NFKB1","SIDM00477",2.68426291657242
"NFKB1","SIDM00478",2.96414421201378
"NFKB1","SIDM00479",1.48627079709637
"NFKB1","SIDM00480",2.3144265102939
"NFKB1","SIDM00481",-0.676854153281029
"NFKB1","SIDM00484",-2.59679643435228
"NFKB1","SIDM00485",6.96593887529691
"NFKB1","SIDM00486",0.8156399098649
"NFKB1","SIDM00492",-1.05050765006056
"NFKB1","SIDM00493",2.95662986112384
"NFKB1","SIDM00494",-0.642047588146278
"NFKB1","SIDM00495",-0.31953041081833
"NFKB1","SIDM00497",-0.996187143913744
"NFKB1","SIDM00499",-3.7654191865743
"NFKB1","SIDM00500",-0.304343072906238
"NFKB1","SIDM00502",-0.956052955770194
"NFKB1","SIDM00503",1.30165184094774
"NFKB1","SIDM00505",-0.437292349613716
"NFKB1","SIDM00506",-2.43187788417732
"NFKB1","SIDM00509",-1.23968484380687
"NFKB1","SIDM00511",-2.29897533888245
"NFKB1","SIDM00512",1.0499992166866
"NFKB1","SIDM00513",1.10599594122695
"NFKB1","SIDM00515",1.60873266870917
"NFKB1","SIDM00521",-0.248773297073958
"NFKB1","SIDM00522",-0.779289990142758
"NFKB1","SIDM00523",-1.63862718277507
"NFKB1","SIDM00524",-2.73323789616748
"NFKB1","SIDM00525",0.364489792452506
"NFKB1","SIDM00526",-1.75074726825557
"NFKB1","SIDM00529",-2.69850529831346
"NFKB1","SIDM00531",2.6939929019725
"NFKB1","SIDM00533",0.86305721456099
"NFKB1","SIDM00536",-0.991074198016587
"NFKB1","SIDM00545",-1.09186777522369
"NFKB1","SIDM00546",-0.449273788625748
"NFKB1","SIDM00547",3.37473348566797
"NFKB1","SIDM00548",0.128868697204401
"NFKB1","SIDM00552",-1.02633589555045
"NFKB1","SIDM00554",-0.416244575267017
"NFKB1","SIDM00555",0.747549800383355
"NFKB1","SIDM00556",-2.66663066046141
"NFKB1","SIDM00557",-2.46683620989964
"NFKB1","SIDM00560",1.28218053787084
"NFKB1","SIDM00564",1.64453106465731
"NFKB1","SIDM00567",-0.972395791086442
"NFKB1","SIDM00568",0.842074759238057
"NFKB1","SIDM00570",0.842851032727944
"NFKB1","SIDM00571",0.796960548135246
"NFKB1","SIDM00572",3.34146004730832
"NFKB1","SIDM00575",1.1654398476941
"NFKB1","SIDM00578",-2.21519370475813
"NFKB1","SIDM00580",0.991146269727676
"NFKB1","SIDM00581",1.18057248482587
"NFKB1","SIDM00582",0.012433345004628
"NFKB1","SIDM00585",0.104808443434778
"NFKB1","SIDM00586",0.326484108677598
"NFKB1","SIDM00587",2.84662386392868
"NFKB1","SIDM00588",0.125643894569376
"NFKB1","SIDM00589",4.90856482844286
"NFKB1","SIDM00590",1.4118273070888
"NFKB1","SIDM00593",-0.79506742468623
"NFKB1","SIDM00594",-1.20139183986299
"NFKB1","SIDM00595",-1.11221045453968
"NFKB1","SIDM00598",-1.58134917046085
"NFKB1","SIDM00602",0.181453692666868
"NFKB1","SIDM00605",1.03729639692799
"NFKB1","SIDM00607",2.05912133026307
"NFKB1","SIDM00608",-0.160717626026871
"NFKB1","SIDM00609",2.47062692293873
"NFKB1","SIDM00610",0.730957455419411
"NFKB1","SIDM00611",11.1791312966856
"NFKB1","SIDM00613",1.08432989929744
"NFKB1","SIDM00614",0.0458501960573319
"NFKB1","SIDM00615",-0.103070815347348
"NFKB1","SIDM00616",-0.622387871950053
"NFKB1","SIDM00617",4.68890960487546
"NFKB1","SIDM00618",0.1205021130117
"NFKB1","SIDM00625",-0.775165234923737
"NFKB1","SIDM00628",1.05074750761588
"NFKB1","SIDM00629",1.37644581021708
"NFKB1","SIDM00630",0.0439611842711378
"NFKB1","SIDM00633",1.96796843592942
"NFKB1","SIDM00634",-2.56349661966179
"NFKB1","SIDM00637",2.13257939048019
"NFKB1","SIDM00639",0.594127434164646
"NFKB1","SIDM00640",2.69480277809998
"NFKB1","SIDM00641",-0.390912372057041
"NFKB1","SIDM00644",0.439464267225366
"NFKB1","SIDM00645",0.364075856663487
"NFKB1","SIDM00646",-2.34211561785749
"NFKB1","SIDM00649",-0.493785211369669
"NFKB1","SIDM00651",-2.4752622595922
"NFKB1","SIDM00652",-3.51477763286416
"NFKB1","SIDM00653",-4.27268753361748
"NFKB1","SIDM00654",-2.32579831482842
"NFKB1","SIDM00657",-0.802049715178343
"NFKB1","SIDM00658",-1.30595781236572
"NFKB1","SIDM00660",-0.347538781681825
"NFKB1","SIDM00661",0.835751116835194
"NFKB1","SIDM00662",2.42531318008557
"NFKB1","SIDM00663",0.489700877148283
"NFKB1","SIDM00664",0.0413000853610155
"NFKB1","SIDM00665",-0.673353416605342
"NFKB1","SIDM00666",2.82853675971987
"NFKB1","SIDM00669",1.1977898677766
"NFKB1","SIDM00670",0.881280202758667
"NFKB1","SIDM00671",1.36573181152977
"NFKB1","SIDM00672",1.32288162886458
"NFKB1","SIDM00673",1.26456627450902
"NFKB1","SIDM00675",-1.80641487692776
"NFKB1","SIDM00676",1.03721568346738
"NFKB1","SIDM00678",0.589612026450794
"NFKB1","SIDM00681",-0.574992178909312
"NFKB1","SIDM00683",-0.574476039430755
"NFKB1","SIDM00684",0.500938634577611
"NFKB1","SIDM00685",0.604128239527029
"NFKB1","SIDM00686",-0.127134823293843
"NFKB1","SIDM00687",1.93412319380195
"NFKB1","SIDM00689",-2.3210141116838
"NFKB1","SIDM00693",2.36934091119652
"NFKB1","SIDM00694",-1.90313019533748
"NFKB1","SIDM00695",0.422527945496572
"NFKB1","SIDM00697",-2.64249409204464
"NFKB1","SIDM00698",-2.13746703957538
"NFKB1","SIDM00702",2.33155862067763
"NFKB1","SIDM00703",0.999576078540685
"NFKB1","SIDM00704",-2.769449405193
"NFKB1","SIDM00706",-3.39079302073299
"NFKB1","SIDM00708",0.874381295659105
"NFKB1","SIDM00709",2.32677777005756
"NFKB1","SIDM00710",-4.00403030785997
"NFKB1","SIDM00711",-2.03737997258411
"NFKB1","SIDM00713",1.01866299377023
"NFKB1","SIDM00715",0.299616241757258
"NFKB1","SIDM00716",-0.555221195533898
"NFKB1","SIDM00718",-2.19900276190131
"NFKB1","SIDM00720",1.00277996012231
"NFKB1","SIDM00722",2.12388505786739
"NFKB1","SIDM00723",10.1476491922077
"NFKB1","SIDM00724",1.76258269815091
"NFKB1","SIDM00726",2.5460601123418
"NFKB1","SIDM00727",0.320065456946633
"NFKB1","SIDM00728",1.78823469686359
"NFKB1","SIDM00729",5.52423352409543
"NFKB1","SIDM00730",-3.34449744906672
"NFKB1","SIDM00731",-2.65958012019488
"NFKB1","SIDM00733",-2.41084600169344
"NFKB1","SIDM00734",0.860138253051474
"NFKB1","SIDM00735",-2.29536427453215
"NFKB1","SIDM00738",0.0522946359209026
"NFKB1","SIDM00739",1.41986999889925
"NFKB1","SIDM00740",0.312587388868028
"NFKB1","SIDM00741",-2.97117224275635
"NFKB1","SIDM00742",-2.84646083252549
"NFKB1","SIDM00743",1.75269116451329
"NFKB1","SIDM00744",-0.171179933575832
"NFKB1","SIDM00745",0.00893586649583893
"NFKB1","SIDM00746",3.20214026276573
"NFKB1","SIDM00747",-1.39398896598247
"NFKB1","SIDM00748",-2.62299294056269
"NFKB1","SIDM00749",-1.51694658745654
"NFKB1","SIDM00750",-0.288743010679183
"NFKB1","SIDM00751",1.52823002389292
"NFKB1","SIDM00753",0.866339351710007
"NFKB1","SIDM00754",1.03807146932053
"NFKB1","SIDM00755",-0.983650931033659
"NFKB1","SIDM00756",-0.103098538559201
"NFKB1","SIDM00757",0.552014428578057
"NFKB1","SIDM00759",0.256781285904302
"NFKB1","SIDM00760",-3.30103898295243
"NFKB1","SIDM00761",-0.379091462984409
"NFKB1","SIDM00762",0.481719076415022
"NFKB1","SIDM00763",-1.90413327433656
"NFKB1","SIDM00766",-3.6999740772469
"NFKB1","SIDM00768",4.44432252766611
"NFKB1","SIDM00769",0.110800598065985
"NFKB1","SIDM00771",1.07846034735986
"NFKB1","SIDM00772",0.651629660596246
"NFKB1","SIDM00774",-0.149809254357211
"NFKB1","SIDM00775",-0.0703129877588032
"NFKB1","SIDM00776",2.60486275740959
"NFKB1","SIDM00777",-1.15491998328461
"NFKB1","SIDM00778",0.343486002571565
"NFKB1","SIDM00779",-1.78511443633008
"NFKB1","SIDM00780",0.13932262838819
"NFKB1","SIDM00782",-0.311465509886987
"NFKB1","SIDM00784",1.33891339670637
"NFKB1","SIDM00785",-0.236673838188738
"NFKB1","SIDM00791",-1.8266341967221
"NFKB1","SIDM00795",-2.1654582069787
"NFKB1","SIDM00796",-0.00130579747872273
"NFKB1","SIDM00797",0.100421142939977
"NFKB1","SIDM00798",0.630611812986382
"NFKB1","SIDM00799",1.99471156663249
"NFKB1","SIDM00800",0.105343410621407
"NFKB1","SIDM00801",0.750045008419196
"NFKB1","SIDM00803",4.09933245785044
"NFKB1","SIDM00806",-1.15630917022216
"NFKB1","SIDM00812",0.406854720474372
"NFKB1","SIDM00823",1.07554963265037
"NFKB1","SIDM00828",-0.59219222124101
"NFKB1","SIDM00829",0.235520888142569
"NFKB1","SIDM00831",3.35671862752976
"NFKB1","SIDM00839",-1.88378431071035
"NFKB1","SIDM00840",1.12207257250058
"NFKB1","SIDM00844",1.17239891544406
"NFKB1","SIDM00845",-0.660669119159313
"NFKB1","SIDM00847",-1.13578985052747
"NFKB1","SIDM00848",-1.16405010590135
"NFKB1","SIDM00849",-1.68012952685055
"NFKB1","SIDM00850",-0.942098165176267
"NFKB1","SIDM00851",3.29194857488376
"NFKB1","SIDM00852",0.3118254060775
"NFKB1","SIDM00853",4.79342068908806
"NFKB1","SIDM00854",-0.309149506409788
"NFKB1","SIDM00855",-1.2978774969808
"NFKB1","SIDM00856",-2.17317060160471
"NFKB1","SIDM00857",-2.693586520882
"NFKB1","SIDM00858",1.64600969624533
"NFKB1","SIDM00860",0.363911413521529
"NFKB1","SIDM00861",3.44983488006904
"NFKB1","SIDM00862",2.91449535801726
"NFKB1","SIDM00865",-2.26329646540128
"NFKB1","SIDM00866",0.237184531852395
"NFKB1","SIDM00867",2.6427240390245
"NFKB1","SIDM00870",-1.54447218046629
"NFKB1","SIDM00872",1.31002050475364
"NFKB1","SIDM00874",-0.417512826051946
"NFKB1","SIDM00877",-2.33395255700092
"NFKB1","SIDM00878",0.559599717691566
"NFKB1","SIDM00879",-1.96955979822727
"NFKB1","SIDM00881",-0.0267481487422652
"NFKB1","SIDM00882",-1.65180097220128
"NFKB1","SIDM00884",0.915279242043676
"NFKB1","SIDM00886",-1.07734279080939
"NFKB1","SIDM00887",-0.862844675298909
"NFKB1","SIDM00888",-1.71206591291854
"NFKB1","SIDM00890",0.0598592209500062
"NFKB1","SIDM00892",1.9291594497948
"NFKB1","SIDM00893",-0.615851413066383
"NFKB1","SIDM00894",-2.98701569424275
"NFKB1","SIDM00897",-0.244236863604902
"NFKB1","SIDM00898",-0.422440823197343
"NFKB1","SIDM00899",1.84495944476137
"NFKB1","SIDM00901",-3.09931735139567
"NFKB1","SIDM00903",2.12955057627137
"NFKB1","SIDM00904",3.68631680130741
"NFKB1","SIDM00907",-1.50778886317659
"NFKB1","SIDM00909",0.262512763566479
"NFKB1","SIDM00910",-1.24484558955602
"NFKB1","SIDM00914",-0.675112387977736
"NFKB1","SIDM00918",-1.72650941554634
"NFKB1","SIDM00919",1.72639709063139
"NFKB1","SIDM00920",-1.69530520156558
"NFKB1","SIDM00921",-1.25922304126764
"NFKB1","SIDM00922",2.52939410694803
"NFKB1","SIDM00924",-1.01777926379616
"NFKB1","SIDM00925",0.821593855534153
"NFKB1","SIDM00926",-1.00057920983708
"NFKB1","SIDM00928",4.72984916712812
"NFKB1","SIDM00931",-1.39087992080091
"NFKB1","SIDM00932",1.86440392952269
"NFKB1","SIDM00933",-1.14040079331457
"NFKB1","SIDM00934",1.21462988194906
"NFKB1","SIDM00936",2.3414267824928
"NFKB1","SIDM00937",6.38540758746519
"NFKB1","SIDM00938",-1.83681815308176
"NFKB1","SIDM00939",2.50640272396767
"NFKB1","SIDM00940",0.155129898294129
"NFKB1","SIDM00941",6.67326751583658
"NFKB1","SIDM00942",3.84168884884067
"NFKB1","SIDM00943",1.52718768815226
"NFKB1","SIDM00944",-0.0204362280395071
"NFKB1","SIDM00945",0.172430326821163
"NFKB1","SIDM00947",0.879259140273405
"NFKB1","SIDM00949",1.71462959964602
"NFKB1","SIDM00950",0.743269266584367
"NFKB1","SIDM00955",-0.787589618288971
"NFKB1","SIDM00956",-0.230001703956757
"NFKB1","SIDM00957",-1.00092669755682
"NFKB1","SIDM00959",-1.46562065552732
"NFKB1","SIDM00961",0.183015605747402
"NFKB1","SIDM00963",-0.924992572088468
"NFKB1","SIDM00965",-2.16263241730499
"NFKB1","SIDM00979",0.292835194392826
"NFKB1","SIDM00980",1.57842376348836
"NFKB1","SIDM00981",-0.652438177717404
"NFKB1","SIDM00982",1.18580134027055
"NFKB1","SIDM00983",4.68096773290795
"NFKB1","SIDM00985",0.621201158922703
"NFKB1","SIDM00986",1.38421154069642
"NFKB1","SIDM00987",1.74408429714445
"NFKB1","SIDM00988",3.09571137319157
"NFKB1","SIDM00989",4.27136905472352
"NFKB1","SIDM00990",-1.58531249533718
"NFKB1","SIDM00991",0.679421628116382
"NFKB1","SIDM00992",3.19574344465998
"NFKB1","SIDM00993",2.59606402568072
"NFKB1","SIDM00994",1.18597603858213
"NFKB1","SIDM00996",2.01668495241874
"NFKB1","SIDM00997",4.36727878323338
"NFKB1","SIDM00998",0.0223413214647191
"NFKB1","SIDM00999",-1.44672562828826
"NFKB1","SIDM01000",0.804613752741349
"NFKB1","SIDM01001",-0.505841551464067
"NFKB1","SIDM01002",-0.503787866889607
"NFKB1","SIDM01003",-0.140717496709297
"NFKB1","SIDM01004",2.38013748947041
"NFKB1","SIDM01005",-1.08392588938402
"NFKB1","SIDM01008",0.146169901601406
"NFKB1","SIDM01009",-1.86027108921216
"NFKB1","SIDM01010",2.76720098386935
"NFKB1","SIDM01012",2.81410834577428
"NFKB1","SIDM01013",2.88410403308801
"NFKB1","SIDM01015",-0.502170864000331
"NFKB1","SIDM01016",-1.04031824241867
"NFKB1","SIDM01018",1.17574909456503
"NFKB1","SIDM01020",-1.12108885420454
"NFKB1","SIDM01022",3.42477632371309
"NFKB1","SIDM01023",0.641876182942696
"NFKB1","SIDM01024",-0.471173813127487
"NFKB1","SIDM01025",0.155898508846755
"NFKB1","SIDM01026",0.754090471240046
"NFKB1","SIDM01027",-0.567262074623048
"NFKB1","SIDM01028",-0.955500021393801
"NFKB1","SIDM01029",0.0963292524403052
"NFKB1","SIDM01030",-1.23756032034019
"NFKB1","SIDM01031",0.71895248957161
"NFKB1","SIDM01032",-0.842088056223812
"NFKB1","SIDM01033",-1.07126389764029
"NFKB1","SIDM01034",1.87007417377082
"NFKB1","SIDM01036",1.73904248115185
"NFKB1","SIDM01037",2.52737206754555
"NFKB1","SIDM01038",0.605641765015274
"NFKB1","SIDM01040",-0.50609732699526
"NFKB1","SIDM01043",6.69804110431942
"NFKB1","SIDM01044",3.71531466961342
"NFKB1","SIDM01045",-2.64067929705099
"NFKB1","SIDM01048",-0.210342947771583
"NFKB1","SIDM01049",4.0034885011535
"NFKB1","SIDM01051",-0.857488587072678
"NFKB1","SIDM01052",1.39396262501443
"NFKB1","SIDM01055",3.07949351903553
"NFKB1","SIDM01056",-0.75618674106834
"NFKB1","SIDM01057",-1.77823484774127
"NFKB1","SIDM01058",2.06462458325502
"NFKB1","SIDM01059",2.36856698912838
"NFKB1","SIDM01060",-1.24723550336652
"NFKB1","SIDM01062",0.668902078465868
"NFKB1","SIDM01063",0.156314939573933
"NFKB1","SIDM01066",-1.71067998157389
"NFKB1","SIDM01067",0.408112826165799
"NFKB1","SIDM01068",2.36047478176429
"NFKB1","SIDM01069",2.46515472271325
"NFKB1","SIDM01070",6.92027763879308
"NFKB1","SIDM01071",-3.54168700306196
"NFKB1","SIDM01072",0.343929327308892
"NFKB1","SIDM01074",2.98577859113225
"NFKB1","SIDM01077",-3.5177954547356
"NFKB1","SIDM01078",-2.72448122146924
"NFKB1","SIDM01079",-0.753795866184463
"NFKB1","SIDM01080",-0.300831926039198
"NFKB1","SIDM01081",2.13508504216015
"NFKB1","SIDM01082",9.96442531103938
"NFKB1","SIDM01083",8.48605013030851
"NFKB1","SIDM01084",-1.18079876082848
"NFKB1","SIDM01085",-0.517124232654062
"NFKB1","SIDM01086",-0.455575428877366
"NFKB1","SIDM01087",0.934529942141032
"NFKB1","SIDM01088",1.13845202404405
"NFKB1","SIDM01089",-0.694739190613708
"NFKB1","SIDM01096",-0.123499030507565
"NFKB1","SIDM01099",-2.96305026946909
"NFKB1","SIDM01100",-2.44839277958112
"NFKB1","SIDM01101",-1.55425880573246
"NFKB1","SIDM01103",1.12882018796823
"NFKB1","SIDM01104",2.24708569968155
"NFKB1","SIDM01105",-2.20387971133508
"NFKB1","SIDM01106",1.7828534828668
"NFKB1","SIDM01107",-0.868587969828434
"NFKB1","SIDM01108",-1.32410322547697
"NFKB1","SIDM01109",0.073420829385328
"NFKB1","SIDM01110",3.10730024279782
"NFKB1","SIDM01111",-3.39965596909979
"NFKB1","SIDM01112",0.85606478092411
"NFKB1","SIDM01113",-2.05277896973019
"NFKB1","SIDM01116",-2.51229044225333
"NFKB1","SIDM01119",0.0330493168490942
"NFKB1","SIDM01121",-2.38681184306127
"NFKB1","SIDM01123",-2.74103043801849
"NFKB1","SIDM01124",0.789021803116422
"NFKB1","SIDM01125",9.05547287078199
"NFKB1","SIDM01127",6.82141363345991
"NFKB1","SIDM01128",-2.16904176462872
"NFKB1","SIDM01129",-2.26179280111578
"NFKB1","SIDM01130",-1.74920558440246
"NFKB1","SIDM01131",-1.76801038112584
"NFKB1","SIDM01134",-4.0954733916855
"NFKB1","SIDM01135",0.700017739068097
"NFKB1","SIDM01136",3.76357695829302
"NFKB1","SIDM01137",3.72708276218715
"NFKB1","SIDM01138",4.73080721021647
"NFKB1","SIDM01139",0.297114392014037
"NFKB1","SIDM01141",-0.294275665145077
"NFKB1","SIDM01144",1.7028514199917
"NFKB1","SIDM01147",-2.64466991963679
"NFKB1","SIDM01148",-0.713129356255246
"NFKB1","SIDM01150",-2.44066756087831
"NFKB1","SIDM01151",-0.52678385396958
"NFKB1","SIDM01154",-1.44456089292766
"NFKB1","SIDM01156",-1.09920481350426
"NFKB1","SIDM01158",0.49693792171575
"NFKB1","SIDM01164",1.01235361571228
"NFKB1","SIDM01165",2.22202422920656
"NFKB1","SIDM01167",1.59319749258633
"NFKB1","SIDM01169",-0.087286867892041
"NFKB1","SIDM01170",-1.94344896936855
"NFKB1","SIDM01171",2.39230649705748
"NFKB1","SIDM01172",0.942936944123913
"NFKB1","SIDM01176",-1.13640446751521
"NFKB1","SIDM01180",2.67609291476659
"NFKB1","SIDM01181",-3.14696874615716
"NFKB1","SIDM01182",-0.199924097600625
"NFKB1","SIDM01184",1.62879828950615
"NFKB1","SIDM01186",-0.70299442962091
"NFKB1","SIDM01188",3.7230449703874
"NFKB1","SIDM01189",1.58404793648986
"NFKB1","SIDM01190",1.41169035320286
"NFKB1","SIDM01191",-2.18941567973819
"NFKB1","SIDM01193",-0.689624116635016
"NFKB1","SIDM01194",-0.0928434326532163
"NFKB1","SIDM01195",-0.54072367596087
"NFKB1","SIDM01196",2.40529252677186
"NFKB1","SIDM01199",1.19361536296841
"NFKB1","SIDM01215",2.32235850841344
"NFKB1","SIDM01222",-2.26055908744709
"NFKB1","SIDM01241",-2.27961113852118
"NFKB1","SIDM01254",0.0839886747130606
"NFKB1","SIDM01265",1.41490328547292
"NFKB1","SIDM01316",-2.49227098624777
"NFKB1","SIDM01318",3.01728689306497
"NFKB1","SIDM01320",0.0355393952342143
"NFKB1","SIDM01321",1.18184189063503
"NFKB1","SIDM01322",7.325641378415
"NFKB1","SIDM01323",6.26699051844022
"NFKB1","SIDM01324",4.75959689034042
"NFKB1","SIDM01325",5.66916107171216
"NFKB1","SIDM01331",1.45770842699967
"NFKB1","SIDM01332",3.61292973914684
"NFKB1","SIDM01335",5.20047682033687
"NFKB1","SIDM01336",1.73535376727525
"NFKB1","SIDM01343",1.26051189443988
"NFKB1","SIDM01347",1.55512422842258
"NFKB1","SIDM01363",0.864471222319898
"NFKB1","SIDM01368",3.18592425843567
"NFKB1","SIDM01372",3.25740853092377
"NFKB1","SIDM01377",0.0773416788454485
"NFKB1","SIDM01378",0.999378430756492
"NFKB1","SIDM01387",2.33443173144346
"NFKB1","SIDM01391",-2.70921492496399
"NFKB1","SIDM01393",-0.355927362192653
"NFKB1","SIDM01394",2.64990793577622
"NFKB1","SIDM01397",0.558326432518952
"NFKB1","SIDM01398",-1.19300537563028
"NFKB1","SIDM01409",3.40824091931102
"NFKB1","SIDM01411",0.891609675693018
"NFKB1","SIDM01412",1.61252629203457
"NFKB1","SIDM01413",0.626570918095766
"NFKB1","SIDM01432",3.8397078622752
"NFKB1","SIDM01433",-0.10092805865025
"NFKB1","SIDM01434",0.102618897857517
"NFKB1","SIDM01435",1.81481149017616
"NFKB1","SIDM01436",0.627698121395954
"NFKB1","SIDM01437",7.18909670117743
"NFKB1","SIDM01439",1.57314814223346
"NFKB1","SIDM01442",1.23894076722956
"NFKB1","SIDM01443",0.919810379650005
"NFKB1","SIDM01444",0.0122661441540789
"NFKB1","SIDM01445",2.78060172122659
"NFKB1","SIDM01446",2.05158188620727
"NFKB1","SIDM01447",0.230513856889059
"NFKB1","SIDM01449",2.44739766701772
"NFKB1","SIDM01450",-0.451979681246819
"NFKB1","SIDM01451",5.02546349368103
"NFKB1","SIDM01454",5.91943082149261
"NFKB1","SIDM01460",0.49959168894407
"NFKB1","SIDM01463",2.93986733764398
"NFKB1","SIDM01464",2.09103442233965
"NFKB1","SIDM01469",-0.0189980940501764
"NFKB1","SIDM01470",-1.16655286909268
"NFKB1","SIDM01471",-0.255417424079757
"NFKB1","SIDM01472",1.94870627885684
"NFKB1","SIDM01473",-0.534354517530377
"NFKB1","SIDM01474",2.27581778380816
"NFKB1","SIDM01476",0.0236961860639189
"NFKB1","SIDM01479",3.50331119873373
"NFKB1","SIDM01480",-0.458710728185934
"NFKB1","SIDM01482",-2.39543961472322
"NFKB1","SIDM01490",-2.78305715640743
"NFKB1","SIDM01491",0.593939165307101
"NFKB1","SIDM01492",-0.124857897818165
"NFKB1","SIDM01494",-0.302477839131145
"NFKB1","SIDM01498",0.753490326457178
"NFKB1","SIDM01502",3.81972623238973
"NFKB1","SIDM01503",-2.38425172923219
"NFKB1","SIDM01504",-2.13349993051904
"NFKB1","SIDM01510",-0.0719946863084596
"NFKB1","SIDM01511",-1.75593736969785
"NFKB1","SIDM01512",4.44949145925608
"NFKB1","SIDM01517",3.21684004065188
"NFKB1","SIDM01518",5.54574413443238
"NFKB1","SIDM01519",-1.31403965010777
"NFKB1","SIDM01520",3.29330112458941
"NFKB1","SIDM01522",2.00951582067921
"NFKB1","SIDM01523",1.55455556030412
"NFKB1","SIDM01525",0.41645876284613
"NFKB1","SIDM01526",0.570850296687233
"NFKB1","SIDM01528",2.25355453399639
"NFKB1","SIDM01529",1.66570111590262
"NFKB1","SIDM01530",-0.380539710011037
"NFKB1","SIDM01531",1.97991546589049
"NFKB1","SIDM01545",1.35407748298843
"NFKB1","SIDM01546",0.180489996066985
"NFKB1","SIDM01551",0.516555739313244
"NFKB1","SIDM01553",-1.2078991131517
"NFKB1","SIDM01554",3.36892420842258
"NFKB1","SIDM01556",3.34026281581539
"NFKB1","SIDM01559",1.02858195723229
"NFKB1","SIDM01560",0.00373627220120275
"NFKB1","SIDM01561",-0.586943837902208
"NFKB1","SIDM01563",3.96951720405165
"NFKB1","SIDM01564",6.81495142526377
"NFKB1","SIDM01565",1.75246630306632
"NFKB1","SIDM01566",2.2261448597957
"NFKB1","SIDM01567",3.83515926515904
"NFKB1","SIDM01569",0.0304911935680893
"NFKB1","SIDM01570",6.48088436609766
"NFKB1","SIDM01571",0.54317453416757
"NFKB1","SIDM01572",-3.64079782668165
"NFKB1","SIDM01573",0.10932255385553
"NFKB1","SIDM01574",0.106550397877054
"NFKB1","SIDM01575",1.01336456648424
"NFKB1","SIDM01577",-0.18968741429151
"NFKB1","SIDM01578",1.70602702832891
"NFKB1","SIDM01580",2.40343805152397
"NFKB1","SIDM01581",1.01191058751562
"NFKB1","SIDM01582",0.270943157354305
"NFKB1","SIDM01587",3.64624831858568
"NFKB1","SIDM01588",3.0177910683575
"NFKB1","SIDM01589",0.378443661663008
"NFKB1","SIDM01590",2.69497053324469
"NFKB1","SIDM01591",2.87630309267521
"NFKB1","SIDM01593",-0.498419396971221
"NFKB1","SIDM01594",2.67861979265355
"NFKB1","SIDM01596",0.786034370735609
"NFKB1","SIDM01598",0.250280872767609
"NFKB1","SIDM01602",2.87813705861288
"NFKB1","SIDM01603",6.54828658115644
"NFKB1","SIDM01604",0.485217002762227
"NFKB1","SIDM01605",3.22552925961324
"NFKB1","SIDM01606",6.41418489207641
"NFKB1","SIDM01607",0.521890460560192
"NFKB1","SIDM01608",-2.39432563420847
"NFKB1","SIDM01609",-0.838384222402063
"NFKB1","SIDM01611",-1.8710164885988
"NFKB1","SIDM01612",0.227645039717002
"NFKB1","SIDM01613",0.730227786956591
"NFKB1","SIDM01614",-0.639170596286729
"NFKB1","SIDM01615",3.20897116057337
"NFKB1","SIDM01616",1.66985648307033
"NFKB1","SIDM01617",-2.40390727505605
"NFKB1","SIDM01618",0.0563385768976209
"NFKB1","SIDM01619",-1.90817212415522
"NFKB1","SIDM01622",-1.84125237863508
"NFKB1","SIDM01624",1.48563135004238
"NFKB1","SIDM01628",-0.291784788561368
"NFKB1","SIDM01629",-0.742386025855311
"NFKB1","SIDM01635",1.71362481293631
"NFKB1","SIDM01640",-1.21817416090938
"NFKB1","SIDM01657",-1.20272875323347
"NFKB1","SIDM01658",-0.446793373422473
"NFKB1","SIDM01659",3.25046651292978
"NFKB1","SIDM01660",4.46754101406871
"NFKB1","SIDM01662",-0.599780229282529
"NFKB1","SIDM01664",0.049386950053609
"NFKB1","SIDM01667",1.34602743627952
"NFKB1","SIDM01668",-4.19199749890455
"NFKB1","SIDM01672",-3.06196417405067
"NFKB1","SIDM01675",-1.68429724024045
"NFKB1","SIDM01676",-3.04164427078518
"NFKB1","SIDM01679",-3.46241607670816
"NFKB1","SIDM01682",-0.609012657969563
"NFKB1","SIDM01685",-0.262893760283359
"NFKB1","SIDM01686",-1.10983368024745
"NFKB1","SIDM01689",-0.0668349727210872
"NFKB1","SIDM01690",-0.767282844191341
"NFKB1","SIDM01691",0.445848807895205
"NFKB1","SIDM01692",8.32148762546196
"NFKB1","SIDM01693",-0.897778483461019
"NFKB1","SIDM01694",-0.351885921078388
"NFKB1","SIDM01695",-0.812078795252381
"NFKB1","SIDM01696",5.97494768380884
"NFKB1","SIDM01697",4.73444289886077
"NFKB1","SIDM01698",2.09612312101513
"NFKB1","SIDM01699",3.99953221071859
"NFKB1","SIDM01701",5.82438153228298
"NFKB1","SIDM01702",1.21608317565945
"NFKB1","SIDM01703",3.29137485813119
"NFKB1","SIDM01704",-0.623200054640667
"NFKB1","SIDM01705",1.98549782791276
"NFKB1","SIDM01709",2.20650849847451
"NFKB1","SIDM01710",3.84919632573331
"NFKB1","SIDM01724",1.86976817658744
"NFKB1","SIDM01725",3.41910393561798
"NFKB1","SIDM01726",3.55229114028969
"NFKB1","SIDM01727",-0.718228709838173
"NFKB1","SIDM01728",2.93593960546102
"NFKB1","SIDM01729",-1.18221899908008
"NFKB1","SIDM01730",0.0079743502860016
"NFKB1","SIDM01734",9.6570025495964
"NFKB1","SIDM01739",-2.66496883050395
"NFKB1","SIDM01741",2.71637446384211
"NFKB1","SIDM01743",3.1052536747422
"NFKB1","SIDM01746",4.44635988504006
"NFKB1","SIDM01749",1.99364806380232
"NFKB1","SIDM01750",-1.0049076658325
"NFKB1","SIDM01752",-0.016326258219909
"NFKB1","SIDM01753",2.5469393431927
"NFKB1","SIDM01756",-0.586924159204047
"NFKB1","SIDM01757",1.81295488181105
"NFKB1","SIDM01758",-1.92368542648393
"NFKB1","SIDM01759",2.20079171883609
"NFKB1","SIDM01760",-1.93124760882942
"NFKB1","SIDM01761",1.20690016593493
"NFKB1","SIDM01762",0.426351743241137
"NFKB1","SIDM01763",0.785565215908141
"NFKB1","SIDM01764",2.71415869587765
"NFKB1","SIDM01765",2.09672479382026
"NFKB1","SIDM01766",-1.01641893680363
"NFKB1","SIDM01767",0.497923909753628
"NFKB1","SIDM01768",0.173907700627917
"NFKB1","SIDM01770",3.61246940402593
"NFKB1","SIDM01771",-1.93112331149273
"NFKB1","SIDM01772",4.7885182025763
"NFKB1","SIDM01773",6.17570212178227
"NFKB1","SIDM01774",0.787576071661606
"NFKB1","SIDM01775",1.27840487188727
"NFKB1","SIDM01777",2.75941337835724
"NFKB1","SIDM01779",4.61841444810172
"NFKB1","SIDM01780",3.34524078207353
"NFKB1","SIDM01781",1.68207479612541
"NFKB1","SIDM01782",1.54935701782475
"NFKB1","SIDM01820",2.20796663816845
"NFKB1","SIDM01858",2.16833583663214
"NFKB1","SIDM01859",0.828386170925702
"NFKB1","SIDM01873",-0.480534284270741
"RELA","SIDM00001",3.08464186847281
"RELA","SIDM00005",-3.59570943729365
"RELA","SIDM00008",3.99927421920504
"RELA","SIDM00011",-0.127614412855725
"RELA","SIDM00015",0.498863034131716
"RELA","SIDM00016",-0.946489095945748
"RELA","SIDM00017",2.5630935190608
"RELA","SIDM00029",-2.97178869710026
"RELA","SIDM00032",4.60927180886794
"RELA","SIDM00036",-1.56912472554574
"RELA","SIDM00046",0.0404025175161879
"RELA","SIDM00062",-0.972844329626562
"RELA","SIDM00063",1.52475823663093
"RELA","SIDM00065",0.0280417360545611
"RELA","SIDM00071",-1.4421148084582
"RELA","SIDM00074",-0.664454751232487
"RELA","SIDM00078",3.59860422834956
"RELA","SIDM00079",0.00656942353650555
"RELA","SIDM00080",-1.28760896469142
"RELA","SIDM00081",0.283167909607047
"RELA","SIDM00083",5.41737902263207
"RELA","SIDM00084",2.68827714840491
"RELA","SIDM00085",4.7328916563418
"RELA","SIDM00087",-0.225662244412521
"RELA","SIDM00088",-0.0713087757761023
"RELA","SIDM00090",1.23224213683981
"RELA","SIDM00092",1.51736006110577
"RELA","SIDM00093",-1.67883539757843
"RELA","SIDM00095",4.35836687471438
"RELA","SIDM00097",-4.07827277882766
"RELA","SIDM00105",-1.76414012404937
"RELA","SIDM00107",-2.06954707654039
"RELA","SIDM00108",-0.759930525385957
"RELA","SIDM00116",-3.18535386142339
"RELA","SIDM00117",-0.489147997449851
"RELA","SIDM00119",-0.870196128371718
"RELA","SIDM00122",2.74925774142999
"RELA","SIDM00123",0.955687206433303
"RELA","SIDM00124",2.10048201750628
"RELA","SIDM00125",4.32651463496718
"RELA","SIDM00130",2.85773554694637
"RELA","SIDM00131",3.81980453035044
"RELA","SIDM00132",7.45811507156717
"RELA","SIDM00133",0.449600449103352
"RELA","SIDM00134",2.31999304981161
"RELA","SIDM00135",3.26568713291726
"RELA","SIDM00138",1.22002008667493
"RELA","SIDM00139",3.18395748737201
"RELA","SIDM00140",0.863107443322337
"RELA","SIDM00142",-1.54913971142628
"RELA","SIDM00143",-2.51778448825897
"RELA","SIDM00144",-0.746392121489517
"RELA","SIDM00146",2.2690236538609
"RELA","SIDM00147",-2.15730266115583
"RELA","SIDM00148",-2.60157608976882
"RELA","SIDM00149",3.15728988972688
"RELA","SIDM00150",-4.07057719038058
"RELA","SIDM00151",-0.684808041471395
"RELA","SIDM00153",-2.12783102674106
"RELA","SIDM00158",2.28988475270205
"RELA","SIDM00159",0.0925383656374614
"RELA","SIDM00160",2.74262379982267
"RELA","SIDM00161",-1.42794310361997
"RELA","SIDM00162",-1.89090228436011
"RELA","SIDM00163",-0.490045153651483
"RELA","SIDM00164",-1.25616825272208
"RELA","SIDM00165",0.555453214574293
"RELA","SIDM00166",0.174712642818542
"RELA","SIDM00167",1.61308635535953
"RELA","SIDM00168",3.73409354390421
"RELA","SIDM00169",3.05696703855332
"RELA","SIDM00170",-1.38981705012471
"RELA","SIDM00171",3.23620738487435
"RELA","SIDM00173",3.21618058409883
"RELA","SIDM00192",-1.14656712927847
"RELA","SIDM00194",-0.182591997697256
"RELA","SIDM00210",-1.09595031316024
"RELA","SIDM00212",0.87266858384849
"RELA","SIDM00213",2.98531943208696
"RELA","SIDM00217",-1.42188616278228
"RELA","SIDM00220",-2.98378578079081
"RELA","SIDM00222",0.932956595239783
"RELA","SIDM00226",-1.82391712286468
"RELA","SIDM00228",0.276392808050948
"RELA","SIDM00235",2.24679944280374
"RELA","SIDM00237",1.16004040613088
"RELA","SIDM00238",-0.882679800207815
"RELA","SIDM00239",1.9054957828473
"RELA","SIDM00247",-0.830355978888896
"RELA","SIDM00248",1.18924620317795
"RELA","SIDM00249",1.38065303707505
"RELA","SIDM00250",0.0108933141640912
"RELA","SIDM00271",-0.217149035602938
"RELA","SIDM00272",-1.97940160276423
"RELA","SIDM00273",-0.287657818777677
"RELA","SIDM00278",0.381899796955419
"RELA","SIDM00279",-2.3331665856093
"RELA","SIDM00280",-2.7959689705608
"RELA","SIDM00282",0.638110465872748
"RELA","SIDM00284",-0.325263772774961
"RELA","SIDM00286",-2.71579917297635
"RELA","SIDM00290",-1.37974024585635
"RELA","SIDM00298",-1.16159879292462
"RELA","SIDM00301",-1.45612415996053
"RELA","SIDM00303",1.04797182208153
"RELA","SIDM00305",-1.14471541897564
"RELA","SIDM00306",-0.425180449377351
"RELA","SIDM00307",-2.03141122174762
"RELA","SIDM00312",-2.15334945816241
"RELA","SIDM00313",1.24666702123462
"RELA","SIDM00314",-1.9169577301095
"RELA","SIDM00315",-0.841375753932011
"RELA","SIDM00318",0.0710732817140005
"RELA","SIDM00321",1.35996331554524
"RELA","SIDM00322",-1.40899344558269
"RELA","SIDM00325",-1.15512989730653
"RELA","SIDM00327",1.05006627845998
"RELA","SIDM00329",0.593694374774341
"RELA","SIDM00331",-0.991626520335243
"RELA","SIDM00333",-0.766333480781823
"RELA","SIDM00334",-2.93614482736639
"RELA","SIDM00335",-3.65969341829068
"RELA","SIDM00336",1.36880160270717
"RELA","SIDM00337",-0.129049648169164
"RELA","SIDM00338",2.19240186865681
"RELA","SIDM00339",1.11215603942065
"RELA","SIDM00340",-1.1903137536984
"RELA","SIDM00341",0.968873423363422
"RELA","SIDM00342",-2.05395993141837
"RELA","SIDM00344",0.887870905050436
"RELA","SIDM00345",1.22892458384324
"RELA","SIDM00347",-1.65761647772312
"RELA","SIDM00348",1.53788055022632
"RELA","SIDM00352",2.50264097012783
"RELA","SIDM00353",6.08035448619259
"RELA","SIDM00354",3.32485245244246
"RELA","SIDM00355",1.25216302462262
"RELA","SIDM00356",1.00101354592122
"RELA","SIDM00358",-2.63295358832611
"RELA","SIDM00359",-1.90281917038699
"RELA","SIDM00360",-1.12039501317705
"RELA","SIDM00363",1.74629101601406
"RELA","SIDM00368",-2.47608593934566
"RELA","SIDM00369",-0.0654679415344367
"RELA","SIDM00370",-1.3389532799894
"RELA","SIDM00373",0.616105798737407
"RELA","SIDM00376",-0.200975748217599
"RELA","SIDM00380",1.02341838036954
"RELA","SIDM00382",3.09120226563373
"RELA","SIDM00386",-0.393484985579968
"RELA","SIDM00387",-3.07908875821356
"RELA","SIDM00390",-0.120175080317475
"RELA","SIDM00391",-1.77870955919446
"RELA","SIDM00392",-0.211620846718811
"RELA","SIDM00395",-2.83512794839402
"RELA","SIDM00396",1.54632976998578
"RELA","SIDM00402",0.235243922608727
"RELA","SIDM00403",-0.509751942936489
"RELA","SIDM00405",-0.962912715573399
"RELA","SIDM00419",-1.69124114420486
"RELA","SIDM00421",0.672760195474016
"RELA","SIDM00423",0.106773521395727
"RELA","SIDM00425",1.97588843527571
"RELA","SIDM00426",-0.289416812471474
"RELA","SIDM00428",1.29257608474546
"RELA","SIDM00429",-1.71137341693444
"RELA","SIDM00431",0.751982771632107
"RELA","SIDM00433",-2.92674544668279
"RELA","SIDM00434",-0.00744978435017791
"RELA","SIDM00435",-0.47633080158014
"RELA","SIDM00437",0.837321279917005
"RELA","SIDM00442",0.0385254401687357
"RELA","SIDM00443",-1.29645208299376
"RELA","SIDM00446",1.83936880968764
"RELA","SIDM00447",-0.163287346451174
"RELA","SIDM00449",1.32353998305084
"RELA","SIDM00450",1.89991585022366
"RELA","SIDM00451",-1.33608000793868
"RELA","SIDM00452",-1.9964314034634
"RELA","SIDM00453",-0.232756067287177
"RELA","SIDM00454",0.775476069881431
"RELA","SIDM00455",0.370451550962792
"RELA","SIDM00457",-1.95732432919161
"RELA","SIDM00458",-0.777620851348955
"RELA","SIDM00460",1.30073411373302
"RELA","SIDM00461",0.550231325105388
"RELA","SIDM00462",2.82803355636124
"RELA","SIDM00463",-1.79107425679566
"RELA","SIDM00469",2.36808180663351
"RELA","SIDM00473",1.19126974784787
"RELA","SIDM00474",3.85227481384263
"RELA","SIDM00475",6.77135348444205
"RELA","SIDM00477",1.84392999564629
"RELA","SIDM00478",2.30327367768189
"RELA","SIDM00479",0.210129136939358
"RELA","SIDM00480",2.53584621418334
"RELA","SIDM00481",-1.87604229020206
"RELA","SIDM00484",-2.97655061547751
"RELA","SIDM00485",6.07053049351314
"RELA","SIDM00486",1.03825075534525
"RELA","SIDM00492",-0.51888671977407
"RELA","SIDM00493",2.99865865230989
"RELA","SIDM00494",-1.19508330362437
"RELA","SIDM00495",-0.30923942087419
"RELA","SIDM00497",-1.30348279940951
"RELA","SIDM00499",-4.19859336588832
"RELA","SIDM00500",-1.28104671246592
"RELA","SIDM00502",-1.33452182409531
"RELA","SIDM00503",0.56238709234861
"RELA","SIDM00505",-1.25259369884843
"RELA","SIDM00506",-2.2775539150329
"RELA","SIDM00509",-1.66125799394525
"RELA","SIDM00511",-2.34569772713491
"RELA","SIDM00512",0.636748739034815
"RELA","SIDM00513",0.359338451243208
"RELA","SIDM00515",0.385994393229877
"RELA","SIDM00521",1.9581629431418
"RELA","SIDM00522",-1.20158749185926
"RELA","SIDM00523",-2.19538969800572
"RELA","SIDM00524",-2.41436761216129
"RELA","SIDM00525",0.46957941163601
"RELA","SIDM00526",-1.99948145398022
"RELA","SIDM00529",-2.58339573732029
"RELA","SIDM00531",2.12224621772563
"RELA","SIDM00533",0.476300662581668
"RELA","SIDM00536",-2.38356913933795
"RELA","SIDM00545",-1.02721855156886
"RELA","SIDM00546",0.0533832232574687
"RELA","SIDM00547",2.57017336240849
"RELA","SIDM00548",0.747799422427206
"RELA","SIDM00552",-2.45302529639123
"RELA","SIDM00554",-1.43522914746852
"RELA","SIDM00555",0.83096581051299
"RELA","SIDM00556",-2.6253600492241
"RELA","SIDM00557",-2.7266378773172
"RELA","SIDM00560",1.09382625795626
"RELA","SIDM00564",0.499931649818916
"RELA","SIDM00567",-0.236624171344771
"RELA","SIDM00568",-0.857013207119926
"RELA","SIDM00570",0.990392006106593
"RELA","SIDM00571",-0.362989944882137
"RELA","SIDM00572",3.73474772215472
"RELA","SIDM00575",1.54744363993698
"RELA","SIDM00578",-2.25402573838962
"RELA","SIDM00580",1.07982015339077
"RELA","SIDM00581",0.861430423912452
"RELA","SIDM00582",-1.07234160388784
"RELA","SIDM00585",1.14798047343157
"RELA","SIDM00586",0.358949090212161
"RELA","SIDM00587",2.80747911310021
"RELA","SIDM00588",-0.653746853476191
"RELA","SIDM00589",6.05504740564432
"RELA","SIDM00590",1.08673900674177
"RELA","SIDM00593",-1.6384492468741
"RELA","SIDM00594",-1.72541521558861
"RELA","SIDM00595",-0.972225545276184
"RELA","SIDM00598",-1.36692004012114
"RELA","SIDM00602",-1.53978664739352
"RELA","SIDM00605",1.00132551427147
"RELA","SIDM00607",0.542384893634398
"RELA","SIDM00608",-0.118558886560333
"RELA","SIDM00609",0.201468352818968
"RELA","SIDM00610",0.580237528721123
"RELA","SIDM00611",10.5128739608776
"RELA","SIDM00613",1.27716685019245
"RELA","SIDM00614",0.721281797819402
"RELA","SIDM00615",-0.452160658825563
"RELA","SIDM00616",-0.819104276878729
"RELA","SIDM00617",3.95736430139432
"RELA","SIDM00618",-0.426145457476349
"RELA","SIDM00625",-1.23270196682552
"RELA","SIDM00628",0.370115396843545
"RELA","SIDM00629",0.573039902727095
"RELA","SIDM00630",-0.648003357172348
"RELA","SIDM00633",0.521857192505002
"RELA","SIDM00634",-2.22053360187002
"RELA","SIDM00637",1.32846610897053
"RELA","SIDM00639",2.22808523023112
"RELA","SIDM00640",4.33440144003014
"RELA","SIDM00641",-0.580558053103089
"RELA","SIDM00644",-0.427341033305838
"RELA","SIDM00645",-1.46238299697798
"RELA","SIDM00646",-2.26538049139084
"RELA","SIDM00649",-0.446631739093324
"RELA","SIDM00651",-2.55839340895477
"RELA","SIDM00652",-3.97453528045406
"RELA","SIDM00653",-4.04214148337123
"RELA","SIDM00654",-2.84789540656992
"RELA","SIDM00657",-1.10536857833625
"RELA","SIDM00658",-1.77860584728696
"RELA","SIDM00660",-0.959719504978929
"RELA","SIDM00661",-0.510063200610963
"RELA","SIDM00662",2.91363335341605
"RELA","SIDM00663",3.06626273614903
"RELA","SIDM00664",-0.0401537845320248
"RELA","SIDM00665",0.0998104682339893
"RELA","SIDM00666",3.85099584021987
"RELA","SIDM00669",1.13455831179537
"RELA","SIDM00670",0.529500448075698
"RELA","SIDM00671",1.01142101839538
"RELA","SIDM00672",2.00388851506499
"RELA","SIDM00673",0.816265661966145
"RELA","SIDM00675",-2.03571162443871
"RELA","SIDM00676",0.708917392484755
"RELA","SIDM00678",3.82643878030985e-05
"RELA","SIDM00681",-0.849766935231031
"RELA","SIDM00683",-1.85903291099334
"RELA","SIDM00684",0.684753626347954
"RELA","SIDM00685",1.03427103118041
"RELA","SIDM00686",-0.648176287078292
"RELA","SIDM00687",0.802372935104958
"RELA","SIDM00689",-1.83518748571493
"RELA","SIDM00693",3.30552233719351
"RELA","SIDM00694",-2.75115420166865
"RELA","SIDM00695",0.265379005455044
"RELA","SIDM00697",-2.93045365164538
"RELA","SIDM00698",-2.06814257979967
"RELA","SIDM00702",2.15455294236947
"RELA","SIDM00703",0.189385243235283
"RELA","SIDM00704",-1.56794403906562
"RELA","SIDM00706",-3.01749532494563
"RELA","SIDM00708",0.426915065695158
"RELA","SIDM00709",2.38824794700568
"RELA","SIDM00710",-4.03592508392562
"RELA","SIDM00711",-2.30256516957771
"RELA","SIDM00713",0.966121456133672
"RELA","SIDM00715",-0.27649107118746
"RELA","SIDM00716",-1.37968375240251
"RELA","SIDM00718",-2.71155895602972
"RELA","SIDM00720",0.0968178563351423
"RELA","SIDM00722",2.5783724456878
"RELA","SIDM00723",9.28095585455259
"RELA","SIDM00724",1.82307052346159
"RELA","SIDM00726",2.3946155979881
"RELA","SIDM00727",-1.04612827642191
"RELA","SIDM00728",1.6545240874816
"RELA","SIDM00729",4.8472251766403
"RELA","SIDM00730",-3.8287967075116
"RELA","SIDM00731",-2.88769096826493
"RELA","SIDM00733",-2.58565179935783
"RELA","SIDM00734",-0.45314530922755
"RELA","SIDM00735",-1.8532000440929
"RELA","SIDM00738",0.421724011043497
"RELA","SIDM00739",0.848711221441339
"RELA","SIDM00740",-0.242891565688624
"RELA","SIDM00741",-3.55022562961959
"RELA","SIDM00742",-3.76066122627393
"RELA","SIDM00743",2.03692864366904
"RELA","SIDM00744",-1.03490229688629
"RELA","SIDM00745",-0.504081493911368
"RELA","SIDM00746",3.15633537102775
"RELA","SIDM00747",-1.84069128058875
"RELA","SIDM00748",-3.02319076738802
"RELA","SIDM00749",-2.81199058059021
"RELA","SIDM00750",-1.4322961436869
"RELA","SIDM00751",1.40252522936885
"RELA","SIDM00753",0.200282451277452
"RELA","SIDM00754",-0.222552959614917
"RELA","SIDM00755",-1.59709545085892
"RELA","SIDM00756",-0.233770770281519
"RELA","SIDM00757",-0.199553248815982
"RELA","SIDM00759",0.105944783671922
"RELA","SIDM00760",-3.25296840844019
"RELA","SIDM00761",-0.204937684204654
"RELA","SIDM00762",-0.455227665865809
"RELA","SIDM00763",-1.84167417665885
"RELA","SIDM00766",-3.73200548287162
"RELA","SIDM00768",3.50895795335593
"RELA","SIDM00769",0.032474952299935
"RELA","SIDM00771",0.600097772128591
"RELA","SIDM00772",-0.311609358072103
"RELA","SIDM00774",-1.88045482071454
"RELA","SIDM00775",-1.01335799393304
"RELA","SIDM00776",1.96384058092376
"RELA","SIDM00777",-2.60126966272159
"RELA","SIDM00778",-0.0803338327218139
"RELA","SIDM00779",-2.06847670590532
"RELA","SIDM00780",-1.46834618607575
"RELA","SIDM00782",-0.936877156192596
"RELA","SIDM00784",1.38214007102119
"RELA","SIDM00785",-0.187707837550536
"RELA","SIDM00791",-2.08955912239082
"RELA","SIDM00795",-2.31722124380024
"RELA","SIDM00796",-0.0573473110846917
"RELA","SIDM00797",0.125134695383617
"RELA","SIDM00798",-0.180983206653686
"RELA","SIDM00799",1.33322550282617
"RELA","SIDM00800",-0.605362396987653
"RELA","SIDM00801",0.296289138708425
"RELA","SIDM00803",4.39794239155254
"RELA","SIDM00806",-1.17273550553593
"RELA","SIDM00812",0.260426998831786
"RELA","SIDM00823",0.132738376851809
"RELA","SIDM00828",-0.128811223365014
"RELA","SIDM00829",-0.16888549347363
"RELA","SIDM00831",4.22658921780312
"RELA","SIDM00839",-2.87850360042786
"RELA","SIDM00840",0.78572039984584
"RELA","SIDM00844",0.00141187716474534
"RELA","SIDM00845",-1.645497777206
"RELA","SIDM00847",-0.68219450800102
"RELA","SIDM00848",-1.37030600917791
"RELA","SIDM00849",-2.59605207596431
"RELA","SIDM00850",-1.19245411344532
"RELA","SIDM00851",2.69590771330125
"RELA","SIDM00852",0.541870523832279
"RELA","SIDM00853",4.36130988732435
"RELA","SIDM00854",-1.46824954807895
"RELA","SIDM00855",-1.52991768768656
"RELA","SIDM00856",-2.19623368960187
"RELA","SIDM00857",-1.80329130287021
"RELA","SIDM00858",1.95656634704356
"RELA","SIDM00860",-0.422595427528516
"RELA","SIDM00861",3.06854354896709
"RELA","SIDM00862",1.65552055361413
"RELA","SIDM00865",-3.10894539484252
"RELA","SIDM00866",-0.624864325581346
"RELA","SIDM00867",1.59326954660285
"RELA","SIDM00870",-2.52067313379622
"RELA","SIDM00872",0.79098584262848
"RELA","SIDM00874",-0.778002969511762
"RELA","SIDM00877",-2.57283446045017
"RELA","SIDM00878",-0.216475537170607
"RELA","SIDM00879",-2.82512915633838
"RELA","SIDM00881",-0.196699001550882
"RELA","SIDM00882",-2.45668394946035
"RELA","SIDM00884",0.933146784621486
"RELA","SIDM00886",-1.93355328452199
"RELA","SIDM00887",-0.839623493853884
"RELA","SIDM00888",-1.78703119778409
"RELA","SIDM00890",0.32764979287294
"RELA","SIDM00892",0.313780450517113
"RELA","SIDM00893",-1.74685456282051
"RELA","SIDM00894",-2.84371079883085
"RELA","SIDM00897",-0.943488973961361
"RELA","SIDM00898",-0.969780022095702
"RELA","SIDM00899",0.700924814419786
"RELA","SIDM00901",-4.06380165080804
"RELA","SIDM00903",1.56033505208142
"RELA","SIDM00904",3.44892912227412
"RELA","SIDM00907",-2.415174639637
"RELA","SIDM00909",0.444230143279311
"RELA","SIDM00910",-1.53667762922854
"RELA","SIDM00914",-0.335946359018208
"RELA","SIDM00918",-3.08782617583474
"RELA","SIDM00919",1.19829850023157
"RELA","SIDM00920",-2.59155449457419
"RELA","SIDM00921",-1.43639282402077
"RELA","SIDM00922",1.49317851199591
"RELA","SIDM00924",-1.48476305293989
"RELA","SIDM00925",0.558637419969481
"RELA","SIDM00926",-1.07261958598326
"RELA","SIDM00928",3.71040564438675
"RELA","SIDM00931",-1.2148460983738
"RELA","SIDM00932",1.74733495943281
"RELA","SIDM00933",-3.78644155685155
"RELA","SIDM00934",0.469467870297428
"RELA","SIDM00936",2.16305588335429
"RELA","SIDM00937",6.13561585930908
"RELA","SIDM00938",-1.30045029820654
"RELA","SIDM00939",2.69726588818929
"RELA","SIDM00940",0.196437608336181
"RELA","SIDM00941",6.39940913063945
"RELA","SIDM00942",3.69228930211478
"RELA","SIDM00943",1.45374571736079
"RELA","SIDM00944",-0.0228105950885836
"RELA","SIDM00945",-1.90966042854696
"RELA","SIDM00947",0.72072608701889
"RELA","SIDM00949",1.41716712703413
"RELA","SIDM00950",0.947390892932535
"RELA","SIDM00955",-1.00360099890522
"RELA","SIDM00956",-0.896503055995874
"RELA","SIDM00957",-2.61822460169085
"RELA","SIDM00959",-1.82761473487678
"RELA","SIDM00961",-0.866868990270818
"RELA","SIDM00963",-2.70857767721411
"RELA","SIDM00965",-1.6152722395686
"RELA","SIDM00979",-0.184552227459069
"RELA","SIDM00980",0.643303327059326
"RELA","SIDM00981",-1.87099157252793
"RELA","SIDM00982",2.98876435877844
"RELA","SIDM00983",3.59228749378209
"RELA","SIDM00985",-0.632301089003284
"RELA","SIDM00986",1.27043706127041
"RELA","SIDM00987",1.06155245459137
"RELA","SIDM00988",2.71083866311321
"RELA","SIDM00989",3.37999549280358
"RELA","SIDM00990",-1.85936023545991
"RELA","SIDM00991",-0.504468601811526
"RELA","SIDM00992",0.285914198176219
"RELA","SIDM00993",1.88011683899882
"RELA","SIDM00994",0.439556102947808
"RELA","SIDM00996",2.2165445467068
"RELA","SIDM00997",4.57221033898374
"RELA","SIDM00998",-1.29278274035309
"RELA","SIDM00999",-1.02422755646604
"RELA","SIDM01000",0.322151406658495
"RELA","SIDM01001",-1.07090395623414
"RELA","SIDM01002",-1.33332782321295
"RELA","SIDM01003",-1.67575897100357
"RELA","SIDM01004",1.83488059529166
"RELA","SIDM01005",-0.957315086786027
"RELA","SIDM01008",-1.23057735048245
"RELA","SIDM01009",-1.72447174834172
"RELA","SIDM01010",2.57868164558841
"RELA","SIDM01012",1.88694591936367
"RELA","SIDM01013",2.40777175356645
"RELA","SIDM01015",-1.42177417579383
"RELA","SIDM01016",-2.5857725990436
"RELA","SIDM01018",1.59087896971533
"RELA","SIDM01020",-1.58429494443718
"RELA","SIDM01022",2.09784832286553
"RELA","SIDM01023",0.442107910270252
"RELA","SIDM01024",-1.84060789336396
"RELA","SIDM01025",0.381375613079546
"RELA","SIDM01026",0.458289507993255
"RELA","SIDM01027",-1.36538685323978
"RELA","SIDM01028",-1.04236370633623
"RELA","SIDM01029",-0.474141115782078
"RELA","SIDM01030",-1.26386688100257
"RELA","SIDM01031",-0.485982887011294
"RELA","SIDM01032",-1.47222919466603
"RELA","SIDM01033",-1.49205262642505
"RELA","SIDM01034",1.67682970651555
"RELA","SIDM01036",1.81367022613156
"RELA","SIDM01037",2.59667006704855
"RELA","SIDM01038",-0.252882572183685
"RELA","SIDM01040",-0.435557455157439
"RELA","SIDM01043",6.59417229900154
"RELA","SIDM01044",4.33266886954589
"RELA","SIDM01045",-3.09005216219656
"RELA","SIDM01048",-0.310901710021569
"RELA","SIDM01049",3.43331083186066
"RELA","SIDM01051",-1.45036696171857
"RELA","SIDM01052",2.21490530869775
"RELA","SIDM01055",2.96706230156823
"RELA","SIDM01056",-2.11712933565252
"RELA","SIDM01057",-0.904602634508785
"RELA","SIDM01058",1.19217807152726
"RELA","SIDM01059",2.07533308203609
"RELA","SIDM01060",-1.36595374163905
"RELA","SIDM01062",-0.246699887771867
"RELA","SIDM01063",0.453496572648122
"RELA","SIDM01066",-1.25130899549482
"RELA","SIDM01067",0.732894830443693
"RELA","SIDM01068",1.89707022793269
"RELA","SIDM01069",2.22104019565472
"RELA","SIDM01070",7.04069282783844
"RELA","SIDM01071",-3.19150973981233
"RELA","SIDM01072",0.102414277092112
"RELA","SIDM01074",2.65663599891256
"RELA","SIDM01077",-3.83146075974709
"RELA","SIDM01078",-3.15932384301609
"RELA","SIDM01079",0.123360124386291
"RELA","SIDM01080",-0.534296639601205
"RELA","SIDM01081",1.55872790398283
"RELA","SIDM01082",9.75753858019885
"RELA","SIDM01083",7.79885827245541
"RELA","SIDM01084",-0.592510882815636
"RELA","SIDM01085",-0.289086142127587
"RELA","SIDM01086",0.00908139400234033
"RELA","SIDM01087",0.667016301059016
"RELA","SIDM01088",0.848914690078854
"RELA","SIDM01089",-2.03433842304671
"RELA","SIDM01096",-0.54235350309983
"RELA","SIDM01099",-3.319360384657
"RELA","SIDM01100",-2.59519560287175
"RELA","SIDM01101",-2.10540164758919
"RELA","SIDM01103",0.652468691242781
"RELA","SIDM01104",-0.238453026502808
"RELA","SIDM01105",-1.53714932926837
"RELA","SIDM01106",1.80386704031054
"RELA","SIDM01107",-0.839487625120041
"RELA","SIDM01108",-1.52315506738069
"RELA","SIDM01109",-0.108702158528474
"RELA","SIDM01110",3.80192177954072
"RELA","SIDM01111",-3.29233159697054
"RELA","SIDM01112",0.119903446805464
"RELA","SIDM01113",-2.09089729565143
"RELA","SIDM01116",-2.65503292726494
"RELA","SIDM01119",-2.60315849740076
"RELA","SIDM01121",-2.47544652202363
"RELA","SIDM01123",-2.68659526568859
"RELA","SIDM01124",0.308267889504344
"RELA","SIDM01125",8.73918407095116
"RELA","SIDM01127",7.39453895015968
"RELA","SIDM01128",-2.4311265200201
"RELA","SIDM01129",-2.39104729312167
"RELA","SIDM01130",-1.43713373623222
"RELA","SIDM01131",-1.75355630953393
"RELA","SIDM01134",-4.2412076345807
"RELA","SIDM01135",0.470875742803345
"RELA","SIDM01136",3.51743704466138
"RELA","SIDM01137",3.00753978370791
"RELA","SIDM01138",4.75977616546178
"RELA","SIDM01139",-0.465604361844401
"RELA","SIDM01141",-0.740590026553645
"RELA","SIDM01144",1.70920692798083
"RELA","SIDM01147",-2.35586296457992
"RELA","SIDM01148",0.112123214586457
"RELA","SIDM01150",-2.39892736943804
"RELA","SIDM01151",-0.212692100371081
"RELA","SIDM01154",-1.64220339774433
"RELA","SIDM01156",-0.953031332783689
"RELA","SIDM01158",0.302298910510259
"RELA","SIDM01164",1.81171534990672
"RELA","SIDM01165",1.71788034141839
"RELA","SIDM01167",2.31638957421475
"RELA","SIDM01169",-0.367616192867421
"RELA","SIDM01170",-1.75239374100099
"RELA","SIDM01171",3.53042185912808
"RELA","SIDM01172",0.234188375955255
"RELA","SIDM01176",-1.14680426433987
"RELA","SIDM01180",1.75283009968202
"RELA","SIDM01181",-3.07217823315766
"RELA","SIDM01182",-0.161746517052926
"RELA","SIDM01184",1.63649724254786
"RELA","SIDM01186",-1.17219898090878
"RELA","SIDM01188",2.24944818820394
"RELA","SIDM01189",1.7754991093877
"RELA","SIDM01190",1.1519028861022
"RELA","SIDM01191",-2.73764376190349
"RELA","SIDM01193",-0.103801162638533
"RELA","SIDM01194",-0.399927939376111
"RELA","SIDM01195",-0.303794000874129
"RELA","SIDM01196",2.14330451511011
"RELA","SIDM01199",0.964979186930045
"RELA","SIDM01215",2.67800876403187
"RELA","SIDM01222",-3.15513611115135
"RELA","SIDM01241",-1.60456305865809
"RELA","SIDM01254",-1.05002017583306
"RELA","SIDM01265",1.22465352266849
"RELA","SIDM01316",-2.74929414905574
"RELA","SIDM01318",2.36638837088624
"RELA","SIDM01320",1.6234900171666
"RELA","SIDM01321",1.88321744403547
"RELA","SIDM01322",6.76335029325277
"RELA","SIDM01323",5.00822771579656
"RELA","SIDM01324",3.99645314168033
"RELA","SIDM01325",4.91768192802573
"RELA","SIDM01331",1.21663973131962
"RELA","SIDM01332",2.89897053686121
"RELA","SIDM01335",4.76615892043112
"RELA","SIDM01336",2.53463950404144
"RELA","SIDM01343",0.474441285724246
"RELA","SIDM01347",0.204613068501388
"RELA","SIDM01363",0.10938918383728
"RELA","SIDM01368",3.68835266614558
"RELA","SIDM01372",2.73142179184882
"RELA","SIDM01377",-0.340893088785993
"RELA","SIDM01378",-0.557519630745836
"RELA","SIDM01387",2.41302055920934
"RELA","SIDM01391",-3.20699828677494
"RELA","SIDM01393",-0.878718169854752
"RELA","SIDM01394",3.31223679246293
"RELA","SIDM01397",0.089572264795512
"RELA","SIDM01398",-1.27206733838726
"RELA","SIDM01409",3.21609727948965
"RELA","SIDM01411",0.693794340671801
"RELA","SIDM01412",1.62967844821474
"RELA","SIDM01413",0.51960676561921
"RELA","SIDM01432",3.16406967446889
"RELA","SIDM01433",-0.769641471565292
"RELA","SIDM01434",0.389129475122798
"RELA","SIDM01435",1.27200177298529
"RELA","SIDM01436",1.25431371383054
"RELA","SIDM01437",6.35355509958766
"RELA","SIDM01439",1.43400879763524
"RELA","SIDM01442",1.30438253534481
"RELA","SIDM01443",1.83242064104207
"RELA","SIDM01444",-0.991544516036327
"RELA","SIDM01445",2.0299391864098
"RELA","SIDM01446",4.84534321244943
"RELA","SIDM01447",0.452608675636039
"RELA","SIDM01449",3.11853521058825
"RELA","SIDM01450",-1.52503282428376
"RELA","SIDM01451",3.87496428457367
"RELA","SIDM01454",5.76456167782099
"RELA","SIDM01460",0.300986474508628
"RELA","SIDM01463",1.74649287217579
"RELA","SIDM01464",1.37165022567462
"RELA","SIDM01469",-0.563451679014261
"RELA","SIDM01470",-1.56227784611628
"RELA","SIDM01471",-1.09142917822914
"RELA","SIDM01472",1.28275022830979
"RELA","SIDM01473",-1.42319333933461
"RELA","SIDM01474",-0.063657938361956
"RELA","SIDM01476",-0.692797163144203
"RELA","SIDM01479",3.33773699400669
"RELA","SIDM01480",-1.02315634782425
"RELA","SIDM01482",-2.5149998788441
"RELA","SIDM01490",-2.84411919926272
"RELA","SIDM01491",-0.466753916336486
"RELA","SIDM01492",-0.781796048504854
"RELA","SIDM01494",0.075932911628779
"RELA","SIDM01498",0.0697147085510956
"RELA","SIDM01502",3.11264320593516
"RELA","SIDM01503",-2.06943190224444
"RELA","SIDM01504",-1.96218739465364
"RELA","SIDM01510",-1.11254360862193
"RELA","SIDM01511",-2.26199333810622
"RELA","SIDM01512",4.24742974463931
"RELA","SIDM01517",2.99920193841332
"RELA","SIDM01518",4.60339940066832
"RELA","SIDM01519",-1.60260374408293
"RELA","SIDM01520",3.12287644384402
"RELA","SIDM01522",1.83072547520608
"RELA","SIDM01523",1.22623349389649
"RELA","SIDM01525",2.82405845545874
"RELA","SIDM01526",-0.515295633412187
"RELA","SIDM01528",2.91991818217875
"RELA","SIDM01529",0.63986475628877
"RELA","SIDM01530",-1.30596181004634
"RELA","SIDM01531",0.696516416391124
"RELA","SIDM01545",1.75558056426626
"RELA","SIDM01546",-0.258952159391076
"RELA","SIDM01551",-0.316347428193014
"RELA","SIDM01553",-1.19773888390837
"RELA","SIDM01554",2.96914056366708
"RELA","SIDM01556",3.13999577749295
"RELA","SIDM01559",0.579393896993559
"RELA","SIDM01560",1.09002235089864
"RELA","SIDM01561",-0.537173114063546
"RELA","SIDM01563",4.5033096963329
"RELA","SIDM01564",7.37765967371037
"RELA","SIDM01565",2.84957099319023
"RELA","SIDM01566",2.97949904041559
"RELA","SIDM01567",3.80672285519504
"RELA","SIDM01569",1.06477028476412
"RELA","SIDM01570",5.85040464839874
"RELA","SIDM01571",0.305538127862734
"RELA","SIDM01572",-4.01526090193583
"RELA","SIDM01573",-0.479174898145324
"RELA","SIDM01574",-0.639920239568095
"RELA","SIDM01575",0.534972367578624
"RELA","SIDM01577",-0.536762706910403
"RELA","SIDM01578",-1.57230264228112
"RELA","SIDM01580",3.13300205679243
"RELA","SIDM01581",0.579226771532435
"RELA","SIDM01582",1.56366994630402
"RELA","SIDM01587",4.45463313693072
"RELA","SIDM01588",2.50617525811695
"RELA","SIDM01589",-0.234184453215456
"RELA","SIDM01590",4.24349618971733
"RELA","SIDM01591",4.18851201033576
"RELA","SIDM01593",0.996565023863689
"RELA","SIDM01594",3.14001086100185
"RELA","SIDM01596",1.16589465581955
"RELA","SIDM01598",-0.482678869064884
"RELA","SIDM01602",2.59589961761915
"RELA","SIDM01603",6.43708647103428
"RELA","SIDM01604",-0.398109593927233
"RELA","SIDM01605",2.7291229558173
"RELA","SIDM01606",6.38234274296635
"RELA","SIDM01607",-0.25863015570392
"RELA","SIDM01608",-3.25063700177968
"RELA","SIDM01609",-1.18165090132594
"RELA","SIDM01611",-2.53211986255267
"RELA","SIDM01612",-0.682818534961279
"RELA","SIDM01613",1.14360701764598
"RELA","SIDM01614",-1.05528302192344
"RELA","SIDM01615",4.78852998655414
"RELA","SIDM01616",1.7203282480371
"RELA","SIDM01617",-2.54652421369486
"RELA","SIDM01618",-0.0455778674278279
"RELA","SIDM01619",-1.6013578898357
"RELA","SIDM01622",-0.620101428806277
"RELA","SIDM01624",1.62177066572617
"RELA","SIDM01628",-1.9124295132932
"RELA","SIDM01629",-0.527557648242211
"RELA","SIDM01635",1.85878577694079
"RELA","SIDM01640",-1.41025448354363
"RELA","SIDM01657",-1.63644304704775
"RELA","SIDM01658",-1.3327372839088
"RELA","SIDM01659",3.20084925950776
"RELA","SIDM01660",3.95565936881193
"RELA","SIDM01662",-1.15592203656413
"RELA","SIDM01664",-1.05677659246326
"RELA","SIDM01667",0.761108270130485
"RELA","SIDM01668",-4.15268763223037
"RELA","SIDM01672",-3.18656876877614
"RELA","SIDM01675",-1.86119290864635
"RELA","SIDM01676",-2.83938119975613
"RELA","SIDM01679",-3.67184677098911
"RELA","SIDM01682",-0.247406595237163
"RELA","SIDM01685",-0.299890388598664
"RELA","SIDM01686",-0.829019470545426
"RELA","SIDM01689",0.0419253121968607
"RELA","SIDM01690",-0.944466869890526
"RELA","SIDM01691",2.43638297626531
"RELA","SIDM01692",7.14913725804008
"RELA","SIDM01693",-0.902101765688695
"RELA","SIDM01694",-0.793655498067116
"RELA","SIDM01695",-1.65806027071554
"RELA","SIDM01696",6.52562037745551
"RELA","SIDM01697",4.89453465613408
"RELA","SIDM01698",1.69562969931559
"RELA","SIDM01699",4.25953877758066
"RELA","SIDM01701",6.34542082692838
"RELA","SIDM01702",2.14379230339747
"RELA","SIDM01703",3.4572627936937
"RELA","SIDM01704",0.111565272375385
"RELA","SIDM01705",2.62872979723561
"RELA","SIDM01709",2.96396763086157
"RELA","SIDM01710",5.92548150670856
"RELA","SIDM01724",2.6467949881592
"RELA","SIDM01725",5.46586764405825
"RELA","SIDM01726",2.7430779338741
"RELA","SIDM01727",-1.33480312790005
"RELA","SIDM01728",0.779907669634088
"RELA","SIDM01729",-1.3335231457332
"RELA","SIDM01730",-1.22668926969191
"RELA","SIDM01734",7.98052679662745
"RELA","SIDM01739",-2.46900039676183
"RELA","SIDM01741",2.97067681434305
"RELA","SIDM01743",3.70314614831956
"RELA","SIDM01746",6.38881858031681
"RELA","SIDM01749",2.64205048815429
"RELA","SIDM01750",-0.494247043883601
"RELA","SIDM01752",-0.0686806632911108
"RELA","SIDM01753",1.52654402805035
"RELA","SIDM01756",-0.113499577232227
"RELA","SIDM01757",1.11065421403178
"RELA","SIDM01758",-1.94358992957798
"RELA","SIDM01759",3.03119528314003
"RELA","SIDM01760",-2.92310161715575
"RELA","SIDM01761",1.40034071375653
"RELA","SIDM01762",-0.380951113267478
"RELA","SIDM01763",0.599160068163425
"RELA","SIDM01764",2.51987122862602
"RELA","SIDM01765",1.75155512986462
"RELA","SIDM01766",-0.971790875276942
"RELA","SIDM01767",0.641630836217058
"RELA","SIDM01768",-0.207390992116656
"RELA","SIDM01770",1.58471462889816
"RELA","SIDM01771",-2.33234952346801
"RELA","SIDM01772",5.45008355598705
"RELA","SIDM01773",5.02594082799879
"RELA","SIDM01774",-0.00223173944085008
"RELA","SIDM01775",2.72074996503064
"RELA","SIDM01777",2.38487518612053
"RELA","SIDM01779",4.29076091947525
"RELA","SIDM01780",2.9062417058167
"RELA","SIDM01781",1.54870010475808
"RELA","SIDM01782",1.06501673223262
"RELA","SIDM01820",0.652857581898795
"RELA","SIDM01858",1.11697406822013
"RELA","SIDM01859",-1.29322524125777
"RELA","SIDM01873",0.256965219404508
"SOX2","SIDM00001",-0.91108459146107
"SOX2","SIDM00005",-0.818795181143099
"SOX2","SIDM00008",2.78349511845836
"SOX2","SIDM00011",0.32742619738743
"SOX2","SIDM00015",0.269345882229457
"SOX2","SIDM00016",-0.151859772210826
"SOX2","SIDM00017",1.02832917463068
"SOX2","SIDM00029",-0.762009855299107
"SOX2","SIDM00032",1.05707567066291
"SOX2","SIDM00036",2.17975900314808
"SOX2","SIDM00046",0.194766718394502
"SOX2","SIDM00062",2.96564922177019
"SOX2","SIDM00063",0.397979010523733
"SOX2","SIDM00065",0.613668060746329
"SOX2","SIDM00071",0.301973512640273
"SOX2","SIDM00074",-0.503824069758459
"SOX2","SIDM00078",1.30383322525856
"SOX2","SIDM00079",0.430868664917232
"SOX2","SIDM00080",0.185557555051584
"SOX2","SIDM00081",0.269575428185127
"SOX2","SIDM00083",0.610981380327056
"SOX2","SIDM00084",2.11376819505141
"SOX2","SIDM00085",2.01969522691423
"SOX2","SIDM00087",-0.29061283640133
"SOX2","SIDM00088",3.36346468910343
"SOX2","SIDM00090",1.19126466703546
"SOX2","SIDM00092",1.23191214044578
"SOX2","SIDM00093",-0.200311375328532
"SOX2","SIDM00095",1.59928905024214
"SOX2","SIDM00097",0.237782582285997
"SOX2","SIDM00105",0.22311330979295
"SOX2","SIDM00107",-0.290440997859275
"SOX2","SIDM00108",0.823373049828889
"SOX2","SIDM00116",-0.730059426720955
"SOX2","SIDM00117",0.688117268626409
"SOX2","SIDM00119",1.02986143290074
"SOX2","SIDM00122",0.516083366800539
"SOX2","SIDM00123",1.21386055846427
"SOX2","SIDM00124",0.817152183309484
"SOX2","SIDM00125",1.06511515418203
"SOX2","SIDM00130",1.46461889520897
"SOX2","SIDM00131",1.37502410561384
"SOX2","SIDM00132",4.33241465679571
"SOX2","SIDM00133",0.815169634287278
"SOX2","SIDM00134",1.59699912195971
"SOX2","SIDM00135",2.89978887623964
"SOX2","SIDM00138",-0.216048383375308
"SOX2","SIDM00139",1.43667204669655
"SOX2","SIDM00140",2.01163268515503
"SOX2","SIDM00142",-0.328127397209157
"SOX2","SIDM00143",-0.158572165535452
"SOX2","SIDM00144",-0.280044754715156
"SOX2","SIDM00146",3.3143042993186
"SOX2","SIDM00147",-2.2207960854434
"SOX2","SIDM00148",-1.27357363763705
"SOX2","SIDM00149",0.715094126168866
"SOX2","SIDM00150",1.15394418690892
"SOX2","SIDM00151",1.38079837598566
"SOX2","SIDM00153",-0.921470409191072
"SOX2","SIDM00158",4.35579149531536
"SOX2","SIDM00159",1.18665798923042
"SOX2","SIDM00160",2.00152122336373
"SOX2","SIDM00161",-0.867282018438225
"SOX2","SIDM00162",0.932900943655149
"SOX2","SIDM00163",2.96192906036076
"SOX2","SIDM00164",-0.0737951274038518
"SOX2","SIDM00165",1.28566964617614
"SOX2","SIDM00166",1.77984537502522
"SOX2","SIDM00167",0.834003785866207
"SOX2","SIDM00168",0.653416154624975
"SOX2","SIDM00169",1.23002584443852
"SOX2","SIDM00170",-0.711196121373544
"SOX2","SIDM00171",0.991049764026199
"SOX2","SIDM00173",2.45972027596228
"SOX2","SIDM00192",1.85048455201284
"SOX2","SIDM00194",1.51107444559991
"SOX2","SIDM00210",0.883954887043358
"SOX2","SIDM00212",0.570704558593521
"SOX2","SIDM00213",0.9956316487856
"SOX2","SIDM00217",1.47608853170988
"SOX2","SIDM00220",-0.772246995305559
"SOX2","SIDM00222",-0.243261203358135
"SOX2","SIDM00226",1.89836622761045
"SOX2","SIDM00228",0.743314544811536
"SOX2","SIDM00235",0.724005901701712
"SOX2","SIDM00237",0.942297274680729
"SOX2","SIDM00238",-0.0320820132232164
"SOX2","SIDM00239",0.932287084974408
"SOX2","SIDM00247",2.35233983250106
"SOX2","SIDM00248",0.25518143610818
"SOX2","SIDM00249",1.35486662876712
"SOX2","SIDM00250",0.992003426963052
"SOX2","SIDM00271",-0.172219124865326
"SOX2","SIDM00272",0.51822394794665
"SOX2","SIDM00273",0.99072516419978
"SOX2","SIDM00278",1.34807621887616
"SOX2","SIDM00279",-1.60461878019846
"SOX2","SIDM00280",0.100959468546752
"SOX2","SIDM00282",1.60978509042807
"SOX2","SIDM00284",0.150996245467547
"SOX2","SIDM00286",0.243878848270948
"SOX2","SIDM00290",-0.820211883600343
"SOX2","SIDM00298",1.02153564338299
"SOX2","SIDM00301",0.320762617808411
"SOX2","SIDM00303",1.65896101418298
"SOX2","SIDM00305",-0.25662568863615
"SOX2","SIDM00306",1.27786727023572
"SOX2","SIDM00307",-0.694276568031466
"SOX2","SIDM00312",-1.09501048204591
"SOX2","SIDM00313",-0.707831355054364
"SOX2","SIDM00314",0.11083983354048
"SOX2","SIDM00315",0.645410693311832
"SOX2","SIDM00318",1.4079116058795
"SOX2","SIDM00321",-0.322515004738186
"SOX2","SIDM00322",0.301825806399115
"SOX2","SIDM00325",3.47945978158409
"SOX2","SIDM00327",-0.43144287047931
"SOX2","SIDM00329",-0.5171672152805
"SOX2","SIDM00331",-2.11161822875167
"SOX2","SIDM00333",1.61742832379199
"SOX2","SIDM00334",-0.230798013017438
"SOX2","SIDM00335",-0.430452389250403
"SOX2","SIDM00336",1.47624979101491
"SOX2","SIDM00337",0.57324064413311
"SOX2","SIDM00338",0.664529500496965
"SOX2","SIDM00339",1.17037929538741
"SOX2","SIDM00340",-0.815203189387818
"SOX2","SIDM00341",1.07144257357577
"SOX2","SIDM00342",-0.944392111746728
"SOX2","SIDM00344",0.849856190765484
"SOX2","SIDM00345",0.34329895650825
"SOX2","SIDM00347",-0.450732102385515
"SOX2","SIDM00348",1.51980277748043
"SOX2","SIDM00352",0.886671773060587
"SOX2","SIDM00353",0.88142430926487
"SOX2","SIDM00354",0.716407558176523
"SOX2","SIDM00355",0.495604208947184
"SOX2","SIDM00356",0.315709385606482
"SOX2","SIDM00358",-0.239722847340209
"SOX2","SIDM00359",0.691203494286566
"SOX2","SIDM00360",-0.789706125378289
"SOX2","SIDM00363",-0.84925058243529
"SOX2","SIDM00368",0.173565867470827
"SOX2","SIDM00369",-0.0908143952021355
"SOX2","SIDM00370",-0.328964631087061
"SOX2","SIDM00373",1.57274761675411
"SOX2","SIDM00376",-0.988315743671105
"SOX2","SIDM00380",-0.0760594161166913
"SOX2","SIDM00382",2.32241965153399
"SOX2","SIDM00386",1.28362003862128
"SOX2","SIDM00387",-0.785795559841924
"SOX2","SIDM00390",-0.875680986576981
"SOX2","SIDM00391",-0.581989891306186
"SOX2","SIDM00392",1.09347476506795
"SOX2","SIDM00395",-0.561222633892056
"SOX2","SIDM00396",-0.22679625344107
"SOX2","SIDM00402",1.44277712704078
"SOX2","SIDM00403",-0.514562460488217
"SOX2","SIDM00405",-0.977203703495237
"SOX2","SIDM00419",0.614682651487202
"SOX2","SIDM00421",-0.420522082519545
"SOX2","SIDM00423",-0.513979655995943
"SOX2","SIDM00425",0.651098478966541
"SOX2","SIDM00426",0.841292641955074
"SOX2","SIDM00428",-0.353211164416267
"SOX2","SIDM00429",-0.741594145024204
"SOX2","SIDM00431",-1.14045649606353
"SOX2","SIDM00433",-1.05502331643238
"SOX2","SIDM00434",0.0951302444491883
"SOX2","SIDM00435",-1.13901453791918
"SOX2","SIDM00437",-0.258482717145813
"SOX2","SIDM00442",0.386837593244205
"SOX2","SIDM00443",-0.72016753149073
"SOX2","SIDM00446",-0.601983656493121
"SOX2","SIDM00447",-0.728208894392783
"SOX2","SIDM00449",-0.979006437528327
"SOX2","SIDM00450",-0.645643278584479
"SOX2","SIDM00451",-1.43147782957436
"SOX2","SIDM00452",1.7284557412686
"SOX2","SIDM00453",-0.000565609478573698
"SOX2","SIDM00454",0.976573908044459
"SOX2","SIDM00455",2.23140372841035
"SOX2","SIDM00457",-0.870886463244237
"SOX2","SIDM00458",0.0953189321653772
"SOX2","SIDM00460",-0.317103955070775
"SOX2","SIDM00461",-0.645151121777209
"SOX2","SIDM00462",0.22041275083941
"SOX2","SIDM00463",-1.5545355760704
"SOX2","SIDM00469",5.68516831757783
"SOX2","SIDM00473",1.0847499245278
"SOX2","SIDM00474",2.96159189934758
"SOX2","SIDM00475",0.630226468608382
"SOX2","SIDM00477",0.974859720225021
"SOX2","SIDM00478",1.99398198007326
"SOX2","SIDM00479",1.74621041666325
"SOX2","SIDM00480",0.874349736209104
"SOX2","SIDM00481",0.0553390644677937
"SOX2","SIDM00484",-0.35333626954966
"SOX2","SIDM00485",1.5711719474194
"SOX2","SIDM00486",1.03315909133742
"SOX2","SIDM00492",0.303635454036565
"SOX2","SIDM00493",0.826740276895121
"SOX2","SIDM00494",0.318191965478452
"SOX2","SIDM00495",-0.955517328356723
"SOX2","SIDM00497",0.500526898542976
"SOX2","SIDM00499",-0.731418039790717
"SOX2","SIDM00500",1.00255721835675
"SOX2","SIDM00502",-1.32497060700477
"SOX2","SIDM00503",2.50648416918155
"SOX2","SIDM00505",0.656482896982422
"SOX2","SIDM00506",-0.316045103116679
"SOX2","SIDM00509",-0.919058633451649
"SOX2","SIDM00511",-0.0925060121459577
"SOX2","SIDM00512",0.0604553332556186
"SOX2","SIDM00513",0.273877317342836
"SOX2","SIDM00515",1.12152611906768
"SOX2","SIDM00521",0.811601369616108
"SOX2","SIDM00522",0.171062830966516
"SOX2","SIDM00523",-0.194669617343772
"SOX2","SIDM00524",-0.524759951283643
"SOX2","SIDM00525",0.826841631588376
"SOX2","SIDM00526",-0.587716499163579
"SOX2","SIDM00529",-0.119123679554639
"SOX2","SIDM00531",1.08167591972509
"SOX2","SIDM00533",0.568517663504561
"SOX2","SIDM00536",0.288393694214606
"SOX2","SIDM00545",0.595518279847656
"SOX2","SIDM00546",0.848933426055973
"SOX2","SIDM00547",3.37619123218103
"SOX2","SIDM00548",0.375538782832128
"SOX2","SIDM00552",-0.469792434392835
"SOX2","SIDM00554",0.102598173997597
"SOX2","SIDM00555",0.52232459187423
"SOX2","SIDM00556",-0.557774661114374
"SOX2","SIDM00557",-0.792786443852476
"SOX2","SIDM00560",1.29825385249637
"SOX2","SIDM00564",-0.603718984218958
"SOX2","SIDM00567",3.27485044377759
"SOX2","SIDM00568",1.91198126032138
"SOX2","SIDM00570",1.10894267889273
"SOX2","SIDM00571",1.80913323608152
"SOX2","SIDM00572",1.43944658500613
"SOX2","SIDM00575",0.441861129008743
"SOX2","SIDM00578",0.391251491849297
"SOX2","SIDM00580",-0.527147064198374
"SOX2","SIDM00581",2.47248415263146
"SOX2","SIDM00582",2.47878943463883
"SOX2","SIDM00585",2.11970140398903
"SOX2","SIDM00586",-0.281024797048835
"SOX2","SIDM00587",1.28872931520416
"SOX2","SIDM00588",-0.125454121336919
"SOX2","SIDM00589",1.35357093859591
"SOX2","SIDM00590",2.02133380599829
"SOX2","SIDM00593",-0.767232455210697
"SOX2","SIDM00594",-0.682741084583544
"SOX2","SIDM00595",0.357102918083333
"SOX2","SIDM00598",0.0849870716579422
"SOX2","SIDM00602",1.58551801890991
"SOX2","SIDM00605",2.79031800141236
"SOX2","SIDM00607",7.21042665053139
"SOX2","SIDM00608",-0.0477974012534754
"SOX2","SIDM00609",-0.0738369136494581
"SOX2","SIDM00610",1.21802449861603
"SOX2","SIDM00611",1.00631244671695
"SOX2","SIDM00613",0.459900103788344
"SOX2","SIDM00614",1.17024443309622
"SOX2","SIDM00615",0.647707340733366
"SOX2","SIDM00616",0.656480817311564
"SOX2","SIDM00617",1.25235592213274
"SOX2","SIDM00618",0.935733295991642
"SOX2","SIDM00625",0.258653473037475
"SOX2","SIDM00628",1.51741139965764
"SOX2","SIDM00629",0.256939215998817
"SOX2","SIDM00630",0.292059034256919
"SOX2","SIDM00633",0.948570874915935
"SOX2","SIDM00634",-1.35159718485614
"SOX2","SIDM00637",-0.673469842127045
"SOX2","SIDM00639",1.75856880426607
"SOX2","SIDM00640",1.09447478859503
"SOX2","SIDM00641",-1.13503375059663
"SOX2","SIDM00644",-0.0292766749035676
"SOX2","SIDM00645",-0.251395187347846
"SOX2","SIDM00646",-0.558629775982311
"SOX2","SIDM00649",-0.198890191685555
"SOX2","SIDM00651",-1.20403511364495
"SOX2","SIDM00652",-1.59407856298209
"SOX2","SIDM00653",-1.15963021854214
"SOX2","SIDM00654",-0.313796313162975
"SOX2","SIDM00657",-0.840271739451776
"SOX2","SIDM00658",0.454903731390708
"SOX2","SIDM00660",1.45188628602935
"SOX2","SIDM00661",-1.61411038111713
"SOX2","SIDM00662",2.76885539129672
"SOX2","SIDM00663",0.086144944550588
"SOX2","SIDM00664",1.55440018273018
"SOX2","SIDM00665",-0.00882452235792608
"SOX2","SIDM00666",1.30810132567193
"SOX2","SIDM00669",1.98164512588698
"SOX2","SIDM00670",1.07200382091875
"SOX2","SIDM00671",-0.521904795827838
"SOX2","SIDM00672",3.68242257604668
"SOX2","SIDM00673",0.173295514680055
"SOX2","SIDM00675",0.33528694146596
"SOX2","SIDM00676",0.2318556739383
"SOX2","SIDM00678",0.632724535308327
"SOX2","SIDM00681",1.2809463990073
"SOX2","SIDM00683",-0.717785250952015
"SOX2","SIDM00684",2.09809654437316
"SOX2","SIDM00685",0.273706716015073
"SOX2","SIDM00686",0.876921306732227
"SOX2","SIDM00687",3.78106007791055
"SOX2","SIDM00689",-1.96119118527376
"SOX2","SIDM00693",1.36683520193436
"SOX2","SIDM00694",1.65755850326427
"SOX2","SIDM00695",0.727762573902191
"SOX2","SIDM00697",-0.418351154294444
"SOX2","SIDM00698",-0.365136855629147
"SOX2","SIDM00702",1.07016816841878
"SOX2","SIDM00703",1.01938833374059
"SOX2","SIDM00704",-0.0281535970878126
"SOX2","SIDM00706",-0.36263043585351
"SOX2","SIDM00708",0.246715115474592
"SOX2","SIDM00709",0.179274627510973
"SOX2","SIDM00710",-1.51887721103459
"SOX2","SIDM00711",0.195075436555582
"SOX2","SIDM00713",1.94806996950116
"SOX2","SIDM00715",-0.618604153735482
"SOX2","SIDM00716",-0.577832203299284
"SOX2","SIDM00718",-0.499997842863721
"SOX2","SIDM00720",0.314348896106986
"SOX2","SIDM00722",0.892692195277536
"SOX2","SIDM00723",0.224277481072957
"SOX2","SIDM00724",0.815555457405666
"SOX2","SIDM00726",1.37934679971965
"SOX2","SIDM00727",-0.619001783362079
"SOX2","SIDM00728",0.923414385870564
"SOX2","SIDM00729",1.08117335339847
"SOX2","SIDM00730",-1.15991820705785
"SOX2","SIDM00731",-0.767665208842445
"SOX2","SIDM00733",0.61675886111827
"SOX2","SIDM00734",1.90070903284082
"SOX2","SIDM00735",0.198020450404685
"SOX2","SIDM00738",0.528143724959134
"SOX2","SIDM00739",0.0970756608196507
"SOX2","SIDM00740",-0.465189393036113
"SOX2","SIDM00741",0.544115038596315
"SOX2","SIDM00742",-0.452640773926785
"SOX2","SIDM00743",0.607485448415907
"SOX2","SIDM00744",0.85480261363324
"SOX2","SIDM00745",0.0826492804873189
"SOX2","SIDM00746",0.688825166674648
"SOX2","SIDM00747",-0.656117282032144
"SOX2","SIDM00748",-0.325143570386095
"SOX2","SIDM00749",0.686216097241194
"SOX2","SIDM00750",-0.0347787907208413
"SOX2","SIDM00751",0.947977653483278
"SOX2","SIDM00753",0.327210397274106
"SOX2","SIDM00754",0.347080611344029
"SOX2","SIDM00755",-0.312167225834376
"SOX2","SIDM00756",-0.129797484075948
"SOX2","SIDM00757",0.193152905644719
"SOX2","SIDM00759",0.0127773811261926
"SOX2","SIDM00760",-0.654377838793307
"SOX2","SIDM00761",1.29613048337771
"SOX2","SIDM00762",-1.33348346322395
"SOX2","SIDM00763",0.0895251192510298
"SOX2","SIDM00766",-0.450839723944816
"SOX2","SIDM00768",0.415645033275683
"SOX2","SIDM00769",0.441483651193515
"SOX2","SIDM00771",1.26676685060202
"SOX2","SIDM00772",3.03992675085247
"SOX2","SIDM00774",0.386762959675646
"SOX2","SIDM00775",-0.123034778345053
"SOX2","SIDM00776",1.07122365727385
"SOX2","SIDM00777",1.19491575252159
"SOX2","SIDM00778",1.28855648339886
"SOX2","SIDM00779",0.20893295544898
"SOX2","SIDM00780",0.0738274661159272
"SOX2","SIDM00782",0.800048186032239
"SOX2","SIDM00784",0.053304455294749
"SOX2","SIDM00785",-0.519756600410608
"SOX2","SIDM00791",-0.471813744933781
"SOX2","SIDM00795",-0.114555802351825
"SOX2","SIDM00796",1.45545168888746
"SOX2","SIDM00797",1.27391480866549
"SOX2","SIDM00798",0.656795733645672
"SOX2","SIDM00799",2.52038718744004
"SOX2","SIDM00800",-0.0033171467788566
"SOX2","SIDM00801",0.192437755478319
"SOX2","SIDM00803",0.793125802911313
"SOX2","SIDM00806",1.13218636360899
"SOX2","SIDM00812",2.54270315007987
"SOX2","SIDM00823",1.7157564288032
"SOX2","SIDM00828",-0.169060030825848
"SOX2","SIDM00829",0.259492615119239
"SOX2","SIDM00831",2.07548296469106
"SOX2","SIDM00839",0.780496530676496
"SOX2","SIDM00840",0.186634432547643
"SOX2","SIDM00844",-1.41902772488225
"SOX2","SIDM00845",-1.00808139685565
"SOX2","SIDM00847",1.45236552137654
"SOX2","SIDM00848",-0.0600582347054915
"SOX2","SIDM00849",-0.630528445077737
"SOX2","SIDM00850",0.173916110221926
"SOX2","SIDM00851",-1.12066534816584
"SOX2","SIDM00852",0.306615093638225
"SOX2","SIDM00853",4.06365206749345
"SOX2","SIDM00854",-1.50139218027421
"SOX2","SIDM00855",-0.131196375243295
"SOX2","SIDM00856",0.533806713140448
"SOX2","SIDM00857",0.171011884548093
"SOX2","SIDM00858",1.22256542913556
"SOX2","SIDM00860",0.0835140116396674
"SOX2","SIDM00861",1.93094064663538
"SOX2","SIDM00862",-1.63694726293713
"SOX2","SIDM00865",0.815056670872906
"SOX2","SIDM00866",0.883341176438793
"SOX2","SIDM00867",2.51354502225748
"SOX2","SIDM00870",-0.0338852318217937
"SOX2","SIDM00872",0.692892867528424
"SOX2","SIDM00874",-0.35411613049153
"SOX2","SIDM00877",0.507545614256942
"SOX2","SIDM00878",0.649476510481684
"SOX2","SIDM00879",-0.518208411501048
"SOX2","SIDM00881",-0.787101937642777
"SOX2","SIDM00882",-0.373182286025546
"SOX2","SIDM00884",0.751013930859184
"SOX2","SIDM00886",-1.16762720012676
"SOX2","SIDM00887",-0.00581299599776464
"SOX2","SIDM00888",0.622361127796734
"SOX2","SIDM00890",0.195173126021189
"SOX2","SIDM00892",0.282232948408327
"SOX2","SIDM00893",-0.685799346160193
"SOX2","SIDM00894",0.129188440907942
"SOX2","SIDM00897",-0.527743266649493
"SOX2","SIDM00898",-0.803795873521446
"SOX2","SIDM00899",1.8858224509804
"SOX2","SIDM00901",-0.429000337850958
"SOX2","SIDM00903",1.62314738237554
"SOX2","SIDM00904",1.13446026544446
"SOX2","SIDM00907",-1.00476855592558
"SOX2","SIDM00909",0.213524304740229
"SOX2","SIDM00910",1.23137426864312
"SOX2","SIDM00914",0.68190251997261
"SOX2","SIDM00918",-0.970264684965237
"SOX2","SIDM00919",1.49157205954721
"SOX2","SIDM00920",0.7985044023521
"SOX2","SIDM00921",1.31232949068419
"SOX2","SIDM00922",1.32128264085213
"SOX2","SIDM00924",0.146738518717994
"SOX2","SIDM00925",-0.553628143554784
"SOX2","SIDM00926",-0.21752016728992
"SOX2","SIDM00928",1.83272703106252
"SOX2","SIDM00931",0.501197734652177
"SOX2","SIDM00932",0.133474680365274
"SOX2","SIDM00933",1.6969376636091
"SOX2","SIDM00934",2.36370317829156
"SOX2","SIDM00936",0.941295825773625
"SOX2","SIDM00937",1.71281782360888
"SOX2","SIDM00938",0.289810735092871
"SOX2","SIDM00939",1.34374530244682
"SOX2","SIDM00940",1.13684262188386
"SOX2","SIDM00941",0.423827045933066
"SOX2","SIDM00942",0.492422573255238
"SOX2","SIDM00943",1.08693064909955
"SOX2","SIDM00944",1.49737912713203
"SOX2","SIDM00945",1.95122460806273
"SOX2","SIDM00947",1.29800957063169
"SOX2","SIDM00949",-0.21025066097679
"SOX2","SIDM00950",-0.325832662876936
"SOX2","SIDM00955",-0.336762684583813
"SOX2","SIDM00956",-0.290269594662233
"SOX2","SIDM00957",0.702337911476184
"SOX2","SIDM00959",-0.377420246390902
"SOX2","SIDM00961",0.342229548120916
"SOX2","SIDM00963",-0.0710881609781601
"SOX2","SIDM00965",-0.0632461136957042
"SOX2","SIDM00979",0.830604813045634
"SOX2","SIDM00980",0.416913477309282
"SOX2","SIDM00981",-1.07502240466949
"SOX2","SIDM00982",1.88495661597685
"SOX2","SIDM00983",1.38728203726738
"SOX2","SIDM00985",-0.383719896035308
"SOX2","SIDM00986",1.07263132290604
"SOX2","SIDM00987",0.375295678673234
"SOX2","SIDM00988",1.46125391528867
"SOX2","SIDM00989",2.16442424489598
"SOX2","SIDM00990",-0.0558788381950019
"SOX2","SIDM00991",-1.84197121321658
"SOX2","SIDM00992",0.385244842396064
"SOX2","SIDM00993",-0.542787114935595
"SOX2","SIDM00994",-0.270534590715704
"SOX2","SIDM00996",1.98279711085186
"SOX2","SIDM00997",1.43605437912935
"SOX2","SIDM00998",-0.714216556656796
"SOX2","SIDM00999",0.722259902605252
"SOX2","SIDM01000",0.0924530230609133
"SOX2","SIDM01001",-0.181488345248553
"SOX2","SIDM01002",0.447664951736611
"SOX2","SIDM01003",-1.50448556158048
"SOX2","SIDM01004",-0.564934811635247
"SOX2","SIDM01005",0.854401289174174
"SOX2","SIDM01008",-1.38264378896599
"SOX2","SIDM01009",-0.179707722971007
"SOX2","SIDM01010",-0.253040827185445
"SOX2","SIDM01012",-0.878389325939095
"SOX2","SIDM01013",-0.186009741976993
"SOX2","SIDM01015",1.14512958824435
"SOX2","SIDM01016",-1.05858681562465
"SOX2","SIDM01018",-0.477695097353379
"SOX2","SIDM01020",-0.413596614752988
"SOX2","SIDM01022",-0.122883459512794
"SOX2","SIDM01023",-0.271261180286744
"SOX2","SIDM01024",1.21922086494939
"SOX2","SIDM01025",1.69494921194828
"SOX2","SIDM01026",0.54919378347742
"SOX2","SIDM01027",1.86225402239186
"SOX2","SIDM01028",0.15298324802123
"SOX2","SIDM01029",0.906579096233925
"SOX2","SIDM01030",1.34328853677735
"SOX2","SIDM01031",0.437271788893004
"SOX2","SIDM01032",0.792507567968303
"SOX2","SIDM01033",0.575586070490331
"SOX2","SIDM01034",-0.306071037129869
"SOX2","SIDM01036",-0.241264411188565
"SOX2","SIDM01037",1.0713464179857
"SOX2","SIDM01038",-0.525253562761333
"SOX2","SIDM01040",1.18197977391217
"SOX2","SIDM01043",0.356406163505661
"SOX2","SIDM01044",0.298423114370467
"SOX2","SIDM01045",-0.298738154055828
"SOX2","SIDM01048",-0.844615644736748
"SOX2","SIDM01049",-0.223446810599352
"SOX2","SIDM01051",0.647981951118652
"SOX2","SIDM01052",0.302625719601598
"SOX2","SIDM01055",1.48866244481777
"SOX2","SIDM01056",0.392048967269667
"SOX2","SIDM01057",-0.0757821062636172
"SOX2","SIDM01058",0.0798337224689384
"SOX2","SIDM01059",0.904767610158308
"SOX2","SIDM01060",0.707797959731531
"SOX2","SIDM01062",0.272114430563033
"SOX2","SIDM01063",-0.0164702347499971
"SOX2","SIDM01066",0.667815002633302
"SOX2","SIDM01067",0.951057066341571
"SOX2","SIDM01068",0.00911478808287777
"SOX2","SIDM01069",0.692127738375012
"SOX2","SIDM01070",0.858548971478174
"SOX2","SIDM01071",0.917259574202754
"SOX2","SIDM01072",0.550169007119974
"SOX2","SIDM01074",1.886853084415
"SOX2","SIDM01077",-0.825447584794322
"SOX2","SIDM01078",-0.895505349185045
"SOX2","SIDM01079",-0.096828626094651
"SOX2","SIDM01080",-0.646683560292959
"SOX2","SIDM01081",0.632771993605697
"SOX2","SIDM01082",1.85035115575102
"SOX2","SIDM01083",1.04881831259958
"SOX2","SIDM01084",0.705890183078213
"SOX2","SIDM01085",0.909848994153982
"SOX2","SIDM01086",0.0397302886036811
"SOX2","SIDM01087",0.719338344802909
"SOX2","SIDM01088",0.794207106650535
"SOX2","SIDM01089",-1.38983685613141
"SOX2","SIDM01096",1.54678486490227
"SOX2","SIDM01099",-0.371721050302902
"SOX2","SIDM01100",-0.063519213507626
"SOX2","SIDM01101",0.187990324637228
"SOX2","SIDM01103",1.40983656411634
"SOX2","SIDM01104",0.330876402703187
"SOX2","SIDM01105",0.528882987502548
"SOX2","SIDM01106",0.33075273243829
"SOX2","SIDM01107",-0.0391783939427572
"SOX2","SIDM01108",-0.125179210106275
"SOX2","SIDM01109",0.819187047399479
"SOX2","SIDM01110",2.35711714555875
"SOX2","SIDM01111",-0.39700483350705
"SOX2","SIDM01112",0.740368916189715
"SOX2","SIDM01113",-1.3668489996934
"SOX2","SIDM01116",-0.399748432903835
"SOX2","SIDM01119",0.822929472340428
"SOX2","SIDM01121",-0.854557088547988
"SOX2","SIDM01123",-0.127820466280697
"SOX2","SIDM01124",-0.637785017044969
"SOX2","SIDM01125",0.362579108538474
"SOX2","SIDM01127",0.938905299684296
"SOX2","SIDM01128",-0.385169630298036
"SOX2","SIDM01129",0.892627321579655
"SOX2","SIDM01130",-3.05940332360405
"SOX2","SIDM01131",0.235902424022346
"SOX2","SIDM01134",0.219934095920673
"SOX2","SIDM01135",0.115677621364976
"SOX2","SIDM01136",2.52174461155617
"SOX2","SIDM01137",1.94955483773924
"SOX2","SIDM01138",2.02446236335363
"SOX2","SIDM01139",0.0388340228395627
"SOX2","SIDM01141",1.32016186992643
"SOX2","SIDM01144",2.36808756210083
"SOX2","SIDM01147",-0.238763265819227
"SOX2","SIDM01148",-0.357788981800734
"SOX2","SIDM01150",-0.978680502248419
"SOX2","SIDM01151",1.76773265440565
"SOX2","SIDM01154",0.0461793779917321
"SOX2","SIDM01156",0.356292330061409
"SOX2","SIDM01158",1.11521564169862
"SOX2","SIDM01164",1.45091532383776
"SOX2","SIDM01165",1.76264369281873
"SOX2","SIDM01167",2.33187566997237
"SOX2","SIDM01169",-0.222379455486133
"SOX2","SIDM01170",-0.755083800528798
"SOX2","SIDM01171",1.1884219520521
"SOX2","SIDM01172",-0.862897188185765
"SOX2","SIDM01176",-1.24288318672071
"SOX2","SIDM01180",1.2592784078869
"SOX2","SIDM01181",-1.24127879079261
"SOX2","SIDM01182",-0.304409010026199
"SOX2","SIDM01184",2.25704146286943
"SOX2","SIDM01186",-0.459062074460303
"SOX2","SIDM01188",0.707086210599248
"SOX2","SIDM01189",0.244864270978324
"SOX2","SIDM01190",0.691460853796323
"SOX2","SIDM01191",0.0872403518204586
"SOX2","SIDM01193",0.66053615850286
"SOX2","SIDM01194",0.441669308032995
"SOX2","SIDM01195",-0.358620780416721
"SOX2","SIDM01196",0.305912576304536
"SOX2","SIDM01199",1.42312611329173
"SOX2","SIDM01215",2.20266049600153
"SOX2","SIDM01222",-0.00510087531239233
"SOX2","SIDM01241",0.280072371509633
"SOX2","SIDM01254",-1.53375604997115
"SOX2","SIDM01265",-0.251693524590388
"SOX2","SIDM01316",-0.231181506008944
"SOX2","SIDM01318",0.967562457172743
"SOX2","SIDM01320",2.10620878868607
"SOX2","SIDM01321",1.48595786768925
"SOX2","SIDM01322",1.33863106477984
"SOX2","SIDM01323",1.88464912604764
"SOX2","SIDM01324",1.67200412881288
"SOX2","SIDM01325",-0.754141227948801
"SOX2","SIDM01331",1.11471776665905
"SOX2","SIDM01332",0.491953251376536
"SOX2","SIDM01335",1.06716051372345
"SOX2","SIDM01336",1.1135867824468
"SOX2","SIDM01343",1.48970643055088
"SOX2","SIDM01347",0.882241216955148
"SOX2","SIDM01363",0.680840065962015
"SOX2","SIDM01368",0.314215000669311
"SOX2","SIDM01372",0.474576614525133
"SOX2","SIDM01377",0.336241311522863
"SOX2","SIDM01378",-0.45957711794669
"SOX2","SIDM01387",-0.668922712742204
"SOX2","SIDM01391",-0.822165844869406
"SOX2","SIDM01393",0.788936824651841
"SOX2","SIDM01394",1.43672528560631
"SOX2","SIDM01397",1.06979945212971
"SOX2","SIDM01398",0.464990326281431
"SOX2","SIDM01409",2.44920297162599
"SOX2","SIDM01411",1.25285838076086
"SOX2","SIDM01412",0.980161373377134
"SOX2","SIDM01413",1.04334220499313
"SOX2","SIDM01432",2.10721942692758
"SOX2","SIDM01433",0.395841594726669
"SOX2","SIDM01434",0.609189542185417
"SOX2","SIDM01435",0.67599968636609
"SOX2","SIDM01436",0.342364008631534
"SOX2","SIDM01437",0.348389839665494
"SOX2","SIDM01439",1.3632831671016
"SOX2","SIDM01442",1.05586342061404
"SOX2","SIDM01443",1.60872194715055
"SOX2","SIDM01444",2.62858598600866
"SOX2","SIDM01445",1.59655445188195
"SOX2","SIDM01446",0.550896333253756
"SOX2","SIDM01447",1.94661673840877
"SOX2","SIDM01449",1.1460407525201
"SOX2","SIDM01450",0.728402779772006
"SOX2","SIDM01451",0.961239187026003
"SOX2","SIDM01454",1.04452898956377
"SOX2","SIDM01460",1.73827438938858
"SOX2","SIDM01463",-0.195289199046337
"SOX2","SIDM01464",2.40217218476737
"SOX2","SIDM01469",0.77986830376139
"SOX2","SIDM01470",-0.785544825973556
"SOX2","SIDM01471",-0.286968642517784
"SOX2","SIDM01472",1.01943620829422
"SOX2","SIDM01473",-0.376978954400499
"SOX2","SIDM01474",0.813885913618475
"SOX2","SIDM01476",0.509254465661835
"SOX2","SIDM01479",1.7598211694754
"SOX2","SIDM01480",0.682534669471088
"SOX2","SIDM01482",-1.27545713412011
"SOX2","SIDM01490",0.622143518553696
"SOX2","SIDM01491",1.63637071219087
"SOX2","SIDM01492",1.15357149941087
"SOX2","SIDM01494",0.197314414592904
"SOX2","SIDM01498",0.0841324482514238
"SOX2","SIDM01502",0.920551883352773
"SOX2","SIDM01503",-0.792451444592185
"SOX2","SIDM01504",-0.590722338114997
"SOX2","SIDM01510",0.510921003001419
"SOX2","SIDM01511",-3.68487964396186
"SOX2","SIDM01512",1.53373727855623
"SOX2","SIDM01517",1.58863789943477
"SOX2","SIDM01518",0.940963985950533
"SOX2","SIDM01519",-0.253950777684943
"SOX2","SIDM01520",1.9704817025669
"SOX2","SIDM01522",-1.09779387028633
"SOX2","SIDM01523",1.20205625768703
"SOX2","SIDM01525",0.154540322774015
"SOX2","SIDM01526",0.191204160183595
"SOX2","SIDM01528",2.0414321390902
"SOX2","SIDM01529",0.370479645869699
"SOX2","SIDM01530",-0.673708034314429
"SOX2","SIDM01531",-0.846020743700568
"SOX2","SIDM01545",3.16767419442464
"SOX2","SIDM01546",-0.205392371777206
"SOX2","SIDM01551",1.69749841437656
"SOX2","SIDM01553",0.241121573175739
"SOX2","SIDM01554",1.07699962404073
"SOX2","SIDM01556",-1.15323918232443
"SOX2","SIDM01559",1.18800477041902
"SOX2","SIDM01560",1.42882798805059
"SOX2","SIDM01561",0.904159869541543
"SOX2","SIDM01563",2.25790884810604
"SOX2","SIDM01564",1.27410439803426
"SOX2","SIDM01565",1.27991039882969
"SOX2","SIDM01566",2.22382472597298
"SOX2","SIDM01567",-1.34126774692026
"SOX2","SIDM01569",1.24552172982112
"SOX2","SIDM01570",0.700888560063334
"SOX2","SIDM01571",-0.163123938382172
"SOX2","SIDM01572",0.00721248354930805
"SOX2","SIDM01573",-0.313643522979385
"SOX2","SIDM01574",-0.559600972821435
"SOX2","SIDM01575",-1.10434067312833
"SOX2","SIDM01577",-0.171091728792118
"SOX2","SIDM01578",1.32926890658143
"SOX2","SIDM01580",1.86377700051743
"SOX2","SIDM01581",-0.545994892195869
"SOX2","SIDM01582",1.87858664973968
"SOX2","SIDM01587",3.36832360749962
"SOX2","SIDM01588",1.51371140988635
"SOX2","SIDM01589",-0.664746574862142
"SOX2","SIDM01590",2.65821229157793
"SOX2","SIDM01591",2.87223318926707
"SOX2","SIDM01593",1.05828696170398
"SOX2","SIDM01594",1.94267787953769
"SOX2","SIDM01596",0.807085511272974
"SOX2","SIDM01598",0.112306237324118
"SOX2","SIDM01602",2.402363054961
"SOX2","SIDM01603",0.0319458550106763
"SOX2","SIDM01604",1.13617007860935
"SOX2","SIDM01605",1.66948751795011
"SOX2","SIDM01606",1.48311849468668
"SOX2","SIDM01607",0.847087358712811
"SOX2","SIDM01608",-0.576198585171696
"SOX2","SIDM01609",0.379687143730824
"SOX2","SIDM01611",0.533380193372156
"SOX2","SIDM01612",0.0341281728707686
"SOX2","SIDM01613",0.886827489475101
"SOX2","SIDM01614",-0.327828968593332
"SOX2","SIDM01615",1.18052257263679
"SOX2","SIDM01616",0.933619055124424
"SOX2","SIDM01617",0.133163507445961
"SOX2","SIDM01618",-1.54421794825829
"SOX2","SIDM01619",-0.347073204674072
"SOX2","SIDM01622",-0.262862056794797
"SOX2","SIDM01624",-0.408354905501477
"SOX2","SIDM01628",-0.184794753048625
"SOX2","SIDM01629",0.273656332595029
"SOX2","SIDM01635",5.44726794008102
"SOX2","SIDM01640",-0.460393659175937
"SOX2","SIDM01657",3.56590468934218
"SOX2","SIDM01658",-0.328061912258061
"SOX2","SIDM01659",1.08192368161305
"SOX2","SIDM01660",2.80363326784138
"SOX2","SIDM01662",-0.558870701850073
"SOX2","SIDM01664",-0.605655425266525
"SOX2","SIDM01667",-1.20832745648295
"SOX2","SIDM01668",-0.239251780665293
"SOX2","SIDM01672",-1.31481768304311
"SOX2","SIDM01675",-0.749535093532681
"SOX2","SIDM01676",-0.732987430261389
"SOX2","SIDM01679",0.288870214349352
"SOX2","SIDM01682",-0.532330615524588
"SOX2","SIDM01685",0.338281474980112
"SOX2","SIDM01686",-1.40630647435009
"SOX2","SIDM01689",-0.77747328607941
"SOX2","SIDM01690",-0.773079681296586
"SOX2","SIDM01691",-0.56144209021905
"SOX2","SIDM01692",-0.406271579554392
"SOX2","SIDM01693",-1.28388139660308
"SOX2","SIDM01694",-0.40229898920928
"SOX2","SIDM01695",-0.600366220205841
"SOX2","SIDM01696",2.06156511305202
"SOX2","SIDM01697",1.92395951806181
"SOX2","SIDM01698",3.01396125740373
"SOX2","SIDM01699",2.18887296387136
"SOX2","SIDM01701",3.20544768880917
"SOX2","SIDM01702",1.74568497265234
"SOX2","SIDM01703",1.92262667058664
"SOX2","SIDM01704",1.0915312598116
"SOX2","SIDM01705",1.96079775509855
"SOX2","SIDM01709",2.17787599867423
"SOX2","SIDM01710",2.00352299448136
"SOX2","SIDM01724",1.92469006196127
"SOX2","SIDM01725",2.64265433929004
"SOX2","SIDM01726",2.60782697113358
"SOX2","SIDM01727",-0.310748270471617
"SOX2","SIDM01728",1.1212499209872
"SOX2","SIDM01729",0.254892625548099
"SOX2","SIDM01730",1.279887835976
"SOX2","SIDM01734",0.0690156745729864
"SOX2","SIDM01739",-0.343039448236004
"SOX2","SIDM01741",1.59254678752226
"SOX2","SIDM01743",1.45580343778126
"SOX2","SIDM01746",0.59895154465616
"SOX2","SIDM01749",1.42981656384482
"SOX2","SIDM01750",0.245498323644563
"SOX2","SIDM01752",2.79326517931837
"SOX2","SIDM01753",2.68364106430658
"SOX2","SIDM01756",-0.290183361200882
"SOX2","SIDM01757",2.16058700482625
"SOX2","SIDM01758",-0.817059985654635
"SOX2","SIDM01759",2.01783785573088
"SOX2","SIDM01760",-0.202505517779704
"SOX2","SIDM01761",1.17807773470417
"SOX2","SIDM01762",1.12197042250646
"SOX2","SIDM01763",0.93542307806892
"SOX2","SIDM01764",1.07076736101688
"SOX2","SIDM01765",1.66226127481896
"SOX2","SIDM01766",0.0595857152610954
"SOX2","SIDM01767",0.26462037231819
"SOX2","SIDM01768",0.928285301855475
"SOX2","SIDM01770",1.84603133903402
"SOX2","SIDM01771",-0.351917606183789
"SOX2","SIDM01772",1.67347916366585
"SOX2","SIDM01773",-0.652753422802171
"SOX2","SIDM01774",0.0798710840302671
"SOX2","SIDM01775",-0.787029194398359
"SOX2","SIDM01777",2.22095203022104
"SOX2","SIDM01779",1.82598908654076
"SOX2","SIDM01780",-0.484779628227956
"SOX2","SIDM01781",0.805598242143018
"SOX2","SIDM01782",1.64915106837417
"SOX2","SIDM01820",2.29872160792539
"SOX2","SIDM01858",-0.582561018419001
"SOX2","SIDM01859",-0.957363213754206
"SOX2","SIDM01873",0.556317501587962
"SPI1","SIDM00001",6.19443537395874
"SPI1","SIDM00005",-2.25599944653156
"SPI1","SIDM00008",1.63223490034023
"SPI1","SIDM00011",2.33894307062653
"SPI1","SIDM00015",-1.05508444691488
"SPI1","SIDM00016",-1.30619258209229
"SPI1","SIDM00017",-0.475980195723037
"SPI1","SIDM00029",-2.53169595906398
"SPI1","SIDM00032",1.41850224481703
"SPI1","SIDM00036",-2.23920062991234
"SPI1","SIDM00046",-1.42239333223745
"SPI1","SIDM00062",1.88709395224054
"SPI1","SIDM00063",0.612798567202925
"SPI1","SIDM00065",-0.587295481846295
"SPI1","SIDM00071",-1.76484249957872
"SPI1","SIDM00074",1.75678951179004
"SPI1","SIDM00078",3.21527977539027
"SPI1","SIDM00079",0.837415967208233
"SPI1","SIDM00080",0.260953071593979
"SPI1","SIDM00081",1.27499108732023
"SPI1","SIDM00083",3.64039049944573
"SPI1","SIDM00084",0.4185862506343
"SPI1","SIDM00085",1.31850387466788
"SPI1","SIDM00087",0.807151759800702
"SPI1","SIDM00088",2.00822562958693
"SPI1","SIDM00090",0.688116143846768
"SPI1","SIDM00092",0.856542930980535
"SPI1","SIDM00093",-1.75761737022797
"SPI1","SIDM00095",3.26876104942076
"SPI1","SIDM00097",0.789946611518617
"SPI1","SIDM00105",-0.98934698588043
"SPI1","SIDM00107",-0.919241694506763
"SPI1","SIDM00108",1.31078327009321
"SPI1","SIDM00116",-2.83860855419061
"SPI1","SIDM00117",-0.555367703908409
"SPI1","SIDM00119",-2.22857273432334
"SPI1","SIDM00122",-0.52347119975576
"SPI1","SIDM00123",0.265034521822269
"SPI1","SIDM00124",1.73595727765564
"SPI1","SIDM00125",2.34111016141314
"SPI1","SIDM00130",0.85772814877117
"SPI1","SIDM00131",3.74521550207903
"SPI1","SIDM00132",6.70492378403034
"SPI1","SIDM00133",-0.961411667018549
"SPI1","SIDM00134",1.7352425795354
"SPI1","SIDM00135",2.0661106812105
"SPI1","SIDM00138",-0.811746035223595
"SPI1","SIDM00139",1.89186908834406
"SPI1","SIDM00140",1.97850693390818
"SPI1","SIDM00142",-0.823899789833682
"SPI1","SIDM00143",-2.00607940154034
"SPI1","SIDM00144",-0.82490453027176
"SPI1","SIDM00146",2.125425281584
"SPI1","SIDM00147",-1.02061583706751
"SPI1","SIDM00148",-1.24223044629139
"SPI1","SIDM00149",1.00240099437124
"SPI1","SIDM00150",-2.94100892510804
"SPI1","SIDM00151",0.238811707455726
"SPI1","SIDM00153",0.0156839416576546
"SPI1","SIDM00158",0.988829884758677
"SPI1","SIDM00159",-0.703938123712638
"SPI1","SIDM00160",0.713215101253982
"SPI1","SIDM00161",-1.38690800297029
"SPI1","SIDM00162",-0.296542932206769
"SPI1","SIDM00163",-0.206666590251006
"SPI1","SIDM00164",-1.03857773561581
"SPI1","SIDM00165",0.643979465996686
"SPI1","SIDM00166",-0.557761489744787
"SPI1","SIDM00167",1.40650653300606
"SPI1","SIDM00168",1.03111559066669
"SPI1","SIDM00169",1.02631246287672
"SPI1","SIDM00170",-2.26680720476968
"SPI1","SIDM00171",2.31817684420392
"SPI1","SIDM00173",2.56250860081185
"SPI1","SIDM00192",-0.108952552110635
"SPI1","SIDM00194",0.867935331997099
"SPI1","SIDM00210",-0.355251514190091
"SPI1","SIDM00212",1.05869377346606
"SPI1","SIDM00213",1.64404533188404
"SPI1","SIDM00217",0.597852633165
"SPI1","SIDM00220",-2.99396321222971
"SPI1","SIDM00222",-0.588140401482038
"SPI1","SIDM00226",-0.938704157755117
"SPI1","SIDM00228",0.212471215848854
"SPI1","SIDM00235",0.543538247392854
"SPI1","SIDM00237",0.624283532520414
"SPI1","SIDM00238",-0.225223263779194
"SPI1","SIDM00239",0.711250377870346
"SPI1","SIDM00247",-0.354093115952367
"SPI1","SIDM00248",-0.466849088100896
"SPI1","SIDM00249",1.02147425567211
"SPI1","SIDM00250",0.366894699314723
"SPI1","SIDM00271",0.511528204220967
"SPI1","SIDM00272",-0.0826072631356559
"SPI1","SIDM00273",0.476439165529903
"SPI1","SIDM00278",3.57043859157386
"SPI1","SIDM00279",0.44862095995574
"SPI1","SIDM00280",-1.28348585736194
"SPI1","SIDM00282",3.01572075411103
"SPI1","SIDM00284",3.11374535792415
"SPI1","SIDM00286",-1.33926040966065
"SPI1","SIDM00290",-1.26959954234963
"SPI1","SIDM00298",-1.29962865409514
"SPI1","SIDM00301",-0.56705271911605
"SPI1","SIDM00303",0.609236453768116
"SPI1","SIDM00305",-1.74556208985913
"SPI1","SIDM00306",-0.293962559961907
"SPI1","SIDM00307",-2.1103606063907
"SPI1","SIDM00312",-1.47422925446156
"SPI1","SIDM00313",4.56132470745908
"SPI1","SIDM00314",-1.23967006013006
"SPI1","SIDM00315",-0.29155173276547
"SPI1","SIDM00318",1.07991669281058
"SPI1","SIDM00321",0.00631636088221423
"SPI1","SIDM00322",-1.34038247442236
"SPI1","SIDM00325",0.769029272757826
"SPI1","SIDM00327",0.929104202516581
"SPI1","SIDM00329",1.88379568907218
"SPI1","SIDM00331",3.05270697018103
"SPI1","SIDM00333",0.810691328195036
"SPI1","SIDM00334",-2.31368969691409
"SPI1","SIDM00335",-1.15058339274412
"SPI1","SIDM00336",0.360470644759534
"SPI1","SIDM00337",2.54814960460422
"SPI1","SIDM00338",9.13296884934418
"SPI1","SIDM00339",-0.302920943514768
"SPI1","SIDM00340",0.513128135528632
"SPI1","SIDM00341",0.315654448956626
"SPI1","SIDM00342",0.621695764372314
"SPI1","SIDM00344",1.43259762804043
"SPI1","SIDM00345",0.391410388254806
"SPI1","SIDM00347",-1.98449030995972
"SPI1","SIDM00348",2.081111941198
"SPI1","SIDM00352",2.10191841369234
"SPI1","SIDM00353",4.43934831354302
"SPI1","SIDM00354",1.11430921266525
"SPI1","SIDM00355",1.0563374161188
"SPI1","SIDM00356",-1.24688537574063
"SPI1","SIDM00358",-1.26588799791935
"SPI1","SIDM00359",-1.42106374730846
"SPI1","SIDM00360",-2.40844150809991
"SPI1","SIDM00363",10.5073573951675
"SPI1","SIDM00368",-1.13447644183678
"SPI1","SIDM00369",-1.26287782531069
"SPI1","SIDM00370",-0.072062871309129
"SPI1","SIDM00373",1.03364942033214
"SPI1","SIDM00376",3.77575634223297
"SPI1","SIDM00380",10.683802233431
"SPI1","SIDM00382",2.53846855304474
"SPI1","SIDM00386",-0.975801233020891
"SPI1","SIDM00387",-2.61187257857416
"SPI1","SIDM00390",0.269467939043385
"SPI1","SIDM00391",-0.400984310049157
"SPI1","SIDM00392",1.73401473343527
"SPI1","SIDM00395",-1.86852072973997
"SPI1","SIDM00396",10.8478777767472
"SPI1","SIDM00402",0.0111762508890241
"SPI1","SIDM00403",-0.517517631693034
"SPI1","SIDM00405",2.37748652207874
"SPI1","SIDM00419",-0.244487234525137
"SPI1","SIDM00421",0.313813788981678
"SPI1","SIDM00423",2.28747613819764
"SPI1","SIDM00425",0.971740152491271
"SPI1","SIDM00426",-1.09238509592863
"SPI1","SIDM00428",7.33958692605143
"SPI1","SIDM00429",0.397230614525248
"SPI1","SIDM00431",0.63025444010325
"SPI1","SIDM00433",-1.51093057063518
"SPI1","SIDM00434",1.22187432393676
"SPI1","SIDM00435",1.52058342549757
"SPI1","SIDM00437",10.8871204635759
"SPI1","SIDM00442",-0.375325697544017
"SPI1","SIDM00443",1.01316230339991
"SPI1","SIDM00446",8.98496055706694
"SPI1","SIDM00447",3.01231601998228
"SPI1","SIDM00449",3.57947768957378
"SPI1","SIDM00450",9.81998850155502
"SPI1","SIDM00451",-0.63535318021659
"SPI1","SIDM00452",-0.581056423062741
"SPI1","SIDM00453",-1.54846296648736
"SPI1","SIDM00454",1.69373017958172
"SPI1","SIDM00455",-0.654301286504258
"SPI1","SIDM00457",0.297553281742452
"SPI1","SIDM00458",2.04782396936612
"SPI1","SIDM00460",4.12485567326629
"SPI1","SIDM00461",6.92990416927576
"SPI1","SIDM00462",14.4466800716482
"SPI1","SIDM00463",-0.807271553335977
"SPI1","SIDM00469",1.29578225007211
"SPI1","SIDM00473",1.52355509419237
"SPI1","SIDM00474",5.53739855876583
"SPI1","SIDM00475",2.52273086624115
"SPI1","SIDM00477",2.27552234265677
"SPI1","SIDM00478",1.65634379732253
"SPI1","SIDM00479",0.868673449635281
"SPI1","SIDM00480",2.14424448221709
"SPI1","SIDM00481",-1.07602739644854
"SPI1","SIDM00484",-1.67713459852321
"SPI1","SIDM00485",4.63728142912255
"SPI1","SIDM00486",0.596730528731459
"SPI1","SIDM00492",-0.859757739131875
"SPI1","SIDM00493",-0.308532192215138
"SPI1","SIDM00494",-0.405629158189731
"SPI1","SIDM00495",-0.659832323582266
"SPI1","SIDM00497",-0.744624430265515
"SPI1","SIDM00499",-3.19758405842472
"SPI1","SIDM00500",-0.55366705886329
"SPI1","SIDM00502",0.0815928013368666
"SPI1","SIDM00503",1.89806451157048
"SPI1","SIDM00505",-0.421618629931087
"SPI1","SIDM00506",-2.16492944611599
"SPI1","SIDM00509",-0.72871565899541
"SPI1","SIDM00511",-2.18734280081075
"SPI1","SIDM00512",0.130326909676302
"SPI1","SIDM00513",-0.234407243807206
"SPI1","SIDM00515",1.91411541193591
"SPI1","SIDM00521",2.99285329179768
"SPI1","SIDM00522",-0.798844564586498
"SPI1","SIDM00523",-1.93694329844799
"SPI1","SIDM00524",-2.26784383886737
"SPI1","SIDM00525",0.764762281288161
"SPI1","SIDM00526",0.658508533785736
"SPI1","SIDM00529",-1.49125322531038
"SPI1","SIDM00531",-0.0485458441434498
"SPI1","SIDM00533",0.494521062609886
"SPI1","SIDM00536",-1.38086876021341
"SPI1","SIDM00545",0.589161059743655
"SPI1","SIDM00546",-0.347675840537881
"SPI1","SIDM00547",-0.414957148578021
"SPI1","SIDM00548",0.143833813505089
"SPI1","SIDM00552",-0.853160627002633
"SPI1","SIDM00554",-0.554495010813574
"SPI1","SIDM00555",5.72884416190177
"SPI1","SIDM00556",-1.46706048026679
"SPI1","SIDM00557",-2.16861383252371
"SPI1","SIDM00560",0.751956326510361
"SPI1","SIDM00564",-0.651666861977503
"SPI1","SIDM00567",-0.455796113920692
"SPI1","SIDM00568",2.71663341088699
"SPI1","SIDM00570",0.906020348848269
"SPI1","SIDM00571",0.0368268055918419
"SPI1","SIDM00572",1.10760529057261
"SPI1","SIDM00575",1.55924101232056
"SPI1","SIDM00578",-0.86782510880199
"SPI1","SIDM00580",10.2451518654248
"SPI1","SIDM00581",0.767950793996853
"SPI1","SIDM00582",-1.63441381701033
"SPI1","SIDM00585",0.939670552409229
"SPI1","SIDM00586",-0.16259342068783
"SPI1","SIDM00587",0.942849511484256
"SPI1","SIDM00588",-0.41145432886393
"SPI1","SIDM00589",1.18642881555179
"SPI1","SIDM00590",1.29510639708096
"SPI1","SIDM00593",1.3087135167346
"SPI1","SIDM00594",2.43191295247087
"SPI1","SIDM00595",-1.4960321032981
"SPI1","SIDM00598",-0.989505896311914
"SPI1","SIDM00602",-0.760634344653439
"SPI1","SIDM00605",0.678115345032447
"SPI1","SIDM00607",1.06420469718998
"SPI1","SIDM00608",1.22883012269747
"SPI1","SIDM00609",0.22656644096756
"SPI1","SIDM00610",1.10213067516411
"SPI1","SIDM00611",7.54544363177097
"SPI1","SIDM00613",0.650516480071055
"SPI1","SIDM00614",1.23404385830132
"SPI1","SIDM00615",-0.197506216365999
"SPI1","SIDM00616",-0.497931531094718
"SPI1","SIDM00617",1.73978262176569
"SPI1","SIDM00618",0.211733075698286
"SPI1","SIDM00625",-0.401444727186424
"SPI1","SIDM00628",0.619273853572497
"SPI1","SIDM00629",1.3157773592662
"SPI1","SIDM00630",0.33189048823973
"SPI1","SIDM00633",-0.600856715966766
"SPI1","SIDM00634",-0.897591502964199
"SPI1","SIDM00637",3.59826165058767
"SPI1","SIDM00639",0.561399424537918
"SPI1","SIDM00640",3.39804329942577
"SPI1","SIDM00641",1.51117240425119
"SPI1","SIDM00644",-0.182027996093738
"SPI1","SIDM00645",-0.941417986164795
"SPI1","SIDM00646",-1.67523899035412
"SPI1","SIDM00649",-1.64381547946584
"SPI1","SIDM00651",-2.46627576406831
"SPI1","SIDM00652",-3.24134806884994
"SPI1","SIDM00653",-3.20119402160806
"SPI1","SIDM00654",-2.33992908049516
"SPI1","SIDM00657",6.42320591129914
"SPI1","SIDM00658",-2.11278394677659
"SPI1","SIDM00660",-0.212787011804152
"SPI1","SIDM00661",1.29346155759256
"SPI1","SIDM00662",4.84392674168205
"SPI1","SIDM00663",0.743224961699427
"SPI1","SIDM00664",1.66628710468893
"SPI1","SIDM00665",-0.19809559446481
"SPI1","SIDM00666",2.17253612788656
"SPI1","SIDM00669",1.57189093703889
"SPI1","SIDM00670",0.138754862652497
"SPI1","SIDM00671",-0.501111381567953
"SPI1","SIDM00672",1.68501874761799
"SPI1","SIDM00673",1.00459692796381
"SPI1","SIDM00675",-2.25742701509663
"SPI1","SIDM00676",0.286529774049938
"SPI1","SIDM00678",-1.10531144897561
"SPI1","SIDM00681",-0.323611177260086
"SPI1","SIDM00683",-1.92291656536807
"SPI1","SIDM00684",-0.343420938762689
"SPI1","SIDM00685",-0.189923634195897
"SPI1","SIDM00686",0.728810258265202
"SPI1","SIDM00687",1.00627093874108
"SPI1","SIDM00689",-0.00113802138915673
"SPI1","SIDM00693",0.829932589364755
"SPI1","SIDM00694",-1.83684080427437
"SPI1","SIDM00695",1.04171449330875
"SPI1","SIDM00697",-1.77719416268088
"SPI1","SIDM00698",-1.32914446814811
"SPI1","SIDM00702",1.01989522006421
"SPI1","SIDM00703",-0.65655425650124
"SPI1","SIDM00704",-2.00036617285943
"SPI1","SIDM00706",-2.63342739010394
"SPI1","SIDM00708",-0.707188284710037
"SPI1","SIDM00709",0.253459193677522
"SPI1","SIDM00710",-2.91446831014962
"SPI1","SIDM00711",-1.24571998222831
"SPI1","SIDM00713",0.588842969541818
"SPI1","SIDM00715",-1.48507983268726
"SPI1","SIDM00716",-0.932394020117819
"SPI1","SIDM00718",-1.96566073756362
"SPI1","SIDM00720",-0.596886550267862
"SPI1","SIDM00722",1.79614681914499
"SPI1","SIDM00723",0.898256404688849
"SPI1","SIDM00724",0.201492722081081
"SPI1","SIDM00726",1.88936177402315
"SPI1","SIDM00727",-1.21637678845003
"SPI1","SIDM00728",0.186176877190746
"SPI1","SIDM00729",2.84339650211184
"SPI1","SIDM00730",-2.67642462379117
"SPI1","SIDM00731",-3.30748789666845
"SPI1","SIDM00733",-1.09369284276712
"SPI1","SIDM00734",-1.05905993049751
"SPI1","SIDM00735",-2.22159589418892
"SPI1","SIDM00738",-1.26047625401168
"SPI1","SIDM00739",-1.0347925747512
"SPI1","SIDM00740",-0.631475240001027
"SPI1","SIDM00741",-2.61678206797605
"SPI1","SIDM00742",-3.08714722153987
"SPI1","SIDM00743",2.13857373800331
"SPI1","SIDM00744",-0.198090294984339
"SPI1","SIDM00745",-1.16507894227542
"SPI1","SIDM00746",1.33926047999348
"SPI1","SIDM00747",-2.11958039935346
"SPI1","SIDM00748",-0.851520208176385
"SPI1","SIDM00749",-1.87907507268425
"SPI1","SIDM00750",-1.09750696219235
"SPI1","SIDM00751",0.54942557364417
"SPI1","SIDM00753",-0.806579732475234
"SPI1","SIDM00754",-0.261414777433019
"SPI1","SIDM00755",-1.13448146379006
"SPI1","SIDM00756",-0.530696174823253
"SPI1","SIDM00757",-0.291055826791185
"SPI1","SIDM00759",0.112544545531762
"SPI1","SIDM00760",-2.22002623519817
"SPI1","SIDM00761",0.14578256770139
"SPI1","SIDM00762",-2.18109908866744
"SPI1","SIDM00763",-3.19861519717614
"SPI1","SIDM00766",-2.28203487837367
"SPI1","SIDM00768",0.767547482610157
"SPI1","SIDM00769",-1.51403170040309
"SPI1","SIDM00771",1.06533267753439
"SPI1","SIDM00772",0.269648378401086
"SPI1","SIDM00774",-1.26980288824243
"SPI1","SIDM00775",-1.82964581943338
"SPI1","SIDM00776",0.779429653557085
"SPI1","SIDM00777",-0.585518072194009
"SPI1","SIDM00778",-0.0378477398550776
"SPI1","SIDM00779",-1.26873274188674
"SPI1","SIDM00780",-2.05897112534992
"SPI1","SIDM00782",-1.11388449931035
"SPI1","SIDM00784",1.24591888411425
"SPI1","SIDM00785",2.80560926193406
"SPI1","SIDM00791",-1.49689102111567
"SPI1","SIDM00795",-1.50409922087018
"SPI1","SIDM00796",0.801954602996231
"SPI1","SIDM00797",-1.27993454576873
"SPI1","SIDM00798",1.25462050935611
"SPI1","SIDM00799",2.384771029606
"SPI1","SIDM00800",0.233643106719635
"SPI1","SIDM00801",0.223074007194395
"SPI1","SIDM00803",3.35060835858881
"SPI1","SIDM00806",-1.04472903006274
"SPI1","SIDM00812",1.78468839132848
"SPI1","SIDM00823",0.827571094413031
"SPI1","SIDM00828",-0.566015255219056
"SPI1","SIDM00829",11.8113242064927
"SPI1","SIDM00831",2.72505004486331
"SPI1","SIDM00839",-1.78806006667589
"SPI1","SIDM00840",-0.420039536091347
"SPI1","SIDM00844",1.70014346705192
"SPI1","SIDM00845",0.436702090604772
"SPI1","SIDM00847",-1.3304784953686
"SPI1","SIDM00848",-0.670957144733483
"SPI1","SIDM00849",-2.52540175645953
"SPI1","SIDM00850",0.680099085457456
"SPI1","SIDM00851",1.22186570256886
"SPI1","SIDM00852",-0.140783734807114
"SPI1","SIDM00853",1.06889769421626
"SPI1","SIDM00854",2.20265715326595
"SPI1","SIDM00855",0.320045871250791
"SPI1","SIDM00856",-1.43158952283916
"SPI1","SIDM00857",0.321410233498705
"SPI1","SIDM00858",0.909255206900939
"SPI1","SIDM00860",-0.193974453337059
"SPI1","SIDM00861",0.534372360159687
"SPI1","SIDM00862",2.6788732371206
"SPI1","SIDM00865",-1.87172780646666
"SPI1","SIDM00866",-0.81401081590671
"SPI1","SIDM00867",3.18721772596021
"SPI1","SIDM00870",-1.53543661798525
"SPI1","SIDM00872",0.0401605139900399
"SPI1","SIDM00874",-0.333996771639513
"SPI1","SIDM00877",-1.65985184569884
"SPI1","SIDM00878",3.0321153291312
"SPI1","SIDM00879",-1.87771328864008
"SPI1","SIDM00881",-1.7711012624566
"SPI1","SIDM00882",-1.66015841930173
"SPI1","SIDM00884",-0.155678418815121
"SPI1","SIDM00886",-0.927311355076175
"SPI1","SIDM00887",-0.841763823479376
"SPI1","SIDM00888",-1.15300151778914
"SPI1","SIDM00890",1.02515495333108
"SPI1","SIDM00892",-0.353873954951365
"SPI1","SIDM00893",-1.66733628425423
"SPI1","SIDM00894",-2.44730788095729
"SPI1","SIDM00897",-1.27561500822943
"SPI1","SIDM00898",-1.17172221137054
"SPI1","SIDM00899",1.44952412579997
"SPI1","SIDM00901",-2.16863411819228
"SPI1","SIDM00903",-0.0723498297355307
"SPI1","SIDM00904",5.96376224231423
"SPI1","SIDM00907",-0.470180061721174
"SPI1","SIDM00909",2.18912014689153
"SPI1","SIDM00910",-0.581981117285842
"SPI1","SIDM00914",0.127277409382867
"SPI1","SIDM00918",-2.01000402385395
"SPI1","SIDM00919",1.04887611414245
"SPI1","SIDM00920",-0.962259096950948
"SPI1","SIDM00921",-0.43934386702906
"SPI1","SIDM00922",1.35023609993272
"SPI1","SIDM00924",-1.24250830309432
"SPI1","SIDM00925",-1.50424191541471
"SPI1","SIDM00926",-1.92246282554756
"SPI1","SIDM00928",2.44358406604793
"SPI1","SIDM00931",-1.19734622958977
"SPI1","SIDM00932",0.687796648921717
"SPI1","SIDM00933",-1.68600925430466
"SPI1","SIDM00934",-0.122932952217199
"SPI1","SIDM00936",1.2353883578796
"SPI1","SIDM00937",3.84259422068211
"SPI1","SIDM00938",-1.35489919540604
"SPI1","SIDM00939",2.10606273556143
"SPI1","SIDM00940",0.387538672906267
"SPI1","SIDM00941",1.31806848330568
"SPI1","SIDM00942",0.571082752878173
"SPI1","SIDM00943",0.533105621892992
"SPI1","SIDM00944",0.0049007211647649
"SPI1","SIDM00945",-0.0899408586080443
"SPI1","SIDM00947",1.36365744157376
"SPI1","SIDM00949",1.7128916088814
"SPI1","SIDM00950",-1.74234465985576
"SPI1","SIDM00955",3.338276033123
"SPI1","SIDM00956",-2.08985612111854
"SPI1","SIDM00957",-0.912353207986697
"SPI1","SIDM00959",2.68402849767728
"SPI1","SIDM00961",-0.687146868210752
"SPI1","SIDM00963",-0.587660863338581
"SPI1","SIDM00965",-1.82560358139063
"SPI1","SIDM00979",1.4075201138895
"SPI1","SIDM00980",-1.74753562490917
"SPI1","SIDM00981",2.5415022844815
"SPI1","SIDM00982",1.57062810812465
"SPI1","SIDM00983",3.77675923767193
"SPI1","SIDM00985",3.08828706229298
"SPI1","SIDM00986",0.969335515832867
"SPI1","SIDM00987",1.21324355183215
"SPI1","SIDM00988",2.27386912616545
"SPI1","SIDM00989",2.59329413352399
"SPI1","SIDM00990",-0.762616084421192
"SPI1","SIDM00991",0.889543779364915
"SPI1","SIDM00992",1.85308885507021
"SPI1","SIDM00993",1.74219162055076
"SPI1","SIDM00994",1.89935018696847
"SPI1","SIDM00996",1.27632147672066
"SPI1","SIDM00997",3.13853042426083
"SPI1","SIDM00998",-0.902035598933901
"SPI1","SIDM00999",-0.0559089205410968
"SPI1","SIDM01000",-0.199276143742336
"SPI1","SIDM01001",0.0669988094997298
"SPI1","SIDM01002",-0.850512381790439
"SPI1","SIDM01003",-0.283118717472556
"SPI1","SIDM01004",4.16920380341677
"SPI1","SIDM01005",4.15877928964504
"SPI1","SIDM01008",2.34403759332173
"SPI1","SIDM01009",-1.35207286537511
"SPI1","SIDM01010",3.28731254065178
"SPI1","SIDM01012",4.05503116377466
"SPI1","SIDM01013",7.44139552206203
"SPI1","SIDM01015",0.703513038627247
"SPI1","SIDM01016",1.05351227373518
"SPI1","SIDM01018",0.912767427636949
"SPI1","SIDM01020",0.518321074772056
"SPI1","SIDM01022",11.1727488384373
"SPI1","SIDM01023",9.62707926929504
"SPI1","SIDM01024",-1.11693185948805
"SPI1","SIDM01025",0.573284151440565
"SPI1","SIDM01026",-0.189124155848227
"SPI1","SIDM01027",-1.01747519121307
"SPI1","SIDM01028",-1.16751361175596
"SPI1","SIDM01029",0.709080289674006
"SPI1","SIDM01030",-1.61207349974256
"SPI1","SIDM01031",-0.842372604890163
"SPI1","SIDM01032",-1.06587464820156
"SPI1","SIDM01033",-0.444441672601673
"SPI1","SIDM01034",6.12199572256359
"SPI1","SIDM01036",3.52450323999038
"SPI1","SIDM01037",1.93570948769781
"SPI1","SIDM01038",2.88311608169707
"SPI1","SIDM01040",0.141330056144804
"SPI1","SIDM01043",2.40157728027357
"SPI1","SIDM01044",1.02569087240494
"SPI1","SIDM01045",-1.7388855050819
"SPI1","SIDM01048",2.34694104372217
"SPI1","SIDM01049",4.85364751813723
"SPI1","SIDM01051",-0.864072167858546
"SPI1","SIDM01052",1.41986274977461
"SPI1","SIDM01055",1.91762671274788
"SPI1","SIDM01056",-1.28606903219596
"SPI1","SIDM01057",3.03719242573109
"SPI1","SIDM01058",2.86033928097834
"SPI1","SIDM01059",0.758993465553269
"SPI1","SIDM01060",-0.557282824322436
"SPI1","SIDM01062",-0.204738097297061
"SPI1","SIDM01063",-0.403940068350243
"SPI1","SIDM01066",0.66633975640089
"SPI1","SIDM01067",-0.479408019690604
"SPI1","SIDM01068",1.24467630540854
"SPI1","SIDM01069",0.729394145564954
"SPI1","SIDM01070",2.81192171965388
"SPI1","SIDM01071",-2.69927874362669
"SPI1","SIDM01072",-0.836480600013434
"SPI1","SIDM01074",2.19301351470939
"SPI1","SIDM01077",-1.71845225183969
"SPI1","SIDM01078",-2.21206982491595
"SPI1","SIDM01079",0.121201042842193
"SPI1","SIDM01080",-0.777710562177726
"SPI1","SIDM01081",0.25628240204708
"SPI1","SIDM01082",5.55144637331575
"SPI1","SIDM01083",2.34761290914192
"SPI1","SIDM01084",-0.96108224394302
"SPI1","SIDM01085",-1.09727678812781
"SPI1","SIDM01086",3.31043025232074
"SPI1","SIDM01087",0.906170688329638
"SPI1","SIDM01088",0.45791777463349
"SPI1","SIDM01089",1.60438126485615
"SPI1","SIDM01096",-0.301506865098595
"SPI1","SIDM01099",-3.42242118523399
"SPI1","SIDM01100",-2.10002614498668
"SPI1","SIDM01101",-1.2057758615473
"SPI1","SIDM01103",0.518423991103028
"SPI1","SIDM01104",1.98537487147554
"SPI1","SIDM01105",0.977182300678315
"SPI1","SIDM01106",0.978038852040771
"SPI1","SIDM01107",-0.386372248676653
"SPI1","SIDM01108",-1.28992307255257
"SPI1","SIDM01109",0.233801091385898
"SPI1","SIDM01110",2.19451754467564
"SPI1","SIDM01111",-1.99796132754714
"SPI1","SIDM01112",0.300569189506179
"SPI1","SIDM01113",-2.1326455608033
"SPI1","SIDM01116",-1.10918968086456
"SPI1","SIDM01119",-0.718815158661889
"SPI1","SIDM01121",-2.5398158917656
"SPI1","SIDM01123",-2.51466664211016
"SPI1","SIDM01124",-1.06555670521542
"SPI1","SIDM01125",0.867475453023442
"SPI1","SIDM01127",3.23957459815614
"SPI1","SIDM01128",-1.67845498015305
"SPI1","SIDM01129",-1.45726324633901
"SPI1","SIDM01130",-1.67098219610244
"SPI1","SIDM01131",-1.43603319301456
"SPI1","SIDM01134",-4.69727405874811
"SPI1","SIDM01135",-0.30532539135081
"SPI1","SIDM01136",2.12631972342034
"SPI1","SIDM01137",1.13449040088331
"SPI1","SIDM01138",3.32462105490335
"SPI1","SIDM01139",-1.23840359726736
"SPI1","SIDM01141",1.47107146288248
"SPI1","SIDM01144",-0.306601237185757
"SPI1","SIDM01147",-2.91680807071224
"SPI1","SIDM01148",2.45554418922687
"SPI1","SIDM01150",-2.90104283440617
"SPI1","SIDM01151",-1.62615974123601
"SPI1","SIDM01154",0.338533215084286
"SPI1","SIDM01156",-0.514494545490539
"SPI1","SIDM01158",-0.153165083186839
"SPI1","SIDM01164",2.20767873585917
"SPI1","SIDM01165",1.53825043201128
"SPI1","SIDM01167",0.906827414632084
"SPI1","SIDM01169",-0.437766302575945
"SPI1","SIDM01170",-0.70857391824471
"SPI1","SIDM01171",1.14586000085979
"SPI1","SIDM01172",6.82335745957757
"SPI1","SIDM01176",0.985238004520989
"SPI1","SIDM01180",1.41100526792003
"SPI1","SIDM01181",-2.86909477083345
"SPI1","SIDM01182",-0.72994784165206
"SPI1","SIDM01184",1.99852793154645
"SPI1","SIDM01186",-1.86195349924874
"SPI1","SIDM01188",-0.0475518272096514
"SPI1","SIDM01189",0.644317645581891
"SPI1","SIDM01190",1.52601839558567
"SPI1","SIDM01191",-1.52954324381472
"SPI1","SIDM01193",-1.25568124868299
"SPI1","SIDM01194",-1.23551500688917
"SPI1","SIDM01195",6.43932727066058
"SPI1","SIDM01196",0.273359397026751
"SPI1","SIDM01199",-0.244957783415936
"SPI1","SIDM01215",2.40274435607294
"SPI1","SIDM01222",-2.37282229428657
"SPI1","SIDM01241",-2.19007999166858
"SPI1","SIDM01254",2.34039501053686
"SPI1","SIDM01265",1.51728805023809
"SPI1","SIDM01316",-1.746973988999
"SPI1","SIDM01318",1.32216580791523
"SPI1","SIDM01320",-0.64780181673901
"SPI1","SIDM01321",0.272922960665697
"SPI1","SIDM01322",3.70691277197606
"SPI1","SIDM01323",3.98587459682565
"SPI1","SIDM01324",4.07276815605996
"SPI1","SIDM01325",0.527479561275801
"SPI1","SIDM01331",-0.659155861365054
"SPI1","SIDM01332",0.589168012215873
"SPI1","SIDM01335",2.63883190915063
"SPI1","SIDM01336",1.30291977498303
"SPI1","SIDM01343",1.31242370276901
"SPI1","SIDM01347",0.527762006392496
"SPI1","SIDM01363",0.0161697663609095
"SPI1","SIDM01368",-0.0757933279831058
"SPI1","SIDM01372",1.87876411484039
"SPI1","SIDM01377",-0.721357186225344
"SPI1","SIDM01378",0.548000004294592
"SPI1","SIDM01387",0.079795081914299
"SPI1","SIDM01391",-2.42174340456198
"SPI1","SIDM01393",-0.593106482076485
"SPI1","SIDM01394",1.34355061822252
"SPI1","SIDM01397",0.66922690150584
"SPI1","SIDM01398",-0.171525719187024
"SPI1","SIDM01409",2.89935186298365
"SPI1","SIDM01411",1.28809873581896
"SPI1","SIDM01412",1.1258353432814
"SPI1","SIDM01413",0.757843835713503
"SPI1","SIDM01432",3.01568328599306
"SPI1","SIDM01433",-0.442877695897378
"SPI1","SIDM01434",-0.0324739319955064
"SPI1","SIDM01435",1.72945102456355
"SPI1","SIDM01436",0.358262695830831
"SPI1","SIDM01437",2.9140994561113
"SPI1","SIDM01439",0.741694964487294
"SPI1","SIDM01442",1.59852483166074
"SPI1","SIDM01443",0.193055532448494
"SPI1","SIDM01444",-0.571419375422933
"SPI1","SIDM01445",2.86772382801015
"SPI1","SIDM01446",1.19374191518737
"SPI1","SIDM01447",1.50391471180999
"SPI1","SIDM01449",3.25086841029612
"SPI1","SIDM01450",-0.438431775530977
"SPI1","SIDM01451",1.26044341008201
"SPI1","SIDM01454",3.86810646694766
"SPI1","SIDM01460",0.263454757423848
"SPI1","SIDM01463",0.0709709770398243
"SPI1","SIDM01464",2.23790233088583
"SPI1","SIDM01469",-1.0428642644974
"SPI1","SIDM01470",0.906590637442778
"SPI1","SIDM01471",-0.335637160445626
"SPI1","SIDM01472",1.9119942586372
"SPI1","SIDM01473",1.77576604975408
"SPI1","SIDM01474",0.410532735552507
"SPI1","SIDM01476",0.264315626042909
"SPI1","SIDM01479",2.48505985113013
"SPI1","SIDM01480",-0.555149918936241
"SPI1","SIDM01482",-1.54277291958046
"SPI1","SIDM01490",-2.19152778070916
"SPI1","SIDM01491",1.41002513681444
"SPI1","SIDM01492",-0.986087443437529
"SPI1","SIDM01494",-1.00136209235518
"SPI1","SIDM01498",3.91334261961028
"SPI1","SIDM01502",1.8524683632349
"SPI1","SIDM01503",-1.40083972570753
"SPI1","SIDM01504",-1.72637845383173
"SPI1","SIDM01510",-0.626406293781166
"SPI1","SIDM01511",-0.500538657306125
"SPI1","SIDM01512",1.3714484474814
"SPI1","SIDM01517",2.74136322402039
"SPI1","SIDM01518",4.12136071564085
"SPI1","SIDM01519",-1.09247951401189
"SPI1","SIDM01520",3.46104232847078
"SPI1","SIDM01522",6.01383073779733
"SPI1","SIDM01523",1.41203866410577
"SPI1","SIDM01525",7.72272495647561
"SPI1","SIDM01526",-0.713229004107644
"SPI1","SIDM01528",2.2983478063834
"SPI1","SIDM01529",-0.46540244503367
"SPI1","SIDM01530",-0.455134006687786
"SPI1","SIDM01531",3.4405512013425
"SPI1","SIDM01545",1.57654418959564
"SPI1","SIDM01546",0.435031674232843
"SPI1","SIDM01551",1.75997166862206
"SPI1","SIDM01553",-0.900948719723688
"SPI1","SIDM01554",2.67709937061796
"SPI1","SIDM01556",3.00929860744898
"SPI1","SIDM01559",0.339126748617282
"SPI1","SIDM01560",0.493684606603903
"SPI1","SIDM01561",-1.77137803583289
"SPI1","SIDM01563",3.1851482985072
"SPI1","SIDM01564",3.54850243459428
"SPI1","SIDM01565",2.9428718539656
"SPI1","SIDM01566",4.94779159177273
"SPI1","SIDM01567",7.29427967473426
"SPI1","SIDM01569",1.33005154386256
"SPI1","SIDM01570",3.00404719511175
"SPI1","SIDM01571",-0.381222236005516
"SPI1","SIDM01572",-3.40441023953388
"SPI1","SIDM01573",0.766296729077441
"SPI1","SIDM01574",0.197602358828213
"SPI1","SIDM01575",0.990942707753126
"SPI1","SIDM01577",-0.738539501472811
"SPI1","SIDM01578",1.13076665772043
"SPI1","SIDM01580",5.12916744664998
"SPI1","SIDM01581",2.36042765970507
"SPI1","SIDM01582",1.2722989336611
"SPI1","SIDM01587",2.82788123071952
"SPI1","SIDM01588",1.4158193170521
"SPI1","SIDM01589",1.50571750605487
"SPI1","SIDM01590",4.89974651388894
"SPI1","SIDM01591",3.9048598145539
"SPI1","SIDM01593",-0.561381519376907
"SPI1","SIDM01594",3.28347233519564
"SPI1","SIDM01596",-0.145265293028524
"SPI1","SIDM01598",-1.26238515014324
"SPI1","SIDM01602",3.11596605642498
"SPI1","SIDM01603",3.52216996325755
"SPI1","SIDM01604",0.382605067482554
"SPI1","SIDM01605",2.21878764135561
"SPI1","SIDM01606",2.61404982370215
"SPI1","SIDM01607",-0.224027025581582
"SPI1","SIDM01608",-2.58582371180803
"SPI1","SIDM01609",-1.28196484623998
"SPI1","SIDM01611",-1.77122677072008
"SPI1","SIDM01612",-0.920581063377239
"SPI1","SIDM01613",4.7371600134335
"SPI1","SIDM01614",-0.564749622893301
"SPI1","SIDM01615",2.2793457750148
"SPI1","SIDM01616",1.26931126349472
"SPI1","SIDM01617",-2.36599329523201
"SPI1","SIDM01618",1.60700218431249
"SPI1","SIDM01619",-2.0344118040514
"SPI1","SIDM01622",0.208391047829144
"SPI1","SIDM01624",-0.0501587147388441
"SPI1","SIDM01628",-1.03787325799521
"SPI1","SIDM01629",1.10507894862749
"SPI1","SIDM01635",-0.435697005525331
"SPI1","SIDM01640",1.87815304234546
"SPI1","SIDM01657",1.07209105825906
"SPI1","SIDM01658",0.306137950157558
"SPI1","SIDM01659",1.28027473838061
"SPI1","SIDM01660",3.20589296824274
"SPI1","SIDM01662",0.475600392014045
"SPI1","SIDM01664",-1.16770770157679
"SPI1","SIDM01667",2.46168022688518
"SPI1","SIDM01668",-2.72124923184758
"SPI1","SIDM01672",-2.38959068820933
"SPI1","SIDM01675",-1.76855063100285
"SPI1","SIDM01676",-2.61508240152281
"SPI1","SIDM01679",-2.45808557978461
"SPI1","SIDM01682",-1.63501226573709
"SPI1","SIDM01685",2.95974180209344
"SPI1","SIDM01686",1.31225316319174
"SPI1","SIDM01689",3.97137351901755
"SPI1","SIDM01690",0.333397397480885
"SPI1","SIDM01691",6.68418003625483
"SPI1","SIDM01692",4.18746963468494
"SPI1","SIDM01693",1.57206019687044
"SPI1","SIDM01694",1.95253808531681
"SPI1","SIDM01695",2.96338110527299
"SPI1","SIDM01696",5.75879086901023
"SPI1","SIDM01697",6.24974811655991
"SPI1","SIDM01698",5.80395460566354
"SPI1","SIDM01699",5.040028351816
"SPI1","SIDM01701",6.98770523306617
"SPI1","SIDM01702",3.22095328398168
"SPI1","SIDM01703",4.70875337593537
"SPI1","SIDM01704",1.61598941762448
"SPI1","SIDM01705",3.7641975141891
"SPI1","SIDM01709",4.48951841651956
"SPI1","SIDM01710",4.04353333208396
"SPI1","SIDM01724",5.72470450355862
"SPI1","SIDM01725",3.72807839399538
"SPI1","SIDM01726",4.66000164658731
"SPI1","SIDM01727",-0.260477122333944
"SPI1","SIDM01728",0.269525681038643
"SPI1","SIDM01729",1.32499204353543
"SPI1","SIDM01730",-0.199799231907149
"SPI1","SIDM01734",4.10649104774265
"SPI1","SIDM01739",-1.6146132206869
"SPI1","SIDM01741",5.25068447121745
"SPI1","SIDM01743",2.40035540094441
"SPI1","SIDM01746",3.78195088153069
"SPI1","SIDM01749",1.7936875573743
"SPI1","SIDM01750",-0.107582818039396
"SPI1","SIDM01752",0.350148579435228
"SPI1","SIDM01753",0.0722768177177641
"SPI1","SIDM01756",2.07609159787834
"SPI1","SIDM01757",1.38127645595775
"SPI1","SIDM01758",-0.268971699032549
"SPI1","SIDM01759",3.7892036690405
"SPI1","SIDM01760",-0.643717800437541
"SPI1","SIDM01761",1.34179372760532
"SPI1","SIDM01762",0.374830300114257
"SPI1","SIDM01763",1.26840031733399
"SPI1","SIDM01764",2.96675957336656
"SPI1","SIDM01765",3.39511474510034
"SPI1","SIDM01766",-1.02917348075584
"SPI1","SIDM01767",-0.34819347291364
"SPI1","SIDM01768",0.932014727387879
"SPI1","SIDM01770",-0.184306415097986
"SPI1","SIDM01771",-0.326991862378881
"SPI1","SIDM01772",4.85711944032287
"SPI1","SIDM01773",6.20465041625064
"SPI1","SIDM01774",0.2190206392094
"SPI1","SIDM01775",1.99772634625154
"SPI1","SIDM01777",1.03384239332914
"SPI1","SIDM01779",1.90187616931292
"SPI1","SIDM01780",6.71260659763933
"SPI1","SIDM01781",3.87905717366638
"SPI1","SIDM01782",1.22989134722108
"SPI1","SIDM01820",2.85679099270033
"SPI1","SIDM01858",4.33012864337936
"SPI1","SIDM01859",0.0117470642859951
"SPI1","SIDM01873",5.83314137741458
"STAT1","SIDM00001",2.80922807964693
"STAT1","SIDM00005",-2.87526368779305
"STAT1","SIDM00008",-1.99523182581181
"STAT1","SIDM00011",-0.450481467041532
"STAT1","SIDM00015",-0.0673698046762784
"STAT1","SIDM00016",-2.41272415326892
"STAT1","SIDM00017",-0.769540180482927
"STAT1","SIDM00029",-3.8298439093239
"STAT1","SIDM00032",2.88217955856667
"STAT1","SIDM00036",-2.74112123337522
"STAT1","SIDM00046",-0.231489737811341
"STAT1","SIDM00062",-1.42394936442116
"STAT1","SIDM00063",-0.361043379740914
"STAT1","SIDM00065",-2.00606868821811
"STAT1","SIDM00071",-2.75170817424038
"STAT1","SIDM00074",-1.992898933024
"STAT1","SIDM00078",0.844879018316977
"STAT1","SIDM00079",0.284585419924355
"STAT1","SIDM00080",-1.50167142318159
"STAT1","SIDM00081",-1.00052282792549
"STAT1","SIDM00083",14.9005291151041
"STAT1","SIDM00084",-0.457198460799498
"STAT1","SIDM00085",0.353816377918434
"STAT1","SIDM00087",-0.962715646177018
"STAT1","SIDM00088",-4.16674985210147
"STAT1","SIDM00090",-2.62147073941698
"STAT1","SIDM00092",-0.840177169919353
"STAT1","SIDM00093",-2.66515808376372
"STAT1","SIDM00095",6.33111900211281
"STAT1","SIDM00097",-2.21727676141814
"STAT1","SIDM00105",-3.59128500975642
"STAT1","SIDM00107",-1.69537313509378
"STAT1","SIDM00108",-1.61755480569859
"STAT1","SIDM00116",-3.31267625644092
"STAT1","SIDM00117",-2.96007044060913
"STAT1","SIDM00119",0.0712448672500302
"STAT1","SIDM00122",0.980052582560477
"STAT1","SIDM00123",-0.47578461716207
"STAT1","SIDM00124",0.68207295156345
"STAT1","SIDM00125",1.02325850929574
"STAT1","SIDM00130",0.823052739224199
"STAT1","SIDM00131",-0.425230908969899
"STAT1","SIDM00132",2.72444597144356
"STAT1","SIDM00133",-0.822456775906536
"STAT1","SIDM00134",0.507199074612343
"STAT1","SIDM00135",-0.539840891252114
"STAT1","SIDM00138",-2.07049520100717
"STAT1","SIDM00139",1.1737527895516
"STAT1","SIDM00140",-0.609553392120052
"STAT1","SIDM00142",-2.55244215204524
"STAT1","SIDM00143",-3.2419780714905
"STAT1","SIDM00144",-1.787725026819
"STAT1","SIDM00146",-0.897013429381241
"STAT1","SIDM00147",-1.96378445275414
"STAT1","SIDM00148",-1.8984752261545
"STAT1","SIDM00149",-0.428771762473182
"STAT1","SIDM00150",-4.47121481863785
"STAT1","SIDM00151",-2.88299598573399
"STAT1","SIDM00153",-0.297010952171818
"STAT1","SIDM00158",-0.0880082596378444
"STAT1","SIDM00159",2.45779281794364
"STAT1","SIDM00160",0.476542712931553
"STAT1","SIDM00161",-2.7720023679271
"STAT1","SIDM00162",-2.93960545841956
"STAT1","SIDM00163",-2.62383938821183
"STAT1","SIDM00164",-1.74365766857348
"STAT1","SIDM00165",-0.96896444351142
"STAT1","SIDM00166",0.160636499083244
"STAT1","SIDM00167",0.437893426249722
"STAT1","SIDM00168",2.55863661759203
"STAT1","SIDM00169",-0.429301982530294
"STAT1","SIDM00170",-1.62538960803037
"STAT1","SIDM00171",1.79198188832931
"STAT1","SIDM00173",-0.635157951070593
"STAT1","SIDM00192",-3.54474722826954
"STAT1","SIDM00194",-1.00854229077344
"STAT1","SIDM00210",0.0649624294294978
"STAT1","SIDM00212",1.17930854687835
"STAT1","SIDM00213",1.29404666411651
"STAT1","SIDM00217",-1.7631211157445
"STAT1","SIDM00220",-3.37764667418499
"STAT1","SIDM00222",0.315929686192164
"STAT1","SIDM00226",-3.23261799570326
"STAT1","SIDM00228",-3.23446741922172
"STAT1","SIDM00235",2.16718111110164
"STAT1","SIDM00237",-2.31743379817725
"STAT1","SIDM00238",-1.70730335871843
"STAT1","SIDM00239",0.620714707618304
"STAT1","SIDM00247",-2.6841011456429
"STAT1","SIDM00248",3.81250414243427
"STAT1","SIDM00249",-2.06652616615234
"STAT1","SIDM00250",-2.34052288869959
"STAT1","SIDM00271",-0.677250690960372
"STAT1","SIDM00272",-3.15904044619688
"STAT1","SIDM00273",-2.00958214802147
"STAT1","SIDM00278",-1.92839073946108
"STAT1","SIDM00279",-2.66659650352452
"STAT1","SIDM00280",-2.92027390000355
"STAT1","SIDM00282",0.808033195943052
"STAT1","SIDM00284",-1.94438768545207
"STAT1","SIDM00286",-3.34050205536797
"STAT1","SIDM00290",-2.82203957055884
"STAT1","SIDM00298",-3.36873630548143
"STAT1","SIDM00301",-2.53588029344261
"STAT1","SIDM00303",-1.08670722263908
"STAT1","SIDM00305",-2.14360903409328
"STAT1","SIDM00306",-1.42398288498372
"STAT1","SIDM00307",-2.78484908755187
"STAT1","SIDM00312",-1.47326699246702
"STAT1","SIDM00313",0.348907233001218
"STAT1","SIDM00314",-2.69859215910574
"STAT1","SIDM00315",-1.67115232552251
"STAT1","SIDM00318",-1.8541183739491
"STAT1","SIDM00321",-0.565455568569863
"STAT1","SIDM00322",-2.79463941961262
"STAT1","SIDM00325",-1.35121389313989
"STAT1","SIDM00327",0.357824296212684
"STAT1","SIDM00329",0.111806311224706
"STAT1","SIDM00331",-1.34715106672634
"STAT1","SIDM00333",-2.57132917609654
"STAT1","SIDM00334",-2.4815380512284
"STAT1","SIDM00335",-0.904613211513439
"STAT1","SIDM00336",-1.56702585342304
"STAT1","SIDM00337",-1.57948420606534
"STAT1","SIDM00338",-0.597762773385369
"STAT1","SIDM00339",-1.26662063085812
"STAT1","SIDM00340",-0.422571008261407
"STAT1","SIDM00341",-1.10437763101009
"STAT1","SIDM00342",-1.53031064008032
"STAT1","SIDM00344",-0.177728260650849
"STAT1","SIDM00345",-1.69370363369509
"STAT1","SIDM00347",-1.76737553782045
"STAT1","SIDM00348",-0.709613773405432
"STAT1","SIDM00352",-0.81214954368804
"STAT1","SIDM00353",0.809205751431386
"STAT1","SIDM00354",-0.91541428414342
"STAT1","SIDM00355",-0.0129465845356133
"STAT1","SIDM00356",-0.804104161657764
"STAT1","SIDM00358",-3.42406470319998
"STAT1","SIDM00359",-2.42529631300842
"STAT1","SIDM00360",-2.9762115526015
"STAT1","SIDM00363",1.34165356047489
"STAT1","SIDM00368",-3.13718622857197
"STAT1","SIDM00369",-1.96315779758207
"STAT1","SIDM00370",-1.91416557249173
"STAT1","SIDM00373",-0.114915946088636
"STAT1","SIDM00376",-0.105058162298598
"STAT1","SIDM00380",0.475153679176482
"STAT1","SIDM00382",0.0646585566961288
"STAT1","SIDM00386",1.76647232485703
"STAT1","SIDM00387",-2.99796413291129
"STAT1","SIDM00390",0.365132124724709
"STAT1","SIDM00391",-1.73713962976706
"STAT1","SIDM00392",-0.618373173795118
"STAT1","SIDM00395",-3.70074651485203
"STAT1","SIDM00396",1.31783984085061
"STAT1","SIDM00402",-2.20892673817359
"STAT1","SIDM00403",-0.21451935636787
"STAT1","SIDM00405",-1.60314914271052
"STAT1","SIDM00419",-3.94655702092975
"STAT1","SIDM00421",0.941574911238943
"STAT1","SIDM00423",-1.43016475960492
"STAT1","SIDM00425",-0.257135989454256
"STAT1","SIDM00426",-1.99451358254308
"STAT1","SIDM00428",-0.786179574374563
"STAT1","SIDM00429",-1.99689320803593
"STAT1","SIDM00431",-0.0647524463076865
"STAT1","SIDM00433",-2.57009021845331
"STAT1","SIDM00434",-0.471718795902668
"STAT1","SIDM00435",0.375312463453423
"STAT1","SIDM00437",0.868907261549709
"STAT1","SIDM00442",1.27973151688575
"STAT1","SIDM00443",-1.7846658969109
"STAT1","SIDM00446",1.90596095157946
"STAT1","SIDM00447",-1.75142148422443
"STAT1","SIDM00449",-1.01054511040793
"STAT1","SIDM00450",2.52488531188558
"STAT1","SIDM00451",-0.635532364288586
"STAT1","SIDM00452",-3.2733519536343
"STAT1","SIDM00453",-3.00100199020628
"STAT1","SIDM00454",-0.902543470877484
"STAT1","SIDM00455",-1.17471322257383
"STAT1","SIDM00457",-2.22631463191775
"STAT1","SIDM00458",1.87788558692536
"STAT1","SIDM00460",0.558852137437122
"STAT1","SIDM00461",0.438785605413329
"STAT1","SIDM00462",4.16914748580725
"STAT1","SIDM00463",-1.3411200041343
"STAT1","SIDM00469",-0.971273032922431
"STAT1","SIDM00473",2.20092117573669
"STAT1","SIDM00474",1.40685501754812
"STAT1","SIDM00475",2.22415663259951
"STAT1","SIDM00477",1.91198468554141
"STAT1","SIDM00478",0.0424300060876371
"STAT1","SIDM00479",-2.78184369416163
"STAT1","SIDM00480",-0.0795369841290289
"STAT1","SIDM00481",-1.95412065089282
"STAT1","SIDM00484",-2.37541502625891
"STAT1","SIDM00485",3.20772009118808
"STAT1","SIDM00486",-1.98609033198823
"STAT1","SIDM00492",-1.79043621878074
"STAT1","SIDM00493",0.587112784135416
"STAT1","SIDM00494",-2.89691365399504
"STAT1","SIDM00495",-1.13368726946391
"STAT1","SIDM00497",-3.20718195871365
"STAT1","SIDM00499",-3.76674224075338
"STAT1","SIDM00500",-2.22908754028425
"STAT1","SIDM00502",-0.834778415554303
"STAT1","SIDM00503",-1.65861094941025
"STAT1","SIDM00505",-2.94752198284361
"STAT1","SIDM00506",-3.89824967466986
"STAT1","SIDM00509",-2.53918462876398
"STAT1","SIDM00511",-3.24653994152782
"STAT1","SIDM00512",-2.14849270175353
"STAT1","SIDM00513",-2.00176047347997
"STAT1","SIDM00515",-1.3152864402856
"STAT1","SIDM00521",-2.34472891010818
"STAT1","SIDM00522",-2.17610570020959
"STAT1","SIDM00523",-3.07678793126307
"STAT1","SIDM00524",-2.89841321492898
"STAT1","SIDM00525",-0.872516406091682
"STAT1","SIDM00526",-0.773258302662632
"STAT1","SIDM00529",-2.72953520660191
"STAT1","SIDM00531",-0.40216682412427
"STAT1","SIDM00533",-2.38071651310308
"STAT1","SIDM00536",-3.4492876410017
"STAT1","SIDM00545",-1.40297814824323
"STAT1","SIDM00546",-1.67179308152023
"STAT1","SIDM00547",-1.60840227454348
"STAT1","SIDM00548",-2.00158698377533
"STAT1","SIDM00552",-1.74417474749267
"STAT1","SIDM00554",-1.7386478468842
"STAT1","SIDM00555",-0.664151989402904
"STAT1","SIDM00556",-3.75039508155684
"STAT1","SIDM00557",-3.02602107016508
"STAT1","SIDM00560",-0.528220207353399
"STAT1","SIDM00564",-0.928233800762033
"STAT1","SIDM00567",-1.57341784544892
"STAT1","SIDM00568",-1.18859267701691
"STAT1","SIDM00570",-1.728385540482
"STAT1","SIDM00571",-1.11218260243817
"STAT1","SIDM00572",-2.00855023030653
"STAT1","SIDM00575",0.617024464487878
"STAT1","SIDM00578",-3.26845143174909
"STAT1","SIDM00580",0.954188809164309
"STAT1","SIDM00581",-2.03934144086285
"STAT1","SIDM00582",-3.21010619662025
"STAT1","SIDM00585",0.363078062232967
"STAT1","SIDM00586",-1.18868158455266
"STAT1","SIDM00587",-0.861648683705769
"STAT1","SIDM00588",-0.249423030733576
"STAT1","SIDM00589",-0.766433556316041
"STAT1","SIDM00590",-2.16574654265461
"STAT1","SIDM00593",-0.289414042196188
"STAT1","SIDM00594",-1.13463407785293
"STAT1","SIDM00595",-2.49218243407006
"STAT1","SIDM00598",-2.14374122141191
"STAT1","SIDM00602",-1.93281961949504
"STAT1","SIDM00605",-0.491212338539441
"STAT1","SIDM00607",-0.491917326562754
"STAT1","SIDM00608",-2.55483576892281
"STAT1","SIDM00609",-0.113490687020953
"STAT1","SIDM00610",0.615263302577473
"STAT1","SIDM00611",-0.162857133732399
"STAT1","SIDM00613",2.1431114880633
"STAT1","SIDM00614",-0.292715122114957
"STAT1","SIDM00615",-1.57744548395548
"STAT1","SIDM00616",-1.95656119444537
"STAT1","SIDM00617",0.18692881120161
"STAT1","SIDM00618",-2.38638881151298
"STAT1","SIDM00625",-1.44247867786714
"STAT1","SIDM00628",-0.737826946344793
"STAT1","SIDM00629",0.125880325753526
"STAT1","SIDM00630",-0.845186634570301
"STAT1","SIDM00633",-1.31268739838453
"STAT1","SIDM00634",-2.81081834995878
"STAT1","SIDM00637",-1.63291902340171
"STAT1","SIDM00639",-1.21998458176329
"STAT1","SIDM00640",-0.257274799830316
"STAT1","SIDM00641",-0.723976658833139
"STAT1","SIDM00644",-0.185057902899653
"STAT1","SIDM00645",-0.788649987895004
"STAT1","SIDM00646",-2.23679287798772
"STAT1","SIDM00649",-3.22444604487451
"STAT1","SIDM00651",-2.88314887752701
"STAT1","SIDM00652",-3.89232153486589
"STAT1","SIDM00653",-3.80212986910764
"STAT1","SIDM00654",-2.5239306404558
"STAT1","SIDM00657",0.0409826877019704
"STAT1","SIDM00658",-3.10848637807564
"STAT1","SIDM00660",-3.73274619420249
"STAT1","SIDM00661",-0.417115520094316
"STAT1","SIDM00662",0.592495852080736
"STAT1","SIDM00663",1.05089902211723
"STAT1","SIDM00664",0.530125057469382
"STAT1","SIDM00665",-0.282550344178661
"STAT1","SIDM00666",0.802346635880979
"STAT1","SIDM00669",1.10018561676746
"STAT1","SIDM00670",-0.795279736696551
"STAT1","SIDM00671",-0.700485317181969
"STAT1","SIDM00672",-2.14829543262211
"STAT1","SIDM00673",1.90560291030302
"STAT1","SIDM00675",-2.4018553898745
"STAT1","SIDM00676",0.177506974249603
"STAT1","SIDM00678",-0.394285406653903
"STAT1","SIDM00681",-1.64364055350717
"STAT1","SIDM00683",-3.69119210068615
"STAT1","SIDM00684",-0.79843916010749
"STAT1","SIDM00685",-1.82528562523483
"STAT1","SIDM00686",-1.50760188262793
"STAT1","SIDM00687",-1.24337703953697
"STAT1","SIDM00689",-2.37453163195132
"STAT1","SIDM00693",-0.972803017383914
"STAT1","SIDM00694",-2.28320082236666
"STAT1","SIDM00695",-1.68589541679547
"STAT1","SIDM00697",-3.8698151816493
"STAT1","SIDM00698",-3.23055375821581
"STAT1","SIDM00702",-0.984152409457109
"STAT1","SIDM00703",-1.08994645957626
"STAT1","SIDM00704",-2.61771326274453
"STAT1","SIDM00706",-3.77430922469789
"STAT1","SIDM00708",-0.11163782815378
"STAT1","SIDM00709",-2.86314201601352
"STAT1","SIDM00710",-4.58839052224858
"STAT1","SIDM00711",-3.7700419851381
"STAT1","SIDM00713",-1.68613013298888
"STAT1","SIDM00715",-1.52089877442141
"STAT1","SIDM00716",-2.95601218960971
"STAT1","SIDM00718",-2.87222124252928
"STAT1","SIDM00720",-0.00781865482547174
"STAT1","SIDM00722",3.28270027408408
"STAT1","SIDM00723",4.4378258129195
"STAT1","SIDM00724",-0.146283057938842
"STAT1","SIDM00726",-0.915300674589595
"STAT1","SIDM00727",-1.10246579502743
"STAT1","SIDM00728",-0.214537377318504
"STAT1","SIDM00729",4.97305317853229
"STAT1","SIDM00730",-3.40828285168476
"STAT1","SIDM00731",-2.92480740445375
"STAT1","SIDM00733",-4.18624741638
"STAT1","SIDM00734",-3.14080438819695
"STAT1","SIDM00735",-2.55533909740588
"STAT1","SIDM00738",-1.70886306860798
"STAT1","SIDM00739",-1.12415414967573
"STAT1","SIDM00740",-0.684747478205331
"STAT1","SIDM00741",-4.03168633288696
"STAT1","SIDM00742",-3.64585725095779
"STAT1","SIDM00743",0.327515741710023
"STAT1","SIDM00744",-1.41841070543437
"STAT1","SIDM00745",0.498907469781747
"STAT1","SIDM00746",-0.172313067137362
"STAT1","SIDM00747",-2.68735847781888
"STAT1","SIDM00748",-3.4739299375613
"STAT1","SIDM00749",-3.15201748884433
"STAT1","SIDM00750",-2.27770786851809
"STAT1","SIDM00751",0.821286630782885
"STAT1","SIDM00753",-2.0248052748018
"STAT1","SIDM00754",-0.984392099730202
"STAT1","SIDM00755",-1.10417679251667
"STAT1","SIDM00756",-1.59624892320151
"STAT1","SIDM00757",-1.78579932160548
"STAT1","SIDM00759",-1.04531524310558
"STAT1","SIDM00760",-4.41802020414786
"STAT1","SIDM00761",-1.38477260146531
"STAT1","SIDM00762",-2.94681992020999
"STAT1","SIDM00763",-3.32736507146652
"STAT1","SIDM00766",-3.83830838624098
"STAT1","SIDM00768",3.76729981671625
"STAT1","SIDM00769",-1.03053974879182
"STAT1","SIDM00771",-2.25663752663717
"STAT1","SIDM00772",-2.61480702588963
"STAT1","SIDM00774",-2.22563271298497
"STAT1","SIDM00775",-1.04166647568702
"STAT1","SIDM00776",1.9678775449358
"STAT1","SIDM00777",-2.83581279792804
"STAT1","SIDM00778",-1.14945483248073
"STAT1","SIDM00779",-2.49113125390519
"STAT1","SIDM00780",-1.40672539447968
"STAT1","SIDM00782",1.59553732660078
"STAT1","SIDM00784",0.829640586660163
"STAT1","SIDM00785",-1.42493345024415
"STAT1","SIDM00791",-1.28225891213815
"STAT1","SIDM00795",-2.54694845890155
"STAT1","SIDM00796",-1.72520477833745
"STAT1","SIDM00797",-2.56174167593765
"STAT1","SIDM00798",-1.38287645268765
"STAT1","SIDM00799",-1.11440770046632
"STAT1","SIDM00800",-0.887305241988609
"STAT1","SIDM00801",-1.0143282231754
"STAT1","SIDM00803",0.548004462255905
"STAT1","SIDM00806",-3.81345169050157
"STAT1","SIDM00812",-1.39328495713998
"STAT1","SIDM00823",-1.11349253056103
"STAT1","SIDM00828",-1.5680588609419
"STAT1","SIDM00829",-1.27663365061655
"STAT1","SIDM00831",-1.13658339625843
"STAT1","SIDM00839",-1.8919437756804
"STAT1","SIDM00840",-3.52995787088132
"STAT1","SIDM00844",-1.17638826487128
"STAT1","SIDM00845",-1.00552389142884
"STAT1","SIDM00847",-2.00748385202614
"STAT1","SIDM00848",-2.62905668916686
"STAT1","SIDM00849",-2.93286028509508
"STAT1","SIDM00850",0.506301677197592
"STAT1","SIDM00851",-0.192589410082095
"STAT1","SIDM00852",-0.348029744933968
"STAT1","SIDM00853",-1.72795556302869
"STAT1","SIDM00854",-2.50037115224361
"STAT1","SIDM00855",-1.12378109920936
"STAT1","SIDM00856",-2.61378846133217
"STAT1","SIDM00857",-1.09145037458962
"STAT1","SIDM00858",-0.645749439373704
"STAT1","SIDM00860",-2.2626076985426
"STAT1","SIDM00861",-1.89971955698152
"STAT1","SIDM00862",2.08323125315568
"STAT1","SIDM00865",-3.03893494095611
"STAT1","SIDM00866",-0.175841063712654
"STAT1","SIDM00867",-0.382637364395439
"STAT1","SIDM00870",-3.00106163073631
"STAT1","SIDM00872",-0.524654339687293
"STAT1","SIDM00874",-0.579315768800626
"STAT1","SIDM00877",-2.84621260592988
"STAT1","SIDM00878",-1.50212693773917
"STAT1","SIDM00879",-2.13764426503862
"STAT1","SIDM00881",-1.7697244396443
"STAT1","SIDM00882",-2.59997339414679
"STAT1","SIDM00884",-1.71849053795386
"STAT1","SIDM00886",-1.98287646624609
"STAT1","SIDM00887",-1.77174750117074
"STAT1","SIDM00888",-2.5812794627023
"STAT1","SIDM00890",-0.15321748153925
"STAT1","SIDM00892",-2.351806196185
"STAT1","SIDM00893",-1.20266280021265
"STAT1","SIDM00894",-2.48275632426776
"STAT1","SIDM00897",-2.49215014911992
"STAT1","SIDM00898",-2.1700996166603
"STAT1","SIDM00899",-0.440739336211198
"STAT1","SIDM00901",-2.37351380603167
"STAT1","SIDM00903",-0.858686837174161
"STAT1","SIDM00904",-0.000418900068574187
"STAT1","SIDM00907",-2.32247877905554
"STAT1","SIDM00909",0.543346014805753
"STAT1","SIDM00910",-1.49048189400348
"STAT1","SIDM00914",-1.96441889414453
"STAT1","SIDM00918",-2.56950473026522
"STAT1","SIDM00919",-1.06507389387913
"STAT1","SIDM00920",-1.92172277243335
"STAT1","SIDM00921",-3.76777206774686
"STAT1","SIDM00922",-1.85154534198035
"STAT1","SIDM00924",-2.44790164068511
"STAT1","SIDM00925",-1.21084191553311
"STAT1","SIDM00926",-1.99389398710217
"STAT1","SIDM00928",-1.05243170829584
"STAT1","SIDM00931",-3.21584111013078
"STAT1","SIDM00932",-0.672468009824747
"STAT1","SIDM00933",-3.72590099946667
"STAT1","SIDM00934",-2.32938776273255
"STAT1","SIDM00936",0.229730489917106
"STAT1","SIDM00937",4.85057198972965
"STAT1","SIDM00938",-2.69853562122597
"STAT1","SIDM00939",-2.82759057780023
"STAT1","SIDM00940",-1.4872769483914
"STAT1","SIDM00941",-0.81707961945362
"STAT1","SIDM00942",1.88781585379428
"STAT1","SIDM00943",-0.904073182885468
"STAT1","SIDM00944",-0.916514371176352
"STAT1","SIDM00945",-2.69077947600832
"STAT1","SIDM00947",-1.62725671692061
"STAT1","SIDM00949",1.32610173441896
"STAT1","SIDM00950",-1.24314939787727
"STAT1","SIDM00955",2.20021791668777
"STAT1","SIDM00956",-1.87393774835802
"STAT1","SIDM00957",-2.62714768371271
"STAT1","SIDM00959",-1.5899210993509
"STAT1","SIDM00961",-1.8846255624818
"STAT1","SIDM00963",-2.74167479916431
"STAT1","SIDM00965",-3.07805875043393
"STAT1","SIDM00979",-1.5943731024098
"STAT1","SIDM00980",-2.50058783441982
"STAT1","SIDM00981",-1.30692384578411
"STAT1","SIDM00982",-0.411642853033185
"STAT1","SIDM00983",-0.211370707743206
"STAT1","SIDM00985",-2.06221995392066
"STAT1","SIDM00986",0.161062733302679
"STAT1","SIDM00987",1.5756319410355
"STAT1","SIDM00988",-0.76407371486031
"STAT1","SIDM00989",0.415060947907613
"STAT1","SIDM00990",-3.22883491811269
"STAT1","SIDM00991",-1.80213894700595
"STAT1","SIDM00992",0.993053162897308
"STAT1","SIDM00993",-0.665079199029347
"STAT1","SIDM00994",0.0795253500404322
"STAT1","SIDM00996",-0.992363645593235
"STAT1","SIDM00997",-0.381495994076578
"STAT1","SIDM00998",0.885103150335834
"STAT1","SIDM00999",-2.8313973273996
"STAT1","SIDM01000",0.424896955926497
"STAT1","SIDM01001",0.234778056599124
"STAT1","SIDM01002",-3.03411435537307
"STAT1","SIDM01003",-1.88568748101531
"STAT1","SIDM01004",2.50907103998592
"STAT1","SIDM01005",-1.30319324982745
"STAT1","SIDM01008",2.15681873553724
"STAT1","SIDM01009",-3.96365348223869
"STAT1","SIDM01010",2.70530132772686
"STAT1","SIDM01012",1.71521485546187
"STAT1","SIDM01013",5.13061010580958
"STAT1","SIDM01015",0.217450984599209
"STAT1","SIDM01016",-2.41164940620539
"STAT1","SIDM01018",0.253794999116109
"STAT1","SIDM01020",-2.42647523642806
"STAT1","SIDM01022",1.16065770396886
"STAT1","SIDM01023",-0.504311740671674
"STAT1","SIDM01024",-3.19781314950869
"STAT1","SIDM01025",-1.61244069612413
"STAT1","SIDM01026",-1.11270858288931
"STAT1","SIDM01027",-0.756458684228953
"STAT1","SIDM01028",-2.60622673233576
"STAT1","SIDM01029",-3.21333504735139
"STAT1","SIDM01030",-2.65866607987559
"STAT1","SIDM01031",-1.44766862515752
"STAT1","SIDM01032",-3.37946383299734
"STAT1","SIDM01033",-3.22932590085975
"STAT1","SIDM01034",0.886045134820618
"STAT1","SIDM01036",-0.28075183285103
"STAT1","SIDM01037",-0.459347420059027
"STAT1","SIDM01038",-0.588257721980562
"STAT1","SIDM01040",-2.91451654329219
"STAT1","SIDM01043",2.5372073298845
"STAT1","SIDM01044",-0.560822240771339
"STAT1","SIDM01045",-3.27788182706449
"STAT1","SIDM01048",1.2618697025124
"STAT1","SIDM01049",3.86449527813041
"STAT1","SIDM01051",-2.55366420151519
"STAT1","SIDM01052",0.502911025210551
"STAT1","SIDM01055",-1.88187860261626
"STAT1","SIDM01056",-1.50461199955571
"STAT1","SIDM01057",-1.93232760096243
"STAT1","SIDM01058",-0.857539012670298
"STAT1","SIDM01059",-1.18113395560331
"STAT1","SIDM01060",-2.42427638981802
"STAT1","SIDM01062",1.09615426724872
"STAT1","SIDM01063",0.517427824208132
"STAT1","SIDM01066",0.0268378217650511
"STAT1","SIDM01067",-1.88594023814635
"STAT1","SIDM01068",2.03113613981219
"STAT1","SIDM01069",-1.07011877313205
"STAT1","SIDM01070",2.45562646982333
"STAT1","SIDM01071",-3.67100206344665
"STAT1","SIDM01072",-0.330390131154921
"STAT1","SIDM01074",3.95310713152733
"STAT1","SIDM01077",-2.52760786362601
"STAT1","SIDM01078",-3.38580772123535
"STAT1","SIDM01079",-0.380080472867602
"STAT1","SIDM01080",0.203466264582401
"STAT1","SIDM01081",-1.19101246302996
"STAT1","SIDM01082",3.51692573460237
"STAT1","SIDM01083",3.00467211566963
"STAT1","SIDM01084",-1.85493143972261
"STAT1","SIDM01085",-1.53841293106212
"STAT1","SIDM01086",-2.53661026782868
"STAT1","SIDM01087",0.0874525551276382
"STAT1","SIDM01088",0.119970821870684
"STAT1","SIDM01089",-1.8909788576652
"STAT1","SIDM01096",-2.2516107461729
"STAT1","SIDM01099",-1.81837765927138
"STAT1","SIDM01100",-3.90803309387953
"STAT1","SIDM01101",-1.15164864644671
"STAT1","SIDM01103",-0.458061898082477
"STAT1","SIDM01104",1.32429188548581
"STAT1","SIDM01105",-0.667119367450236
"STAT1","SIDM01106",1.23343264809715
"STAT1","SIDM01107",-0.73637536734173
"STAT1","SIDM01108",-1.96459936628149
"STAT1","SIDM01109",-1.48391264928193
"STAT1","SIDM01110",-0.985194430948003
"STAT1","SIDM01111",-3.68313869347355
"STAT1","SIDM01112",-1.26974259210842
"STAT1","SIDM01113",-2.62940969761164
"STAT1","SIDM01116",-2.94607893827914
"STAT1","SIDM01119",-2.53788267925772
"STAT1","SIDM01121",-3.33490004852624
"STAT1","SIDM01123",-3.07562540934994
"STAT1","SIDM01124",-0.773982646763153
"STAT1","SIDM01125",-0.320386917208187
"STAT1","SIDM01127",8.7466328645481
"STAT1","SIDM01128",-2.88139304043239
"STAT1","SIDM01129",-3.76504403497899
"STAT1","SIDM01130",-2.1490647129331
"STAT1","SIDM01131",-2.90099205997873
"STAT1","SIDM01134",-3.42968425079194
"STAT1","SIDM01135",-0.00494711219071015
"STAT1","SIDM01136",0.59044927059292
"STAT1","SIDM01137",0.466935576380018
"STAT1","SIDM01138",3.02394972540255
"STAT1","SIDM01139",-1.72479339310282
"STAT1","SIDM01141",-2.17190038936309
"STAT1","SIDM01144",1.39100506297563
"STAT1","SIDM01147",-1.57287156176052
"STAT1","SIDM01148",-0.436439985851839
"STAT1","SIDM01150",-2.6765533092068
"STAT1","SIDM01151",-1.61932211045271
"STAT1","SIDM01154",-1.98087241833218
"STAT1","SIDM01156",-1.48453606902182
"STAT1","SIDM01158",0.493484033934842
"STAT1","SIDM01164",0.0677669739642951
"STAT1","SIDM01165",-1.64066323815368
"STAT1","SIDM01167",-0.720054021590881
"STAT1","SIDM01169",-1.80220226435123
"STAT1","SIDM01170",-4.50201439584342
"STAT1","SIDM01171",1.15716447152349
"STAT1","SIDM01172",-0.169689305400204
"STAT1","SIDM01176",-1.27593427657541
"STAT1","SIDM01180",-0.436083299328791
"STAT1","SIDM01181",-3.76533263716745
"STAT1","SIDM01182",-2.39519958086273
"STAT1","SIDM01184",-1.01232019744748
"STAT1","SIDM01186",-2.61547677769006
"STAT1","SIDM01188",0.00913072941770975
"STAT1","SIDM01189",0.480185943258291
"STAT1","SIDM01190",0.160342883391034
"STAT1","SIDM01191",-2.78148469210501
"STAT1","SIDM01193",0.0157133099042859
"STAT1","SIDM01194",-1.16782541683614
"STAT1","SIDM01195",-0.724093111766232
"STAT1","SIDM01196",1.85212722029806
"STAT1","SIDM01199",-2.1693370388723
"STAT1","SIDM01215",-1.35103754988652
"STAT1","SIDM01222",-3.40913093130425
"STAT1","SIDM01241",-2.29987028414825
"STAT1","SIDM01254",-1.395983932461
"STAT1","SIDM01265",0.862222989042231
"STAT1","SIDM01316",-2.9710570052455
"STAT1","SIDM01318",-0.971258043993316
"STAT1","SIDM01320",-0.844159637591121
"STAT1","SIDM01321",-1.6156734198648
"STAT1","SIDM01322",2.16582408487995
"STAT1","SIDM01323",3.01397622044884
"STAT1","SIDM01324",2.15968671325407
"STAT1","SIDM01325",-1.58889382133135
"STAT1","SIDM01331",0.923330640282559
"STAT1","SIDM01332",0.337728990120775
"STAT1","SIDM01335",1.21583376496496
"STAT1","SIDM01336",-0.880896452793516
"STAT1","SIDM01343",-2.00186214636982
"STAT1","SIDM01347",-2.48548531392836
"STAT1","SIDM01363",-3.12576471034951
"STAT1","SIDM01368",-0.17910284563389
"STAT1","SIDM01372",1.18644232953494
"STAT1","SIDM01377",-0.374662482760827
"STAT1","SIDM01378",-1.95988326581087
"STAT1","SIDM01387",-2.57946193490534
"STAT1","SIDM01391",-2.14867939239457
"STAT1","SIDM01393",-1.18136552450647
"STAT1","SIDM01394",2.72693528032033
"STAT1","SIDM01397",-1.88722221714086
"STAT1","SIDM01398",-1.38714980904239
"STAT1","SIDM01409",-1.50066157907688
"STAT1","SIDM01411",-2.13917644288897
"STAT1","SIDM01412",-1.37773757328704
"STAT1","SIDM01413",0.0328097848161355
"STAT1","SIDM01432",-1.34654310473771
"STAT1","SIDM01433",-1.19033372812348
"STAT1","SIDM01434",0.386233017682279
"STAT1","SIDM01435",-0.571575779646796
"STAT1","SIDM01436",-0.790753991848345
"STAT1","SIDM01437",2.07368649575945
"STAT1","SIDM01439",-0.665060617259593
"STAT1","SIDM01442",-0.576701991792533
"STAT1","SIDM01443",-1.43659439445708
"STAT1","SIDM01444",0.107127184021972
"STAT1","SIDM01445",0.667956093615029
"STAT1","SIDM01446",0.748060102777409
"STAT1","SIDM01447",-0.327644136775721
"STAT1","SIDM01449",4.8747179619409
"STAT1","SIDM01450",-2.53624128789733
"STAT1","SIDM01451",1.22872449016633
"STAT1","SIDM01454",7.03220441842179
"STAT1","SIDM01460",0.243686740330203
"STAT1","SIDM01463",-0.45262324087261
"STAT1","SIDM01464",-1.45552040695238
"STAT1","SIDM01469",-2.05959109472676
"STAT1","SIDM01470",-1.05739597042707
"STAT1","SIDM01471",-1.53555180528416
"STAT1","SIDM01472",-1.36610456426747
"STAT1","SIDM01473",-2.12572385943085
"STAT1","SIDM01474",-1.26307108703734
"STAT1","SIDM01476",-0.703043518860538
"STAT1","SIDM01479",2.87045207412223
"STAT1","SIDM01480",-0.833342483792337
"STAT1","SIDM01482",-3.65497065431796
"STAT1","SIDM01490",-2.91294360773581
"STAT1","SIDM01491",-2.56384296728113
"STAT1","SIDM01492",-2.51336823356199
"STAT1","SIDM01494",-1.79277356653019
"STAT1","SIDM01498",0.533316997045535
"STAT1","SIDM01502",-0.233634701113959
"STAT1","SIDM01503",-2.6589239568218
"STAT1","SIDM01504",-3.72120551125898
"STAT1","SIDM01510",-2.03451741766915
"STAT1","SIDM01511",-1.96689385345624
"STAT1","SIDM01512",0.258515574018777
"STAT1","SIDM01517",-0.211802761959658
"STAT1","SIDM01518",2.47448359965032
"STAT1","SIDM01519",-1.79891507140839
"STAT1","SIDM01520",-0.748428006412359
"STAT1","SIDM01522",1.04830506788265
"STAT1","SIDM01523",-1.58839237020142
"STAT1","SIDM01525",-0.544980524997337
"STAT1","SIDM01526",-1.67095397025657
"STAT1","SIDM01528",0.436818270050324
"STAT1","SIDM01529",-1.05842121244853
"STAT1","SIDM01530",-1.63087301682259
"STAT1","SIDM01531",-0.306328402132896
"STAT1","SIDM01545",0.0268540889588395
"STAT1","SIDM01546",-1.9506460802147
"STAT1","SIDM01551",-2.03839707202994
"STAT1","SIDM01553",-2.81836681378531
"STAT1","SIDM01554",0.143792721929566
"STAT1","SIDM01556",2.21688227712901
"STAT1","SIDM01559",0.616291519091702
"STAT1","SIDM01560",-0.762703667759125
"STAT1","SIDM01561",-1.18758556103633
"STAT1","SIDM01563",1.02574242787537
"STAT1","SIDM01564",4.88778774757587
"STAT1","SIDM01565",0.513214055248326
"STAT1","SIDM01566",0.729015409718482
"STAT1","SIDM01567",2.85621950833781
"STAT1","SIDM01569",-2.64523164156571
"STAT1","SIDM01570",1.18747830271999
"STAT1","SIDM01571",0.337479207725516
"STAT1","SIDM01572",-1.13612604015707
"STAT1","SIDM01573",-1.63627415603484
"STAT1","SIDM01574",-0.889515641675681
"STAT1","SIDM01575",-1.55318438464806
"STAT1","SIDM01577",-2.0219605242501
"STAT1","SIDM01578",-0.567929779712899
"STAT1","SIDM01580",1.45916343222197
"STAT1","SIDM01581",0.956927914316062
"STAT1","SIDM01582",-1.16729161983755
"STAT1","SIDM01587",0.170526348264731
"STAT1","SIDM01588",0.739213208435449
"STAT1","SIDM01589",-1.33638149203749
"STAT1","SIDM01590",2.47451741733181
"STAT1","SIDM01591",1.95834886280952
"STAT1","SIDM01593",-3.03156340060982
"STAT1","SIDM01594",0.937175089924925
"STAT1","SIDM01596",-0.754082115946798
"STAT1","SIDM01598",-0.909411601542462
"STAT1","SIDM01602",2.32923332811906
"STAT1","SIDM01603",1.15224166938342
"STAT1","SIDM01604",-3.27575153157956
"STAT1","SIDM01605",4.51496345542052
"STAT1","SIDM01606",-1.87753942548938
"STAT1","SIDM01607",-2.21431250324454
"STAT1","SIDM01608",-2.82476018247687
"STAT1","SIDM01609",-2.67197201876211
"STAT1","SIDM01611",-3.44979318017851
"STAT1","SIDM01612",-1.7091012727511
"STAT1","SIDM01613",1.43766707307075
"STAT1","SIDM01614",-1.93307309409952
"STAT1","SIDM01615",1.40734604678981
"STAT1","SIDM01616",-1.06112031132367
"STAT1","SIDM01617",-3.21424467866615
"STAT1","SIDM01618",-1.13812144183436
"STAT1","SIDM01619",-1.50957450112817
"STAT1","SIDM01622",0.172791618534227
"STAT1","SIDM01624",-1.02325761114532
"STAT1","SIDM01628",-3.50467130277682
"STAT1","SIDM01629",-0.288217930469926
"STAT1","SIDM01635",-0.245635908020335
"STAT1","SIDM01640",0.460369893211086
"STAT1","SIDM01657",-3.07390257498121
"STAT1","SIDM01658",-0.825486557420828
"STAT1","SIDM01659",5.55559779418281
"STAT1","SIDM01660",0.507339874743099
"STAT1","SIDM01662",-2.13370911143881
"STAT1","SIDM01664",-2.53107039741997
"STAT1","SIDM01667",0.175868413758755
"STAT1","SIDM01668",-3.62474703835185
"STAT1","SIDM01672",-4.02070441738548
"STAT1","SIDM01675",-3.06961569910323
"STAT1","SIDM01676",-3.02650562394185
"STAT1","SIDM01679",-4.18598414159325
"STAT1","SIDM01682",-1.67934580930633
"STAT1","SIDM01685",-1.19855361391463
"STAT1","SIDM01686",-1.17533646996584
"STAT1","SIDM01689",0.633681448864493
"STAT1","SIDM01690",-1.43663649759713
"STAT1","SIDM01691",0.969734166058796
"STAT1","SIDM01692",7.25858388117052
"STAT1","SIDM01693",-2.24386838726536
"STAT1","SIDM01694",-2.10497857137188
"STAT1","SIDM01695",-1.07242593428684
"STAT1","SIDM01696",2.35832107446656
"STAT1","SIDM01697",1.60171709732212
"STAT1","SIDM01698",1.36063668716959
"STAT1","SIDM01699",0.965908688486286
"STAT1","SIDM01701",2.47863483732278
"STAT1","SIDM01702",0.484061543471815
"STAT1","SIDM01703",1.07885436540897
"STAT1","SIDM01704",0.0783526102200737
"STAT1","SIDM01705",0.39231521375978
"STAT1","SIDM01709",0.735841609715912
"STAT1","SIDM01710",2.09331282665366
"STAT1","SIDM01724",1.41134849450744
"STAT1","SIDM01725",0.755998494759023
"STAT1","SIDM01726",0.0682059375873841
"STAT1","SIDM01727",-0.834706153944397
"STAT1","SIDM01728",0.465200656269292
"STAT1","SIDM01729",-1.17905168515305
"STAT1","SIDM01730",-1.57029257987457
"STAT1","SIDM01734",8.02978177580905
"STAT1","SIDM01739",-3.05228713860801
"STAT1","SIDM01741",2.63591650773724
"STAT1","SIDM01743",0.483532936190356
"STAT1","SIDM01746",3.94378741939821
"STAT1","SIDM01749",-0.637168850170779
"STAT1","SIDM01750",-0.12934119918794
"STAT1","SIDM01752",-0.950006409876578
"STAT1","SIDM01753",-1.7694261820054
"STAT1","SIDM01756",0.54468375210105
"STAT1","SIDM01757",-1.62136500307796
"STAT1","SIDM01758",-2.32215045999806
"STAT1","SIDM01759",0.83298197544776
"STAT1","SIDM01760",-2.86719274793901
"STAT1","SIDM01761",2.0942283474171
"STAT1","SIDM01762",-2.01455107432929
"STAT1","SIDM01763",-1.12792052978337
"STAT1","SIDM01764",1.20390901445414
"STAT1","SIDM01765",-0.361161833556331
"STAT1","SIDM01766",-1.79104025337218
"STAT1","SIDM01767",-1.10731111193696
"STAT1","SIDM01768",-1.95763103676266
"STAT1","SIDM01770",-1.61821308627008
"STAT1","SIDM01771",-1.92209819813896
"STAT1","SIDM01772",0.406631079285517
"STAT1","SIDM01773",3.95490967485839
"STAT1","SIDM01774",-1.0034154040663
"STAT1","SIDM01775",0.733394265041565
"STAT1","SIDM01777",1.0360188217548
"STAT1","SIDM01779",3.92365511722369
"STAT1","SIDM01780",2.90397844216585
"STAT1","SIDM01781",-1.27383867249889
"STAT1","SIDM01782",-1.60202807451879
"STAT1","SIDM01820",-0.711199338712105
"STAT1","SIDM01858",0.164793538275911
"STAT1","SIDM01859",-1.58172901899284
"STAT1","SIDM01873",-0.88260393446115
"STAT2","SIDM00001",0.847981915816692
"STAT2","SIDM00005",-1.3929599235921
"STAT2","SIDM00008",1.94857191413786
"STAT2","SIDM00011",0.236226704135184
"STAT2","SIDM00015",2.08188062962354
"STAT2","SIDM00016",-0.319976136234014
"STAT2","SIDM00017",0.291839127527291
"STAT2","SIDM00029",-1.09298059348458
"STAT2","SIDM00032",1.90245232727032
"STAT2","SIDM00036",-0.902338607242182
"STAT2","SIDM00046",1.51836945638431
"STAT2","SIDM00062",-0.706988208323764
"STAT2","SIDM00063",-0.162099201245588
"STAT2","SIDM00065",0.458670815623556
"STAT2","SIDM00071",-0.790263848003821
"STAT2","SIDM00074",-1.03130280959126
"STAT2","SIDM00078",1.09378097234134
"STAT2","SIDM00079",0.500173459053451
"STAT2","SIDM00080",-1.21220694650936
"STAT2","SIDM00081",-0.205689614552732
"STAT2","SIDM00083",8.36072316057395
"STAT2","SIDM00084",0.124859635091127
"STAT2","SIDM00085",1.55572116981074
"STAT2","SIDM00087",-0.698494954714621
"STAT2","SIDM00088",-0.318396311421974
"STAT2","SIDM00090",0.366524076271413
"STAT2","SIDM00092",0.169048286596948
"STAT2","SIDM00093",-0.965524573383482
"STAT2","SIDM00095",3.12684127710889
"STAT2","SIDM00097",-1.44275347138148
"STAT2","SIDM00105",-0.747340857084785
"STAT2","SIDM00107",-1.19734050769448
"STAT2","SIDM00108",-0.899704607910233
"STAT2","SIDM00116",-1.31536926942386
"STAT2","SIDM00117",-1.14726538477093
"STAT2","SIDM00119",-1.09334941142362
"STAT2","SIDM00122",-0.508853935914277
"STAT2","SIDM00123",1.25981293975667
"STAT2","SIDM00124",0.0339510685293266
"STAT2","SIDM00125",1.10626320704235
"STAT2","SIDM00130",2.23115652698212
"STAT2","SIDM00131",0.767823536604749
"STAT2","SIDM00132",2.33554033983862
"STAT2","SIDM00133",-0.634749017775351
"STAT2","SIDM00134",0.77561002735587
"STAT2","SIDM00135",0.941926853385184
"STAT2","SIDM00138",-0.831017324526066
"STAT2","SIDM00139",0.883594792457116
"STAT2","SIDM00140",-0.725597583440036
"STAT2","SIDM00142",0.509473077157288
"STAT2","SIDM00143",-0.971518856392974
"STAT2","SIDM00144",-1.89733010019225
"STAT2","SIDM00146",1.55632008173242
"STAT2","SIDM00147",-1.19996599624628
"STAT2","SIDM00148",-1.33340992655696
"STAT2","SIDM00149",0.145451342732262
"STAT2","SIDM00150",-1.36648563240026
"STAT2","SIDM00151",-1.11028996116668
"STAT2","SIDM00153",-1.26471841085767
"STAT2","SIDM00158",0.531599846806788
"STAT2","SIDM00159",1.78396794541312
"STAT2","SIDM00160",1.39093846801717
"STAT2","SIDM00161",-0.785442704790739
"STAT2","SIDM00162",-1.08483805362387
"STAT2","SIDM00163",0.00471846447272572
"STAT2","SIDM00164",-0.288881890963717
"STAT2","SIDM00165",-0.375051642860148
"STAT2","SIDM00166",1.11796058769289
"STAT2","SIDM00167",0.968560710696216
"STAT2","SIDM00168",2.58629570174056
"STAT2","SIDM00169",0.31576663986831
"STAT2","SIDM00170",-0.172517334112793
"STAT2","SIDM00171",3.11514904657654
"STAT2","SIDM00173",-0.577502014745885
"STAT2","SIDM00192",0.833791640289522
"STAT2","SIDM00194",-0.0957066824674821
"STAT2","SIDM00210",0.981634715536521
"STAT2","SIDM00212",1.0303081002416
"STAT2","SIDM00213",1.14197716864079
"STAT2","SIDM00217",-0.362223826464855
"STAT2","SIDM00220",-1.26080886685776
"STAT2","SIDM00222",0.441180298747564
"STAT2","SIDM00226",-1.53858556396114
"STAT2","SIDM00228",-0.0921791361975104
"STAT2","SIDM00235",2.91632343138549
"STAT2","SIDM00237",0.0699224580104692
"STAT2","SIDM00238",-0.516192616088113
"STAT2","SIDM00239",1.9530675268817
"STAT2","SIDM00247",-0.998496263158541
"STAT2","SIDM00248",7.77648187522675
"STAT2","SIDM00249",-0.142765733689688
"STAT2","SIDM00250",-0.429510927644434
"STAT2","SIDM00271",-0.137546366818194
"STAT2","SIDM00272",-0.829401731117544
"STAT2","SIDM00273",0.597784328261759
"STAT2","SIDM00278",0.488054757888432
"STAT2","SIDM00279",-0.125323042787355
"STAT2","SIDM00280",-0.686260903180592
"STAT2","SIDM00282",1.45365325246411
"STAT2","SIDM00284",0.277288255949524
"STAT2","SIDM00286",-1.32961238088035
"STAT2","SIDM00290",-1.57150428765048
"STAT2","SIDM00298",-0.992810605199683
"STAT2","SIDM00301",0.151858362102606
"STAT2","SIDM00303",1.15605668959388
"STAT2","SIDM00305",-0.233184973891617
"STAT2","SIDM00306",-0.0481500164346783
"STAT2","SIDM00307",-0.7850527610763
"STAT2","SIDM00312",-0.940816746233422
"STAT2","SIDM00313",2.85404622311048
"STAT2","SIDM00314",-0.706671514078623
"STAT2","SIDM00315",0.561037849632577
"STAT2","SIDM00318",0.448576729572007
"STAT2","SIDM00321",0.5951151576653
"STAT2","SIDM00322",-1.10869017697871
"STAT2","SIDM00325",-0.652377225704308
"STAT2","SIDM00327",-0.681911790038996
"STAT2","SIDM00329",0.178758855206549
"STAT2","SIDM00331",-0.646158758367227
"STAT2","SIDM00333",-0.496891034354188
"STAT2","SIDM00334",-1.72267892249849
"STAT2","SIDM00335",-0.354165878496374
"STAT2","SIDM00336",-0.941213230050269
"STAT2","SIDM00337",-1.10384010298958
"STAT2","SIDM00338",0.115425611708317
"STAT2","SIDM00339",1.18032192458512
"STAT2","SIDM00340",0.437992984273488
"STAT2","SIDM00341",1.29860825922263
"STAT2","SIDM00342",-0.734493853764938
"STAT2","SIDM00344",0.901083311190394
"STAT2","SIDM00345",1.04044079044021
"STAT2","SIDM00347",-0.37218299690198
"STAT2","SIDM00348",-0.144299729970411
"STAT2","SIDM00352",0.5997722326369
"STAT2","SIDM00353",-0.725919408594999
"STAT2","SIDM00354",1.04425530828279
"STAT2","SIDM00355",1.24579702098354
"STAT2","SIDM00356",0.282107931719896
"STAT2","SIDM00358",-0.707477462310632
"STAT2","SIDM00359",0.644949896831991
"STAT2","SIDM00360",-1.08695219061029
"STAT2","SIDM00363",-0.600012763982273
"STAT2","SIDM00368",-1.26004479518105
"STAT2","SIDM00369",-0.0381595627634951
"STAT2","SIDM00370",-0.655208842896673
"STAT2","SIDM00373",-0.241780476701868
"STAT2","SIDM00376",-0.0539125581336919
"STAT2","SIDM00380",-0.343736400208715
"STAT2","SIDM00382",0.769149540927889
"STAT2","SIDM00386",1.99937123590354
"STAT2","SIDM00387",-1.1990193385526
"STAT2","SIDM00390",-0.840073508234652
"STAT2","SIDM00391",0.561086697347205
"STAT2","SIDM00392",-0.833834447256254
"STAT2","SIDM00395",-1.10280958342126
"STAT2","SIDM00396",-0.671781780377264
"STAT2","SIDM00402",-0.474649786353331
"STAT2","SIDM00403",-1.04709787171769
"STAT2","SIDM00405",-1.14854474389128
"STAT2","SIDM00419",-1.96456232098292
"STAT2","SIDM00421",-0.133878351419989
"STAT2","SIDM00423",-0.811444891643639
"STAT2","SIDM00425",0.681172098782547
"STAT2","SIDM00426",0.189636975951677
"STAT2","SIDM00428",-0.575286925107843
"STAT2","SIDM00429",-0.77483693221722
"STAT2","SIDM00431",-0.724773466296339
"STAT2","SIDM00433",-1.16397673219655
"STAT2","SIDM00434",-0.296350055602603
"STAT2","SIDM00435",-1.58304641607938
"STAT2","SIDM00437",-1.01222844138194
"STAT2","SIDM00442",2.03021647673265
"STAT2","SIDM00443",-0.948459220029963
"STAT2","SIDM00446",0.0239250236987992
"STAT2","SIDM00447",-0.43772427795772
"STAT2","SIDM00449",-0.792533992415094
"STAT2","SIDM00450",-0.755788670456976
"STAT2","SIDM00451",-0.823440203857922
"STAT2","SIDM00452",-1.17438305779012
"STAT2","SIDM00453",-1.00717350526339
"STAT2","SIDM00454",4.58469820933936
"STAT2","SIDM00455",2.20232053015874
"STAT2","SIDM00457",-0.488710333053709
"STAT2","SIDM00458",0.42467096693391
"STAT2","SIDM00460",-0.366357345771602
"STAT2","SIDM00461",-0.00918380884196608
"STAT2","SIDM00462",0.505805988989213
"STAT2","SIDM00463",-1.10387580421657
"STAT2","SIDM00469",0.175157225576432
"STAT2","SIDM00473",2.50085129588669
"STAT2","SIDM00474",1.26750539812172
"STAT2","SIDM00475",2.11927947773046
"STAT2","SIDM00477",2.29914276430119
"STAT2","SIDM00478",1.11151317039524
"STAT2","SIDM00479",-0.537225502290472
"STAT2","SIDM00480",-0.311689824213401
"STAT2","SIDM00481",-0.345031050525944
"STAT2","SIDM00484",-0.86958325083163
"STAT2","SIDM00485",3.23979997854028
"STAT2","SIDM00486",0.0821608382794569
"STAT2","SIDM00492",-0.129689151011442
"STAT2","SIDM00493",2.89433881627647
"STAT2","SIDM00494",0.826123734585438
"STAT2","SIDM00495",0.452540205040709
"STAT2","SIDM00497",-0.830811070192053
"STAT2","SIDM00499",-1.7786939052461
"STAT2","SIDM00500",-0.75863204183006
"STAT2","SIDM00502",0.611335809720092
"STAT2","SIDM00503",-0.204938534865211
"STAT2","SIDM00505",-1.35785804283786
"STAT2","SIDM00506",-1.22094642175423
"STAT2","SIDM00509",-0.865362680923027
"STAT2","SIDM00511",-0.845787397982924
"STAT2","SIDM00512",-0.662366380063323
"STAT2","SIDM00513",-0.000970491773829736
"STAT2","SIDM00515",-0.381003154403434
"STAT2","SIDM00521",-0.371018874148406
"STAT2","SIDM00522",-0.302876239943843
"STAT2","SIDM00523",-1.00183396803748
"STAT2","SIDM00524",-0.361612697008686
"STAT2","SIDM00525",0.922384192714125
"STAT2","SIDM00526",-0.941328307183031
"STAT2","SIDM00529",-1.16590648665556
"STAT2","SIDM00531",1.68098759351495
"STAT2","SIDM00533",-0.261788135215615
"STAT2","SIDM00536",0.418382777066454
"STAT2","SIDM00545",-1.2149761076189
"STAT2","SIDM00546",-1.2689094988672
"STAT2","SIDM00547",-0.137719119514314
"STAT2","SIDM00548",-0.695765687133142
"STAT2","SIDM00552",-0.68071492525397
"STAT2","SIDM00554",0.277057900300958
"STAT2","SIDM00555",1.10151889620149
"STAT2","SIDM00556",-1.53176587776108
"STAT2","SIDM00557",-1.51241789285996
"STAT2","SIDM00560",1.05233486256869
"STAT2","SIDM00564",0.554304212463218
"STAT2","SIDM00567",-0.630196353475
"STAT2","SIDM00568",2.31543199231786
"STAT2","SIDM00570",-0.476809758763357
"STAT2","SIDM00571",0.933734950127297
"STAT2","SIDM00572",0.95432481864998
"STAT2","SIDM00575",1.18144276555667
"STAT2","SIDM00578",-1.5401627867413
"STAT2","SIDM00580",0.6399178148804
"STAT2","SIDM00581",-0.104468638166235
"STAT2","SIDM00582",0.398705420442408
"STAT2","SIDM00585",-1.00770707691608
"STAT2","SIDM00586",-0.5480803256182
"STAT2","SIDM00587",0.0281743620386633
"STAT2","SIDM00588",1.7859280202104
"STAT2","SIDM00589",-0.146019925385638
"STAT2","SIDM00590",0.0263426008793286
"STAT2","SIDM00593",-1.3728122977042
"STAT2","SIDM00594",-1.11381133477945
"STAT2","SIDM00595",-0.518483835150975
"STAT2","SIDM00598",-0.861420856901371
"STAT2","SIDM00602",-0.0746864847994706
"STAT2","SIDM00605",0.346568346347282
"STAT2","SIDM00607",-0.00712166829778629
"STAT2","SIDM00608",-0.210853050234087
"STAT2","SIDM00609",0.597666326040917
"STAT2","SIDM00610",0.775223252561582
"STAT2","SIDM00611",1.21197443297609
"STAT2","SIDM00613",1.96840224914887
"STAT2","SIDM00614",0.715383628562455
"STAT2","SIDM00615",-0.373700454674498
"STAT2","SIDM00616",-0.19014508223866
"STAT2","SIDM00617",1.88385600690384
"STAT2","SIDM00618",-0.688494338645532
"STAT2","SIDM00625",-0.658622819870622
"STAT2","SIDM00628",0.514260025135433
"STAT2","SIDM00629",-0.627762029334804
"STAT2","SIDM00630",-0.184765000339535
"STAT2","SIDM00633",0.111181788079368
"STAT2","SIDM00634",-1.03359729361718
"STAT2","SIDM00637",-0.682717366732537
"STAT2","SIDM00639",0.682003851554478
"STAT2","SIDM00640",-0.414821649094622
"STAT2","SIDM00641",-0.675793013954561
"STAT2","SIDM00644",-0.843564224849697
"STAT2","SIDM00645",-0.909196622166362
"STAT2","SIDM00646",-1.29520007050762
"STAT2","SIDM00649",-1.10712375337435
"STAT2","SIDM00651",-1.13862675728918
"STAT2","SIDM00652",-1.50258599143142
"STAT2","SIDM00653",-1.29625824128886
"STAT2","SIDM00654",-1.4711126253698
"STAT2","SIDM00657",-1.10869133582866
"STAT2","SIDM00658",-0.537960442459722
"STAT2","SIDM00660",-0.695703056406184
"STAT2","SIDM00661",-1.5521891026434
"STAT2","SIDM00662",2.18283700809238
"STAT2","SIDM00663",0.121645095291317
"STAT2","SIDM00664",2.06308371397272
"STAT2","SIDM00665",-0.0199568544408433
"STAT2","SIDM00666",1.48002367458559
"STAT2","SIDM00669",1.826150330533
"STAT2","SIDM00670",2.95901990677
"STAT2","SIDM00671",1.18099032808236
"STAT2","SIDM00672",-0.81774939523758
"STAT2","SIDM00673",0.641359356051887
"STAT2","SIDM00675",-0.623659194954757
"STAT2","SIDM00676",0.146013567031627
"STAT2","SIDM00678",0.143173324658987
"STAT2","SIDM00681",1.08376358493963
"STAT2","SIDM00683",-1.32368097937092
"STAT2","SIDM00684",0.722524790893252
"STAT2","SIDM00685",-0.67246352913796
"STAT2","SIDM00686",0.299810742671328
"STAT2","SIDM00687",0.142109315520734
"STAT2","SIDM00689",-1.87452717805549
"STAT2","SIDM00693",0.828945318690807
"STAT2","SIDM00694",-1.02936133114122
"STAT2","SIDM00695",-0.868824209424908
"STAT2","SIDM00697",-1.0036601732359
"STAT2","SIDM00698",-0.915266235312104
"STAT2","SIDM00702",0.148718670797118
"STAT2","SIDM00703",-0.396665147578981
"STAT2","SIDM00704",-1.3983809927005
"STAT2","SIDM00706",-1.60528184581228
"STAT2","SIDM00708",-0.390894576272302
"STAT2","SIDM00709",-0.319893992253384
"STAT2","SIDM00710",-1.38627493194472
"STAT2","SIDM00711",-1.08974499770446
"STAT2","SIDM00713",-0.0852875539137092
"STAT2","SIDM00715",0.317973004330187
"STAT2","SIDM00716",-0.820789695217985
"STAT2","SIDM00718",-1.12809094810629
"STAT2","SIDM00720",-0.757792239853304
"STAT2","SIDM00722",2.29876842031844
"STAT2","SIDM00723",3.64298220486628
"STAT2","SIDM00724",-0.0627149624432957
"STAT2","SIDM00726",0.219200040731582
"STAT2","SIDM00727",2.16501574203693
"STAT2","SIDM00728",0.365792237124823
"STAT2","SIDM00729",0.826751493537391
"STAT2","SIDM00730",-1.46119385070505
"STAT2","SIDM00731",-1.41024633257664
"STAT2","SIDM00733",-0.946910224620282
"STAT2","SIDM00734",-0.779731987937846
"STAT2","SIDM00735",-0.785548675097064
"STAT2","SIDM00738",-0.475897219952784
"STAT2","SIDM00739",-0.0483934027337508
"STAT2","SIDM00740",-0.944583486689273
"STAT2","SIDM00741",-1.53681742526142
"STAT2","SIDM00742",-0.73766095290885
"STAT2","SIDM00743",-0.588398235956068
"STAT2","SIDM00744",-0.622078435186764
"STAT2","SIDM00745",0.970296875164269
"STAT2","SIDM00746",1.16816501233
"STAT2","SIDM00747",-0.708880665067405
"STAT2","SIDM00748",-1.44511647546488
"STAT2","SIDM00749",-0.820581052075787
"STAT2","SIDM00750",-1.07360927935391
"STAT2","SIDM00751",-0.916421474695096
"STAT2","SIDM00753",-1.11537412434373
"STAT2","SIDM00754",0.0232633312872698
"STAT2","SIDM00755",-0.544776591130549
"STAT2","SIDM00756",-0.199027115798186
"STAT2","SIDM00757",0.530991909562097
"STAT2","SIDM00759",-0.291189308340165
"STAT2","SIDM00760",-1.35843058335536
"STAT2","SIDM00761",-0.417143884714791
"STAT2","SIDM00762",-1.41251543596763
"STAT2","SIDM00763",-0.931681130899917
"STAT2","SIDM00766",-1.71202476592653
"STAT2","SIDM00768",1.47484526639332
"STAT2","SIDM00769",0.481838755037731
"STAT2","SIDM00771",-0.495763881836039
"STAT2","SIDM00772",-1.13988396084174
"STAT2","SIDM00774",-1.02716754657416
"STAT2","SIDM00775",-0.980715290596758
"STAT2","SIDM00776",3.12753027258942
"STAT2","SIDM00777",-0.598593914229129
"STAT2","SIDM00778",0.995311791050687
"STAT2","SIDM00779",-1.06361173110842
"STAT2","SIDM00780",0.878953840134727
"STAT2","SIDM00782",1.47570670427173
"STAT2","SIDM00784",1.71872822293535
"STAT2","SIDM00785",-0.756834081352254
"STAT2","SIDM00791",-1.26189905984369
"STAT2","SIDM00795",-0.904502756422999
"STAT2","SIDM00796",-0.801042133048225
"STAT2","SIDM00797",-0.857916315905887
"STAT2","SIDM00798",0.318385641493125
"STAT2","SIDM00799",0.378506784027427
"STAT2","SIDM00800",0.967127290947533
"STAT2","SIDM00801",0.382179337283702
"STAT2","SIDM00803",0.630538576655306
"STAT2","SIDM00806",-1.15789672032466
"STAT2","SIDM00812",0.494013740504167
"STAT2","SIDM00823",1.3984800106658
"STAT2","SIDM00828",-0.815951787689115
"STAT2","SIDM00829",-0.969181382944552
"STAT2","SIDM00831",0.657862758951854
"STAT2","SIDM00839",-0.84651953255949
"STAT2","SIDM00840",-0.124957140178952
"STAT2","SIDM00844",-2.0485056641062
"STAT2","SIDM00845",-0.632248583907957
"STAT2","SIDM00847",3.74146999446932
"STAT2","SIDM00848",-1.34815851831595
"STAT2","SIDM00849",-0.662898000722867
"STAT2","SIDM00850",-0.0407073879994436
"STAT2","SIDM00851",0.0773576265029967
"STAT2","SIDM00852",-0.372628811579629
"STAT2","SIDM00853",0.41994667805029
"STAT2","SIDM00854",-1.74545449089718
"STAT2","SIDM00855",0.350307230493403
"STAT2","SIDM00856",-1.32066925499192
"STAT2","SIDM00857",-1.13716772262926
"STAT2","SIDM00858",-0.0616633203757045
"STAT2","SIDM00860",-0.475148048096577
"STAT2","SIDM00861",0.594792667900895
"STAT2","SIDM00862",0.856118148513637
"STAT2","SIDM00865",-0.926795875425153
"STAT2","SIDM00866",0.497020496918408
"STAT2","SIDM00867",2.35173622743119
"STAT2","SIDM00870",-0.780810249802164
"STAT2","SIDM00872",0.44186243575629
"STAT2","SIDM00874",0.0335074549482431
"STAT2","SIDM00877",-0.677168630308123
"STAT2","SIDM00878",-0.29972978854505
"STAT2","SIDM00879",-1.22151313144469
"STAT2","SIDM00881",-0.762018017327112
"STAT2","SIDM00882",-0.542940689618501
"STAT2","SIDM00884",-0.609235203480156
"STAT2","SIDM00886",-1.11048482983187
"STAT2","SIDM00887",-0.317985033901043
"STAT2","SIDM00888",-1.04358077088226
"STAT2","SIDM00890",1.02056875544988
"STAT2","SIDM00892",-0.728880398101418
"STAT2","SIDM00893",-0.44300422086714
"STAT2","SIDM00894",-2.2129167777903
"STAT2","SIDM00897",-0.4517900630385
"STAT2","SIDM00898",-0.19943810402464
"STAT2","SIDM00899",1.3203641623071
"STAT2","SIDM00901",-1.73479883709672
"STAT2","SIDM00903",-1.09066400301866
"STAT2","SIDM00904",-0.245621322023516
"STAT2","SIDM00907",-1.05805780551266
"STAT2","SIDM00909",-0.688649942214506
"STAT2","SIDM00910",0.99062009909493
"STAT2","SIDM00914",-1.50004922098933
"STAT2","SIDM00918",-0.351895027478372
"STAT2","SIDM00919",1.00277688850198
"STAT2","SIDM00920",-1.22119825003737
"STAT2","SIDM00921",-0.89646814123423
"STAT2","SIDM00922",0.435301835528478
"STAT2","SIDM00924",-0.491406056905471
"STAT2","SIDM00925",-0.849543149567939
"STAT2","SIDM00926",-1.3899905710463
"STAT2","SIDM00928",1.0461625452319
"STAT2","SIDM00931",-0.705591728018614
"STAT2","SIDM00932",1.32057531319353
"STAT2","SIDM00933",-1.6849798113276
"STAT2","SIDM00934",1.12124126448765
"STAT2","SIDM00936",0.803451880254379
"STAT2","SIDM00937",4.38149626954795
"STAT2","SIDM00938",-0.519406329426907
"STAT2","SIDM00939",0.493166209949704
"STAT2","SIDM00940",-0.540892123465063
"STAT2","SIDM00941",0.360961000321711
"STAT2","SIDM00942",1.57388666414827
"STAT2","SIDM00943",1.4398288253991
"STAT2","SIDM00944",0.901152837125128
"STAT2","SIDM00945",-0.766669562067716
"STAT2","SIDM00947",0.33304370628908
"STAT2","SIDM00949",0.358841206705513
"STAT2","SIDM00950",-0.617066687537516
"STAT2","SIDM00955",-0.199141937494325
"STAT2","SIDM00956",-0.362369516993109
"STAT2","SIDM00957",-0.121166279335297
"STAT2","SIDM00959",-1.23983039602734
"STAT2","SIDM00961",-0.576469306825024
"STAT2","SIDM00963",-1.1219357078151
"STAT2","SIDM00965",-0.975322081979774
"STAT2","SIDM00979",-0.210843380137043
"STAT2","SIDM00980",-0.297618549152879
"STAT2","SIDM00981",-0.843912407465791
"STAT2","SIDM00982",0.177425065687652
"STAT2","SIDM00983",2.13651305393828
"STAT2","SIDM00985",-0.904193919553233
"STAT2","SIDM00986",1.95372806671942
"STAT2","SIDM00987",4.23160561443437
"STAT2","SIDM00988",0.675921531100753
"STAT2","SIDM00989",2.4968354886506
"STAT2","SIDM00990",-0.855079396894383
"STAT2","SIDM00991",-1.28812648210431
"STAT2","SIDM00992",1.07288833338561
"STAT2","SIDM00993",0.0309687021357545
"STAT2","SIDM00994",-0.788483855605539
"STAT2","SIDM00996",0.370937455193757
"STAT2","SIDM00997",0.934382254926914
"STAT2","SIDM00998",1.52826282726568
"STAT2","SIDM00999",0.202155171414164
"STAT2","SIDM01000",-0.303064828490553
"STAT2","SIDM01001",-1.0892473486644
"STAT2","SIDM01002",-0.481035413377509
"STAT2","SIDM01003",-1.10154061990123
"STAT2","SIDM01004",0.148850015118839
"STAT2","SIDM01005",-1.25671640224493
"STAT2","SIDM01008",1.273006025407
"STAT2","SIDM01009",-0.984000747448282
"STAT2","SIDM01010",0.600990279053617
"STAT2","SIDM01012",1.45967015031209
"STAT2","SIDM01013",2.02208949381064
"STAT2","SIDM01015",-0.91240643978098
"STAT2","SIDM01016",-1.26085353096394
"STAT2","SIDM01018",0.408076612084709
"STAT2","SIDM01020",-1.42913303651256
"STAT2","SIDM01022",-0.606280973725732
"STAT2","SIDM01023",-0.367041438543301
"STAT2","SIDM01024",-1.47013330710198
"STAT2","SIDM01025",-0.216803186291141
"STAT2","SIDM01026",-0.424455793790064
"STAT2","SIDM01027",0.87342191333502
"STAT2","SIDM01028",-0.168035095996194
"STAT2","SIDM01029",-1.039636170867
"STAT2","SIDM01030",-1.02695216740051
"STAT2","SIDM01031",0.24803127291975
"STAT2","SIDM01032",-0.874155864450633
"STAT2","SIDM01033",-1.16003519013928
"STAT2","SIDM01034",0.220780674935509
"STAT2","SIDM01036",2.25801562171223
"STAT2","SIDM01037",1.27756708507023
"STAT2","SIDM01038",-0.943168308596796
"STAT2","SIDM01040",-0.844987471435745
"STAT2","SIDM01043",3.50959637410883
"STAT2","SIDM01044",-0.528784544653002
"STAT2","SIDM01045",-0.869870125194747
"STAT2","SIDM01048",1.24154983868309
"STAT2","SIDM01049",2.86734735792796
"STAT2","SIDM01051",-0.626719682921325
"STAT2","SIDM01052",2.82478234427062
"STAT2","SIDM01055",0.458410924904243
"STAT2","SIDM01056",-0.94926024779911
"STAT2","SIDM01057",-0.647726854377097
"STAT2","SIDM01058",-0.0103558178753129
"STAT2","SIDM01059",-0.75917647092357
"STAT2","SIDM01060",-1.47449920916778
"STAT2","SIDM01062",2.31764332047979
"STAT2","SIDM01063",1.08542948484421
"STAT2","SIDM01066",-0.595196095063742
"STAT2","SIDM01067",-0.423474387561701
"STAT2","SIDM01068",2.14727521984982
"STAT2","SIDM01069",0.660496258558311
"STAT2","SIDM01070",4.21418681309757
"STAT2","SIDM01071",-1.22258717539506
"STAT2","SIDM01072",-0.0752349769490702
"STAT2","SIDM01074",5.05485574563669
"STAT2","SIDM01077",-1.14430113931388
"STAT2","SIDM01078",-1.62258574866997
"STAT2","SIDM01079",-0.333613248788147
"STAT2","SIDM01080",-0.185701907133582
"STAT2","SIDM01081",-0.0391165188615736
"STAT2","SIDM01082",2.8548670653656
"STAT2","SIDM01083",1.11804965531434
"STAT2","SIDM01084",-0.60887057885958
"STAT2","SIDM01085",-0.772098836244198
"STAT2","SIDM01086",-0.698372611747345
"STAT2","SIDM01087",1.14111706631183
"STAT2","SIDM01088",-0.317623238094349
"STAT2","SIDM01089",-1.44570790172263
"STAT2","SIDM01096",-0.154693294517178
"STAT2","SIDM01099",-1.4776046663128
"STAT2","SIDM01100",-2.02104022008471
"STAT2","SIDM01101",0.647946010638232
"STAT2","SIDM01103",1.02942450812398
"STAT2","SIDM01104",0.479155859827631
"STAT2","SIDM01105",-0.953845263391403
"STAT2","SIDM01106",2.64624946190596
"STAT2","SIDM01107",-2.02847487402726
"STAT2","SIDM01108",-0.175699210784654
"STAT2","SIDM01109",0.0852183388249133
"STAT2","SIDM01110",0.610652137162902
"STAT2","SIDM01111",-2.24835425003433
"STAT2","SIDM01112",-0.586461017916732
"STAT2","SIDM01113",-1.26949151109987
"STAT2","SIDM01116",-0.279806312544568
"STAT2","SIDM01119",-0.0430846392392722
"STAT2","SIDM01121",-1.35797871224471
"STAT2","SIDM01123",-0.623476647505856
"STAT2","SIDM01124",-0.0352341824716453
"STAT2","SIDM01125",-0.125911090511537
"STAT2","SIDM01127",6.61707342675074
"STAT2","SIDM01128",-1.15465559928525
"STAT2","SIDM01129",-0.927074180141756
"STAT2","SIDM01130",-0.852078434081081
"STAT2","SIDM01131",-0.842457044567095
"STAT2","SIDM01134",-2.16390931833705
"STAT2","SIDM01135",2.13428630933244
"STAT2","SIDM01136",1.95989454144723
"STAT2","SIDM01137",2.63346865086856
"STAT2","SIDM01138",4.42951913197844
"STAT2","SIDM01139",0.712139609211636
"STAT2","SIDM01141",-0.521180449454496
"STAT2","SIDM01144",-0.263470029818102
"STAT2","SIDM01147",-0.130933499587504
"STAT2","SIDM01148",-0.61268754894673
"STAT2","SIDM01150",-1.61835411808552
"STAT2","SIDM01151",1.54859646059459
"STAT2","SIDM01154",-1.19629743231134
"STAT2","SIDM01156",-0.110357066662761
"STAT2","SIDM01158",2.12610316720529
"STAT2","SIDM01164",1.43560759330844
"STAT2","SIDM01165",1.98170980450098
"STAT2","SIDM01167",-0.700876208296549
"STAT2","SIDM01169",0.100809005770762
"STAT2","SIDM01170",-1.57338182568131
"STAT2","SIDM01171",0.196459397768826
"STAT2","SIDM01172",-0.53621635205331
"STAT2","SIDM01176",-0.72239340802754
"STAT2","SIDM01180",0.824706582774517
"STAT2","SIDM01181",-1.72026033294023
"STAT2","SIDM01182",-0.329354014563297
"STAT2","SIDM01184",1.1723268619847
"STAT2","SIDM01186",-1.06164447418897
"STAT2","SIDM01188",1.2035761608201
"STAT2","SIDM01189",-0.368343996533885
"STAT2","SIDM01190",1.79028776306276
"STAT2","SIDM01191",-1.14872536961506
"STAT2","SIDM01193",-0.73036941792568
"STAT2","SIDM01194",-0.960512296666767
"STAT2","SIDM01195",-1.26286895279117
"STAT2","SIDM01196",1.19507652264832
"STAT2","SIDM01199",0.555012694039232
"STAT2","SIDM01215",0.7119051736877
"STAT2","SIDM01222",-1.40547009569557
"STAT2","SIDM01241",-1.32601165184393
"STAT2","SIDM01254",-1.26930736639563
"STAT2","SIDM01265",0.0109451929144165
"STAT2","SIDM01316",-1.4117883806429
"STAT2","SIDM01318",-0.615200810496112
"STAT2","SIDM01320",0.178811768862063
"STAT2","SIDM01321",0.053530280046463
"STAT2","SIDM01322",0.720117048314387
"STAT2","SIDM01323",4.096223117313
"STAT2","SIDM01324",1.44960526047669
"STAT2","SIDM01325",0.341640580872094
"STAT2","SIDM01331",1.81691028158588
"STAT2","SIDM01332",2.07748806477324
"STAT2","SIDM01335",3.60473185942938
"STAT2","SIDM01336",0.551828704044831
"STAT2","SIDM01343",-0.806543839703988
"STAT2","SIDM01347",-1.23325283296912
"STAT2","SIDM01363",-0.915787323527879
"STAT2","SIDM01368",-0.190683670813302
"STAT2","SIDM01372",1.05248444884208
"STAT2","SIDM01377",0.117311087227931
"STAT2","SIDM01378",0.482988992056317
"STAT2","SIDM01387",-1.09056285726234
"STAT2","SIDM01391",-1.2477840662958
"STAT2","SIDM01393",0.713801282996127
"STAT2","SIDM01394",2.48925158665618
"STAT2","SIDM01397",-0.435683772753444
"STAT2","SIDM01398",-1.24186867388404
"STAT2","SIDM01409",1.11189316524637
"STAT2","SIDM01411",0.0260557119523321
"STAT2","SIDM01412",0.317886121807436
"STAT2","SIDM01413",1.67679597311706
"STAT2","SIDM01432",1.53684573550752
"STAT2","SIDM01433",0.0668292586861731
"STAT2","SIDM01434",0.0790323671485543
"STAT2","SIDM01435",-0.121440770496604
"STAT2","SIDM01436",0.891504919949224
"STAT2","SIDM01437",2.93575714987677
"STAT2","SIDM01439",0.433113338722031
"STAT2","SIDM01442",-0.84783067805626
"STAT2","SIDM01443",-0.560265942732476
"STAT2","SIDM01444",-0.178239902335494
"STAT2","SIDM01445",1.21596761645829
"STAT2","SIDM01446",1.08077529556509
"STAT2","SIDM01447",-0.120888996078122
"STAT2","SIDM01449",4.93265836564575
"STAT2","SIDM01450",-0.247334279989732
"STAT2","SIDM01451",0.048954448111514
"STAT2","SIDM01454",6.36341882710324
"STAT2","SIDM01460",0.262031559001937
"STAT2","SIDM01463",-0.0523179209912424
"STAT2","SIDM01464",0.765360521806269
"STAT2","SIDM01469",-0.308275902957806
"STAT2","SIDM01470",-1.56795646310644
"STAT2","SIDM01471",-0.961141432359765
"STAT2","SIDM01472",0.393944054375538
"STAT2","SIDM01473",-0.180364695073022
"STAT2","SIDM01474",0.348390348306568
"STAT2","SIDM01476",1.66382332380243
"STAT2","SIDM01479",3.57241086799992
"STAT2","SIDM01480",0.621948567052382
"STAT2","SIDM01482",-0.981053891503489
"STAT2","SIDM01490",-0.435406362825798
"STAT2","SIDM01491",1.82541404350664
"STAT2","SIDM01492",-0.615038004255124
"STAT2","SIDM01494",-0.0511278071444038
"STAT2","SIDM01498",-0.239001981702099
"STAT2","SIDM01502",1.29877751835202
"STAT2","SIDM01503",-1.15487211633459
"STAT2","SIDM01504",-1.08370282589593
"STAT2","SIDM01510",-0.556507253872146
"STAT2","SIDM01511",-0.475667369551763
"STAT2","SIDM01512",1.54713400929304
"STAT2","SIDM01517",0.906666080390156
"STAT2","SIDM01518",0.683188676740006
"STAT2","SIDM01519",-0.62351097475912
"STAT2","SIDM01520",0.186449157965205
"STAT2","SIDM01522",0.0668512526763771
"STAT2","SIDM01523",-0.912449811064132
"STAT2","SIDM01525",-0.257174468609417
"STAT2","SIDM01526",-0.4965685570617
"STAT2","SIDM01528",1.62429092150658
"STAT2","SIDM01529",0.890474221471106
"STAT2","SIDM01530",0.457262314155312
"STAT2","SIDM01531",-0.797361570993429
"STAT2","SIDM01545",1.56684093771931
"STAT2","SIDM01546",-0.376662871962788
"STAT2","SIDM01551",-0.573195586569116
"STAT2","SIDM01553",-0.222087440951407
"STAT2","SIDM01554",1.20478482086798
"STAT2","SIDM01556",2.72712797570498
"STAT2","SIDM01559",0.745333862266002
"STAT2","SIDM01560",0.679454888727795
"STAT2","SIDM01561",-0.527981866039163
"STAT2","SIDM01563",0.645592491399531
"STAT2","SIDM01564",3.67382087044709
"STAT2","SIDM01565",0.987993700066674
"STAT2","SIDM01566",2.35287814525093
"STAT2","SIDM01567",0.00841661372555929
"STAT2","SIDM01569",-1.33685756085418
"STAT2","SIDM01570",1.49249352874929
"STAT2","SIDM01571",0.587586459060401
"STAT2","SIDM01572",-0.907526493634524
"STAT2","SIDM01573",-0.252837085423164
"STAT2","SIDM01574",-0.518690263369321
"STAT2","SIDM01575",0.462136423129482
"STAT2","SIDM01577",-0.894577509107918
"STAT2","SIDM01578",2.21458115139752
"STAT2","SIDM01580",2.18277947558688
"STAT2","SIDM01581",-0.331579328717168
"STAT2","SIDM01582",0.450320826384589
"STAT2","SIDM01587",0.436809662242332
"STAT2","SIDM01588",0.737675226017735
"STAT2","SIDM01589",-0.463134693835837
"STAT2","SIDM01590",2.26700377170504
"STAT2","SIDM01591",2.44611736381864
"STAT2","SIDM01593",-1.19176690349119
"STAT2","SIDM01594",2.26254786029948
"STAT2","SIDM01596",1.95880809853866
"STAT2","SIDM01598",0.348323161481774
"STAT2","SIDM01602",1.94447602469169
"STAT2","SIDM01603",1.90602551863454
"STAT2","SIDM01604",-0.687206557764491
"STAT2","SIDM01605",4.10224447371157
"STAT2","SIDM01606",0.925249581407481
"STAT2","SIDM01607",0.464342006401526
"STAT2","SIDM01608",-0.861543577622614
"STAT2","SIDM01609",-0.99262362571927
"STAT2","SIDM01611",-0.731491785513458
"STAT2","SIDM01612",-0.934781994085381
"STAT2","SIDM01613",0.713252538411643
"STAT2","SIDM01614",-0.707562865700251
"STAT2","SIDM01615",1.06898943171423
"STAT2","SIDM01616",-0.323685344113223
"STAT2","SIDM01617",-1.15236272115657
"STAT2","SIDM01618",-0.892090506409925
"STAT2","SIDM01619",-1.2539747565203
"STAT2","SIDM01622",-0.161299017680595
"STAT2","SIDM01624",0.893050487715938
"STAT2","SIDM01628",-0.633066378412958
"STAT2","SIDM01629",-0.768557202605659
"STAT2","SIDM01635",-0.0929758774087682
"STAT2","SIDM01640",-1.49775586736628
"STAT2","SIDM01657",-0.792337920781483
"STAT2","SIDM01658",-0.547303235556046
"STAT2","SIDM01659",5.15004174522237
"STAT2","SIDM01660",1.71141100622635
"STAT2","SIDM01662",-0.472754442826966
"STAT2","SIDM01664",-0.923045224566032
"STAT2","SIDM01667",-1.47532720077415
"STAT2","SIDM01668",-1.35665168163816
"STAT2","SIDM01672",-1.15234200899239
"STAT2","SIDM01675",1.85498845406841
"STAT2","SIDM01676",-0.581115877589874
"STAT2","SIDM01679",-1.53535708061775
"STAT2","SIDM01682",0.128720621803812
"STAT2","SIDM01685",-0.408131390017377
"STAT2","SIDM01686",-0.464215152746127
"STAT2","SIDM01689",-0.455759600430926
"STAT2","SIDM01690",-0.217279084668666
"STAT2","SIDM01691",-1.20638512205624
"STAT2","SIDM01692",0.856391405986734
"STAT2","SIDM01693",-0.850431349684768
"STAT2","SIDM01694",-0.396776066000436
"STAT2","SIDM01695",-1.26295977259402
"STAT2","SIDM01696",4.46766418166606
"STAT2","SIDM01697",2.9484733582611
"STAT2","SIDM01698",2.01286351179223
"STAT2","SIDM01699",1.93925069631109
"STAT2","SIDM01701",5.97754469342251
"STAT2","SIDM01702",0.840941281633446
"STAT2","SIDM01703",2.05085649004424
"STAT2","SIDM01704",0.77176995062107
"STAT2","SIDM01705",1.82587202351982
"STAT2","SIDM01709",2.13312446596613
"STAT2","SIDM01710",2.42375234759142
"STAT2","SIDM01724",0.83934961316941
"STAT2","SIDM01725",1.32038314603379
"STAT2","SIDM01726",2.14403618449536
"STAT2","SIDM01727",-0.818332668722586
"STAT2","SIDM01728",0.83888118140539
"STAT2","SIDM01729",-0.934458372229147
"STAT2","SIDM01730",0.495498481903486
"STAT2","SIDM01734",0.614033560139514
"STAT2","SIDM01739",-0.911837338364
"STAT2","SIDM01741",1.53549392037669
"STAT2","SIDM01743",1.04418737820353
"STAT2","SIDM01746",3.01879449012998
"STAT2","SIDM01749",1.24360157183201
"STAT2","SIDM01750",-1.3397877313507
"STAT2","SIDM01752",-0.961966166986204
"STAT2","SIDM01753",-0.668184539214405
"STAT2","SIDM01756",-1.32007104730088
"STAT2","SIDM01757",1.27001904173914
"STAT2","SIDM01758",-1.48425189155876
"STAT2","SIDM01759",1.94070105058598
"STAT2","SIDM01760",-1.02331911416166
"STAT2","SIDM01761",0.607977932472791
"STAT2","SIDM01762",-0.0248306280583757
"STAT2","SIDM01763",0.355025369200229
"STAT2","SIDM01764",1.6373704975265
"STAT2","SIDM01765",1.49407305882495
"STAT2","SIDM01766",-0.0788122989306367
"STAT2","SIDM01767",0.525612148526551
"STAT2","SIDM01768",-0.102991089936784
"STAT2","SIDM01770",-1.08720053551685
"STAT2","SIDM01771",-0.571823659821156
"STAT2","SIDM01772",1.68290936644892
"STAT2","SIDM01773",-0.284145209427418
"STAT2","SIDM01774",0.62688848338472
"STAT2","SIDM01775",-0.866090565930719
"STAT2","SIDM01777",2.27948420481093
"STAT2","SIDM01779",2.40198588688045
"STAT2","SIDM01780",-0.00318292452282398
"STAT2","SIDM01781",0.0921644750315767
"STAT2","SIDM01782",0.800251428951693
"STAT2","SIDM01820",1.06062740581305
"STAT2","SIDM01858",-0.892465022550195
"STAT2","SIDM01859",-0.472820609801378
"STAT2","SIDM01873",0.0770027454562032
"STAT3","SIDM00001",-1.11205863720192
"STAT3","SIDM00005",-2.5827995217819
"STAT3","SIDM00008",1.73184616631468
"STAT3","SIDM00011",-1.03927922492739
"STAT3","SIDM00015",-0.162005475780983
"STAT3","SIDM00016",-0.598891929200527
"STAT3","SIDM00017",0.641314506994048
"STAT3","SIDM00029",-2.70796427567678
"STAT3","SIDM00032",2.68656641015514
"STAT3","SIDM00036",-1.92865899389606
"STAT3","SIDM00046",1.21545416488689
"STAT3","SIDM00062",1.82187180309571
"STAT3","SIDM00063",1.34591994660909
"STAT3","SIDM00065",-0.616853355082929
"STAT3","SIDM00071",-1.25120429834014
"STAT3","SIDM00074",-0.329574965352896
"STAT3","SIDM00078",2.80417636652264
"STAT3","SIDM00079",-0.567586766518266
"STAT3","SIDM00080",-0.778247907526817
"STAT3","SIDM00081",-0.609957238043269
"STAT3","SIDM00083",4.55062071617538
"STAT3","SIDM00084",2.30405354161091
"STAT3","SIDM00085",1.18538147469479
"STAT3","SIDM00087",-0.00920809398323697
"STAT3","SIDM00088",-0.349094558587707
"STAT3","SIDM00090",1.12945756282409
"STAT3","SIDM00092",0.672066249210416
"STAT3","SIDM00093",-2.03432103308211
"STAT3","SIDM00095",3.8453673469411
"STAT3","SIDM00097",-1.43647222439956
"STAT3","SIDM00105",-1.96435334179443
"STAT3","SIDM00107",-0.310875679373957
"STAT3","SIDM00108",-0.765779549094659
"STAT3","SIDM00116",-0.98643961074657
"STAT3","SIDM00117",-0.162910274073008
"STAT3","SIDM00119",0.595675592076778
"STAT3","SIDM00122",1.58190922702978
"STAT3","SIDM00123",0.760000538673643
"STAT3","SIDM00124",0.179117808721142
"STAT3","SIDM00125",2.11170366210097
"STAT3","SIDM00130",1.06744160938971
"STAT3","SIDM00131",5.86383617106139
"STAT3","SIDM00132",5.94415535075013
"STAT3","SIDM00133",0.554188478387458
"STAT3","SIDM00134",2.19835887446774
"STAT3","SIDM00135",2.85418842052799
"STAT3","SIDM00138",1.46992112720489
"STAT3","SIDM00139",1.73804492868669
"STAT3","SIDM00140",1.15330030306759
"STAT3","SIDM00142",-0.8970345234754
"STAT3","SIDM00143",-1.69215796393346
"STAT3","SIDM00144",-0.431981791834514
"STAT3","SIDM00146",1.77385175257558
"STAT3","SIDM00147",-1.15375203219818
"STAT3","SIDM00148",-1.07917713970345
"STAT3","SIDM00149",1.28727826046267
"STAT3","SIDM00150",-3.48588356183355
"STAT3","SIDM00151",0.33967557700189
"STAT3","SIDM00153",-1.85543352165233
"STAT3","SIDM00158",1.34974405770338
"STAT3","SIDM00159",1.27464998452825
"STAT3","SIDM00160",2.05160353204865
"STAT3","SIDM00161",-1.22055490695497
"STAT3","SIDM00162",-1.20717004762968
"STAT3","SIDM00163",1.31837284650016
"STAT3","SIDM00164",-1.63147527933561
"STAT3","SIDM00165",0.72062359979077
"STAT3","SIDM00166",0.334243610772039
"STAT3","SIDM00167",0.0331202196063611
"STAT3","SIDM00168",1.25375170729359
"STAT3","SIDM00169",2.1950586529446
"STAT3","SIDM00170",-1.93930582370341
"STAT3","SIDM00171",1.4162452127409
"STAT3","SIDM00173",2.5268609427844
"STAT3","SIDM00192",-0.209241860976523
"STAT3","SIDM00194",-0.604397517380688
"STAT3","SIDM00210",1.03260843451978
"STAT3","SIDM00212",0.605823842026782
"STAT3","SIDM00213",2.21796249865941
"STAT3","SIDM00217",0.469450565149825
"STAT3","SIDM00220",-2.58971360456233
"STAT3","SIDM00222",0.273276546283477
"STAT3","SIDM00226",-1.04439731552932
"STAT3","SIDM00228",-0.237463141245888
"STAT3","SIDM00235",0.335273523253972
"STAT3","SIDM00237",0.628594748735881
"STAT3","SIDM00238",-0.694991986231602
"STAT3","SIDM00239",0.580239654595971
"STAT3","SIDM00247",0.271257774400602
"STAT3","SIDM00248",-1.41200449920718
"STAT3","SIDM00249",0.700011235904906
"STAT3","SIDM00250",-0.574056940722122
"STAT3","SIDM00271",-0.480888584873946
"STAT3","SIDM00272",-0.0639548924307725
"STAT3","SIDM00273",-0.0984268965226851
"STAT3","SIDM00278",-1.03980925839276
"STAT3","SIDM00279",-0.947134582827409
"STAT3","SIDM00280",-2.07499194377116
"STAT3","SIDM00282",4.72168154354677
"STAT3","SIDM00284",0.519252636909922
"STAT3","SIDM00286",-1.75120328033231
"STAT3","SIDM00290",-1.37342944248118
"STAT3","SIDM00298",-0.65061962263989
"STAT3","SIDM00301",-0.260035087623539
"STAT3","SIDM00303",0.281076696905538
"STAT3","SIDM00305",-1.91884962654194
"STAT3","SIDM00306",-0.645948295287081
"STAT3","SIDM00307",-2.40076401935118
"STAT3","SIDM00312",-2.68792628163562
"STAT3","SIDM00313",-1.04671668612989
"STAT3","SIDM00314",-1.61228442384065
"STAT3","SIDM00315",-1.38180249697262
"STAT3","SIDM00318",-0.307963511085265
"STAT3","SIDM00321",1.52609462952576
"STAT3","SIDM00322",-1.32092831556481
"STAT3","SIDM00325",0.0275439250171269
"STAT3","SIDM00327",0.868312585443783
"STAT3","SIDM00329",0.543699751249317
"STAT3","SIDM00331",-0.297889320394362
"STAT3","SIDM00333",-0.704260027377589
"STAT3","SIDM00334",-1.68382404297987
"STAT3","SIDM00335",-0.180043199502776
"STAT3","SIDM00336",0.542243961846164
"STAT3","SIDM00337",-0.297605694115217
"STAT3","SIDM00338",0.398280905500069
"STAT3","SIDM00339",-1.06091194282142
"STAT3","SIDM00340",-1.21097641994065
"STAT3","SIDM00341",-0.475368284876888
"STAT3","SIDM00342",-0.90801642654291
"STAT3","SIDM00344",0.71548054248723
"STAT3","SIDM00345",-1.03238702544505
"STAT3","SIDM00347",-1.82555632414218
"STAT3","SIDM00348",1.91624092549656
"STAT3","SIDM00352",3.08502335452019
"STAT3","SIDM00353",4.19703775749072
"STAT3","SIDM00354",0.666411368547539
"STAT3","SIDM00355",1.71311427659426
"STAT3","SIDM00356",1.46578483950384
"STAT3","SIDM00358",-1.63663457454999
"STAT3","SIDM00359",-1.70301549635448
"STAT3","SIDM00360",-2.08559201642732
"STAT3","SIDM00363",0.36539640614068
"STAT3","SIDM00368",-2.33355952224382
"STAT3","SIDM00369",-0.320944025622691
"STAT3","SIDM00370",-0.934134230808076
"STAT3","SIDM00373",-1.59451227623408
"STAT3","SIDM00376",-0.222301226868943
"STAT3","SIDM00380",2.9128623798714
"STAT3","SIDM00382",3.66557940307192
"STAT3","SIDM00386",-0.723812180252394
"STAT3","SIDM00387",-2.24422574470249
"STAT3","SIDM00390",0.343464913914445
"STAT3","SIDM00391",-1.61444890975934
"STAT3","SIDM00392",0.227708731962545
"STAT3","SIDM00395",-1.3523071547309
"STAT3","SIDM00396",1.76109336544697
"STAT3","SIDM00402",0.342362599307566
"STAT3","SIDM00403",-1.43868709463063
"STAT3","SIDM00405",-1.42049146294468
"STAT3","SIDM00419",-0.497779195523844
"STAT3","SIDM00421",2.36496842001247
"STAT3","SIDM00423",-0.251589363453003
"STAT3","SIDM00425",1.73040702286421
"STAT3","SIDM00426",-1.11438659175874
"STAT3","SIDM00428",1.49646867685919
"STAT3","SIDM00429",-1.63393678247047
"STAT3","SIDM00431",0.353596967612251
"STAT3","SIDM00433",-2.56163666185587
"STAT3","SIDM00434",-0.289901194774469
"STAT3","SIDM00435",-0.254965928688296
"STAT3","SIDM00437",1.6074451098351
"STAT3","SIDM00442",-0.213385874671765
"STAT3","SIDM00443",-0.965418919687813
"STAT3","SIDM00446",0.524797983034248
"STAT3","SIDM00447",-1.25322740863564
"STAT3","SIDM00449",0.611348158781138
"STAT3","SIDM00450",0.906670893906571
"STAT3","SIDM00451",-1.82662725022447
"STAT3","SIDM00452",-1.90012680817565
"STAT3","SIDM00453",-0.456000656556556
"STAT3","SIDM00454",-0.906390665445932
"STAT3","SIDM00455",0.594358305410445
"STAT3","SIDM00457",-2.14911660010327
"STAT3","SIDM00458",-0.910271508326738
"STAT3","SIDM00460",2.31673908940022
"STAT3","SIDM00461",1.85711975114698
"STAT3","SIDM00462",3.23841909937851
"STAT3","SIDM00463",-1.8962952278313
"STAT3","SIDM00469",1.9818995048482
"STAT3","SIDM00473",1.03596366933662
"STAT3","SIDM00474",5.40467293490673
"STAT3","SIDM00475",3.5387857967989
"STAT3","SIDM00477",3.18078650908123
"STAT3","SIDM00478",1.9048934693464
"STAT3","SIDM00479",-0.513889546880155
"STAT3","SIDM00480",2.34311556378646
"STAT3","SIDM00481",-0.604034568132554
"STAT3","SIDM00484",-1.86337354975811
"STAT3","SIDM00485",4.44243309248288
"STAT3","SIDM00486",0.953842370265956
"STAT3","SIDM00492",-0.444341641004305
"STAT3","SIDM00493",1.95418632176162
"STAT3","SIDM00494",0.485799715738599
"STAT3","SIDM00495",-1.82417235019915
"STAT3","SIDM00497",-0.69458394551727
"STAT3","SIDM00499",-1.79023601102794
"STAT3","SIDM00500",-1.27974619715982
"STAT3","SIDM00502",-1.85824656223248
"STAT3","SIDM00503",2.03082057453259
"STAT3","SIDM00505",0.034113610053355
"STAT3","SIDM00506",-1.35523319612892
"STAT3","SIDM00509",-1.67013511459257
"STAT3","SIDM00511",-1.95576536972468
"STAT3","SIDM00512",-0.384899593947678
"STAT3","SIDM00513",-0.309059239345418
"STAT3","SIDM00515",0.304673629997235
"STAT3","SIDM00521",1.91442306817748
"STAT3","SIDM00522",-0.179037882300439
"STAT3","SIDM00523",-2.0380991806024
"STAT3","SIDM00524",-2.29352784626175
"STAT3","SIDM00525",0.111039864456009
"STAT3","SIDM00526",-1.38166093311844
"STAT3","SIDM00529",-1.99742115061727
"STAT3","SIDM00531",1.02872147122682
"STAT3","SIDM00533",-0.10859977204741
"STAT3","SIDM00536",-2.87717253763237
"STAT3","SIDM00545",-0.574916411157357
"STAT3","SIDM00546",0.851931924140523
"STAT3","SIDM00547",0.975277809612416
"STAT3","SIDM00548",2.6147373285575
"STAT3","SIDM00552",-0.74913269474918
"STAT3","SIDM00554",-1.26887066912445
"STAT3","SIDM00555",5.83199899780373
"STAT3","SIDM00556",-1.83687114222484
"STAT3","SIDM00557",-1.88709004994415
"STAT3","SIDM00560",0.0592878188265002
"STAT3","SIDM00564",-0.710131454998057
"STAT3","SIDM00567",-0.168698922263871
"STAT3","SIDM00568",-0.532584138846641
"STAT3","SIDM00570",-0.542530170041853
"STAT3","SIDM00571",-0.247109005256149
"STAT3","SIDM00572",1.20572300352215
"STAT3","SIDM00575",1.04676677135609
"STAT3","SIDM00578",-0.922139883519192
"STAT3","SIDM00580",0.848034088983465
"STAT3","SIDM00581",0.680037545102355
"STAT3","SIDM00582",-1.39229965651383
"STAT3","SIDM00585",3.19238178128836
"STAT3","SIDM00586",0.35452717544638
"STAT3","SIDM00587",2.02716793006275
"STAT3","SIDM00588",-0.730602467340065
"STAT3","SIDM00589",2.77163245048258
"STAT3","SIDM00590",-0.287096826923938
"STAT3","SIDM00593",-0.882390084817604
"STAT3","SIDM00594",-1.60048975267297
"STAT3","SIDM00595",-0.993345214828558
"STAT3","SIDM00598",-1.2261667960263
"STAT3","SIDM00602",-1.51078772465387
"STAT3","SIDM00605",-0.74159399758548
"STAT3","SIDM00607",3.90600967919527
"STAT3","SIDM00608",-0.157050503506587
"STAT3","SIDM00609",-0.44312559458802
"STAT3","SIDM00610",2.12299653407556
"STAT3","SIDM00611",5.53427709350302
"STAT3","SIDM00613",0.805683017064076
"STAT3","SIDM00614",2.52335937125866
"STAT3","SIDM00615",-0.420845374091889
"STAT3","SIDM00616",-0.706552433916875
"STAT3","SIDM00617",1.53216883302512
"STAT3","SIDM00618",-0.945744184067755
"STAT3","SIDM00625",-0.722032879339274
"STAT3","SIDM00628",0.570924258722935
"STAT3","SIDM00629",1.50287091238191
"STAT3","SIDM00630",-1.07641238229517
"STAT3","SIDM00633",0.466015940997468
"STAT3","SIDM00634",-1.61726617333921
"STAT3","SIDM00637",0.241376246087117
"STAT3","SIDM00639",0.465260204833302
"STAT3","SIDM00640",2.30053359298615
"STAT3","SIDM00641",-0.436007785604439
"STAT3","SIDM00644",-1.17926536098783
"STAT3","SIDM00645",-0.675724011818269
"STAT3","SIDM00646",-1.01181095284525
"STAT3","SIDM00649",0.135103956830117
"STAT3","SIDM00651",-0.82204611760044
"STAT3","SIDM00652",-3.89681767938744
"STAT3","SIDM00653",-3.40070048536905
"STAT3","SIDM00654",-2.07960199014208
"STAT3","SIDM00657",-0.420132315453544
"STAT3","SIDM00658",-2.006202234772
"STAT3","SIDM00660",-1.07863964909871
"STAT3","SIDM00661",-1.01839910072995
"STAT3","SIDM00662",1.26420009929332
"STAT3","SIDM00663",-0.452315486540819
"STAT3","SIDM00664",0.38093266611979
"STAT3","SIDM00665",0.540575894698357
"STAT3","SIDM00666",1.1414720698163
"STAT3","SIDM00669",0.918483704662297
"STAT3","SIDM00670",-0.951805427049251
"STAT3","SIDM00671",0.68058656233216
"STAT3","SIDM00672",1.55796667092114
"STAT3","SIDM00673",1.79703444354079
"STAT3","SIDM00675",-1.70914048348054
"STAT3","SIDM00676",-0.0822729428799035
"STAT3","SIDM00678",-0.607957387663244
"STAT3","SIDM00681",-1.16071368729737
"STAT3","SIDM00683",-0.233518466282609
"STAT3","SIDM00684",1.28662498041223
"STAT3","SIDM00685",0.53085838120351
"STAT3","SIDM00686",-0.432711520732907
"STAT3","SIDM00687",0.167281802328301
"STAT3","SIDM00689",-1.64849687728246
"STAT3","SIDM00693",2.35349786576379
"STAT3","SIDM00694",-1.42085898094711
"STAT3","SIDM00695",-0.335272001729877
"STAT3","SIDM00697",-2.8316250851067
"STAT3","SIDM00698",-1.67112527025354
"STAT3","SIDM00702",0.505792684920226
"STAT3","SIDM00703",0.546337736999814
"STAT3","SIDM00704",-1.90310436852533
"STAT3","SIDM00706",-3.39660992119071
"STAT3","SIDM00708",0.5583336880337
"STAT3","SIDM00709",1.41206781913831
"STAT3","SIDM00710",-3.77900231393054
"STAT3","SIDM00711",-2.75013230613953
"STAT3","SIDM00713",0.296438143717528
"STAT3","SIDM00715",1.12379322400748
"STAT3","SIDM00716",-1.10782824183417
"STAT3","SIDM00718",-2.18097870976924
"STAT3","SIDM00720",0.77482956162354
"STAT3","SIDM00722",1.09120135589665
"STAT3","SIDM00723",4.30815353863012
"STAT3","SIDM00724",1.28531480249399
"STAT3","SIDM00726",1.91607157954939
"STAT3","SIDM00727",-2.11282007395514
"STAT3","SIDM00728",0.513922689900497
"STAT3","SIDM00729",3.11755513208757
"STAT3","SIDM00730",-3.26026109984044
"STAT3","SIDM00731",-2.85392065817509
"STAT3","SIDM00733",-1.41836609055099
"STAT3","SIDM00734",-0.652676697989302
"STAT3","SIDM00735",-1.69398342922368
"STAT3","SIDM00738",-0.042466668672776
"STAT3","SIDM00739",-0.195316499228966
"STAT3","SIDM00740",0.841594243299347
"STAT3","SIDM00741",-2.67577517392769
"STAT3","SIDM00742",-3.25148595043135
"STAT3","SIDM00743",1.16046061338477
"STAT3","SIDM00744",-0.852277016011654
"STAT3","SIDM00745",-0.646969210540632
"STAT3","SIDM00746",3.07626286492767
"STAT3","SIDM00747",-1.7840574281794
"STAT3","SIDM00748",-1.95563577338432
"STAT3","SIDM00749",-3.35913465974793
"STAT3","SIDM00750",-0.572883065898732
"STAT3","SIDM00751",0.589230137869185
"STAT3","SIDM00753",1.11447612622445
"STAT3","SIDM00754",0.656083818875501
"STAT3","SIDM00755",-1.22152164968484
"STAT3","SIDM00756",-0.416154153484236
"STAT3","SIDM00757",0.0191182832005636
"STAT3","SIDM00759",0.180997609319746
"STAT3","SIDM00760",-2.67159189597287
"STAT3","SIDM00761",-0.105576253473888
"STAT3","SIDM00762",-1.49091230883459
"STAT3","SIDM00763",-2.63235735568678
"STAT3","SIDM00766",-3.56238862228611
"STAT3","SIDM00768",2.76303384183607
"STAT3","SIDM00769",1.34843510339324
"STAT3","SIDM00771",1.00972547880252
"STAT3","SIDM00772",0.0919190843136936
"STAT3","SIDM00774",-0.87981112457777
"STAT3","SIDM00775",0.446892282358912
"STAT3","SIDM00776",1.20841393501652
"STAT3","SIDM00777",-2.32394038044675
"STAT3","SIDM00778",-0.0209712337133362
"STAT3","SIDM00779",-1.8053582361698
"STAT3","SIDM00780",-1.32518958229247
"STAT3","SIDM00782",-0.942758799905983
"STAT3","SIDM00784",0.700110027263729
"STAT3","SIDM00785",-0.223760927886204
"STAT3","SIDM00791",-2.51761753501152
"STAT3","SIDM00795",-1.15956662981848
"STAT3","SIDM00796",0.678262998811202
"STAT3","SIDM00797",0.669045754378764
"STAT3","SIDM00798",-0.622672444619127
"STAT3","SIDM00799",-0.11074052405428
"STAT3","SIDM00800",-1.69918563975699
"STAT3","SIDM00801",0.210779145733862
"STAT3","SIDM00803",2.92081932954555
"STAT3","SIDM00806",-0.989278585592235
"STAT3","SIDM00812",-0.531097036022002
"STAT3","SIDM00823",-1.34796818614789
"STAT3","SIDM00828",-0.402754512059811
"STAT3","SIDM00829",-0.0797849713861786
"STAT3","SIDM00831",2.79238817859686
"STAT3","SIDM00839",-1.85262287472258
"STAT3","SIDM00840",1.03748967914679
"STAT3","SIDM00844",0.0815789009498749
"STAT3","SIDM00845",-1.63363859921305
"STAT3","SIDM00847",-1.54770561995837
"STAT3","SIDM00848",-1.30370420337983
"STAT3","SIDM00849",-2.18212835228305
"STAT3","SIDM00850",-0.306984715380515
"STAT3","SIDM00851",2.09499753832179
"STAT3","SIDM00852",0.022854788456795
"STAT3","SIDM00853",3.58442041895991
"STAT3","SIDM00854",-0.576528341943775
"STAT3","SIDM00855",-1.47477256279424
"STAT3","SIDM00856",-1.54780433114753
"STAT3","SIDM00857",-0.494751714950162
"STAT3","SIDM00858",2.56449271684263
"STAT3","SIDM00860",0.284809782486612
"STAT3","SIDM00861",2.18194194515753
"STAT3","SIDM00862",-1.28226504403966
"STAT3","SIDM00865",-1.79798016029482
"STAT3","SIDM00866",0.832830203471931
"STAT3","SIDM00867",1.15839425335165
"STAT3","SIDM00870",-0.540611605060965
"STAT3","SIDM00872",1.61537221906494
"STAT3","SIDM00874",-0.540155575041483
"STAT3","SIDM00877",-1.6522274299319
"STAT3","SIDM00878",0.805983652546543
"STAT3","SIDM00879",-1.15808627978997
"STAT3","SIDM00881",-0.650537158219878
"STAT3","SIDM00882",-1.27662276903223
"STAT3","SIDM00884",0.10313872686322
"STAT3","SIDM00886",-1.31646049935042
"STAT3","SIDM00887",-1.30952754418657
"STAT3","SIDM00888",-1.14760769669419
"STAT3","SIDM00890",0.724733438299664
"STAT3","SIDM00892",-0.0453292511226555
"STAT3","SIDM00893",-0.805227527107031
"STAT3","SIDM00894",-0.704986571244882
"STAT3","SIDM00897",-0.310924869896961
"STAT3","SIDM00898",-0.0361935421947225
"STAT3","SIDM00899",-0.515214094993888
"STAT3","SIDM00901",-2.21172415994464
"STAT3","SIDM00903",1.22686125361516
"STAT3","SIDM00904",4.82915382356287
"STAT3","SIDM00907",-2.19535551968518
"STAT3","SIDM00909",-0.780986384298422
"STAT3","SIDM00910",0.214766378166016
"STAT3","SIDM00914",-0.245895529717444
"STAT3","SIDM00918",-2.80594425163216
"STAT3","SIDM00919",1.19564138862855
"STAT3","SIDM00920",-1.20191048468369
"STAT3","SIDM00921",-1.22474437902557
"STAT3","SIDM00922",0.951498294788753
"STAT3","SIDM00924",-0.394272462581346
"STAT3","SIDM00925",-0.41194662879256
"STAT3","SIDM00926",-0.20779902944256
"STAT3","SIDM00928",2.99421778514983
"STAT3","SIDM00931",-0.842374066326609
"STAT3","SIDM00932",0.623414792389318
"STAT3","SIDM00933",-0.944213435161413
"STAT3","SIDM00934",0.700814273537396
"STAT3","SIDM00936",1.09277210413194
"STAT3","SIDM00937",3.9377092898294
"STAT3","SIDM00938",-0.902617276754158
"STAT3","SIDM00939",1.04638736868438
"STAT3","SIDM00940",0.225331512577908
"STAT3","SIDM00941",2.44829202813975
"STAT3","SIDM00942",2.09433443999813
"STAT3","SIDM00943",0.533476641521645
"STAT3","SIDM00944",-0.189425647107412
"STAT3","SIDM00945",-1.68611003615581
"STAT3","SIDM00947",0.155212435102233
"STAT3","SIDM00949",1.50729674837134
"STAT3","SIDM00950",1.26008170991694
"STAT3","SIDM00955",-1.20648023340762
"STAT3","SIDM00956",-1.91702424910681
"STAT3","SIDM00957",-1.59027916267721
"STAT3","SIDM00959",-1.18879667820512
"STAT3","SIDM00961",-0.940885951230871
"STAT3","SIDM00963",-0.273398384209174
"STAT3","SIDM00965",-1.74358280785395
"STAT3","SIDM00979",-0.424552251525087
"STAT3","SIDM00980",-1.62082588739418
"STAT3","SIDM00981",-1.50377600628504
"STAT3","SIDM00982",2.19194750458096
"STAT3","SIDM00983",3.28103262729073
"STAT3","SIDM00985",0.121623844669886
"STAT3","SIDM00986",-0.559442820649919
"STAT3","SIDM00987",1.62177567317039
"STAT3","SIDM00988",0.991086750405798
"STAT3","SIDM00989",3.81866994896563
"STAT3","SIDM00990",-2.46713281227813
"STAT3","SIDM00991",1.44025589341454
"STAT3","SIDM00992",2.07711150728915
"STAT3","SIDM00993",-0.621112269146636
"STAT3","SIDM00994",0.911484188126633
"STAT3","SIDM00996",1.88260032258524
"STAT3","SIDM00997",3.01386844699446
"STAT3","SIDM00998",-1.47739950430131
"STAT3","SIDM00999",1.78560348439515
"STAT3","SIDM01000",-0.761767442508891
"STAT3","SIDM01001",-0.205563689965126
"STAT3","SIDM01002",0.0576338061466025
"STAT3","SIDM01003",-1.61954478546547
"STAT3","SIDM01004",2.80612678224812
"STAT3","SIDM01005",1.1431288592728
"STAT3","SIDM01008",-1.53378008294949
"STAT3","SIDM01009",-0.942698999429856
"STAT3","SIDM01010",5.29015318556325
"STAT3","SIDM01012",-1.23290483242055
"STAT3","SIDM01013",-3.01895184434879
"STAT3","SIDM01015",-0.846614856026538
"STAT3","SIDM01016",-2.30881797336677
"STAT3","SIDM01018",0.132282102949728
"STAT3","SIDM01020",-1.74706338905714
"STAT3","SIDM01022",1.46755249447513
"STAT3","SIDM01023",1.84979086896987
"STAT3","SIDM01024",-1.86307344348768
"STAT3","SIDM01025",-0.637852647676529
"STAT3","SIDM01026",1.29423794752487
"STAT3","SIDM01027",-0.625813397399016
"STAT3","SIDM01028",-0.30044137031737
"STAT3","SIDM01029",0.0694628623895173
"STAT3","SIDM01030",-0.208706345390535
"STAT3","SIDM01031",-0.0174674334700474
"STAT3","SIDM01032",-0.912545344827277
"STAT3","SIDM01033",-1.10692668617661
"STAT3","SIDM01034",1.16759318529461
"STAT3","SIDM01036",2.31462025211981
"STAT3","SIDM01037",0.588227976063925
"STAT3","SIDM01038",-0.250241451800855
"STAT3","SIDM01040",-0.737447110176756
"STAT3","SIDM01043",3.67839199230141
"STAT3","SIDM01044",2.67482353382544
"STAT3","SIDM01045",-2.34937340908197
"STAT3","SIDM01048",-0.747103475489171
"STAT3","SIDM01049",-1.2339144367217
"STAT3","SIDM01051",-1.91640056894524
"STAT3","SIDM01052",-1.95872816903969
"STAT3","SIDM01055",1.31304094553202
"STAT3","SIDM01056",-0.265626911123213
"STAT3","SIDM01057",-1.57141567032313
"STAT3","SIDM01058",-1.02168629356396
"STAT3","SIDM01059",-0.523987145789374
"STAT3","SIDM01060",-1.04115336616233
"STAT3","SIDM01062",-0.361662449451218
"STAT3","SIDM01063",1.27639150334276
"STAT3","SIDM01066",-0.488818930447322
"STAT3","SIDM01067",0.805568369532786
"STAT3","SIDM01068",0.714783164825421
"STAT3","SIDM01069",1.20486676449807
"STAT3","SIDM01070",2.51847187575026
"STAT3","SIDM01071",-2.85352986768596
"STAT3","SIDM01072",-0.363977566992689
"STAT3","SIDM01074",1.76528949858124
"STAT3","SIDM01077",0.246067177472791
"STAT3","SIDM01078",-1.84638705884274
"STAT3","SIDM01079",0.825929460485396
"STAT3","SIDM01080",-1.78517207657567
"STAT3","SIDM01081",0.129690627730805
"STAT3","SIDM01082",6.89401531231254
"STAT3","SIDM01083",4.11270995554112
"STAT3","SIDM01084",-1.1223755458786
"STAT3","SIDM01085",-0.16553664863187
"STAT3","SIDM01086",0.842784817606451
"STAT3","SIDM01087",-0.350872710841297
"STAT3","SIDM01088",0.663244475089843
"STAT3","SIDM01089",-1.25873823757229
"STAT3","SIDM01096",-0.967735787461709
"STAT3","SIDM01099",-0.810340742436929
"STAT3","SIDM01100",-1.93782756200187
"STAT3","SIDM01101",1.27511085207349
"STAT3","SIDM01103",-0.857676167081645
"STAT3","SIDM01104",-0.919355305738281
"STAT3","SIDM01105",-0.842306185404646
"STAT3","SIDM01106",1.63328131094594
"STAT3","SIDM01107",-0.912833831425027
"STAT3","SIDM01108",-1.72858964817628
"STAT3","SIDM01109",-0.17058383476347
"STAT3","SIDM01110",3.02764448123265
"STAT3","SIDM01111",-1.90473031538677
"STAT3","SIDM01112",0.111305945455112
"STAT3","SIDM01113",-0.972299488936707
"STAT3","SIDM01116",-2.08527801035515
"STAT3","SIDM01119",0.382682994763114
"STAT3","SIDM01121",-2.65377986042201
"STAT3","SIDM01123",-2.20439945630795
"STAT3","SIDM01124",-0.503949433713587
"STAT3","SIDM01125",3.06980331858028
"STAT3","SIDM01127",4.46488834028556
"STAT3","SIDM01128",-2.28532004765236
"STAT3","SIDM01129",-2.00059177636234
"STAT3","SIDM01130",-2.0991665366013
"STAT3","SIDM01131",-1.02738341053152
"STAT3","SIDM01134",-2.91052237560712
"STAT3","SIDM01135",0.732726803603228
"STAT3","SIDM01136",3.08391348661223
"STAT3","SIDM01137",1.64185723117884
"STAT3","SIDM01138",3.12231883092541
"STAT3","SIDM01139",-0.929652365836218
"STAT3","SIDM01141",-1.04668231435136
"STAT3","SIDM01144",1.79508251838246
"STAT3","SIDM01147",-1.7661331500333
"STAT3","SIDM01148",-1.70879434280832
"STAT3","SIDM01150",-2.29025343932399
"STAT3","SIDM01151",-0.613754353429523
"STAT3","SIDM01154",-2.11202448667527
"STAT3","SIDM01156",-0.16069509096671
"STAT3","SIDM01158",0.33402206623118
"STAT3","SIDM01164",1.6966572391044
"STAT3","SIDM01165",0.732704917116982
"STAT3","SIDM01167",2.3800950507558
"STAT3","SIDM01169",-0.429757717064446
"STAT3","SIDM01170",0.329795956427162
"STAT3","SIDM01171",2.13624626960559
"STAT3","SIDM01172",0.240002722458216
"STAT3","SIDM01176",-1.43594243583412
"STAT3","SIDM01180",0.636596458895471
"STAT3","SIDM01181",-1.81982810509522
"STAT3","SIDM01182",-0.210021077031549
"STAT3","SIDM01184",2.08157426229575
"STAT3","SIDM01186",-1.51071164395867
"STAT3","SIDM01188",0.35260409595503
"STAT3","SIDM01189",1.12181922192748
"STAT3","SIDM01190",0.00481418604745646
"STAT3","SIDM01191",-1.84363124492258
"STAT3","SIDM01193",0.71352730823301
"STAT3","SIDM01194",0.46259505220457
"STAT3","SIDM01195",-0.810136311886405
"STAT3","SIDM01196",0.43467387435816
"STAT3","SIDM01199",-0.107145372199315
"STAT3","SIDM01215",1.78458269311947
"STAT3","SIDM01222",-2.36636061518808
"STAT3","SIDM01241",-1.85209367733662
"STAT3","SIDM01254",-0.0962133824522421
"STAT3","SIDM01265",0.697314927774392
"STAT3","SIDM01316",-2.1967622690717
"STAT3","SIDM01318",2.42636345320888
"STAT3","SIDM01320",1.94297389082536
"STAT3","SIDM01321",1.37350051825663
"STAT3","SIDM01322",3.99904459577846
"STAT3","SIDM01323",2.98302148559947
"STAT3","SIDM01324",3.28997258157945
"STAT3","SIDM01325",0.893031871989757
"STAT3","SIDM01331",2.53940372839935
"STAT3","SIDM01332",0.495209836990153
"STAT3","SIDM01335",2.05336805762754
"STAT3","SIDM01336",1.04059641130801
"STAT3","SIDM01343",0.420826431948932
"STAT3","SIDM01347",-0.219794517303229
"STAT3","SIDM01363",0.0623688767076296
"STAT3","SIDM01368",1.64897087971568
"STAT3","SIDM01372",2.35438859888317
"STAT3","SIDM01377",0.699491782116797
"STAT3","SIDM01378",-0.428826710759051
"STAT3","SIDM01387",0.471729625449212
"STAT3","SIDM01391",-1.82346057979275
"STAT3","SIDM01393",-0.721584966646674
"STAT3","SIDM01394",0.742757063826384
"STAT3","SIDM01397",0.0087193196886032
"STAT3","SIDM01398",-0.74380361957014
"STAT3","SIDM01409",1.81174421326623
"STAT3","SIDM01411",0.131745825016574
"STAT3","SIDM01412",0.464464601727198
"STAT3","SIDM01413",-0.355131691233325
"STAT3","SIDM01432",1.07279190260397
"STAT3","SIDM01433",-1.02547960490401
"STAT3","SIDM01434",0.43586282162576
"STAT3","SIDM01435",1.54997714457445
"STAT3","SIDM01436",0.40477940308893
"STAT3","SIDM01437",4.84892472785655
"STAT3","SIDM01439",1.89715163382554
"STAT3","SIDM01442",1.01120866618862
"STAT3","SIDM01443",0.584310955775146
"STAT3","SIDM01444",-1.07364774717806
"STAT3","SIDM01445",0.950845320163551
"STAT3","SIDM01446",0.61816156889516
"STAT3","SIDM01447",-0.408510113133367
"STAT3","SIDM01449",3.43000612147139
"STAT3","SIDM01450",-2.10607996527208
"STAT3","SIDM01451",3.08333144250827
"STAT3","SIDM01454",4.23583087288841
"STAT3","SIDM01460",-0.140048217085505
"STAT3","SIDM01463",1.07493825733417
"STAT3","SIDM01464",0.704040937055043
"STAT3","SIDM01469",-0.159935491144105
"STAT3","SIDM01470",-0.639594593774656
"STAT3","SIDM01471",-1.10949046255017
"STAT3","SIDM01472",1.06104503012598
"STAT3","SIDM01473",-0.0928629724339053
"STAT3","SIDM01474",-0.464054515474308
"STAT3","SIDM01476",-0.0580888594105954
"STAT3","SIDM01479",2.44944223901413
"STAT3","SIDM01480",-1.22963384989357
"STAT3","SIDM01482",-1.90049253657258
"STAT3","SIDM01490",-2.83840314985351
"STAT3","SIDM01491",-0.385796437990169
"STAT3","SIDM01492",-1.21279083672594
"STAT3","SIDM01494",-1.01187347149803
"STAT3","SIDM01498",-0.726669720894111
"STAT3","SIDM01502",1.14058668887748
"STAT3","SIDM01503",-2.31337622222113
"STAT3","SIDM01504",-2.06518215285873
"STAT3","SIDM01510",-0.862988184509596
"STAT3","SIDM01511",-1.55852133818395
"STAT3","SIDM01512",0.344108276396358
"STAT3","SIDM01517",2.48294375929697
"STAT3","SIDM01518",3.28619130066315
"STAT3","SIDM01519",-1.38321042476704
"STAT3","SIDM01520",1.73115643358397
"STAT3","SIDM01522",-0.582427867736051
"STAT3","SIDM01523",0.843807890492429
"STAT3","SIDM01525",0.866006657564045
"STAT3","SIDM01526",-1.5183870944823
"STAT3","SIDM01528",1.4350704287012
"STAT3","SIDM01529",1.0104450523252
"STAT3","SIDM01530",-1.15225420149643
"STAT3","SIDM01531",-0.196007179289946
"STAT3","SIDM01545",2.09135501806477
"STAT3","SIDM01546",-0.308662483962887
"STAT3","SIDM01551",-1.09117658215791
"STAT3","SIDM01553",-1.11253651032036
"STAT3","SIDM01554",0.460803427089962
"STAT3","SIDM01556",-0.70397389992654
"STAT3","SIDM01559",0.377093806574071
"STAT3","SIDM01560",0.676586882604572
"STAT3","SIDM01561",-0.860149401892415
"STAT3","SIDM01563",4.0854166816706
"STAT3","SIDM01564",7.06300974449455
"STAT3","SIDM01565",2.20206650152844
"STAT3","SIDM01566",1.83673836015864
"STAT3","SIDM01567",0.754071349620327
"STAT3","SIDM01569",0.0713585048108579
"STAT3","SIDM01570",3.96261500611469
"STAT3","SIDM01571",-0.666383356999045
"STAT3","SIDM01572",-1.36501882914363
"STAT3","SIDM01573",-1.24918083049
"STAT3","SIDM01574",-0.969190679468655
"STAT3","SIDM01575",-1.45231691780199
"STAT3","SIDM01577",-0.620117606992014
"STAT3","SIDM01578",1.78172928877963
"STAT3","SIDM01580",4.55300358930775
"STAT3","SIDM01581",2.15597940645592
"STAT3","SIDM01582",0.837933979005869
"STAT3","SIDM01587",3.47869681212871
"STAT3","SIDM01588",1.04663071167741
"STAT3","SIDM01589",-1.51077259626157
"STAT3","SIDM01590",3.42388006665659
"STAT3","SIDM01591",3.67999610357198
"STAT3","SIDM01593",0.456243343102368
"STAT3","SIDM01594",3.04562316990621
"STAT3","SIDM01596",0.722536719702376
"STAT3","SIDM01598",-1.17749259864963
"STAT3","SIDM01602",1.7416850766192
"STAT3","SIDM01603",5.458766008896
"STAT3","SIDM01604",-0.670837119833556
"STAT3","SIDM01605",2.00597111816659
"STAT3","SIDM01606",4.51284435023921
"STAT3","SIDM01607",0.373400135995083
"STAT3","SIDM01608",-2.56994642755738
"STAT3","SIDM01609",-1.62229454461164
"STAT3","SIDM01611",-2.52864620876191
"STAT3","SIDM01612",-1.62790324974352
"STAT3","SIDM01613",0.105252865634528
"STAT3","SIDM01614",-0.580395184125519
"STAT3","SIDM01615",4.92980710163944
"STAT3","SIDM01616",0.395068174324268
"STAT3","SIDM01617",-2.00861224305214
"STAT3","SIDM01618",-1.60790748614979
"STAT3","SIDM01619",-0.689207918585893
"STAT3","SIDM01622",2.34224503521648
"STAT3","SIDM01624",1.2490672194406
"STAT3","SIDM01628",-0.710027683401965
"STAT3","SIDM01629",-0.504809138530803
"STAT3","SIDM01635",1.63881688601019
"STAT3","SIDM01640",-1.19668658904269
"STAT3","SIDM01657",-1.25947259596531
"STAT3","SIDM01658",-1.85062747831875
"STAT3","SIDM01659",0.482211652779856
"STAT3","SIDM01660",2.74917005022804
"STAT3","SIDM01662",-1.56385335254396
"STAT3","SIDM01664",0.0891528617635735
"STAT3","SIDM01667",-1.04320243758394
"STAT3","SIDM01668",-3.5623297005461
"STAT3","SIDM01672",-2.75580243562984
"STAT3","SIDM01675",-1.64403584745969
"STAT3","SIDM01676",-2.10815469637888
"STAT3","SIDM01679",-3.74099535139059
"STAT3","SIDM01682",-0.751873344543334
"STAT3","SIDM01685",0.0982979570155607
"STAT3","SIDM01686",-0.972927004808761
"STAT3","SIDM01689",-0.237219994987864
"STAT3","SIDM01690",-1.65842344542548
"STAT3","SIDM01691",1.52647302219981
"STAT3","SIDM01692",8.80986034734172
"STAT3","SIDM01693",-1.27405443196771
"STAT3","SIDM01694",-1.04321196761121
"STAT3","SIDM01695",-0.734346169652386
"STAT3","SIDM01696",3.87847108489869
"STAT3","SIDM01697",3.9335222405516
"STAT3","SIDM01698",2.13517335703291
"STAT3","SIDM01699",3.03407473315761
"STAT3","SIDM01701",4.11939229496198
"STAT3","SIDM01702",1.24832285140899
"STAT3","SIDM01703",2.69408494351643
"STAT3","SIDM01704",-0.118484557861454
"STAT3","SIDM01705",1.09373896760644
"STAT3","SIDM01709",1.59723509678363
"STAT3","SIDM01710",3.37983902212179
"STAT3","SIDM01724",5.2589602441814
"STAT3","SIDM01725",3.5861395603998
"STAT3","SIDM01726",2.83013521715179
"STAT3","SIDM01727",-1.70681397260296
"STAT3","SIDM01728",1.10866262006663
"STAT3","SIDM01729",-0.90248214897696
"STAT3","SIDM01730",-0.998264113276079
"STAT3","SIDM01734",5.29230588740801
"STAT3","SIDM01739",-1.90803096423575
"STAT3","SIDM01741",4.05744352914354
"STAT3","SIDM01743",2.19583146493689
"STAT3","SIDM01746",5.50456243032123
"STAT3","SIDM01749",2.43181456474067
"STAT3","SIDM01750",-0.216811953701312
"STAT3","SIDM01752",-0.748127739024164
"STAT3","SIDM01753",0.178957386201043
"STAT3","SIDM01756",0.0595418757339192
"STAT3","SIDM01757",0.333168171188198
"STAT3","SIDM01758",-1.70157717381357
"STAT3","SIDM01759",2.86203625849981
"STAT3","SIDM01760",-1.48820124917826
"STAT3","SIDM01761",2.01945567994041
"STAT3","SIDM01762",-0.157142176111714
"STAT3","SIDM01763",0.00115163654588711
"STAT3","SIDM01764",1.6586447855106
"STAT3","SIDM01765",1.3302109819493
"STAT3","SIDM01766",-1.79889377626891
"STAT3","SIDM01767",1.39152775887149
"STAT3","SIDM01768",-0.372976987551892
"STAT3","SIDM01770",-2.45613565911016
"STAT3","SIDM01771",-0.861913069001099
"STAT3","SIDM01772",4.33693064876266
"STAT3","SIDM01773",2.27693727028979
"STAT3","SIDM01774",1.48867477486949
"STAT3","SIDM01775",-0.81283352298345
"STAT3","SIDM01777",0.786736314183972
"STAT3","SIDM01779",2.07148540692114
"STAT3","SIDM01780",-0.184177917600189
"STAT3","SIDM01781",-0.405324969263386
"STAT3","SIDM01782",-0.103855379917147
"STAT3","SIDM01820",-0.108976864925659
"STAT3","SIDM01858",0.767439560852758
"STAT3","SIDM01859",-1.23360752362454
"STAT3","SIDM01873",-0.0355487128042983
"STAT4","SIDM00001",2.08923975634928
"STAT4","SIDM00005",-0.725618854630212
"STAT4","SIDM00008",1.71267332539116
"STAT4","SIDM00011",0.925984958499452
"STAT4","SIDM00015",0.0919772837081716
"STAT4","SIDM00016",-0.135411526326403
"STAT4","SIDM00017",-0.00738428217047558
"STAT4","SIDM00029",0.275094106574074
"STAT4","SIDM00032",0.869077990578151
"STAT4","SIDM00036",-0.420697376240529
"STAT4","SIDM00046",-0.484382826852757
"STAT4","SIDM00062",0.272369156906577
"STAT4","SIDM00063",0.384232126225611
"STAT4","SIDM00065",-0.47863529425
"STAT4","SIDM00071",0.861377387930759
"STAT4","SIDM00074",0.658457511697237
"STAT4","SIDM00078",1.30987285528069
"STAT4","SIDM00079",1.66226615026124
"STAT4","SIDM00080",0.259613794860683
"STAT4","SIDM00081",0.553468224153319
"STAT4","SIDM00083",0.281318028081895
"STAT4","SIDM00084",0.629617159037648
"STAT4","SIDM00085",0.735462332060307
"STAT4","SIDM00087",0.459934647269131
"STAT4","SIDM00088",0.936911487997718
"STAT4","SIDM00090",0.354446072843963
"STAT4","SIDM00092",0.793596097846247
"STAT4","SIDM00093",-0.815604306176205
"STAT4","SIDM00095",0.955495221910089
"STAT4","SIDM00097",-0.385427213137698
"STAT4","SIDM00105",0.302743006315986
"STAT4","SIDM00107",-0.331286196519017
"STAT4","SIDM00108",0.467443282711379
"STAT4","SIDM00116",-0.476057920723949
"STAT4","SIDM00117",-0.0428712657457423
"STAT4","SIDM00119",-0.985761629212222
"STAT4","SIDM00122",0.405888303297562
"STAT4","SIDM00123",0.38690940979975
"STAT4","SIDM00124",0.441959036318425
"STAT4","SIDM00125",0.843104778076243
"STAT4","SIDM00130",1.1044347976098
"STAT4","SIDM00131",1.3861854882093
"STAT4","SIDM00132",1.40656051306838
"STAT4","SIDM00133",-0.990350878397522
"STAT4","SIDM00134",2.15623845312631
"STAT4","SIDM00135",0.647339666523376
"STAT4","SIDM00138",-0.0862140644271306
"STAT4","SIDM00139",0.472410163855311
"STAT4","SIDM00140",1.56140725672787
"STAT4","SIDM00142",1.76335993927636
"STAT4","SIDM00143",-0.567078596364706
"STAT4","SIDM00144",-0.264239341766159
"STAT4","SIDM00146",1.33512321659171
"STAT4","SIDM00147",0.286597437977445
"STAT4","SIDM00148",-0.285774587240507
"STAT4","SIDM00149",-0.0504172841393526
"STAT4","SIDM00150",-0.344031390728302
"STAT4","SIDM00151",1.15461612377354
"STAT4","SIDM00153",0.334079531869127
"STAT4","SIDM00158",0.617827478431954
"STAT4","SIDM00159",-1.08153566412329
"STAT4","SIDM00160",1.08898952480698
"STAT4","SIDM00161",-0.307706223560873
"STAT4","SIDM00162",0.570926939049299
"STAT4","SIDM00163",1.22565661146558
"STAT4","SIDM00164",0.0625042302615888
"STAT4","SIDM00165",0.515247440568451
"STAT4","SIDM00166",0.500231699895465
"STAT4","SIDM00167",0.50515762081745
"STAT4","SIDM00168",1.4654110952407
"STAT4","SIDM00169",0.436362839045768
"STAT4","SIDM00170",-0.450256678784717
"STAT4","SIDM00171",1.88690585304715
"STAT4","SIDM00173",0.322994612296792
"STAT4","SIDM00192",0.486025001960782
"STAT4","SIDM00194",1.14901701462081
"STAT4","SIDM00210",0.345434942005468
"STAT4","SIDM00212",1.24969826252927
"STAT4","SIDM00213",1.44334163573348
"STAT4","SIDM00217",0.093405206914574
"STAT4","SIDM00220",-0.468510690609494
"STAT4","SIDM00222",-0.654768662101536
"STAT4","SIDM00226",-0.333749660996188
"STAT4","SIDM00228",0.649539173899908
"STAT4","SIDM00235",0.259869709193695
"STAT4","SIDM00237",0.494560959449364
"STAT4","SIDM00238",-0.441638166771973
"STAT4","SIDM00239",-0.0520480956569681
"STAT4","SIDM00247",1.74243016233467
"STAT4","SIDM00248",0.0520644014711675
"STAT4","SIDM00249",0.570772415529171
"STAT4","SIDM00250",0.683560445423168
"STAT4","SIDM00271",0.127429291905796
"STAT4","SIDM00272",1.02955271260565
"STAT4","SIDM00273",1.36616326968802
"STAT4","SIDM00278",1.20688523115421
"STAT4","SIDM00279",0.050976411340473
"STAT4","SIDM00280",0.174722364835795
"STAT4","SIDM00282",1.29585501004847
"STAT4","SIDM00284",1.28446334239371
"STAT4","SIDM00286",0.25816183875004
"STAT4","SIDM00290",0.128968319548996
"STAT4","SIDM00298",0.210854714802635
"STAT4","SIDM00301",-0.00237308250297718
"STAT4","SIDM00303",0.413209238646027
"STAT4","SIDM00305",-0.44743605156565
"STAT4","SIDM00306",0.258552316928214
"STAT4","SIDM00307",-0.654485967692032
"STAT4","SIDM00312",-0.383564890129556
"STAT4","SIDM00313",-0.363365258176498
"STAT4","SIDM00314",0.11662388647923
"STAT4","SIDM00315",1.56671341031374
"STAT4","SIDM00318",1.12660745628267
"STAT4","SIDM00321",-0.197002902270268
"STAT4","SIDM00322",-0.430239581180229
"STAT4","SIDM00325",-0.30208022139272
"STAT4","SIDM00327",0.716490489767431
"STAT4","SIDM00329",1.69535610222134
"STAT4","SIDM00331",0.926191224802488
"STAT4","SIDM00333",0.857918540980438
"STAT4","SIDM00334",-0.373711188451681
"STAT4","SIDM00335",-0.167958394381925
"STAT4","SIDM00336",0.696046765868762
"STAT4","SIDM00337",1.23449515783268
"STAT4","SIDM00338",1.85860430383035
"STAT4","SIDM00339",0.739067159695707
"STAT4","SIDM00340",0.475221812100654
"STAT4","SIDM00341",0.158328384111168
"STAT4","SIDM00342",1.21092226606836
"STAT4","SIDM00344",1.33852081978533
"STAT4","SIDM00345",0.216109075963371
"STAT4","SIDM00347",-1.13457166641323
"STAT4","SIDM00348",0.808511385902754
"STAT4","SIDM00352",0.520518939678041
"STAT4","SIDM00353",0.514933595340691
"STAT4","SIDM00354",0.0998621848796423
"STAT4","SIDM00355",0.878948428938212
"STAT4","SIDM00356",-0.512999000958487
"STAT4","SIDM00358",0.447910548145829
"STAT4","SIDM00359",0.0866790222379382
"STAT4","SIDM00360",-0.0078938787874413
"STAT4","SIDM00363",0.450693427527601
"STAT4","SIDM00368",-0.604376119851561
"STAT4","SIDM00369",-0.341803168377041
"STAT4","SIDM00370",0.676907297387822
"STAT4","SIDM00373",1.20367222688692
"STAT4","SIDM00376",1.82198717863448
"STAT4","SIDM00380",1.28002191721158
"STAT4","SIDM00382",0.994501790589637
"STAT4","SIDM00386",-0.0620366314052885
"STAT4","SIDM00387",-0.656387717265428
"STAT4","SIDM00390",0.712786727368994
"STAT4","SIDM00391",0.647470205553296
"STAT4","SIDM00392",0.92883098730616
"STAT4","SIDM00395",-0.552457977405538
"STAT4","SIDM00396",1.09384960220931
"STAT4","SIDM00402",0.490738677782348
"STAT4","SIDM00403",0.43247819328992
"STAT4","SIDM00405",0.0545813321571921
"STAT4","SIDM00419",0.524904948183708
"STAT4","SIDM00421",2.11006961603898
"STAT4","SIDM00423",0.652759791904914
"STAT4","SIDM00425",0.654059761532033
"STAT4","SIDM00426",-0.282359925648853
"STAT4","SIDM00428",2.75839279102911
"STAT4","SIDM00429",0.512121888818495
"STAT4","SIDM00431",0.999542972254565
"STAT4","SIDM00433",0.0654226509889506
"STAT4","SIDM00434",2.6105116404756
"STAT4","SIDM00435",2.05426753473703
"STAT4","SIDM00437",1.68541169570017
"STAT4","SIDM00442",0.206268362130135
"STAT4","SIDM00443",0.254515196810226
"STAT4","SIDM00446",0.601315281207023
"STAT4","SIDM00447",1.84078707896779
"STAT4","SIDM00449",2.10400700081529
"STAT4","SIDM00450",0.492429558594919
"STAT4","SIDM00451",0.353300355935523
"STAT4","SIDM00452",0.607428263045495
"STAT4","SIDM00453",-0.155476324897229
"STAT4","SIDM00454",0.203750144215036
"STAT4","SIDM00455",0.649176390922514
"STAT4","SIDM00457",0.465380092316622
"STAT4","SIDM00458",1.68632835836684
"STAT4","SIDM00460",1.35065250223963
"STAT4","SIDM00461",0.563601233168427
"STAT4","SIDM00462",2.46452419962952
"STAT4","SIDM00463",0.118089493450307
"STAT4","SIDM00469",2.57969157256988
"STAT4","SIDM00473",0.994869408295595
"STAT4","SIDM00474",1.64799618084725
"STAT4","SIDM00475",0.649400886860845
"STAT4","SIDM00477",0.434523734229619
"STAT4","SIDM00478",1.34112241602987
"STAT4","SIDM00479",0.0454587821301859
"STAT4","SIDM00480",0.41644222274471
"STAT4","SIDM00481",-0.245610004461
"STAT4","SIDM00484",-0.516505925217818
"STAT4","SIDM00485",1.45866109282416
"STAT4","SIDM00486",0.354288572574173
"STAT4","SIDM00492",-0.28079948239753
"STAT4","SIDM00493",0.209943750879433
"STAT4","SIDM00494",0.0678627624073925
"STAT4","SIDM00495",3.04768371564524
"STAT4","SIDM00497",0.157976763019065
"STAT4","SIDM00499",-0.81204943235456
"STAT4","SIDM00500",0.31168905680222
"STAT4","SIDM00502",2.38395414246921
"STAT4","SIDM00503",-0.454490717500004
"STAT4","SIDM00505",1.41572569468971
"STAT4","SIDM00506",0.222495499091889
"STAT4","SIDM00509",0.00136996049894443
"STAT4","SIDM00511",0.827345751071129
"STAT4","SIDM00512",0.433773618900264
"STAT4","SIDM00513",0.649522711036654
"STAT4","SIDM00515",1.43691462978309
"STAT4","SIDM00521",0.0143427881537207
"STAT4","SIDM00522",1.41559284484462
"STAT4","SIDM00523",-0.404826250160337
"STAT4","SIDM00524",-0.302299695654846
"STAT4","SIDM00525",1.25216247672319
"STAT4","SIDM00526",0.680325143372524
"STAT4","SIDM00529",-0.435193403191168
"STAT4","SIDM00531",0.706250379222964
"STAT4","SIDM00533",0.420566216462546
"STAT4","SIDM00536",-0.282013775352494
"STAT4","SIDM00545",0.430823281686644
"STAT4","SIDM00546",0.248894995288312
"STAT4","SIDM00547",1.1651076995457
"STAT4","SIDM00548",0.879000289057572
"STAT4","SIDM00552",-0.248324033163535
"STAT4","SIDM00554",1.42960866378861
"STAT4","SIDM00555",0.610332873907279
"STAT4","SIDM00556",-0.112874289983447
"STAT4","SIDM00557",0.0644319806034222
"STAT4","SIDM00560",0.411990162528268
"STAT4","SIDM00564",-0.0356386631085967
"STAT4","SIDM00567",0.180678347031049
"STAT4","SIDM00568",6.91445762907381
"STAT4","SIDM00570",0.317549374301001
"STAT4","SIDM00571",0.0683617485139957
"STAT4","SIDM00572",0.590939799862105
"STAT4","SIDM00575",1.25185396736853
"STAT4","SIDM00578",-0.714974100634272
"STAT4","SIDM00580",0.323147812361557
"STAT4","SIDM00581",0.676929288390694
"STAT4","SIDM00582",0.665585480324131
"STAT4","SIDM00585",-0.392464985177222
"STAT4","SIDM00586",-0.306341106419706
"STAT4","SIDM00587",0.856751330015097
"STAT4","SIDM00588",0.503215847855568
"STAT4","SIDM00589",1.98702248786251
"STAT4","SIDM00590",1.49623081787656
"STAT4","SIDM00593",1.09528985996978
"STAT4","SIDM00594",1.27020931866881
"STAT4","SIDM00595",0.533621718626384
"STAT4","SIDM00598",-0.0178938313672303
"STAT4","SIDM00602",0.020385965939377
"STAT4","SIDM00605",0.656883466850034
"STAT4","SIDM00607",-0.354341416541308
"STAT4","SIDM00608",0.936601416052257
"STAT4","SIDM00609",0.068547587543308
"STAT4","SIDM00610",0.15719351248825
"STAT4","SIDM00611",5.09718591573546
"STAT4","SIDM00613",0.558371907717447
"STAT4","SIDM00614",-0.173679944162146
"STAT4","SIDM00615",-0.0835249003996643
"STAT4","SIDM00616",-0.200483977327276
"STAT4","SIDM00617",0.500875480299046
"STAT4","SIDM00618",-0.0364339624557892
"STAT4","SIDM00625",0.315984593525142
"STAT4","SIDM00628",1.05833179707684
"STAT4","SIDM00629",-0.0393287977131719
"STAT4","SIDM00630",0.128265756663581
"STAT4","SIDM00633",0.346427311833045
"STAT4","SIDM00634",0.662195509590688
"STAT4","SIDM00637",0.910672913926923
"STAT4","SIDM00639",0.545005599623572
"STAT4","SIDM00640",1.04351273130941
"STAT4","SIDM00641",0.026954572851254
"STAT4","SIDM00644",-0.0690945101381085
"STAT4","SIDM00645",-0.57279144142527
"STAT4","SIDM00646",-0.0148527620992052
"STAT4","SIDM00649",-0.126380925099011
"STAT4","SIDM00651",-0.165174157635606
"STAT4","SIDM00652",-0.844439850365816
"STAT4","SIDM00653",-1.04755733368211
"STAT4","SIDM00654",-0.26041980963537
"STAT4","SIDM00657",0.935574173522692
"STAT4","SIDM00658",-0.336243989989798
"STAT4","SIDM00660",0.573173456549801
"STAT4","SIDM00661",0.096548647417954
"STAT4","SIDM00662",0.722671649669449
"STAT4","SIDM00663",0.760487201560134
"STAT4","SIDM00664",2.36727510549999
"STAT4","SIDM00665",-0.608301889365398
"STAT4","SIDM00666",0.800533352164609
"STAT4","SIDM00669",1.38090874216236
"STAT4","SIDM00670",4.95032088021365
"STAT4","SIDM00671",3.5699805073388
"STAT4","SIDM00672",-0.0480797977466153
"STAT4","SIDM00673",0.359791434379997
"STAT4","SIDM00675",-0.44547712425002
"STAT4","SIDM00676",0.40948615449432
"STAT4","SIDM00678",0.226069560034733
"STAT4","SIDM00681",0.121126717098176
"STAT4","SIDM00683",-0.287523885479807
"STAT4","SIDM00684",0.662147662462066
"STAT4","SIDM00685",0.347862847123056
"STAT4","SIDM00686",0.401053013648169
"STAT4","SIDM00687",0.923646674938407
"STAT4","SIDM00689",-0.400516455602652
"STAT4","SIDM00693",0.404623733062008
"STAT4","SIDM00694",-0.249656126229789
"STAT4","SIDM00695",0.626650640273214
"STAT4","SIDM00697",-0.451637675366544
"STAT4","SIDM00698",-0.0564284779274309
"STAT4","SIDM00702",1.14925296423496
"STAT4","SIDM00703",-0.529699106877797
"STAT4","SIDM00704",-0.178635646734062
"STAT4","SIDM00706",-1.08706110856641
"STAT4","SIDM00708",0.505458215709742
"STAT4","SIDM00709",-0.359721759190431
"STAT4","SIDM00710",-0.634505130647852
"STAT4","SIDM00711",-0.235880864983482
"STAT4","SIDM00713",0.514495866963824
"STAT4","SIDM00715",-0.15037484574962
"STAT4","SIDM00716",0.518693299312593
"STAT4","SIDM00718",-0.511843125793232
"STAT4","SIDM00720",-0.0388697498463591
"STAT4","SIDM00722",0.221077315261685
"STAT4","SIDM00723",1.5866617153869
"STAT4","SIDM00724",0.919185230552429
"STAT4","SIDM00726",1.35162563212248
"STAT4","SIDM00727",-0.546868780713211
"STAT4","SIDM00728",0.25284400816989
"STAT4","SIDM00729",0.098875129289103
"STAT4","SIDM00730",-0.532712688528066
"STAT4","SIDM00731",-1.15193937613712
"STAT4","SIDM00733",0.196373738636091
"STAT4","SIDM00734",-0.0236977835359789
"STAT4","SIDM00735",-0.637383959100612
"STAT4","SIDM00738",-0.259562560555154
"STAT4","SIDM00739",-0.49342235824669
"STAT4","SIDM00740",-0.281437873538471
"STAT4","SIDM00741",-0.520229763838282
"STAT4","SIDM00742",-0.845693407547483
"STAT4","SIDM00743",0.22224132564505
"STAT4","SIDM00744",0.11146753823076
"STAT4","SIDM00745",-0.437307621888983
"STAT4","SIDM00746",-0.0889538190653118
"STAT4","SIDM00747",-0.17965809584623
"STAT4","SIDM00748",-0.442873775278184
"STAT4","SIDM00749",-0.313871710981349
"STAT4","SIDM00750",-0.250170449080488
"STAT4","SIDM00751",0.856440548501773
"STAT4","SIDM00753",-0.384224321035232
"STAT4","SIDM00754",0.337266646200532
"STAT4","SIDM00755",-0.76862911097445
"STAT4","SIDM00756",0.238350227273579
"STAT4","SIDM00757",0.366117548421631
"STAT4","SIDM00759",0.31368060081457
"STAT4","SIDM00760",-0.74207491300248
"STAT4","SIDM00761",0.420749493688315
"STAT4","SIDM00762",-0.840117574101315
"STAT4","SIDM00763",-0.6375296331069
"STAT4","SIDM00766",-0.737369922317128
"STAT4","SIDM00768",0.0156788477546255
"STAT4","SIDM00769",-0.278242418676833
"STAT4","SIDM00771",0.629357776647952
"STAT4","SIDM00772",0.0691230742667623
"STAT4","SIDM00774",0.0801057780132114
"STAT4","SIDM00775",-0.561805080567894
"STAT4","SIDM00776",1.02425213918871
"STAT4","SIDM00777",0.443036907952256
"STAT4","SIDM00778",1.04187886875656
"STAT4","SIDM00779",0.188161236837846
"STAT4","SIDM00780",0.612481587150473
"STAT4","SIDM00782",-0.113869687970062
"STAT4","SIDM00784",0.0702450037724568
"STAT4","SIDM00785",0.886035111663056
"STAT4","SIDM00791",0.098647066229834
"STAT4","SIDM00795",0.232848739833144
"STAT4","SIDM00796",0.328690018177811
"STAT4","SIDM00797",0.188589635219424
"STAT4","SIDM00798",0.550658983798009
"STAT4","SIDM00799",1.18350664477638
"STAT4","SIDM00800",0.428296901410424
"STAT4","SIDM00801",0.167452908508733
"STAT4","SIDM00803",1.07234208312884
"STAT4","SIDM00806",0.0501457497170799
"STAT4","SIDM00812",0.750935195223718
"STAT4","SIDM00823",2.46774157893472
"STAT4","SIDM00828",-0.124018694680691
"STAT4","SIDM00829",1.91534106771303
"STAT4","SIDM00831",1.63458572860058
"STAT4","SIDM00839",-0.0827679641148677
"STAT4","SIDM00840",2.0476183806013
"STAT4","SIDM00844",0.352727479677009
"STAT4","SIDM00845",-0.214732513107613
"STAT4","SIDM00847",-0.616607690276036
"STAT4","SIDM00848",-0.00141826620726658
"STAT4","SIDM00849",-0.537816478744652
"STAT4","SIDM00850",0.467273286482579
"STAT4","SIDM00851",1.5002459608475
"STAT4","SIDM00852",0.117132571750164
"STAT4","SIDM00853",1.13377279396557
"STAT4","SIDM00854",0.256066005887538
"STAT4","SIDM00855",0.165333137559068
"STAT4","SIDM00856",-0.353782001194988
"STAT4","SIDM00857",-0.333961094102019
"STAT4","SIDM00858",1.07752748525753
"STAT4","SIDM00860",0.298932093572953
"STAT4","SIDM00861",0.939496438215069
"STAT4","SIDM00862",-0.18936338149113
"STAT4","SIDM00865",-0.361714263760364
"STAT4","SIDM00866",0.65714677377693
"STAT4","SIDM00867",2.04732840112891
"STAT4","SIDM00870",-0.148437829504016
"STAT4","SIDM00872",0.881071681978402
"STAT4","SIDM00874",-0.385062833744921
"STAT4","SIDM00877",0.0704207714575072
"STAT4","SIDM00878",0.626277281803314
"STAT4","SIDM00879",0.473396720825117
"STAT4","SIDM00881",-0.0954174727984749
"STAT4","SIDM00882",-0.499658726745096
"STAT4","SIDM00884",0.558893472484152
"STAT4","SIDM00886",-0.313127563307642
"STAT4","SIDM00887",0.0467139589905377
"STAT4","SIDM00888",0.158829124979707
"STAT4","SIDM00890",0.650510714059851
"STAT4","SIDM00892",0.220445650422294
"STAT4","SIDM00893",-0.396943438186052
"STAT4","SIDM00894",-0.533275754172588
"STAT4","SIDM00897",0.455351510035807
"STAT4","SIDM00898",-0.0447250367435299
"STAT4","SIDM00899",2.29438734126654
"STAT4","SIDM00901",0.0189851100277217
"STAT4","SIDM00903",0.983913501497365
"STAT4","SIDM00904",0.112618577885511
"STAT4","SIDM00907",0.0861945997649344
"STAT4","SIDM00909",0.45168393621507
"STAT4","SIDM00910",-0.0193201167501862
"STAT4","SIDM00914",-0.170170847556072
"STAT4","SIDM00918",-0.386435104368488
"STAT4","SIDM00919",1.02847858898247
"STAT4","SIDM00920",-0.128158655105059
"STAT4","SIDM00921",0.665043897764023
"STAT4","SIDM00922",1.21726398683152
"STAT4","SIDM00924",0.102286610383955
"STAT4","SIDM00925",-0.857253878104073
"STAT4","SIDM00926",-0.560094032810114
"STAT4","SIDM00928",1.56120308185499
"STAT4","SIDM00931",0.28909190233071
"STAT4","SIDM00932",0.414280751941045
"STAT4","SIDM00933",0.234980644752399
"STAT4","SIDM00934",2.36209559487968
"STAT4","SIDM00936",0.656312940087669
"STAT4","SIDM00937",1.60110611232172
"STAT4","SIDM00938",1.12946844087746
"STAT4","SIDM00939",1.07191475118972
"STAT4","SIDM00940",0.126971819369031
"STAT4","SIDM00941",0.508390309529983
"STAT4","SIDM00942",0.447834880221145
"STAT4","SIDM00943",1.01501876941815
"STAT4","SIDM00944",1.19293631470826
"STAT4","SIDM00945",0.849161563345471
"STAT4","SIDM00947",0.654417202334761
"STAT4","SIDM00949",0.543441330833951
"STAT4","SIDM00950",-0.357161225099501
"STAT4","SIDM00955",0.242392581732656
"STAT4","SIDM00956",-0.788442325396873
"STAT4","SIDM00957",0.370065584918638
"STAT4","SIDM00959",1.76845582710215
"STAT4","SIDM00961",0.243911506867713
"STAT4","SIDM00963",0.330191105534816
"STAT4","SIDM00965",-0.554947760656899
"STAT4","SIDM00979",0.938084058153515
"STAT4","SIDM00980",-0.167226145950506
"STAT4","SIDM00981",0.163018035278615
"STAT4","SIDM00982",0.539922505949234
"STAT4","SIDM00983",1.95917075198351
"STAT4","SIDM00985",0.775254482540965
"STAT4","SIDM00986",0.804701425792431
"STAT4","SIDM00987",0.660493292087392
"STAT4","SIDM00988",0.76702092142463
"STAT4","SIDM00989",1.80369846483947
"STAT4","SIDM00990",-0.302744455657245
"STAT4","SIDM00991",1.37347396323298
"STAT4","SIDM00992",0.639704914483902
"STAT4","SIDM00993",1.82416449849709
"STAT4","SIDM00994",2.5597199769189
"STAT4","SIDM00996",0.754582830833015
"STAT4","SIDM00997",1.10737875470687
"STAT4","SIDM00998",-0.500456423095306
"STAT4","SIDM00999",0.214393398117794
"STAT4","SIDM01000",0.0706078833969287
"STAT4","SIDM01001",0.128704766631221
"STAT4","SIDM01002",0.593978603019314
"STAT4","SIDM01003",1.64412252383058
"STAT4","SIDM01004",2.88363490281288
"STAT4","SIDM01005",0.944333898129639
"STAT4","SIDM01008",1.38277537815863
"STAT4","SIDM01009",0.0966887709432921
"STAT4","SIDM01010",2.63205584860186
"STAT4","SIDM01012",0.675714774517041
"STAT4","SIDM01013",9.28401645692256
"STAT4","SIDM01015",1.80327737553191
"STAT4","SIDM01016",0.378947383748348
"STAT4","SIDM01018",2.18379015793762
"STAT4","SIDM01020",1.15509135310405
"STAT4","SIDM01022",0.885654368161572
"STAT4","SIDM01023",1.33371531443649
"STAT4","SIDM01024",0.250328364130419
"STAT4","SIDM01025",0.455633073794037
"STAT4","SIDM01026",0.504356239830182
"STAT4","SIDM01027",1.85283470801289
"STAT4","SIDM01028",0.690759597866398
"STAT4","SIDM01029",0.987683974986173
"STAT4","SIDM01030",-0.0814915641270111
"STAT4","SIDM01031",-0.185741828780058
"STAT4","SIDM01032",1.87587225023983
"STAT4","SIDM01033",0.264441130174299
"STAT4","SIDM01034",2.72956562989426
"STAT4","SIDM01036",1.03770226607006
"STAT4","SIDM01037",0.391538303540564
"STAT4","SIDM01038",0.77492291080587
"STAT4","SIDM01040",0.793239304483552
"STAT4","SIDM01043",0.788784994003538
"STAT4","SIDM01044",0.167019476973889
"STAT4","SIDM01045",0.0923288361268167
"STAT4","SIDM01048",0.469779767353938
"STAT4","SIDM01049",2.18328022945246
"STAT4","SIDM01051",0.521491986326262
"STAT4","SIDM01052",0.00243315115620921
"STAT4","SIDM01055",1.23014833879217
"STAT4","SIDM01056",-0.00514541701653174
"STAT4","SIDM01057",0.781576741329995
"STAT4","SIDM01058",0.997170925790184
"STAT4","SIDM01059",1.37538300597258
"STAT4","SIDM01060",0.551145336282151
"STAT4","SIDM01062",0.320992592772883
"STAT4","SIDM01063",-0.0469546167555413
"STAT4","SIDM01066",1.49987820356214
"STAT4","SIDM01067",0.2290697480789
"STAT4","SIDM01068",1.52710425706579
"STAT4","SIDM01069",0.957292914204451
"STAT4","SIDM01070",1.27036405049711
"STAT4","SIDM01071",-0.647402039638358
"STAT4","SIDM01072",0.453731909482949
"STAT4","SIDM01074",0.783918542951236
"STAT4","SIDM01077",-0.669802947788394
"STAT4","SIDM01078",-0.67486584322993
"STAT4","SIDM01079",0.20500229598861
"STAT4","SIDM01080",0.0333171998235526
"STAT4","SIDM01081",0.850846635837392
"STAT4","SIDM01082",1.74170117074353
"STAT4","SIDM01083",0.515782945801993
"STAT4","SIDM01084",-0.276964708355642
"STAT4","SIDM01085",0.0290910705431388
"STAT4","SIDM01086",0.98387970174329
"STAT4","SIDM01087",1.11381671736609
"STAT4","SIDM01088",0.801226938528314
"STAT4","SIDM01089",0.0655982193719083
"STAT4","SIDM01096",0.679449009878497
"STAT4","SIDM01099",-0.837011061263133
"STAT4","SIDM01100",-0.519692911115901
"STAT4","SIDM01101",-0.26459800647064
"STAT4","SIDM01103",1.35255367671506
"STAT4","SIDM01104",0.250859983451175
"STAT4","SIDM01105",-0.0655550363565834
"STAT4","SIDM01106",0.0670809965486814
"STAT4","SIDM01107",0.320890459137093
"STAT4","SIDM01108",0.0130068888194845
"STAT4","SIDM01109",0.508341221495013
"STAT4","SIDM01110",0.91486118248602
"STAT4","SIDM01111",0.121350175426278
"STAT4","SIDM01112",0.238794318293433
"STAT4","SIDM01113",0.062810037599173
"STAT4","SIDM01116",-0.304636391884821
"STAT4","SIDM01119",-0.0691796800220525
"STAT4","SIDM01121",-0.254446316127665
"STAT4","SIDM01123",-0.517073100792107
"STAT4","SIDM01124",-0.418060824426626
"STAT4","SIDM01125",0.142844406065844
"STAT4","SIDM01127",0.629688385466155
"STAT4","SIDM01128",-0.275415875669684
"STAT4","SIDM01129",0.929049823634348
"STAT4","SIDM01130",-0.386542358744544
"STAT4","SIDM01131",0.33016498018951
"STAT4","SIDM01134",-1.33615084346873
"STAT4","SIDM01135",0.177541423419844
"STAT4","SIDM01136",1.33227766486002
"STAT4","SIDM01137",0.703668334666008
"STAT4","SIDM01138",2.19589760974128
"STAT4","SIDM01139",0.549749274538644
"STAT4","SIDM01141",0.0882617472096275
"STAT4","SIDM01144",1.85573004225841
"STAT4","SIDM01147",-0.330802021876661
"STAT4","SIDM01148",0.914232128381329
"STAT4","SIDM01150",-0.927358747342458
"STAT4","SIDM01151",0.23293591199562
"STAT4","SIDM01154",1.39241097959156
"STAT4","SIDM01156",-0.162856550060346
"STAT4","SIDM01158",0.3012932292951
"STAT4","SIDM01164",1.30603701528551
"STAT4","SIDM01165",2.83237458433706
"STAT4","SIDM01167",1.69130639145437
"STAT4","SIDM01169",0.959994976879043
"STAT4","SIDM01170",0.007680583994013
"STAT4","SIDM01171",0.904418495244314
"STAT4","SIDM01172",1.03157877626246
"STAT4","SIDM01176",1.083803821633
"STAT4","SIDM01180",0.540552104209763
"STAT4","SIDM01181",-0.713918261089372
"STAT4","SIDM01182",-0.30723374818581
"STAT4","SIDM01184",0.866000333087166
"STAT4","SIDM01186",-0.378032580177561
"STAT4","SIDM01188",-0.141748188400952
"STAT4","SIDM01189",-0.326411164696289
"STAT4","SIDM01190",1.68762403393326
"STAT4","SIDM01191",-0.167792687539509
"STAT4","SIDM01193",-0.935361007105703
"STAT4","SIDM01194",-0.384875140260799
"STAT4","SIDM01195",0.934583835669731
"STAT4","SIDM01196",1.60168488913275
"STAT4","SIDM01199",0.150640688858086
"STAT4","SIDM01215",1.61228048605828
"STAT4","SIDM01222",-0.43366681604801
"STAT4","SIDM01241",0.319625010208284
"STAT4","SIDM01254",0.252335393478162
"STAT4","SIDM01265",0.629109684963327
"STAT4","SIDM01316",0.0755736675047912
"STAT4","SIDM01318",-0.308989744246275
"STAT4","SIDM01320",0.790107418256492
"STAT4","SIDM01321",0.424241313699447
"STAT4","SIDM01322",1.10038914118375
"STAT4","SIDM01323",1.76290942150721
"STAT4","SIDM01324",1.26816185062792
"STAT4","SIDM01325",0.755902827755981
"STAT4","SIDM01331",-0.395364225784826
"STAT4","SIDM01332",0.565096585809407
"STAT4","SIDM01335",1.15119453603536
"STAT4","SIDM01336",0.806641198085659
"STAT4","SIDM01343",0.356311530420114
"STAT4","SIDM01347",0.418890803508932
"STAT4","SIDM01363",0.485592655546073
"STAT4","SIDM01368",0.356165311638273
"STAT4","SIDM01372",0.292690020448353
"STAT4","SIDM01377",1.72919523628811
"STAT4","SIDM01378",0.541866621326623
"STAT4","SIDM01387",-0.547420241100772
"STAT4","SIDM01391",-0.172060533378201
"STAT4","SIDM01393",0.242106889016099
"STAT4","SIDM01394",0.137079952512714
"STAT4","SIDM01397",0.840971158839457
"STAT4","SIDM01398",-0.251555610306464
"STAT4","SIDM01409",1.72349990088279
"STAT4","SIDM01411",1.13055980757253
"STAT4","SIDM01412",0.930926897737306
"STAT4","SIDM01413",0.929993870340058
"STAT4","SIDM01432",1.62577401915041
"STAT4","SIDM01433",-0.186248922609813
"STAT4","SIDM01434",-0.816219888790719
"STAT4","SIDM01435",0.929479242306825
"STAT4","SIDM01436",0.432254709702138
"STAT4","SIDM01437",1.1113706059208
"STAT4","SIDM01439",0.198364068471359
"STAT4","SIDM01442",0.361243056049923
"STAT4","SIDM01443",2.52658540839602
"STAT4","SIDM01444",-0.223985665219922
"STAT4","SIDM01445",0.92793355135839
"STAT4","SIDM01446",0.417483960763244
"STAT4","SIDM01447",0.668632692022544
"STAT4","SIDM01449",0.695141590424154
"STAT4","SIDM01450",0.812449879716946
"STAT4","SIDM01451",-0.0583645336394679
"STAT4","SIDM01454",1.3099617250197
"STAT4","SIDM01460",0.156361907134063
"STAT4","SIDM01463",0.200777699352675
"STAT4","SIDM01464",1.33747207302265
"STAT4","SIDM01469",0.119849800901608
"STAT4","SIDM01470",1.30690720294117
"STAT4","SIDM01471",1.34169138720093
"STAT4","SIDM01472",0.778105996661153
"STAT4","SIDM01473",0.832044630824518
"STAT4","SIDM01474",0.545679478610567
"STAT4","SIDM01476",0.589776324625236
"STAT4","SIDM01479",3.13555398261647
"STAT4","SIDM01480",0.0760532536850416
"STAT4","SIDM01482",-0.368385639366469
"STAT4","SIDM01490",-0.346938001067835
"STAT4","SIDM01491",1.19645808183386
"STAT4","SIDM01492",0.530531598983431
"STAT4","SIDM01494",0.0874113586473008
"STAT4","SIDM01498",2.87359908325925
"STAT4","SIDM01502",1.21580803262945
"STAT4","SIDM01503",-0.292933940005736
"STAT4","SIDM01504",-0.854966979610837
"STAT4","SIDM01510",0.171544026014086
"STAT4","SIDM01511",-0.0868194746807456
"STAT4","SIDM01512",1.33242386025349
"STAT4","SIDM01517",1.6773444251009
"STAT4","SIDM01518",1.2360950655865
"STAT4","SIDM01519",-0.270010842981666
"STAT4","SIDM01520",1.53531555682374
"STAT4","SIDM01522",0.697727450863796
"STAT4","SIDM01523",0.634305107479841
"STAT4","SIDM01525",1.34832900574895
"STAT4","SIDM01526",0.00239991338067927
"STAT4","SIDM01528",0.787442134704253
"STAT4","SIDM01529",0.991321644504014
"STAT4","SIDM01530",1.58107218968541
"STAT4","SIDM01531",1.93946956547181
"STAT4","SIDM01545",0.85450806579773
"STAT4","SIDM01546",0.475550193674526
"STAT4","SIDM01551",0.489890816987347
"STAT4","SIDM01553",0.0985789424276096
"STAT4","SIDM01554",0.785097266911371
"STAT4","SIDM01556",1.25983669718739
"STAT4","SIDM01559",1.03298642504274
"STAT4","SIDM01560",0.801690014264788
"STAT4","SIDM01561",0.65795633119574
"STAT4","SIDM01563",1.69950831446822
"STAT4","SIDM01564",0.346062968816842
"STAT4","SIDM01565",1.63929233164172
"STAT4","SIDM01566",0.958795949190297
"STAT4","SIDM01567",0.854041743987009
"STAT4","SIDM01569",0.00444339568034389
"STAT4","SIDM01570",2.85554163584563
"STAT4","SIDM01571",0.0654983578723049
"STAT4","SIDM01572",-1.74158365013512
"STAT4","SIDM01573",0.654772389728654
"STAT4","SIDM01574",0.527378141993119
"STAT4","SIDM01575",1.15133795833177
"STAT4","SIDM01577",0.821651511007125
"STAT4","SIDM01578",0.721503931906208
"STAT4","SIDM01580",0.821798628348452
"STAT4","SIDM01581",1.89670137880655
"STAT4","SIDM01582",0.0674262931707171
"STAT4","SIDM01587",1.19002877309532
"STAT4","SIDM01588",1.731040220129
"STAT4","SIDM01589",0.0267880820205574
"STAT4","SIDM01590",1.59318403933754
"STAT4","SIDM01591",2.33297876336046
"STAT4","SIDM01593",0.112190175083008
"STAT4","SIDM01594",1.43059105995621
"STAT4","SIDM01596",-0.256923595390099
"STAT4","SIDM01598",0.171566545822348
"STAT4","SIDM01602",1.21821958935043
"STAT4","SIDM01603",0.383837361809615
"STAT4","SIDM01604",1.34596648674104
"STAT4","SIDM01605",1.5841082692085
"STAT4","SIDM01606",0.521058844964434
"STAT4","SIDM01607",0.273557486673374
"STAT4","SIDM01608",-0.59530955986175
"STAT4","SIDM01609",0.0856601542304476
"STAT4","SIDM01611",0.241819529777618
"STAT4","SIDM01612",-0.0323977443207397
"STAT4","SIDM01613",0.936375226247424
"STAT4","SIDM01614",-0.23523723566773
"STAT4","SIDM01615",0.63401055697597
"STAT4","SIDM01616",0.782630983424943
"STAT4","SIDM01617",-0.0628120014549337
"STAT4","SIDM01618",4.01058333165183
"STAT4","SIDM01619",-0.00157258840070851
"STAT4","SIDM01622",0.568813980259948
"STAT4","SIDM01624",0.2577761532616
"STAT4","SIDM01628",-0.0612272334887454
"STAT4","SIDM01629",0.22798820160058
"STAT4","SIDM01635",0.192645919180722
"STAT4","SIDM01640",2.83159807162138
"STAT4","SIDM01657",1.05730796969923
"STAT4","SIDM01658",0.293708171047067
"STAT4","SIDM01659",0.200538024360687
"STAT4","SIDM01660",1.57731168371875
"STAT4","SIDM01662",1.10765278314507
"STAT4","SIDM01664",-0.0495909414909807
"STAT4","SIDM01667",1.67854562936389
"STAT4","SIDM01668",-0.80337845994279
"STAT4","SIDM01672",-0.4616383723359
"STAT4","SIDM01675",3.73240647493142
"STAT4","SIDM01676",-0.616771951024189
"STAT4","SIDM01679",-0.743586132609312
"STAT4","SIDM01682",-0.452756893431955
"STAT4","SIDM01685",0.861560088810214
"STAT4","SIDM01686",0.629946157836028
"STAT4","SIDM01689",1.61353243603053
"STAT4","SIDM01690",0.677958321474879
"STAT4","SIDM01691",3.03437956602477
"STAT4","SIDM01692",5.0245177163332
"STAT4","SIDM01693",0.742786371242865
"STAT4","SIDM01694",1.58461287392335
"STAT4","SIDM01695",0.511786869947449
"STAT4","SIDM01696",1.28667907489439
"STAT4","SIDM01697",0.688017625857323
"STAT4","SIDM01698",0.773089904894133
"STAT4","SIDM01699",0.975555455698746
"STAT4","SIDM01701",1.35769346992641
"STAT4","SIDM01702",1.53959316659922
"STAT4","SIDM01703",1.20758852534993
"STAT4","SIDM01704",0.402005503980756
"STAT4","SIDM01705",1.23050842693389
"STAT4","SIDM01709",0.728406626061733
"STAT4","SIDM01710",0.559216566436285
"STAT4","SIDM01724",1.50116044080654
"STAT4","SIDM01725",1.76042816175117
"STAT4","SIDM01726",0.923280868204885
"STAT4","SIDM01727",0.990049243414131
"STAT4","SIDM01728",1.24268236917126
"STAT4","SIDM01729",0.636567314119958
"STAT4","SIDM01730",0.85952782049715
"STAT4","SIDM01734",7.97835408651393
"STAT4","SIDM01739",-0.466788298395544
"STAT4","SIDM01741",1.16544869799176
"STAT4","SIDM01743",0.920255649114259
"STAT4","SIDM01746",-1.11672938493325
"STAT4","SIDM01749",0.412093944777237
"STAT4","SIDM01750",1.3844558282505
"STAT4","SIDM01752",-0.27488753949942
"STAT4","SIDM01753",0.0533633788367038
"STAT4","SIDM01756",3.00396901614519
"STAT4","SIDM01757",1.13741688944155
"STAT4","SIDM01758",-0.134957740987343
"STAT4","SIDM01759",1.34586211595015
"STAT4","SIDM01760",-0.633636624902953
"STAT4","SIDM01761",0.283611380184489
"STAT4","SIDM01762",0.815519394475558
"STAT4","SIDM01763",0.733742468341077
"STAT4","SIDM01764",1.3054562722103
"STAT4","SIDM01765",0.855305638234822
"STAT4","SIDM01766",-0.0135560046966228
"STAT4","SIDM01767",-0.514252018559406
"STAT4","SIDM01768",0.779438163758359
"STAT4","SIDM01770",0.0479669476523779
"STAT4","SIDM01771",0.11511610639
"STAT4","SIDM01772",1.58698233145118
"STAT4","SIDM01773",0.414315666462096
"STAT4","SIDM01774",-0.0416509187364913
"STAT4","SIDM01775",5.56643500062406
"STAT4","SIDM01777",2.67987281654844
"STAT4","SIDM01779",0.969651691926877
"STAT4","SIDM01780",2.57585758888805
"STAT4","SIDM01781",0.0321708157557414
"STAT4","SIDM01782",1.07980667466817
"STAT4","SIDM01820",1.95076321861812
"STAT4","SIDM01858",1.56905174933544
"STAT4","SIDM01859",0.531276901138358
"STAT4","SIDM01873",0.782040509121516
"STAT6","SIDM00001",0.332944433837098
"STAT6","SIDM00005",-0.00850602441358069
"STAT6","SIDM00008",1.34613137668601
"STAT6","SIDM00011",1.16353047779166
"STAT6","SIDM00015",2.9246770310991
"STAT6","SIDM00016",0.400550532379166
"STAT6","SIDM00017",-0.64389956432174
"STAT6","SIDM00029",-1.53890839035527
"STAT6","SIDM00032",1.34417851484439
"STAT6","SIDM00036",-1.18620922733542
"STAT6","SIDM00046",0.982260868118311
"STAT6","SIDM00062",-1.29523106831761
"STAT6","SIDM00063",0.41303725523697
"STAT6","SIDM00065",0.20381206323409
"STAT6","SIDM00071",-0.687488023478264
"STAT6","SIDM00074",0.535557202343036
"STAT6","SIDM00078",3.26527220504761
"STAT6","SIDM00079",0.863394048443282
"STAT6","SIDM00080",-0.127079578411696
"STAT6","SIDM00081",0.0906983728680706
"STAT6","SIDM00083",2.07211557227496
"STAT6","SIDM00084",0.427104673580341
"STAT6","SIDM00085",0.812524573639912
"STAT6","SIDM00087",0.654318843792185
"STAT6","SIDM00088",1.6267891386473
"STAT6","SIDM00090",1.01927668839161
"STAT6","SIDM00092",1.34857217033989
"STAT6","SIDM00093",-0.386972111631618
"STAT6","SIDM00095",1.73958082271746
"STAT6","SIDM00097",-0.179987073754522
"STAT6","SIDM00105",0.133094597201173
"STAT6","SIDM00107",1.89104132410314
"STAT6","SIDM00108",0.807247613793742
"STAT6","SIDM00116",-1.35358317201622
"STAT6","SIDM00117",-0.287768589252132
"STAT6","SIDM00119",-1.51995722888249
"STAT6","SIDM00122",0.979042198103576
"STAT6","SIDM00123",0.335424215045958
"STAT6","SIDM00124",1.61402176407878
"STAT6","SIDM00125",1.3166532685811
"STAT6","SIDM00130",1.67600387317008
"STAT6","SIDM00131",2.31473180162395
"STAT6","SIDM00132",3.01133941166521
"STAT6","SIDM00133",-0.394087885121158
"STAT6","SIDM00134",1.77894053051093
"STAT6","SIDM00135",3.21580121521703
"STAT6","SIDM00138",-0.546590660231131
"STAT6","SIDM00139",1.43104486301437
"STAT6","SIDM00140",1.21010910959174
"STAT6","SIDM00142",-1.66612820155967
"STAT6","SIDM00143",-0.525973269569415
"STAT6","SIDM00144",-1.01178761259674
"STAT6","SIDM00146",2.2862963697409
"STAT6","SIDM00147",0.868888210435285
"STAT6","SIDM00148",0.0629929165198711
"STAT6","SIDM00149",0.864454376502881
"STAT6","SIDM00150",-0.22496939885538
"STAT6","SIDM00151",0.939250614799702
"STAT6","SIDM00153",0.660699090272781
"STAT6","SIDM00158",1.5187792164755
"STAT6","SIDM00159",-0.256176340021908
"STAT6","SIDM00160",1.8831751483375
"STAT6","SIDM00161",0.106215549726571
"STAT6","SIDM00162",1.69660380617339
"STAT6","SIDM00163",2.80464455845658
"STAT6","SIDM00164",0.491979052619027
"STAT6","SIDM00165",1.74137166839547
"STAT6","SIDM00166",0.564061032758688
"STAT6","SIDM00167",0.399173485585357
"STAT6","SIDM00168",0.783478062583739
"STAT6","SIDM00169",2.07798680493479
"STAT6","SIDM00170",-0.928334816325538
"STAT6","SIDM00171",0.425852500420701
"STAT6","SIDM00173",2.3975809977001
"STAT6","SIDM00192",0.544960192860912
"STAT6","SIDM00194",1.17364536290881
"STAT6","SIDM00210",-0.714470786765529
"STAT6","SIDM00212",-0.676183881461844
"STAT6","SIDM00213",2.35198968208795
"STAT6","SIDM00217",0.535001357824597
"STAT6","SIDM00220",-1.01616585255298
"STAT6","SIDM00222",0.80291764846216
"STAT6","SIDM00226",-0.758145401946461
"STAT6","SIDM00228",0.970825668839453
"STAT6","SIDM00235",0.800584839014344
"STAT6","SIDM00237",2.70966361900728
"STAT6","SIDM00238",-0.849383992194856
"STAT6","SIDM00239",2.14059412770887
"STAT6","SIDM00247",0.0721077288501988
"STAT6","SIDM00248",0.436664521200446
"STAT6","SIDM00249",1.78794421990114
"STAT6","SIDM00250",0.789790670480103
"STAT6","SIDM00271",1.26760834238805
"STAT6","SIDM00272",3.62821942423454
"STAT6","SIDM00273",1.60026660270265
"STAT6","SIDM00278",0.482982404242226
"STAT6","SIDM00279",-0.308116655926093
"STAT6","SIDM00280",0.0868665789796186
"STAT6","SIDM00282",2.3997871365045
"STAT6","SIDM00284",0.424568679172617
"STAT6","SIDM00286",-0.162393716549786
"STAT6","SIDM00290",-0.651338418616487
"STAT6","SIDM00298",-0.409959215870275
"STAT6","SIDM00301",-0.247252550199636
"STAT6","SIDM00303",1.09204581099207
"STAT6","SIDM00305",0.148505334732578
"STAT6","SIDM00306",-0.00818485167514274
"STAT6","SIDM00307",-0.903468538509737
"STAT6","SIDM00312",-0.835551880098369
"STAT6","SIDM00313",5.02068197704199
"STAT6","SIDM00314",0.199830827933723
"STAT6","SIDM00315",0.0141290197255627
"STAT6","SIDM00318",1.29381528868506
"STAT6","SIDM00321",-0.307150632486449
"STAT6","SIDM00322",0.0852421493689416
"STAT6","SIDM00325",0.418467095493672
"STAT6","SIDM00327",1.93906203713951
"STAT6","SIDM00329",1.74456699067626
"STAT6","SIDM00331",-0.93554736267313
"STAT6","SIDM00333",1.34223953538668
"STAT6","SIDM00334",-0.851276437791267
"STAT6","SIDM00335",2.38908287002142
"STAT6","SIDM00336",1.97299897593086
"STAT6","SIDM00337",0.863784749084733
"STAT6","SIDM00338",2.21051300051037
"STAT6","SIDM00339",0.283502322882529
"STAT6","SIDM00340",0.926495531044974
"STAT6","SIDM00341",0.496742727145153
"STAT6","SIDM00342",-0.254166054964258
"STAT6","SIDM00344",0.646968443782299
"STAT6","SIDM00345",0.895237386214184
"STAT6","SIDM00347",0.422786743299559
"STAT6","SIDM00348",0.63748731486012
"STAT6","SIDM00352",1.40483831148522
"STAT6","SIDM00353",3.04885644433691
"STAT6","SIDM00354",0.750095607687338
"STAT6","SIDM00355",1.48897180941231
"STAT6","SIDM00356",1.65581866429758
"STAT6","SIDM00358",-0.950135196648094
"STAT6","SIDM00359",0.114721144147925
"STAT6","SIDM00360",-0.124612216438048
"STAT6","SIDM00363",3.16510549463918
"STAT6","SIDM00368",-2.15944515886148
"STAT6","SIDM00369",0.853564189079422
"STAT6","SIDM00370",0.306524965085966
"STAT6","SIDM00373",1.41507267857754
"STAT6","SIDM00376",1.05077412978614
"STAT6","SIDM00380",1.33680764904053
"STAT6","SIDM00382",3.79805544790508
"STAT6","SIDM00386",-0.655743642881013
"STAT6","SIDM00387",-0.984876568608412
"STAT6","SIDM00390",2.78305658122453
"STAT6","SIDM00391",-0.425317511858304
"STAT6","SIDM00392",0.0219465579627685
"STAT6","SIDM00395",0.3250215327668
"STAT6","SIDM00396",4.34391882905856
"STAT6","SIDM00402",0.765702749945345
"STAT6","SIDM00403",-0.143037369419214
"STAT6","SIDM00405",0.772121720296988
"STAT6","SIDM00419",-0.618006154710693
"STAT6","SIDM00421",0.746755239582449
"STAT6","SIDM00423",0.0607308640459176
"STAT6","SIDM00425",0.705688924455296
"STAT6","SIDM00426",-0.00268631761292507
"STAT6","SIDM00428",1.49077249266156
"STAT6","SIDM00429",-0.432310807333538
"STAT6","SIDM00431",0.516696961907083
"STAT6","SIDM00433",-0.68916503307375
"STAT6","SIDM00434",1.11162338062616
"STAT6","SIDM00435",1.29137508726157
"STAT6","SIDM00437",3.22237363494712
"STAT6","SIDM00442",1.78005462913294
"STAT6","SIDM00443",-0.236346599078389
"STAT6","SIDM00446",1.26113981937065
"STAT6","SIDM00447",-0.273743034479223
"STAT6","SIDM00449",-0.206258790413284
"STAT6","SIDM00450",2.29769176373734
"STAT6","SIDM00451",-0.153048210714686
"STAT6","SIDM00452",-0.0154563658391481
"STAT6","SIDM00453",-1.06958700401046
"STAT6","SIDM00454",0.285193509624691
"STAT6","SIDM00455",-0.240615238961629
"STAT6","SIDM00457",-0.310245251194091
"STAT6","SIDM00458",0.502601628222431
"STAT6","SIDM00460",0.545689723215985
"STAT6","SIDM00461",2.92193765278386
"STAT6","SIDM00462",4.66689873576493
"STAT6","SIDM00463",-0.963177572738731
"STAT6","SIDM00469",0.801382365666793
"STAT6","SIDM00473",1.0212860817051
"STAT6","SIDM00474",4.03003996630561
"STAT6","SIDM00475",2.04919784044178
"STAT6","SIDM00477",0.975943541005579
"STAT6","SIDM00478",0.823406615065587
"STAT6","SIDM00479",0.901224329833285
"STAT6","SIDM00480",4.19423321173096
"STAT6","SIDM00481",-0.209454985233239
"STAT6","SIDM00484",-0.582630515157403
"STAT6","SIDM00485",2.93802128010911
"STAT6","SIDM00486",1.04381758283923
"STAT6","SIDM00492",0.331020796335362
"STAT6","SIDM00493",1.97205502390839
"STAT6","SIDM00494",1.25540357006606
"STAT6","SIDM00495",0.904356000413018
"STAT6","SIDM00497",-0.368362636581305
"STAT6","SIDM00499",-1.35567889090464
"STAT6","SIDM00500",0.61584845105867
"STAT6","SIDM00502",1.18098436551812
"STAT6","SIDM00503",-0.573902352421261
"STAT6","SIDM00505",0.0445127312972336
"STAT6","SIDM00506",-0.556409281081786
"STAT6","SIDM00509",-0.834332088807157
"STAT6","SIDM00511",-0.161184277278035
"STAT6","SIDM00512",0.0922970801450172
"STAT6","SIDM00513",0.989061279168725
"STAT6","SIDM00515",0.698410776556011
"STAT6","SIDM00521",0.670133280447772
"STAT6","SIDM00522",-0.458945085149256
"STAT6","SIDM00523",1.48779042300669
"STAT6","SIDM00524",-0.116375553056114
"STAT6","SIDM00525",1.17901584030147
"STAT6","SIDM00526",0.210031629364923
"STAT6","SIDM00529",-0.715043782533062
"STAT6","SIDM00531",1.69903652779597
"STAT6","SIDM00533",-0.0228986895810336
"STAT6","SIDM00536",0.72580790200125
"STAT6","SIDM00545",0.196821650540575
"STAT6","SIDM00546",0.689007666289086
"STAT6","SIDM00547",0.863920933094302
"STAT6","SIDM00548",0.192237585631061
"STAT6","SIDM00552",1.15945657604204
"STAT6","SIDM00554",1.07867359530313
"STAT6","SIDM00555",7.98836173138348
"STAT6","SIDM00556",-0.195081925807656
"STAT6","SIDM00557",-0.14362881497608
"STAT6","SIDM00560",1.02352399486342
"STAT6","SIDM00564",-0.0694535375222478
"STAT6","SIDM00567",-0.301233672267164
"STAT6","SIDM00568",1.19887425124859
"STAT6","SIDM00570",0.839171591999663
"STAT6","SIDM00571",0.721170343716606
"STAT6","SIDM00572",0.597935932337213
"STAT6","SIDM00575",0.0968954097722418
"STAT6","SIDM00578",-0.0463916642049045
"STAT6","SIDM00580",2.85842649251152
"STAT6","SIDM00581",0.908483611225928
"STAT6","SIDM00582",0.200776303256735
"STAT6","SIDM00585",0.0583937331454517
"STAT6","SIDM00586",-0.506511815926995
"STAT6","SIDM00587",1.13574305323875
"STAT6","SIDM00588",0.485925523910597
"STAT6","SIDM00589",1.06123968573136
"STAT6","SIDM00590",1.07868634324751
"STAT6","SIDM00593",2.53099130115459
"STAT6","SIDM00594",2.38396249679421
"STAT6","SIDM00595",-0.232732016963909
"STAT6","SIDM00598",-0.511988905716294
"STAT6","SIDM00602",1.05431653598523
"STAT6","SIDM00605",1.37340367602676
"STAT6","SIDM00607",-1.6591055358546
"STAT6","SIDM00608",0.399468356948892
"STAT6","SIDM00609",0.48211469755946
"STAT6","SIDM00610",-0.606187133364058
"STAT6","SIDM00611",3.98380393532655
"STAT6","SIDM00613",1.11718947347621
"STAT6","SIDM00614",0.00833065489028249
"STAT6","SIDM00615",0.247319208867059
"STAT6","SIDM00616",0.337218064987543
"STAT6","SIDM00617",2.29550157317458
"STAT6","SIDM00618",0.495347465027228
"STAT6","SIDM00625",-0.0848175060428373
"STAT6","SIDM00628",1.32402929200346
"STAT6","SIDM00629",0.11630849458402
"STAT6","SIDM00630",0.592324112329377
"STAT6","SIDM00633",0.474099836619231
"STAT6","SIDM00634",-0.691911424001348
"STAT6","SIDM00637",1.25393775522632
"STAT6","SIDM00639",0.949233434005421
"STAT6","SIDM00640",0.800980101344956
"STAT6","SIDM00641",-0.870924234704212
"STAT6","SIDM00644",2.2290809889058
"STAT6","SIDM00645",-1.26094656393904
"STAT6","SIDM00646",-0.343212463450706
"STAT6","SIDM00649",-0.111250376816216
"STAT6","SIDM00651",-0.675008570514025
"STAT6","SIDM00652",-1.2918751732495
"STAT6","SIDM00653",-1.81423406978903
"STAT6","SIDM00654",-1.20297577081617
"STAT6","SIDM00657",1.80155168134229
"STAT6","SIDM00658",-0.124886184840683
"STAT6","SIDM00660",0.350900441742742
"STAT6","SIDM00661",-0.727753280473366
"STAT6","SIDM00662",3.06321697897283
"STAT6","SIDM00663",0.223830259146712
"STAT6","SIDM00664",1.2382709899336
"STAT6","SIDM00665",-0.598845025832321
"STAT6","SIDM00666",1.47545218722434
"STAT6","SIDM00669",1.11642721849485
"STAT6","SIDM00670",-0.0425830508682941
"STAT6","SIDM00671",1.85510590725813
"STAT6","SIDM00672",0.525456594342364
"STAT6","SIDM00673",2.63681111291614
"STAT6","SIDM00675",-0.702351021760317
"STAT6","SIDM00676",0.670901134556733
"STAT6","SIDM00678",0.277932288794494
"STAT6","SIDM00681",-0.242554969214841
"STAT6","SIDM00683",-0.103174750809317
"STAT6","SIDM00684",-0.88955382350961
"STAT6","SIDM00685",0.119120796583685
"STAT6","SIDM00686",0.704588622663705
"STAT6","SIDM00687",1.03589074635057
"STAT6","SIDM00689",-1.45814327741098
"STAT6","SIDM00693",2.14772474339147
"STAT6","SIDM00694",-1.3429070821247
"STAT6","SIDM00695",0.73297843264224
"STAT6","SIDM00697",-0.974248834984085
"STAT6","SIDM00698",1.22703908191242
"STAT6","SIDM00702",0.974364209336904
"STAT6","SIDM00703",-0.169907245002425
"STAT6","SIDM00704",-1.00131740686526
"STAT6","SIDM00706",-0.441845012206491
"STAT6","SIDM00708",0.284101910199864
"STAT6","SIDM00709",-0.475496213761262
"STAT6","SIDM00710",-1.71860442597884
"STAT6","SIDM00711",-0.411965913586358
"STAT6","SIDM00713",0.548733582748606
"STAT6","SIDM00715",-1.14780162267669
"STAT6","SIDM00716",0.154222665999544
"STAT6","SIDM00718",-1.07502368875505
"STAT6","SIDM00720",0.700300157471156
"STAT6","SIDM00722",0.558236842669544
"STAT6","SIDM00723",3.39688168757146
"STAT6","SIDM00724",1.82885609168873
"STAT6","SIDM00726",1.4889413109777
"STAT6","SIDM00727",0.761711788927155
"STAT6","SIDM00728",0.965326809568333
"STAT6","SIDM00729",1.56636402238722
"STAT6","SIDM00730",-1.28688091230724
"STAT6","SIDM00731",0.581875261011821
"STAT6","SIDM00733",-0.292443731810001
"STAT6","SIDM00734",0.2225341939957
"STAT6","SIDM00735",-0.115174752647539
"STAT6","SIDM00738",0.740250658525503
"STAT6","SIDM00739",-0.0837621860834373
"STAT6","SIDM00740",-0.122424397872704
"STAT6","SIDM00741",-0.590705409953917
"STAT6","SIDM00742",-1.28614688327149
"STAT6","SIDM00743",2.29255073021605
"STAT6","SIDM00744",0.188078695841027
"STAT6","SIDM00745",-0.314250364023019
"STAT6","SIDM00746",0.427868930344911
"STAT6","SIDM00747",-1.12364815701457
"STAT6","SIDM00748",-1.24794520395417
"STAT6","SIDM00749",-0.906399402869709
"STAT6","SIDM00750",0.285946355362372
"STAT6","SIDM00751",2.00336716296867
"STAT6","SIDM00753",-0.527085188711167
"STAT6","SIDM00754",1.05943484379103
"STAT6","SIDM00755",-0.889235616958144
"STAT6","SIDM00756",-0.160287651258358
"STAT6","SIDM00757",0.544604946351884
"STAT6","SIDM00759",0.764132733033587
"STAT6","SIDM00760",-1.17959466071859
"STAT6","SIDM00761",0.728688558847392
"STAT6","SIDM00762",-1.06762272760684
"STAT6","SIDM00763",-0.71362082187384
"STAT6","SIDM00766",-0.925915222340899
"STAT6","SIDM00768",1.18963519177306
"STAT6","SIDM00769",1.03767109301523
"STAT6","SIDM00771",0.938918216395166
"STAT6","SIDM00772",-0.163494068475433
"STAT6","SIDM00774",-0.870016307779568
"STAT6","SIDM00775",-0.455566980805954
"STAT6","SIDM00776",1.29874972959019
"STAT6","SIDM00777",0.961293890478594
"STAT6","SIDM00778",0.668883483160474
"STAT6","SIDM00779",-0.217392339297276
"STAT6","SIDM00780",-0.54238581349451
"STAT6","SIDM00782",-1.06829815058757
"STAT6","SIDM00784",0.197075352331595
"STAT6","SIDM00785",0.0360326227770938
"STAT6","SIDM00791",-0.752785451416485
"STAT6","SIDM00795",0.106822691185576
"STAT6","SIDM00796",2.02839506684451
"STAT6","SIDM00797",-0.929529137764308
"STAT6","SIDM00798",1.41489845022428
"STAT6","SIDM00799",0.946173386225813
"STAT6","SIDM00800",-0.997689879338122
"STAT6","SIDM00801",-1.01867088258442
"STAT6","SIDM00803",2.27741394754804
"STAT6","SIDM00806",-0.29505757787494
"STAT6","SIDM00812",0.805842687373593
"STAT6","SIDM00823",0.67157413917928
"STAT6","SIDM00828",-0.384097399280553
"STAT6","SIDM00829",1.48793475532406
"STAT6","SIDM00831",2.15454097746342
"STAT6","SIDM00839",-0.25304122063091
"STAT6","SIDM00840",1.20176677507898
"STAT6","SIDM00844",0.15024047997042
"STAT6","SIDM00845",-0.1851240252458
"STAT6","SIDM00847",-1.2948751591828
"STAT6","SIDM00848",-0.777778078534986
"STAT6","SIDM00849",-0.349562128909618
"STAT6","SIDM00850",-0.519399774579564
"STAT6","SIDM00851",1.34567977249361
"STAT6","SIDM00852",0.576231675198387
"STAT6","SIDM00853",1.33813115101921
"STAT6","SIDM00854",-0.415602883087429
"STAT6","SIDM00855",0.270033948739615
"STAT6","SIDM00856",-0.552755481539914
"STAT6","SIDM00857",-0.683574354992559
"STAT6","SIDM00858",1.72142698418346
"STAT6","SIDM00860",0.0141137677940092
"STAT6","SIDM00861",1.68767612965012
"STAT6","SIDM00862",-0.576010937398065
"STAT6","SIDM00865",-0.789473975970403
"STAT6","SIDM00866",0.521886622612299
"STAT6","SIDM00867",2.25376841916689
"STAT6","SIDM00870",0.337320246969549
"STAT6","SIDM00872",3.49689879453739
"STAT6","SIDM00874",-0.127564900306786
"STAT6","SIDM00877",-0.711824524543173
"STAT6","SIDM00878",0.577590699744873
"STAT6","SIDM00879",0.0245120047386874
"STAT6","SIDM00881",0.675518165896831
"STAT6","SIDM00882",0.952955562962709
"STAT6","SIDM00884",0.271628077684594
"STAT6","SIDM00886",-0.492084572835468
"STAT6","SIDM00887",-0.765220409507547
"STAT6","SIDM00888",-0.407069489913156
"STAT6","SIDM00890",0.35248298713353
"STAT6","SIDM00892",1.87088382033496
"STAT6","SIDM00893",0.768683310536828
"STAT6","SIDM00894",0.0760964933604069
"STAT6","SIDM00897",0.444044969387955
"STAT6","SIDM00898",-0.224808213288432
"STAT6","SIDM00899",0.751500298261336
"STAT6","SIDM00901",-0.961682462592992
"STAT6","SIDM00903",0.55933006892538
"STAT6","SIDM00904",0.472800561118506
"STAT6","SIDM00907",-0.273891873414086
"STAT6","SIDM00909",0.769928574944234
"STAT6","SIDM00910",-0.277228807754454
"STAT6","SIDM00914",-0.855486267098864
"STAT6","SIDM00918",-0.514321869231794
"STAT6","SIDM00919",1.35288084980763
"STAT6","SIDM00920",0.663814670972156
"STAT6","SIDM00921",1.59502205089098
"STAT6","SIDM00922",2.17667050669449
"STAT6","SIDM00924",0.345933122347694
"STAT6","SIDM00925",-0.707417973746177
"STAT6","SIDM00926",-0.751185063335389
"STAT6","SIDM00928",2.6751015448999
"STAT6","SIDM00931",-0.816964708188621
"STAT6","SIDM00932",1.35330880684283
"STAT6","SIDM00933",-0.396393305495632
"STAT6","SIDM00934",1.59702098074254
"STAT6","SIDM00936",1.80113162538706
"STAT6","SIDM00937",2.55933535618023
"STAT6","SIDM00938",2.19728519767091
"STAT6","SIDM00939",2.53238340802659
"STAT6","SIDM00940",1.03696992534548
"STAT6","SIDM00941",0.422956590376529
"STAT6","SIDM00942",1.37856878862072
"STAT6","SIDM00943",0.584393671103069
"STAT6","SIDM00944",0.91664349171219
"STAT6","SIDM00945",1.210856448475
"STAT6","SIDM00947",2.78820436076879
"STAT6","SIDM00949",2.63061617762318
"STAT6","SIDM00950",-0.720686113019801
"STAT6","SIDM00955",0.363203471392089
"STAT6","SIDM00956",-0.0745294476154826
"STAT6","SIDM00957",0.267335430532762
"STAT6","SIDM00959",1.93069950452466
"STAT6","SIDM00961",0.164436623459225
"STAT6","SIDM00963",1.15971729605108
"STAT6","SIDM00965",-1.03473412883581
"STAT6","SIDM00979",1.16713508763234
"STAT6","SIDM00980",0.266393801303599
"STAT6","SIDM00981",1.44296168709234
"STAT6","SIDM00982",3.02611671206756
"STAT6","SIDM00983",2.2981629109762
"STAT6","SIDM00985",0.510065014551115
"STAT6","SIDM00986",1.047752175548
"STAT6","SIDM00987",1.4957432426934
"STAT6","SIDM00988",2.47003603199287
"STAT6","SIDM00989",3.05914867721683
"STAT6","SIDM00990",-0.0589353232092291
"STAT6","SIDM00991",0.880470434761325
"STAT6","SIDM00992",5.22453199384795
"STAT6","SIDM00993",0.548713326088879
"STAT6","SIDM00994",3.2122285008837
"STAT6","SIDM00996",1.86859472845969
"STAT6","SIDM00997",1.94791482050179
"STAT6","SIDM00998",0.40469198322893
"STAT6","SIDM00999",2.01941854305741
"STAT6","SIDM01000",-0.622725990730822
"STAT6","SIDM01001",-0.512996409681779
"STAT6","SIDM01002",1.35663237648039
"STAT6","SIDM01003",1.07989522041829
"STAT6","SIDM01004",0.599466279121798
"STAT6","SIDM01005",0.202986984524494
"STAT6","SIDM01008",-1.39304287359007
"STAT6","SIDM01009",0.753044557685705
"STAT6","SIDM01010",2.11663973302195
"STAT6","SIDM01012",1.45627576441168
"STAT6","SIDM01013",2.46680625640116
"STAT6","SIDM01015",2.19643226991617
"STAT6","SIDM01016",-0.359135363376155
"STAT6","SIDM01018",-0.396236890111101
"STAT6","SIDM01020",-0.090555471013196
"STAT6","SIDM01022",1.90911431969314
"STAT6","SIDM01023",1.36520245744858
"STAT6","SIDM01024",0.0519918854665753
"STAT6","SIDM01025",0.259131080211653
"STAT6","SIDM01026",0.982950499783686
"STAT6","SIDM01027",-0.227790771748701
"STAT6","SIDM01028",0.484485804832802
"STAT6","SIDM01029",2.50900458197066
"STAT6","SIDM01030",-1.09497757355787
"STAT6","SIDM01031",1.68117249875856
"STAT6","SIDM01032",-0.480015253935733
"STAT6","SIDM01033",0.471453710116822
"STAT6","SIDM01034",1.39947857380341
"STAT6","SIDM01036",0.2450740939689
"STAT6","SIDM01037",1.94026603958267
"STAT6","SIDM01038",-0.170128969754988
"STAT6","SIDM01040",0.942467184911458
"STAT6","SIDM01043",1.67869257070917
"STAT6","SIDM01044",-0.941599456023135
"STAT6","SIDM01045",-0.506925065234167
"STAT6","SIDM01048",2.1019484064781
"STAT6","SIDM01049",1.34844835149709
"STAT6","SIDM01051",0.600146227434239
"STAT6","SIDM01052",0.0185316269665373
"STAT6","SIDM01055",1.76499456226098
"STAT6","SIDM01056",0.576448228421284
"STAT6","SIDM01057",0.433933801771399
"STAT6","SIDM01058",1.09601824598732
"STAT6","SIDM01059",2.0899213851962
"STAT6","SIDM01060",0.611580196864457
"STAT6","SIDM01062",0.933145600614387
"STAT6","SIDM01063",-0.176418888555624
"STAT6","SIDM01066",-0.249507051048043
"STAT6","SIDM01067",0.255464851530232
"STAT6","SIDM01068",0.56704515240568
"STAT6","SIDM01069",1.62644254602089
"STAT6","SIDM01070",-0.424108433074449
"STAT6","SIDM01071",-1.13850990567218
"STAT6","SIDM01072",-0.709989003284647
"STAT6","SIDM01074",2.03717012090039
"STAT6","SIDM01077",-1.19024581700195
"STAT6","SIDM01078",-0.195407205117892
"STAT6","SIDM01079",0.882830078666126
"STAT6","SIDM01080",-0.634361673800542
"STAT6","SIDM01081",1.07016974024197
"STAT6","SIDM01082",2.37457066347488
"STAT6","SIDM01083",1.98654545230663
"STAT6","SIDM01084",0.178880284517097
"STAT6","SIDM01085",0.708417132154405
"STAT6","SIDM01086",0.0856775487377907
"STAT6","SIDM01087",0.928384609250299
"STAT6","SIDM01088",1.39445088550694
"STAT6","SIDM01089",0.0593508610408915
"STAT6","SIDM01096",0.815557742426883
"STAT6","SIDM01099",-1.05698181384954
"STAT6","SIDM01100",0.113982040656831
"STAT6","SIDM01101",0.537456361334789
"STAT6","SIDM01103",0.114021863502902
"STAT6","SIDM01104",0.372325901926101
"STAT6","SIDM01105",1.26543791474946
"STAT6","SIDM01106",-0.407040009036261
"STAT6","SIDM01107",-0.328943114791078
"STAT6","SIDM01108",-0.224033600029023
"STAT6","SIDM01109",0.9652194482622
"STAT6","SIDM01110",1.36891480785472
"STAT6","SIDM01111",-1.43917510931055
"STAT6","SIDM01112",0.689570522576976
"STAT6","SIDM01113",0.322961425344281
"STAT6","SIDM01116",0.0849169755333383
"STAT6","SIDM01119",-0.275188621453819
"STAT6","SIDM01121",-1.31976376727315
"STAT6","SIDM01123",-0.941194070658829
"STAT6","SIDM01124",-0.16295433766288
"STAT6","SIDM01125",1.21214969335588
"STAT6","SIDM01127",4.37402091369585
"STAT6","SIDM01128",-0.523680351194822
"STAT6","SIDM01129",-1.28372052099505
"STAT6","SIDM01130",-1.24073192382945
"STAT6","SIDM01131",-0.838191336957638
"STAT6","SIDM01134",-2.32447660912854
"STAT6","SIDM01135",0.0710110069451004
"STAT6","SIDM01136",1.87884955869597
"STAT6","SIDM01137",1.7182260156589
"STAT6","SIDM01138",2.54659467811735
"STAT6","SIDM01139",-0.423358509812666
"STAT6","SIDM01141",4.91099927599055
"STAT6","SIDM01144",-0.300164163190889
"STAT6","SIDM01147",-1.63450247852797
"STAT6","SIDM01148",-0.0767690902804979
"STAT6","SIDM01150",-0.808313148506345
"STAT6","SIDM01151",0.719368700434095
"STAT6","SIDM01154",-0.129214693412918
"STAT6","SIDM01156",0.185319426444942
"STAT6","SIDM01158",2.42866986265351
"STAT6","SIDM01164",3.03034435516555
"STAT6","SIDM01165",1.79544713192606
"STAT6","SIDM01167",2.16046629962971
"STAT6","SIDM01169",0.260177917106309
"STAT6","SIDM01170",-0.652443867409011
"STAT6","SIDM01171",1.23527161949289
"STAT6","SIDM01172",1.78662925456202
"STAT6","SIDM01176",-0.208552587865486
"STAT6","SIDM01180",2.97592625494314
"STAT6","SIDM01181",-1.57476097204652
"STAT6","SIDM01182",0.64803403531488
"STAT6","SIDM01184",2.25858581367602
"STAT6","SIDM01186",1.74009707325143
"STAT6","SIDM01188",1.40759688070285
"STAT6","SIDM01189",0.917029031344844
"STAT6","SIDM01190",2.86128283298319
"STAT6","SIDM01191",-0.440231121896456
"STAT6","SIDM01193",-0.300863742110391
"STAT6","SIDM01194",-0.208250456464979
"STAT6","SIDM01195",1.47865027961527
"STAT6","SIDM01196",0.282215131593712
"STAT6","SIDM01199",0.863008791023299
"STAT6","SIDM01215",2.24434409692843
"STAT6","SIDM01222",-0.666529661332845
"STAT6","SIDM01241",0.393432221791588
"STAT6","SIDM01254",0.174449633849178
"STAT6","SIDM01265",0.283025819222632
"STAT6","SIDM01316",-1.40038072206065
"STAT6","SIDM01318",1.46565667584165
"STAT6","SIDM01320",1.77332938602541
"STAT6","SIDM01321",1.65994282811333
"STAT6","SIDM01322",2.70864283570195
"STAT6","SIDM01323",2.95649339169181
"STAT6","SIDM01324",2.68833493422567
"STAT6","SIDM01325",-0.68645245615197
"STAT6","SIDM01331",-0.113792656226566
"STAT6","SIDM01332",0.613397970747549
"STAT6","SIDM01335",2.61488268427732
"STAT6","SIDM01336",2.76221251824711
"STAT6","SIDM01343",1.83666110687963
"STAT6","SIDM01347",0.525346955230933
"STAT6","SIDM01363",0.668197094287076
"STAT6","SIDM01368",0.661557370810305
"STAT6","SIDM01372",1.81652976727296
"STAT6","SIDM01377",0.969098096846173
"STAT6","SIDM01378",0.167347048878066
"STAT6","SIDM01387",0.457117305160473
"STAT6","SIDM01391",-0.617808514277537
"STAT6","SIDM01393",0.71306666444651
"STAT6","SIDM01394",6.63371618963314
"STAT6","SIDM01397",0.707354769775593
"STAT6","SIDM01398",-0.477326245735909
"STAT6","SIDM01409",3.09271934763568
"STAT6","SIDM01411",1.33300616490591
"STAT6","SIDM01412",1.36790099616279
"STAT6","SIDM01413",1.01927541729405
"STAT6","SIDM01432",3.38251976167439
"STAT6","SIDM01433",0.501045366925494
"STAT6","SIDM01434",0.429809011454647
"STAT6","SIDM01435",1.514936894526
"STAT6","SIDM01436",1.35240304557803
"STAT6","SIDM01437",1.00637716275459
"STAT6","SIDM01439",0.0320701092182213
"STAT6","SIDM01442",1.24419834712593
"STAT6","SIDM01443",1.0396418550428
"STAT6","SIDM01444",0.230930847715513
"STAT6","SIDM01445",2.46381660645681
"STAT6","SIDM01446",2.59445773279585
"STAT6","SIDM01447",1.42594242611294
"STAT6","SIDM01449",1.95524141227591
"STAT6","SIDM01450",0.226211726425959
"STAT6","SIDM01451",2.18462417011945
"STAT6","SIDM01454",2.83872885359965
"STAT6","SIDM01460",0.579050094518238
"STAT6","SIDM01463",0.168834386637702
"STAT6","SIDM01464",2.02954450377629
"STAT6","SIDM01469",0.254840518670543
"STAT6","SIDM01470",0.235848727933315
"STAT6","SIDM01471",0.450263573178768
"STAT6","SIDM01472",1.00249990354864
"STAT6","SIDM01473",0.257005889494281
"STAT6","SIDM01474",1.15452660908019
"STAT6","SIDM01476",-0.201499175393225
"STAT6","SIDM01479",2.83590258542638
"STAT6","SIDM01480",0.090797205067227
"STAT6","SIDM01482",-0.746385674316448
"STAT6","SIDM01490",-0.938774420957085
"STAT6","SIDM01491",1.18888497892017
"STAT6","SIDM01492",-0.0923042438238569
"STAT6","SIDM01494",0.650957396657204
"STAT6","SIDM01498",1.57539976820303
"STAT6","SIDM01502",0.983467394385762
"STAT6","SIDM01503",-0.980686966522512
"STAT6","SIDM01504",-0.832486279960406
"STAT6","SIDM01510",0.235857358810238
"STAT6","SIDM01511",-0.614785750635348
"STAT6","SIDM01512",2.12707489135179
"STAT6","SIDM01517",2.48944488957546
"STAT6","SIDM01518",3.10752645214475
"STAT6","SIDM01519",-0.367285430116268
"STAT6","SIDM01520",1.8466136745165
"STAT6","SIDM01522",0.433138915128161
"STAT6","SIDM01523",0.512608761547825
"STAT6","SIDM01525",0.990769579721463
"STAT6","SIDM01526",0.831461868318006
"STAT6","SIDM01528",2.03824033592166
"STAT6","SIDM01529",1.71550323458519
"STAT6","SIDM01530",0.0218514440669909
"STAT6","SIDM01531",0.732002919439211
"STAT6","SIDM01545",0.827739550457191
"STAT6","SIDM01546",0.319007472246997
"STAT6","SIDM01551",1.49978688374337
"STAT6","SIDM01553",0.152357124535754
"STAT6","SIDM01554",0.688731546418927
"STAT6","SIDM01556",2.78196982368018
"STAT6","SIDM01559",0.190209739134253
"STAT6","SIDM01560",0.95158305607212
"STAT6","SIDM01561",-0.621806966895821
"STAT6","SIDM01563",3.60020470029886
"STAT6","SIDM01564",2.86393708624268
"STAT6","SIDM01565",3.1765602630882
"STAT6","SIDM01566",3.69237977529055
"STAT6","SIDM01567",2.78441697543032
"STAT6","SIDM01569",0.00193857984238225
"STAT6","SIDM01570",0.278521648148173
"STAT6","SIDM01571",0.547644564541411
"STAT6","SIDM01572",-1.16157526898462
"STAT6","SIDM01573",0.414032674689538
"STAT6","SIDM01574",-0.323880231587866
"STAT6","SIDM01575",2.46010092296351
"STAT6","SIDM01577",-0.0679157516569769
"STAT6","SIDM01578",2.67930384942785
"STAT6","SIDM01580",3.94622910601642
"STAT6","SIDM01581",2.01134659285235
"STAT6","SIDM01582",1.84722458354613
"STAT6","SIDM01587",3.64834225572874
"STAT6","SIDM01588",1.28832556237713
"STAT6","SIDM01589",0.13580791773951
"STAT6","SIDM01590",4.69126605108214
"STAT6","SIDM01591",5.09310283615168
"STAT6","SIDM01593",-0.535709962190073
"STAT6","SIDM01594",2.95578335790988
"STAT6","SIDM01596",2.98912630584922
"STAT6","SIDM01598",1.17931957362062
"STAT6","SIDM01602",2.28819012324478
"STAT6","SIDM01603",2.86303466179481
"STAT6","SIDM01604",2.72640997788193
"STAT6","SIDM01605",1.81526914430489
"STAT6","SIDM01606",2.58122346822201
"STAT6","SIDM01607",0.247306333818108
"STAT6","SIDM01608",-0.888205245861981
"STAT6","SIDM01609",-0.570523606433499
"STAT6","SIDM01611",-0.351994760093388
"STAT6","SIDM01612",-0.621683802133946
"STAT6","SIDM01613",2.27393027273998
"STAT6","SIDM01614",0.045710644338615
"STAT6","SIDM01615",3.55994834009763
"STAT6","SIDM01616",1.84251092925692
"STAT6","SIDM01617",-0.949364705072056
"STAT6","SIDM01618",0.88361438151791
"STAT6","SIDM01619",-1.10284071723578
"STAT6","SIDM01622",0.167087339882853
"STAT6","SIDM01624",1.0109029912905
"STAT6","SIDM01628",0.220944905975908
"STAT6","SIDM01629",6.35144714876023
"STAT6","SIDM01635",1.63979951214926
"STAT6","SIDM01640",1.56607446981082
"STAT6","SIDM01657",-0.349805353583128
"STAT6","SIDM01658",-0.0211348196934395
"STAT6","SIDM01659",3.92362749300355
"STAT6","SIDM01660",2.90874320042509
"STAT6","SIDM01662",-0.210509880170687
"STAT6","SIDM01664",-0.197382994565049
"STAT6","SIDM01667",-1.47304294372571
"STAT6","SIDM01668",-1.37502996527951
"STAT6","SIDM01672",-1.20651283677427
"STAT6","SIDM01675",-2.60112316269149
"STAT6","SIDM01676",-0.532369454126997
"STAT6","SIDM01679",-1.33263835180866
"STAT6","SIDM01682",-1.62538929282953
"STAT6","SIDM01685",-0.0408490747603531
"STAT6","SIDM01686",-0.318070607289427
"STAT6","SIDM01689",1.36292625142652
"STAT6","SIDM01690",0.0566678931544677
"STAT6","SIDM01691",1.79445308599528
"STAT6","SIDM01692",6.58304938017116
"STAT6","SIDM01693",-0.802875734589652
"STAT6","SIDM01694",0.126345174363361
"STAT6","SIDM01695",1.36224100670649
"STAT6","SIDM01696",3.49781766411039
"STAT6","SIDM01697",3.40801567401637
"STAT6","SIDM01698",4.25306137275149
"STAT6","SIDM01699",3.65893236925361
"STAT6","SIDM01701",6.56863738177917
"STAT6","SIDM01702",4.040126878807
"STAT6","SIDM01703",3.63751918221483
"STAT6","SIDM01704",3.82826299801473
"STAT6","SIDM01705",2.92302312707555
"STAT6","SIDM01709",2.86557831344298
"STAT6","SIDM01710",4.97243675134419
"STAT6","SIDM01724",4.00047073082708
"STAT6","SIDM01725",3.87171896985233
"STAT6","SIDM01726",2.51087661961013
"STAT6","SIDM01727",1.83788372172561
"STAT6","SIDM01728",3.7417662742191
"STAT6","SIDM01729",0.155375186855557
"STAT6","SIDM01730",0.705650409015156
"STAT6","SIDM01734",7.72634707112802
"STAT6","SIDM01739",-1.03975926576911
"STAT6","SIDM01741",4.84036127640147
"STAT6","SIDM01743",3.19757973329917
"STAT6","SIDM01746",7.43317586883639
"STAT6","SIDM01749",3.38091224816173
"STAT6","SIDM01750",0.133741249081926
"STAT6","SIDM01752",1.62654479510744
"STAT6","SIDM01753",4.10679254511118
"STAT6","SIDM01756",-0.0255284399850148
"STAT6","SIDM01757",1.4081389083324
"STAT6","SIDM01758",-1.33098368806353
"STAT6","SIDM01759",4.85062899755014
"STAT6","SIDM01760",-0.653916203541813
"STAT6","SIDM01761",1.61167572936423
"STAT6","SIDM01762",1.25369108118914
"STAT6","SIDM01763",1.68443539786271
"STAT6","SIDM01764",1.72159354601196
"STAT6","SIDM01765",2.81649414174215
"STAT6","SIDM01766",-0.114338086074761
"STAT6","SIDM01767",0.445233590493469
"STAT6","SIDM01768",0.632329918369787
"STAT6","SIDM01770",0.571500845121134
"STAT6","SIDM01771",0.593707134205566
"STAT6","SIDM01772",5.09457791614575
"STAT6","SIDM01773",2.30268104463652
"STAT6","SIDM01774",1.14114123736021
"STAT6","SIDM01775",2.68890755413168
"STAT6","SIDM01777",2.20156622611269
"STAT6","SIDM01779",1.5554626651929
"STAT6","SIDM01780",-0.522992619977112
"STAT6","SIDM01781",0.415731358069995
"STAT6","SIDM01782",1.35739673281192
"STAT6","SIDM01820",2.66057864462655
"STAT6","SIDM01858",0.911752090145703
"STAT6","SIDM01859",-0.298119342522318
"STAT6","SIDM01873",1.40279372740026
"TBX21","SIDM00001",3.85929570946301
"TBX21","SIDM00005",-0.87306362145819
"TBX21","SIDM00008",1.03125329354555
"TBX21","SIDM00011",1.09587610422459
"TBX21","SIDM00015",-0.347223137326134
"TBX21","SIDM00016",-0.047545668186966
"TBX21","SIDM00017",-0.241810583703292
"TBX21","SIDM00029",-0.302598104634786
"TBX21","SIDM00032",0.26776875940857
"TBX21","SIDM00036",-0.603733017426394
"TBX21","SIDM00046",-0.521321426669605
"TBX21","SIDM00062",-0.0318406158219601
"TBX21","SIDM00063",0.34904139823084
"TBX21","SIDM00065",-0.492240189812869
"TBX21","SIDM00071",-0.30346682484357
"TBX21","SIDM00074",1.62176706585421
"TBX21","SIDM00078",0.149610312721011
"TBX21","SIDM00079",0.280536249312735
"TBX21","SIDM00080",0.697063307221163
"TBX21","SIDM00081",0.469203511426486
"TBX21","SIDM00083",-0.0953283707180831
"TBX21","SIDM00084",-0.832322501949006
"TBX21","SIDM00085",-0.109639941534734
"TBX21","SIDM00087",0.249985430467382
"TBX21","SIDM00088",0.0118443752305557
"TBX21","SIDM00090",-0.0396147188084535
"TBX21","SIDM00092",0.0134795040719544
"TBX21","SIDM00093",-0.305468074389565
"TBX21","SIDM00095",0.202710885860713
"TBX21","SIDM00097",-0.105736035094532
"TBX21","SIDM00105",-0.0957712801495953
"TBX21","SIDM00107",-0.458229507979285
"TBX21","SIDM00108",0.30682461334847
"TBX21","SIDM00116",-0.991232588031169
"TBX21","SIDM00117",-0.997998120259058
"TBX21","SIDM00119",-1.15362276169249
"TBX21","SIDM00122",-0.0831376977779608
"TBX21","SIDM00123",1.27612980168457
"TBX21","SIDM00124",0.560754943459966
"TBX21","SIDM00125",0.792325078991389
"TBX21","SIDM00130",0.0771793189723246
"TBX21","SIDM00131",0.539946264119244
"TBX21","SIDM00132",1.08932502818105
"TBX21","SIDM00133",-0.995972276808739
"TBX21","SIDM00134",-0.156992073779593
"TBX21","SIDM00135",0.0990098041606532
"TBX21","SIDM00138",-0.487580427905948
"TBX21","SIDM00139",0.136412816417302
"TBX21","SIDM00140",2.14137767546902
"TBX21","SIDM00142",-0.323145942418581
"TBX21","SIDM00143",-0.665309926319992
"TBX21","SIDM00144",0.00836439177415446
"TBX21","SIDM00146",0.62742894955229
"TBX21","SIDM00147",1.03737673364654
"TBX21","SIDM00148",0.395655102931092
"TBX21","SIDM00149",1.00992078745501
"TBX21","SIDM00150",-0.866662207547316
"TBX21","SIDM00151",0.823043564848421
"TBX21","SIDM00153",-0.223015471405304
"TBX21","SIDM00158",-0.29388725263183
"TBX21","SIDM00159",2.18506638236509
"TBX21","SIDM00160",3.95293687646053
"TBX21","SIDM00161",-0.742639512379841
"TBX21","SIDM00162",-0.485786198024732
"TBX21","SIDM00163",-0.318665721784085
"TBX21","SIDM00164",-0.3849650017644
"TBX21","SIDM00165",0.138102321292494
"TBX21","SIDM00166",-0.0299473735408807
"TBX21","SIDM00167",-0.453473723943711
"TBX21","SIDM00168",0.0657488916337691
"TBX21","SIDM00169",-0.0557762061554697
"TBX21","SIDM00170",-0.838141654838105
"TBX21","SIDM00171",0.181352147018382
"TBX21","SIDM00173",0.208433229638084
"TBX21","SIDM00192",0.0436266338613437
"TBX21","SIDM00194",0.622521828441202
"TBX21","SIDM00210",0.00275380309703415
"TBX21","SIDM00212",-0.118507359504366
"TBX21","SIDM00213",0.537840347220499
"TBX21","SIDM00217",-0.0717925337116226
"TBX21","SIDM00220",-0.516651370953186
"TBX21","SIDM00222",-0.894464587859477
"TBX21","SIDM00226",0.298537988212516
"TBX21","SIDM00228",0.125782172548504
"TBX21","SIDM00235",-0.256857624287092
"TBX21","SIDM00237",-0.0419859113545626
"TBX21","SIDM00238",-0.273682272315511
"TBX21","SIDM00239",-0.163027519720415
"TBX21","SIDM00247",0.0516250846307027
"TBX21","SIDM00248",-0.506727131991027
"TBX21","SIDM00249",-0.102792968001433
"TBX21","SIDM00250",0.437348600633361
"TBX21","SIDM00271",-0.533220740670368
"TBX21","SIDM00272",0.664283109104529
"TBX21","SIDM00273",0.384076401268954
"TBX21","SIDM00278",-0.316130697767927
"TBX21","SIDM00279",-0.291658992479988
"TBX21","SIDM00280",-0.0173518499385179
"TBX21","SIDM00282",0.566186560408128
"TBX21","SIDM00284",0.671103936233843
"TBX21","SIDM00286",0.758539119713589
"TBX21","SIDM00290",-0.423259911016381
"TBX21","SIDM00298",-0.283093600759527
"TBX21","SIDM00301",0.0559107857244077
"TBX21","SIDM00303",0.330640201428333
"TBX21","SIDM00305",-0.503740267441595
"TBX21","SIDM00306",0.425779461647549
"TBX21","SIDM00307",-1.0025246332721
"TBX21","SIDM00312",-0.70846231972045
"TBX21","SIDM00313",3.43707202416852
"TBX21","SIDM00314",-0.339451513525409
"TBX21","SIDM00315",-0.413390734499182
"TBX21","SIDM00318",0.500533939471421
"TBX21","SIDM00321",-0.357374067449437
"TBX21","SIDM00322",-0.747432630242492
"TBX21","SIDM00325",-0.726712850514379
"TBX21","SIDM00327",1.98842717803368
"TBX21","SIDM00329",2.26895684860742
"TBX21","SIDM00331",0.551800264571508
"TBX21","SIDM00333",0.714510103847531
"TBX21","SIDM00334",-1.09718163599297
"TBX21","SIDM00335",-0.192136447087835
"TBX21","SIDM00336",2.76174164517216
"TBX21","SIDM00337",1.69934415980274
"TBX21","SIDM00338",1.53085657524201
"TBX21","SIDM00339",0.0158928150339049
"TBX21","SIDM00340",-0.181875261063677
"TBX21","SIDM00341",-0.365208104374541
"TBX21","SIDM00342",-0.345277946162049
"TBX21","SIDM00344",0.409968616023026
"TBX21","SIDM00345",-0.165905285179454
"TBX21","SIDM00347",-0.619005186774446
"TBX21","SIDM00348",-0.0260710254083465
"TBX21","SIDM00352",0.0653492105224686
"TBX21","SIDM00353",0.571986729032978
"TBX21","SIDM00354",0.128107476995102
"TBX21","SIDM00355",0.0336900882688355
"TBX21","SIDM00356",-0.430361400492394
"TBX21","SIDM00358",-0.768646977829725
"TBX21","SIDM00359",0.436690622102266
"TBX21","SIDM00360",-1.08190028656302
"TBX21","SIDM00363",0.321365568378454
"TBX21","SIDM00368",-0.424787611635509
"TBX21","SIDM00369",-0.761750089860789
"TBX21","SIDM00370",-0.118019853276014
"TBX21","SIDM00373",0.735035344605052
"TBX21","SIDM00376",1.83774905502618
"TBX21","SIDM00380",1.46946373096192
"TBX21","SIDM00382",0.702463322867501
"TBX21","SIDM00386",-0.0439442441568274
"TBX21","SIDM00387",-0.250826822990642
"TBX21","SIDM00390",1.18765935542305
"TBX21","SIDM00391",-0.365633019673173
"TBX21","SIDM00392",0.725575778887923
"TBX21","SIDM00395",0.458041456677308
"TBX21","SIDM00396",1.77973107307518
"TBX21","SIDM00402",0.188848922143041
"TBX21","SIDM00403",-0.297462000958562
"TBX21","SIDM00405",1.7342456177904
"TBX21","SIDM00419",0.0788204157050543
"TBX21","SIDM00421",6.79183369254578
"TBX21","SIDM00423",1.37421765730342
"TBX21","SIDM00425",0.619730221337772
"TBX21","SIDM00426",-0.363620239504133
"TBX21","SIDM00428",1.88389280284689
"TBX21","SIDM00429",0.0686709674636327
"TBX21","SIDM00431",-2.80327478915388
"TBX21","SIDM00433",-1.30276314127854
"TBX21","SIDM00434",-0.118264932920073
"TBX21","SIDM00435",1.71034687194329
"TBX21","SIDM00437",1.42157703563688
"TBX21","SIDM00442",-0.0695620218435297
"TBX21","SIDM00443",0.587367335275592
"TBX21","SIDM00446",0.739553737505348
"TBX21","SIDM00447",1.04826278498084
"TBX21","SIDM00449",1.5774287623182
"TBX21","SIDM00450",0.831864616681692
"TBX21","SIDM00451",0.247047782395609
"TBX21","SIDM00452",-0.42694330817612
"TBX21","SIDM00453",-0.939985419301577
"TBX21","SIDM00454",-0.340327935434359
"TBX21","SIDM00455",-0.106804466745842
"TBX21","SIDM00457",-0.14448477366368
"TBX21","SIDM00458",0.263610912964668
"TBX21","SIDM00460",1.78962605083735
"TBX21","SIDM00461",0.706043813327724
"TBX21","SIDM00462",2.46623101747981
"TBX21","SIDM00463",-0.327889288649292
"TBX21","SIDM00469",0.56906206797972
"TBX21","SIDM00473",0.225301750666276
"TBX21","SIDM00474",1.15293081430617
"TBX21","SIDM00475",0.407187320968472
"TBX21","SIDM00477",-0.066128820734687
"TBX21","SIDM00478",0.47537597096068
"TBX21","SIDM00479",-0.204445502829894
"TBX21","SIDM00480",0.827717933766753
"TBX21","SIDM00481",-0.370542123560024
"TBX21","SIDM00484",-0.932018645419165
"TBX21","SIDM00485",0.949780340675672
"TBX21","SIDM00486",0.124762501819905
"TBX21","SIDM00492",-0.460723303080414
"TBX21","SIDM00493",-0.801219238918633
"TBX21","SIDM00494",-0.28484248719611
"TBX21","SIDM00495",-0.514357785292677
"TBX21","SIDM00497",-0.258511159035225
"TBX21","SIDM00499",-0.655290226264398
"TBX21","SIDM00500",-0.319800202777134
"TBX21","SIDM00502",0.866279762105089
"TBX21","SIDM00503",-0.665502820842587
"TBX21","SIDM00505",-0.137301918594089
"TBX21","SIDM00506",0.0200136306954976
"TBX21","SIDM00509",0.0558417567608135
"TBX21","SIDM00511",0.525493309471715
"TBX21","SIDM00512",4.43327192315408
"TBX21","SIDM00513",1.38285357597703
"TBX21","SIDM00515",0.747405376974037
"TBX21","SIDM00521",-0.0416304396380376
"TBX21","SIDM00522",-0.245132063661531
"TBX21","SIDM00523",-0.803184401798842
"TBX21","SIDM00524",0.124207392895004
"TBX21","SIDM00525",0.0246949358118809
"TBX21","SIDM00526",-0.00346083465677256
"TBX21","SIDM00529",-0.814484688693723
"TBX21","SIDM00531",-0.13969431530289
"TBX21","SIDM00533",-0.557104810715737
"TBX21","SIDM00536",-0.347045563931597
"TBX21","SIDM00545",1.02242165317019
"TBX21","SIDM00546",-0.481903142072539
"TBX21","SIDM00547",0.190247300629503
"TBX21","SIDM00548",0.229872590990748
"TBX21","SIDM00552",-0.62507664814272
"TBX21","SIDM00554",-0.232538034870801
"TBX21","SIDM00555",9.77519898265727
"TBX21","SIDM00556",1.12760546776872
"TBX21","SIDM00557",0.429669429563279
"TBX21","SIDM00560",0.00288467854925634
"TBX21","SIDM00564",-0.346827381912176
"TBX21","SIDM00567",-0.479846730245982
"TBX21","SIDM00568",0.268353004604183
"TBX21","SIDM00570",0.0602029010624782
"TBX21","SIDM00571",0.109939855791717
"TBX21","SIDM00572",2.2516108562492
"TBX21","SIDM00575",-0.715535785666328
"TBX21","SIDM00578",0.701803094424965
"TBX21","SIDM00580",0.794860591711689
"TBX21","SIDM00581",0.124094472977897
"TBX21","SIDM00582",-0.455745127083333
"TBX21","SIDM00585",-0.756102301021282
"TBX21","SIDM00586",-0.558578294770802
"TBX21","SIDM00587",1.31562572313868
"TBX21","SIDM00588",-0.615868399421663
"TBX21","SIDM00589",0.321764183557987
"TBX21","SIDM00590",0.171858879887862
"TBX21","SIDM00593",1.10145745423548
"TBX21","SIDM00594",0.779820656229461
"TBX21","SIDM00595",-0.77148823637499
"TBX21","SIDM00598",-0.43577847352366
"TBX21","SIDM00602",-0.789983213490631
"TBX21","SIDM00605",-0.218692687936539
"TBX21","SIDM00607",-0.108329781851943
"TBX21","SIDM00608",0.625175338700169
"TBX21","SIDM00609",-0.227717144604996
"TBX21","SIDM00610",-0.805060486619911
"TBX21","SIDM00611",0.768385742607437
"TBX21","SIDM00613",-0.506910764153444
"TBX21","SIDM00614",-0.10083319833857
"TBX21","SIDM00615",-0.544370245441984
"TBX21","SIDM00616",0.215721427310433
"TBX21","SIDM00617",0.450944465979664
"TBX21","SIDM00618",0.158056193233552
"TBX21","SIDM00625",0.0780404767117957
"TBX21","SIDM00628",-0.0304143957019742
"TBX21","SIDM00629",0.356515682640095
"TBX21","SIDM00630",-0.207432129212449
"TBX21","SIDM00633",-0.00224551219497165
"TBX21","SIDM00634",-0.421356278064633
"TBX21","SIDM00637",2.26774200997416
"TBX21","SIDM00639",-0.264769958480812
"TBX21","SIDM00640",0.416426666071015
"TBX21","SIDM00641",0.747422208022735
"TBX21","SIDM00644",-0.504748130806258
"TBX21","SIDM00645",0.123926209823325
"TBX21","SIDM00646",-0.283077517087071
"TBX21","SIDM00649",-0.733262033831918
"TBX21","SIDM00651",1.21764010302353
"TBX21","SIDM00652",-0.747926345875258
"TBX21","SIDM00653",-0.817392805057041
"TBX21","SIDM00654",-0.689957649319375
"TBX21","SIDM00657",0.925598881955761
"TBX21","SIDM00658",-0.793279702702205
"TBX21","SIDM00660",-0.263470134194231
"TBX21","SIDM00661",1.87417293045307
"TBX21","SIDM00662",-0.202719280250798
"TBX21","SIDM00663",-0.0298447037539245
"TBX21","SIDM00664",-0.0222097962173181
"TBX21","SIDM00665",-0.737203912781949
"TBX21","SIDM00666",-0.647258809064947
"TBX21","SIDM00669",5.20414926909026
"TBX21","SIDM00670",-0.114538355258951
"TBX21","SIDM00671",0.81403312571163
"TBX21","SIDM00672",-0.397820787779087
"TBX21","SIDM00673",-0.133007545894984
"TBX21","SIDM00675",-0.580392327127895
"TBX21","SIDM00676",0.0999051918947486
"TBX21","SIDM00678",-0.276574995328109
"TBX21","SIDM00681",0.15939908981961
"TBX21","SIDM00683",-0.855399738341528
"TBX21","SIDM00684",-0.135989880322937
"TBX21","SIDM00685",-0.697881632140873
"TBX21","SIDM00686",-0.195096318510864
"TBX21","SIDM00687",0.147977123900996
"TBX21","SIDM00689",1.02532025624336
"TBX21","SIDM00693",0.0444089527808026
"TBX21","SIDM00694",1.01669562238263
"TBX21","SIDM00695",0.803025201351784
"TBX21","SIDM00697",-0.136034095918757
"TBX21","SIDM00698",-0.363486268133811
"TBX21","SIDM00702",0.160838225718331
"TBX21","SIDM00703",-0.333770510946957
"TBX21","SIDM00704",-0.763328565258945
"TBX21","SIDM00706",-0.787810184496966
"TBX21","SIDM00708",-0.774162572358484
"TBX21","SIDM00709",-0.849779723746781
"TBX21","SIDM00710",-0.647078859753041
"TBX21","SIDM00711",-0.472560631021666
"TBX21","SIDM00713",0.311718826029017
"TBX21","SIDM00715",-0.589097960787069
"TBX21","SIDM00716",-0.248037553437344
"TBX21","SIDM00718",-0.899689558019349
"TBX21","SIDM00720",0.015954427889401
"TBX21","SIDM00722",0.0146516992372035
"TBX21","SIDM00723",-0.0457344041009611
"TBX21","SIDM00724",-0.56718886939829
"TBX21","SIDM00726",4.88303796791365
"TBX21","SIDM00727",-0.746133107989601
"TBX21","SIDM00728",3.53809329430314
"TBX21","SIDM00729",0.301592545550208
"TBX21","SIDM00730",-0.818964070708303
"TBX21","SIDM00731",-1.06895030217219
"TBX21","SIDM00733",-0.263134497361344
"TBX21","SIDM00734",-0.427901141999104
"TBX21","SIDM00735",-0.673760074654504
"TBX21","SIDM00738",-0.57936200377718
"TBX21","SIDM00739",-0.735235127746999
"TBX21","SIDM00740",-0.76543895077896
"TBX21","SIDM00741",-0.356138077580554
"TBX21","SIDM00742",-1.21160699144584
"TBX21","SIDM00743",0.0221160797162308
"TBX21","SIDM00744",-0.212628263774815
"TBX21","SIDM00745",-0.78019661150612
"TBX21","SIDM00746",-0.897431758440945
"TBX21","SIDM00747",-0.638464633091014
"TBX21","SIDM00748",-0.462089537414892
"TBX21","SIDM00749",-0.762471414368429
"TBX21","SIDM00750",-0.123241230831263
"TBX21","SIDM00751",0.124172161864642
"TBX21","SIDM00753",-0.117311993658368
"TBX21","SIDM00754",-0.219191972990093
"TBX21","SIDM00755",-0.680422368412567
"TBX21","SIDM00756",-0.169284679218008
"TBX21","SIDM00757",0.22163251820101
"TBX21","SIDM00759",-0.104094031608922
"TBX21","SIDM00760",0.185505228718497
"TBX21","SIDM00761",0.123000580323115
"TBX21","SIDM00762",-0.672053350283488
"TBX21","SIDM00763",-1.21957987675334
"TBX21","SIDM00766",0.135719358657393
"TBX21","SIDM00768",0.234052850400652
"TBX21","SIDM00769",-0.980858966573804
"TBX21","SIDM00771",0.565916904229612
"TBX21","SIDM00772",-0.134496442252269
"TBX21","SIDM00774",-0.364910392656528
"TBX21","SIDM00775",-0.605379086483752
"TBX21","SIDM00776",-0.0618792986826342
"TBX21","SIDM00777",-0.420241562035975
"TBX21","SIDM00778",0.315281494850921
"TBX21","SIDM00779",-0.454020258388037
"TBX21","SIDM00780",-1.30101751997254
"TBX21","SIDM00782",-0.739119449796478
"TBX21","SIDM00784",-0.115834590881572
"TBX21","SIDM00785",1.56071539790916
"TBX21","SIDM00791",-0.737380550622544
"TBX21","SIDM00795",0.12527580761674
"TBX21","SIDM00796",-0.31815381617456
"TBX21","SIDM00797",0.836889437854972
"TBX21","SIDM00798",-0.0173233980496258
"TBX21","SIDM00799",-0.21053898281793
"TBX21","SIDM00800",-0.284732679162336
"TBX21","SIDM00801",1.67111195813555
"TBX21","SIDM00803",1.11510879499801
"TBX21","SIDM00806",-0.410703977736679
"TBX21","SIDM00812",0.915576564687504
"TBX21","SIDM00823",0.673175971660622
"TBX21","SIDM00828",-0.591439563787397
"TBX21","SIDM00829",1.76788067037261
"TBX21","SIDM00831",0.666876399562359
"TBX21","SIDM00839",-0.328046070349982
"TBX21","SIDM00840",-0.250609633738561
"TBX21","SIDM00844",2.14841076024039
"TBX21","SIDM00845",0.73940838240091
"TBX21","SIDM00847",-0.641134969318982
"TBX21","SIDM00848",-0.26824139196437
"TBX21","SIDM00849",-0.744694129172001
"TBX21","SIDM00850",-0.876517005522279
"TBX21","SIDM00851",-1.39435563231553
"TBX21","SIDM00852",-0.0217104248217222
"TBX21","SIDM00853",0.100593004883283
"TBX21","SIDM00854",1.20348345167652
"TBX21","SIDM00855",-0.328694702254331
"TBX21","SIDM00856",0.359292466018655
"TBX21","SIDM00857",1.18365890174393
"TBX21","SIDM00858",0.113552704817609
"TBX21","SIDM00860",-0.409025076732257
"TBX21","SIDM00861",0.719552172090316
"TBX21","SIDM00862",1.82708046624967
"TBX21","SIDM00865",-1.02283543198721
"TBX21","SIDM00866",-0.328800308052657
"TBX21","SIDM00867",0.922283066083236
"TBX21","SIDM00870",-0.504503676980442
"TBX21","SIDM00872",-0.048764448823782
"TBX21","SIDM00874",-1.06220603185099
"TBX21","SIDM00877",-0.244689691412469
"TBX21","SIDM00878",-0.025857183118147
"TBX21","SIDM00879",-0.514758815321091
"TBX21","SIDM00881",-0.195414673068382
"TBX21","SIDM00882",0.369876023002395
"TBX21","SIDM00884",-0.20399602174072
"TBX21","SIDM00886",0.15793165036725
"TBX21","SIDM00887",-0.560977713478843
"TBX21","SIDM00888",-0.181077111107292
"TBX21","SIDM00890",0.360624042310508
"TBX21","SIDM00892",1.05082765094342
"TBX21","SIDM00893",-0.653418405232909
"TBX21","SIDM00894",0.942370281221752
"TBX21","SIDM00897",-0.391273881627009
"TBX21","SIDM00898",-0.557071174779615
"TBX21","SIDM00899",2.38560785692736
"TBX21","SIDM00901",-0.965084833008129
"TBX21","SIDM00903",0.15027968385362
"TBX21","SIDM00904",-0.318932006825785
"TBX21","SIDM00907",0.146975910450156
"TBX21","SIDM00909",0.406372153060018
"TBX21","SIDM00910",-0.165216261582959
"TBX21","SIDM00914",1.29730189534894
"TBX21","SIDM00918",-0.769552039148841
"TBX21","SIDM00919",0.273601110839956
"TBX21","SIDM00920",-0.130491619896249
"TBX21","SIDM00921",0.509876783678209
"TBX21","SIDM00922",1.96604288948126
"TBX21","SIDM00924",0.0492713581831597
"TBX21","SIDM00925",-0.29796888330685
"TBX21","SIDM00926",-0.261893579672311
"TBX21","SIDM00928",0.928373371892462
"TBX21","SIDM00931",-0.551414705536279
"TBX21","SIDM00932",0.908638927943276
"TBX21","SIDM00933",-0.225867912541838
"TBX21","SIDM00934",1.88026625199592
"TBX21","SIDM00936",0.309007817741316
"TBX21","SIDM00937",0.678322564429994
"TBX21","SIDM00938",0.707341831100618
"TBX21","SIDM00939",0.437426666257586
"TBX21","SIDM00940",0.396271179287941
"TBX21","SIDM00941",0.229084270406767
"TBX21","SIDM00942",0.534619330474354
"TBX21","SIDM00943",0.249860839348177
"TBX21","SIDM00944",-0.0826550616120002
"TBX21","SIDM00945",-0.26663188882153
"TBX21","SIDM00947",0.138128429322341
"TBX21","SIDM00949",2.63778795631695
"TBX21","SIDM00950",0.00845154747714272
"TBX21","SIDM00955",0.283955289026501
"TBX21","SIDM00956",-1.10327884049131
"TBX21","SIDM00957",-0.277992079105011
"TBX21","SIDM00959",0.538551187383175
"TBX21","SIDM00961",-0.0119768066223983
"TBX21","SIDM00963",0.116046176923215
"TBX21","SIDM00965",-0.082981975866893
"TBX21","SIDM00979",0.744686552632905
"TBX21","SIDM00980",-0.253346179346959
"TBX21","SIDM00981",1.37926788273782
"TBX21","SIDM00982",-0.15968878026033
"TBX21","SIDM00983",0.616632126449366
"TBX21","SIDM00985",1.82103409595526
"TBX21","SIDM00986",-0.0209509951973877
"TBX21","SIDM00987",0.035034911224805
"TBX21","SIDM00988",0.36488826704399
"TBX21","SIDM00989",0.785266783139627
"TBX21","SIDM00990",-0.707155951536518
"TBX21","SIDM00991",-0.439401152707411
"TBX21","SIDM00992",0.203853696371266
"TBX21","SIDM00993",1.19534715951482
"TBX21","SIDM00994",-1.90694316116726
"TBX21","SIDM00996",0.052878727041247
"TBX21","SIDM00997",0.808410056964573
"TBX21","SIDM00998",-0.650256582713681
"TBX21","SIDM00999",-0.489489275686665
"TBX21","SIDM01000",-0.250623161306233
"TBX21","SIDM01001",1.01275111905464
"TBX21","SIDM01002",-0.451618038078114
"TBX21","SIDM01003",-0.164760442581189
"TBX21","SIDM01004",2.72343055611613
"TBX21","SIDM01005",0.462074619889901
"TBX21","SIDM01008",2.60015135398024
"TBX21","SIDM01009",1.02677182161086
"TBX21","SIDM01010",3.66550261019531
"TBX21","SIDM01012",2.11324746929196
"TBX21","SIDM01013",5.08542564299206
"TBX21","SIDM01015",-0.369408080719497
"TBX21","SIDM01016",-0.287372214750009
"TBX21","SIDM01018",1.44101108263607
"TBX21","SIDM01020",0.66094987219343
"TBX21","SIDM01022",0.981256585092175
"TBX21","SIDM01023",1.13732982852245
"TBX21","SIDM01024",0.15902064454196
"TBX21","SIDM01025",0.0059230264078017
"TBX21","SIDM01026",-0.0579085821797994
"TBX21","SIDM01027",-0.0369164969853789
"TBX21","SIDM01028",-0.179568394555711
"TBX21","SIDM01029",0.0354444837664668
"TBX21","SIDM01030",-1.12863892758293
"TBX21","SIDM01031",-0.115353133686082
"TBX21","SIDM01032",-0.342371706021187
"TBX21","SIDM01033",-0.134143695075833
"TBX21","SIDM01034",3.03708729671481
"TBX21","SIDM01036",0.939825886950624
"TBX21","SIDM01037",0.32816665356569
"TBX21","SIDM01038",2.22711197429277
"TBX21","SIDM01040",0.649188303406313
"TBX21","SIDM01043",-0.330855417718388
"TBX21","SIDM01044",-0.725709535858353
"TBX21","SIDM01045",-0.224835226792042
"TBX21","SIDM01048",0.244295149625362
"TBX21","SIDM01049",4.99415762397984
"TBX21","SIDM01051",-0.0814242599355367
"TBX21","SIDM01052",-0.982245009680225
"TBX21","SIDM01055",0.239919264221215
"TBX21","SIDM01056",0.686925249184534
"TBX21","SIDM01057",0.819351555490643
"TBX21","SIDM01058",1.95536854934076
"TBX21","SIDM01059",1.23469559188818
"TBX21","SIDM01060",0.56026605557372
"TBX21","SIDM01062",-0.182893551294173
"TBX21","SIDM01063",-0.482606360444646
"TBX21","SIDM01066",0.447572413984884
"TBX21","SIDM01067",-0.0362343554696356
"TBX21","SIDM01068",-0.414635724858518
"TBX21","SIDM01069",0.183810590873838
"TBX21","SIDM01070",0.0810547275907354
"TBX21","SIDM01071",-0.577108441305796
"TBX21","SIDM01072",-0.395842909614167
"TBX21","SIDM01074",0.116870321903352
"TBX21","SIDM01077",-0.446542327753225
"TBX21","SIDM01078",-0.87779638498482
"TBX21","SIDM01079",-0.150673748636158
"TBX21","SIDM01080",-0.955223836782504
"TBX21","SIDM01081",-0.454110276665068
"TBX21","SIDM01082",0.75454426109144
"TBX21","SIDM01083",-0.0946672092721043
"TBX21","SIDM01084",-0.308399608114992
"TBX21","SIDM01085",0.110724535448345
"TBX21","SIDM01086",0.975803540400195
"TBX21","SIDM01087",-0.17673423536711
"TBX21","SIDM01088",0.0798789353365744
"TBX21","SIDM01089",1.76257444217625
"TBX21","SIDM01096",-0.161289238073995
"TBX21","SIDM01099",-0.133584317960422
"TBX21","SIDM01100",0.0181436851611855
"TBX21","SIDM01101",-0.362562566203046
"TBX21","SIDM01103",-0.479562226199658
"TBX21","SIDM01104",-0.371720245674924
"TBX21","SIDM01105",1.21971806378279
"TBX21","SIDM01106",0.364633688963959
"TBX21","SIDM01107",0.339525720142944
"TBX21","SIDM01108",-0.367581655707763
"TBX21","SIDM01109",0.00305670758644944
"TBX21","SIDM01110",0.155337564349285
"TBX21","SIDM01111",-0.183837614864436
"TBX21","SIDM01112",-0.178384913782797
"TBX21","SIDM01113",-0.0857202925083469
"TBX21","SIDM01116",-0.675356031909371
"TBX21","SIDM01119",-0.899039495062188
"TBX21","SIDM01121",-0.311537683618231
"TBX21","SIDM01123",-0.561368326536616
"TBX21","SIDM01124",-0.544311946979462
"TBX21","SIDM01125",-0.182627093718391
"TBX21","SIDM01127",-0.228482326006246
"TBX21","SIDM01128",0.0707180469781592
"TBX21","SIDM01129",-0.422229017738945
"TBX21","SIDM01130",-0.895613202966633
"TBX21","SIDM01131",-0.457161701065063
"TBX21","SIDM01134",-1.41234128804872
"TBX21","SIDM01135",-0.0648304743519182
"TBX21","SIDM01136",0.660006538770757
"TBX21","SIDM01137",0.550918205638761
"TBX21","SIDM01138",0.827618110254593
"TBX21","SIDM01139",-0.255466178789401
"TBX21","SIDM01141",-0.0433626162648168
"TBX21","SIDM01144",-0.211940742057423
"TBX21","SIDM01147",-1.21698721810282
"TBX21","SIDM01148",0.524743762015983
"TBX21","SIDM01150",-1.10820728599151
"TBX21","SIDM01151",-0.68299320701925
"TBX21","SIDM01154",1.12070522402882
"TBX21","SIDM01156",-0.426378750176816
"TBX21","SIDM01158",-0.289026112513739
"TBX21","SIDM01164",-0.203448429622635
"TBX21","SIDM01165",0.0386477499064227
"TBX21","SIDM01167",-0.0663379584037157
"TBX21","SIDM01169",0.135712805819198
"TBX21","SIDM01170",0.297789000726855
"TBX21","SIDM01171",0.0954497186334988
"TBX21","SIDM01172",0.18103523053667
"TBX21","SIDM01176",0.699523448011436
"TBX21","SIDM01180",0.131599290674438
"TBX21","SIDM01181",-0.834246017014025
"TBX21","SIDM01182",-0.037381762475319
"TBX21","SIDM01184",0.126881705522084
"TBX21","SIDM01186",-0.300737197445128
"TBX21","SIDM01188",-0.125310986369947
"TBX21","SIDM01189",-0.238108263046883
"TBX21","SIDM01190",0.277759303538031
"TBX21","SIDM01191",-0.505795362599654
"TBX21","SIDM01193",-1.041135499585
"TBX21","SIDM01194",-0.4682641898754
"TBX21","SIDM01195",0.771968525655913
"TBX21","SIDM01196",-0.478823769573766
"TBX21","SIDM01199",-0.162817751092595
"TBX21","SIDM01215",0.407474247813525
"TBX21","SIDM01222",-0.711724778291261
"TBX21","SIDM01241",-0.544945191415916
"TBX21","SIDM01254",1.67665832323056
"TBX21","SIDM01265",1.04097116795436
"TBX21","SIDM01316",-0.0420154927700226
"TBX21","SIDM01318",-0.675344004626978
"TBX21","SIDM01320",-0.216727824738635
"TBX21","SIDM01321",-0.0272026610238234
"TBX21","SIDM01322",0.746359077044986
"TBX21","SIDM01323",0.867897025461088
"TBX21","SIDM01324",0.326087377343146
"TBX21","SIDM01325",-0.573385305811123
"TBX21","SIDM01331",0.854546723297972
"TBX21","SIDM01332",-0.17255244715165
"TBX21","SIDM01335",0.583824527354421
"TBX21","SIDM01336",-0.0991417686135527
"TBX21","SIDM01343",0.463146300388962
"TBX21","SIDM01347",0.0230590115224382
"TBX21","SIDM01363",-0.208891413768324
"TBX21","SIDM01368",-0.0524676040329844
"TBX21","SIDM01372",-0.351424479369061
"TBX21","SIDM01377",-0.123014537365873
"TBX21","SIDM01378",0.887903037381095
"TBX21","SIDM01387",-0.565967488502877
"TBX21","SIDM01391",0.180822464832807
"TBX21","SIDM01393",-0.303052676401176
"TBX21","SIDM01394",0.0638854006951741
"TBX21","SIDM01397",0.371968240673239
"TBX21","SIDM01398",-0.0746261510828742
"TBX21","SIDM01409",1.25405275245665
"TBX21","SIDM01411",0.643559944636778
"TBX21","SIDM01412",0.647840831906834
"TBX21","SIDM01413",0.246056976479119
"TBX21","SIDM01432",1.28471255822096
"TBX21","SIDM01433",-0.230973953538146
"TBX21","SIDM01434",-0.600993646152983
"TBX21","SIDM01435",0.731431400240391
"TBX21","SIDM01436",-0.418905241603695
"TBX21","SIDM01437",0.474486110943603
"TBX21","SIDM01439",-0.351256421816006
"TBX21","SIDM01442",0.776609718537991
"TBX21","SIDM01443",-0.276249623168744
"TBX21","SIDM01444",-0.482073397881761
"TBX21","SIDM01445",-0.506452296023754
"TBX21","SIDM01446",0.0425088597316028
"TBX21","SIDM01447",0.208386108927615
"TBX21","SIDM01449",0.152246275052469
"TBX21","SIDM01450",-0.263601939561073
"TBX21","SIDM01451",-0.0972696809721403
"TBX21","SIDM01454",0.609102346119537
"TBX21","SIDM01460",0.534339679131401
"TBX21","SIDM01463",-0.0122377288358435
"TBX21","SIDM01464",1.11141910408059
"TBX21","SIDM01469",-0.402139476989052
"TBX21","SIDM01470",-0.318141022191927
"TBX21","SIDM01471",-0.0518850413187082
"TBX21","SIDM01472",1.0522533223858
"TBX21","SIDM01473",0.63373659010921
"TBX21","SIDM01474",0.239473677993093
"TBX21","SIDM01476",-0.100622152087125
"TBX21","SIDM01479",1.27478633007615
"TBX21","SIDM01480",0.107295603907383
"TBX21","SIDM01482",-0.388753827467348
"TBX21","SIDM01490",-0.649574877815693
"TBX21","SIDM01491",0.7029799157223
"TBX21","SIDM01492",-0.310626608148332
"TBX21","SIDM01494",-0.520635188525126
"TBX21","SIDM01498",0.936767649150327
"TBX21","SIDM01502",0.483978376347912
"TBX21","SIDM01503",-0.689399246405131
"TBX21","SIDM01504",-0.720747188632662
"TBX21","SIDM01510",-0.441496274056705
"TBX21","SIDM01511",0.127209242228257
"TBX21","SIDM01512",0.179720084909627
"TBX21","SIDM01517",1.08785241037655
"TBX21","SIDM01518",0.757567435700608
"TBX21","SIDM01519",-0.485945885462955
"TBX21","SIDM01520",0.527204585145826
"TBX21","SIDM01522",2.70850006920844
"TBX21","SIDM01523",-0.0602415992664754
"TBX21","SIDM01525",1.44099257887965
"TBX21","SIDM01526",-0.30986883646267
"TBX21","SIDM01528",0.563989229999539
"TBX21","SIDM01529",0.535828944862942
"TBX21","SIDM01530",-0.155248866605818
"TBX21","SIDM01531",2.61291351219939
"TBX21","SIDM01545",0.289827727835382
"TBX21","SIDM01546",0.479478320768495
"TBX21","SIDM01551",-0.156089267229697
"TBX21","SIDM01553",-0.300966413479425
"TBX21","SIDM01554",0.662373477812731
"TBX21","SIDM01556",1.88557221043218
"TBX21","SIDM01559",0.616068562346634
"TBX21","SIDM01560",-0.551901083298858
"TBX21","SIDM01561",0.0433207674063986
"TBX21","SIDM01563",0.0640435975663865
"TBX21","SIDM01564",5.58051740728061
"TBX21","SIDM01565",-0.441771565053888
"TBX21","SIDM01566",-0.140920958906137
"TBX21","SIDM01567",3.23945284702926
"TBX21","SIDM01569",-0.322173118169643
"TBX21","SIDM01570",1.45600329627914
"TBX21","SIDM01571",-0.104859923625849
"TBX21","SIDM01572",-1.32643079497516
"TBX21","SIDM01573",0.252336552732932
"TBX21","SIDM01574",-0.126846902862482
"TBX21","SIDM01575",1.2665608496292
"TBX21","SIDM01577",-0.0209347021886888
"TBX21","SIDM01578",0.271422182813325
"TBX21","SIDM01580",0.174914374489582
"TBX21","SIDM01581",2.94165739263582
"TBX21","SIDM01582",-0.116768437372604
"TBX21","SIDM01587",1.90225123827892
"TBX21","SIDM01588",0.90514586247641
"TBX21","SIDM01589",0.972921730168163
"TBX21","SIDM01590",0.0139931915336613
"TBX21","SIDM01591",0.0078110500111433
"TBX21","SIDM01593",-0.412429783930553
"TBX21","SIDM01594",-0.361037531909172
"TBX21","SIDM01596",-0.263936922850591
"TBX21","SIDM01598",-0.882142629153552
"TBX21","SIDM01602",0.784308572546495
"TBX21","SIDM01603",0.448793802876123
"TBX21","SIDM01604",0.17669913102847
"TBX21","SIDM01605",0.494480127301481
"TBX21","SIDM01606",0.382472027400557
"TBX21","SIDM01607",0.281998049049083
"TBX21","SIDM01608",-0.698756026271277
"TBX21","SIDM01609",-0.22843129617727
"TBX21","SIDM01611",-0.624271400797339
"TBX21","SIDM01612",-0.574027654076558
"TBX21","SIDM01613",-0.495126490626252
"TBX21","SIDM01614",-0.63891897883196
"TBX21","SIDM01615",-0.84813177295794
"TBX21","SIDM01616",-0.420008167322656
"TBX21","SIDM01617",-0.651752593031548
"TBX21","SIDM01618",3.6521795967114
"TBX21","SIDM01619",-0.826735628548389
"TBX21","SIDM01622",0.26712909122293
"TBX21","SIDM01624",-0.11408067919698
"TBX21","SIDM01628",-0.1525470107372
"TBX21","SIDM01629",0.184920739282669
"TBX21","SIDM01635",-0.3537408962847
"TBX21","SIDM01640",-0.446089568524657
"TBX21","SIDM01657",-0.630958685473822
"TBX21","SIDM01658",-0.0862098994532567
"TBX21","SIDM01659",0.449019902179494
"TBX21","SIDM01660",1.17009425514345
"TBX21","SIDM01662",-0.244541060260797
"TBX21","SIDM01664",-0.392573723635307
"TBX21","SIDM01667",5.68619349087801
"TBX21","SIDM01668",-0.996648927831873
"TBX21","SIDM01672",-0.239481663741988
"TBX21","SIDM01675",-0.240448660109293
"TBX21","SIDM01676",-0.494072461721534
"TBX21","SIDM01679",-0.427595133680186
"TBX21","SIDM01682",-1.14278928378281
"TBX21","SIDM01685",0.915741862739239
"TBX21","SIDM01686",0.40844746086238
"TBX21","SIDM01689",1.69433792310615
"TBX21","SIDM01690",0.00230926510275306
"TBX21","SIDM01691",1.46561048452854
"TBX21","SIDM01692",7.12889699819071
"TBX21","SIDM01693",0.553785377226012
"TBX21","SIDM01694",1.11715529309379
"TBX21","SIDM01695",0.998733298398469
"TBX21","SIDM01696",1.50042908096736
"TBX21","SIDM01697",-0.0829657416819174
"TBX21","SIDM01698",0.357671494779829
"TBX21","SIDM01699",0.0464455554326623
"TBX21","SIDM01701",0.554457756820182
"TBX21","SIDM01702",0.00879652581132635
"TBX21","SIDM01703",0.482166300648385
"TBX21","SIDM01704",-0.34902502097427
"TBX21","SIDM01705",-0.0512278092264294
"TBX21","SIDM01709",-0.0674794556012654
"TBX21","SIDM01710",-0.00562868373174142
"TBX21","SIDM01724",0.185427222248032
"TBX21","SIDM01725",0.035535005970213
"TBX21","SIDM01726",-0.031740592270805
"TBX21","SIDM01727",0.227710659104686
"TBX21","SIDM01728",0.0993822071538818
"TBX21","SIDM01729",0.222104118507609
"TBX21","SIDM01730",-0.278744831189948
"TBX21","SIDM01734",11.8422226045969
"TBX21","SIDM01739",-0.0347715982370217
"TBX21","SIDM01741",0.0854460201338502
"TBX21","SIDM01743",-0.744322872508385
"TBX21","SIDM01746",1.02527477599012
"TBX21","SIDM01749",-0.149522208719066
"TBX21","SIDM01750",0.818108196975982
"TBX21","SIDM01752",-0.645900569358296
"TBX21","SIDM01753",0.14266361408505
"TBX21","SIDM01756",-1.17968864723124
"TBX21","SIDM01757",0.604457997592577
"TBX21","SIDM01758",0.451192096098137
"TBX21","SIDM01759",0.30120707403076
"TBX21","SIDM01760",-0.61150347731518
"TBX21","SIDM01761",-0.64586196289121
"TBX21","SIDM01762",0.325279818087849
"TBX21","SIDM01763",0.390893500873276
"TBX21","SIDM01764",0.965885924846666
"TBX21","SIDM01765",0.342987890615131
"TBX21","SIDM01766",-0.507362043825078
"TBX21","SIDM01767",-0.21153179986764
"TBX21","SIDM01768",0.638388776024104
"TBX21","SIDM01770",-0.650849550521349
"TBX21","SIDM01771",-0.451882622368296
"TBX21","SIDM01772",2.6312063177842
"TBX21","SIDM01773",1.83908599019276
"TBX21","SIDM01774",0.39622176108368
"TBX21","SIDM01775",8.92817100476421
"TBX21","SIDM01777",-0.234775153079872
"TBX21","SIDM01779",0.623754338670421
"TBX21","SIDM01780",4.82538748768833
"TBX21","SIDM01781",-0.391366925653813
"TBX21","SIDM01782",0.715942513629997
"TBX21","SIDM01820",0.777942737111878
"TBX21","SIDM01858",2.71258312714423
"TBX21","SIDM01859",-0.938812100610546
"TBX21","SIDM01873",0.523178027763449
