"gene","sample","TF activity score"
"AR","SIDM00002",0.16861283782872
"AR","SIDM00003",4.85513428801909
"AR","SIDM00006",4.42941787475606
"AR","SIDM00007",5.06279255171735
"AR","SIDM00009",-0.514527498343605
"AR","SIDM00014",4.52625731366018
"AR","SIDM00018",-0.870570181349786
"AR","SIDM00023",0.92161999894792
"AR","SIDM00025",2.17149266115654
"AR","SIDM00026",0.176894579254972
"AR","SIDM00027",0.631890131960876
"AR","SIDM00040",4.32641696955686
"AR","SIDM00041",1.88617467833089
"AR","SIDM00042",1.35092431308369
"AR","SIDM00043",1.53834789727743
"AR","SIDM00044",0.968985086759063
"AR","SIDM00045",1.70487709796407
"AR","SIDM00047",8.95553504474466
"AR","SIDM00048",6.48320334236484
"AR","SIDM00049",1.55722132788109
"AR","SIDM00050",1.65117569559103
"AR","SIDM00051",8.11882083633249
"AR","SIDM00052",0.49812995528498
"AR","SIDM00053",3.29990459115717
"AR","SIDM00054",2.51293862878906
"AR","SIDM00056",4.60613596616666
"AR","SIDM00057",1.62655071926978
"AR","SIDM00064",3.32159752594678
"AR","SIDM00068",2.93956400895753
"AR","SIDM00070",0.371894465374031
"AR","SIDM00077",3.15182432604258
"AR","SIDM00082",-1.7439479184547
"AR","SIDM00086",5.6406655314889
"AR","SIDM00091",5.84107819677539
"AR","SIDM00094",7.08985317328856
"AR","SIDM00096",1.89986678572861
"AR","SIDM00098",3.03195538783658
"AR","SIDM00099",3.31589198750831
"AR","SIDM00100",4.98772025885661
"AR","SIDM00101",2.47794779543849
"AR","SIDM00102",3.04705053058956
"AR","SIDM00103",5.40448199569222
"AR","SIDM00104",3.22405303625701
"AR","SIDM00111",1.95947289659892
"AR","SIDM00112",4.30981209810542
"AR","SIDM00113",4.72820274081685
"AR","SIDM00114",3.11544218921644
"AR","SIDM00115",0.256669332399371
"AR","SIDM00118",0.842020012296076
"AR","SIDM00120",3.80217433236831
"AR","SIDM00121",0.975267037298803
"AR","SIDM00126",2.88324639287175
"AR","SIDM00127",1.52993196116068
"AR","SIDM00128",2.29688310836805
"AR","SIDM00129",1.9962968253659
"AR","SIDM00136",4.91537585959588
"AR","SIDM00137",3.77546234787525
"AR","SIDM00145",1.0807651896801
"AR","SIDM00154",2.99625475937614
"AR","SIDM00155",2.20877594805363
"AR","SIDM00156",-1.25683192786161
"AR","SIDM00157",0.374141873216392
"AR","SIDM00172",1.98477301669352
"AR","SIDM00174",7.76169481080614
"AR","SIDM00175",2.64952828877207
"AR","SIDM00176",3.79984411832756
"AR","SIDM00179",1.28588076000167
"AR","SIDM00180",3.30298974112469
"AR","SIDM00181",3.90206225457949
"AR","SIDM00182",3.90811589207633
"AR","SIDM00183",2.34638042894525
"AR","SIDM00184",1.66348135604101
"AR","SIDM00185",1.8783953280269
"AR","SIDM00186",5.13121796532742
"AR","SIDM00187",9.40868836926124
"AR","SIDM00188",6.54686256711289
"AR","SIDM00189",1.33364147897581
"AR","SIDM00190",2.45150155327488
"AR","SIDM00191",2.74070525335082
"AR","SIDM00193",6.04597504452248
"AR","SIDM00195",2.70496722633698
"AR","SIDM00196",0.457841543567008
"AR","SIDM00197",-0.223137037969201
"AR","SIDM00198",1.66139294735921
"AR","SIDM00199",3.31196064971491
"AR","SIDM00200",-1.17076521411061
"AR","SIDM00201",1.33791358472913
"AR","SIDM00202",1.02498360725971
"AR","SIDM00203",0.75052699351539
"AR","SIDM00206",2.95323651270739
"AR","SIDM00207",3.31384441899305
"AR","SIDM00208",1.7060891230703
"AR","SIDM00209",0.526727563337446
"AR","SIDM00211",2.58108681133048
"AR","SIDM00214",2.97588647340988
"AR","SIDM00215",3.2171956806095
"AR","SIDM00216",2.68757834198488
"AR","SIDM00218",4.45584000686912
"AR","SIDM00223",1.39327537413372
"AR","SIDM00224",4.30704147252012
"AR","SIDM00225",4.21207034675869
"AR","SIDM00227",2.56647251195799
"AR","SIDM00230",2.05288848948105
"AR","SIDM00231",8.01619717990047
"AR","SIDM00232",5.96578731355549
"AR","SIDM00233",-1.01061648768226
"AR","SIDM00234",-0.273349617726091
"AR","SIDM00240",1.4828637348205
"AR","SIDM00241",5.16573313298871
"AR","SIDM00242",1.72457678005122
"AR","SIDM00243",0.144389122846794
"AR","SIDM00244",1.75757635162565
"AR","SIDM00245",2.79372496433926
"AR","SIDM00251",3.74665667033456
"AR","SIDM00252",3.52636973930195
"AR","SIDM00253",2.25294697872297
"AR","SIDM00254",1.64700394017931
"AR","SIDM00255",-0.482010718480788
"AR","SIDM00256",-0.748768400007632
"AR","SIDM00257",-0.48096213815144
"AR","SIDM00258",0.183128810591184
"AR","SIDM00259",0.55206455259133
"AR","SIDM00260",3.01261986383991
"AR","SIDM00261",0.151788643291092
"AR","SIDM00262",1.6738656298318
"AR","SIDM00263",-1.23773090640603
"AR","SIDM00264",1.73157175565653
"AR","SIDM00265",0.961694052179483
"AR","SIDM00266",3.84156311191036
"AR","SIDM00267",2.48062801081851
"AR","SIDM00269",1.40268932109601
"AR","SIDM00270",0.365194700933947
"AR","SIDM00274",1.66826779805038
"AR","SIDM00276",4.90708814066039
"AR","SIDM00277",-0.0420311167675134
"AR","SIDM00281",2.23450536103454
"AR","SIDM00283",-0.0556779692571119
"AR","SIDM00285",-0.951489975572044
"AR","SIDM00287",-2.58730488506812
"AR","SIDM00289",1.34106351229006
"AR","SIDM00291",3.79637807446025
"AR","SIDM00292",-1.13313739831699
"AR","SIDM00293",3.02053849973081
"AR","SIDM00294",2.464371102759
"AR","SIDM00296",-0.471589857558119
"AR","SIDM00297",4.59481488017002
"AR","SIDM00299",4.61020509125841
"AR","SIDM00300",4.1723736926929
"AR","SIDM00302",8.16335009157831
"AR","SIDM00304",1.54915085419031
"AR","SIDM00308",2.14635786813804
"AR","SIDM00309",5.29978850387789
"AR","SIDM00310",3.90753525183796
"AR","SIDM00311",5.08881928654292
"AR","SIDM00316",4.10663665768381
"AR","SIDM00317",6.0448374917636
"AR","SIDM00319",2.00788666428326
"AR","SIDM00320",2.08564590329939
"AR","SIDM00323",1.48665602406168
"AR","SIDM00324",3.67794740024846
"AR","SIDM00326",3.3702829688081
"AR","SIDM00328",2.65792172393557
"AR","SIDM00330",-1.03717816436946
"AR","SIDM00332",1.55729126716499
"AR","SIDM00343",5.44659574305212
"AR","SIDM00346",1.66414066402121
"AR","SIDM00349",5.74796397268742
"AR","SIDM00350",2.915127332403
"AR","SIDM00351",3.45184574935482
"AR","SIDM00362",-3.36564014509605
"AR","SIDM00364",1.16156430109326
"AR","SIDM00365",-0.0299086330199252
"AR","SIDM00367",0.303325570450719
"AR","SIDM00371",5.63844487639259
"AR","SIDM00374",3.15356603767129
"AR","SIDM00375",3.38408810179531
"AR","SIDM00377",5.4970499808233
"AR","SIDM00379",3.73926563073444
"AR","SIDM00381",3.46749659691115
"AR","SIDM00383",1.37350863838696
"AR","SIDM00384",1.07136575048264
"AR","SIDM00388",-1.59929602412926
"AR","SIDM00389",2.24760118799556
"AR","SIDM00393",2.8090561942954
"AR","SIDM00394",6.18171575540858
"AR","SIDM00397",1.12693867741523
"AR","SIDM00399",-0.280814815617278
"AR","SIDM00400",0.679139766323577
"AR","SIDM00401",4.16861948574391
"AR","SIDM00404",0.0155573090179564
"AR","SIDM00406",2.27524485337047
"AR","SIDM00407",-1.50810864844024
"AR","SIDM00410",-0.0493758792239164
"AR","SIDM00411",3.50217821408635
"AR","SIDM00412",-0.415041695690984
"AR","SIDM00413",-2.38376246311913
"AR","SIDM00414",6.64329816935023
"AR","SIDM00415",-0.643360697273671
"AR","SIDM00416",-1.49104224649345
"AR","SIDM00417",-0.62970631869309
"AR","SIDM00418",4.45722230612841
"AR","SIDM00420",5.88681202295144
"AR","SIDM00422",-0.904774122735962
"AR","SIDM00424",-0.102700992989576
"AR","SIDM00427",2.35882295328899
"AR","SIDM00438",0.688047600623864
"AR","SIDM00441",2.95339391008057
"AR","SIDM00444",1.64402792222915
"AR","SIDM00445",2.75715044026775
"AR","SIDM00448",0.719283254289651
"AR","SIDM00459",-1.05374995160236
"AR","SIDM00465",4.61872743325091
"AR","SIDM00466",0.915490725016686
"AR","SIDM00467",0.102589668000946
"AR","SIDM00472",2.84797066919301
"AR","SIDM00476",-0.118472412646399
"AR","SIDM00482",0.79384932962084
"AR","SIDM00483",3.35948654576254
"AR","SIDM00487",2.08400723433049
"AR","SIDM00488",4.5070670794022
"AR","SIDM00489",-1.16817783122529
"AR","SIDM00490",0.362973455648638
"AR","SIDM00491",1.9268511094654
"AR","SIDM00496",1.53115547349426
"AR","SIDM00498",6.16912818346091
"AR","SIDM00501",4.73807027269628
"AR","SIDM00504",0.117752889612797
"AR","SIDM00507",0.0704831568575671
"AR","SIDM00508",1.98661417373113
"AR","SIDM00510",2.95791985157714
"AR","SIDM00516",3.91049247263693
"AR","SIDM00517",0.545070379211725
"AR","SIDM00518",2.15849509816271
"AR","SIDM00519",7.3662833789147
"AR","SIDM00520",4.05812752791943
"AR","SIDM00527",2.78593243040144
"AR","SIDM00528",2.46705407382871
"AR","SIDM00530",2.69442749740491
"AR","SIDM00532",2.74249686388552
"AR","SIDM00534",2.89018395102779
"AR","SIDM00535",0.847545737744309
"AR","SIDM00537",2.42821589438211
"AR","SIDM00538",3.94269042509089
"AR","SIDM00539",4.00819833608269
"AR","SIDM00540",3.22241971958375
"AR","SIDM00541",2.31720502913015
"AR","SIDM00542",4.640149114815
"AR","SIDM00543",2.57072195050989
"AR","SIDM00544",2.65042096348028
"AR","SIDM00549",0.429061671860494
"AR","SIDM00550",1.3685435711968
"AR","SIDM00551",-0.664617091424069
"AR","SIDM00553",1.16819993986243
"AR","SIDM00561",-0.0545484858410514
"AR","SIDM00562",2.87363517585345
"AR","SIDM00565",5.53395546423685
"AR","SIDM00566",5.14329787777872
"AR","SIDM00569",0.585557420718614
"AR","SIDM00573",2.6633910053566
"AR","SIDM00574",3.45955754647656
"AR","SIDM00576",0.632146688508628
"AR","SIDM00577",2.05897392405045
"AR","SIDM00579",2.30208073856284
"AR","SIDM00583",1.55456585729906
"AR","SIDM00584",5.56326164414654
"AR","SIDM00591",3.45414164175298
"AR","SIDM00592",3.30045595021168
"AR","SIDM00596",1.52572005601377
"AR","SIDM00599",2.64962389501144
"AR","SIDM00600",1.02735439398637
"AR","SIDM00603",-3.78401810216277
"AR","SIDM00604",1.68631023528877
"AR","SIDM00606",3.9023950126104
"AR","SIDM00612",4.19921521785837
"AR","SIDM00619",-0.273451656567546
"AR","SIDM00620",1.22899361271745
"AR","SIDM00621",1.76832848910325
"AR","SIDM00622",4.78844514810839
"AR","SIDM00623",-0.222753026153544
"AR","SIDM00627",2.19455796685799
"AR","SIDM00631",3.00437928177862
"AR","SIDM00632",1.16415701847608
"AR","SIDM00636",-1.0072674693967
"AR","SIDM00638",4.64429639398394
"AR","SIDM00648",3.7940250581073
"AR","SIDM00650",2.41334747574707
"AR","SIDM00655",-0.875554938663186
"AR","SIDM00659",2.94855593407234
"AR","SIDM00667",4.1469334283178
"AR","SIDM00668",-2.74444498213181
"AR","SIDM00677",3.15653769265497
"AR","SIDM00679",3.52542103521004
"AR","SIDM00680",3.26212809482542
"AR","SIDM00688",1.91230599855705
"AR","SIDM00690",3.8471292037623
"AR","SIDM00699",1.40174854897582
"AR","SIDM00700",1.27735241669314
"AR","SIDM00719",0.824276987587282
"AR","SIDM00721",1.55301972997605
"AR","SIDM00732",0.909756124264641
"AR","SIDM00737",0.41667708175787
"AR","SIDM00758",3.03594026473676
"AR","SIDM00767",2.66636425676763
"AR","SIDM00770",1.90818978646408
"AR","SIDM00781",1.71476390554906
"AR","SIDM00783",3.03667708265399
"AR","SIDM00789",3.15853344753041
"AR","SIDM00792",0.721638293255784
"AR","SIDM00793",-2.56502680646279
"AR","SIDM00794",-0.521992860204007
"AR","SIDM00808",-1.15154776643688
"AR","SIDM00810",1.91222284381921
"AR","SIDM00813",0.817861133999173
"AR","SIDM00814",-0.287285885898019
"AR","SIDM00815",1.5522286875914
"AR","SIDM00816",4.94271125177753
"AR","SIDM00817",6.16220693225649
"AR","SIDM00818",6.11595517714431
"AR","SIDM00819",4.2079304506908
"AR","SIDM00820",3.46785130970019
"AR","SIDM00821",3.43503246980949
"AR","SIDM00826",2.35828396809439
"AR","SIDM00832",2.31059112672174
"AR","SIDM00833",0.0139712871509154
"AR","SIDM00834",0.368678252458386
"AR","SIDM00835",5.11131243507996
"AR","SIDM00836",2.85449079817424
"AR","SIDM00837",1.98255918935477
"AR","SIDM00841",1.70621704905783
"AR","SIDM00842",1.80448065067175
"AR","SIDM00846",2.66096467460907
"AR","SIDM00859",0.859942517236401
"AR","SIDM00863",-1.95236765587445
"AR","SIDM00864",1.8646611708483
"AR","SIDM00875",2.16600880298753
"AR","SIDM00885",0.884182221138375
"AR","SIDM00889",1.14953337239066
"AR","SIDM00895",-0.766459741514434
"AR","SIDM00896",-0.402150567871907
"AR","SIDM00900",0.0859021707054679
"AR","SIDM00905",2.96281108699198
"AR","SIDM00915",1.03317633512869
"AR","SIDM00917",-1.41090719049895
"AR","SIDM00923",5.6830588217815
"AR","SIDM00927",-0.36374266653583
"AR","SIDM00929",7.29841211310767
"AR","SIDM00930",4.91787086865827
"AR","SIDM00935",4.58851222402597
"AR","SIDM00946",2.66754261694738
"AR","SIDM00948",0.526905934566699
"AR","SIDM00951",0.100419922131246
"AR","SIDM00952",0.142472371623195
"AR","SIDM00953",0.877331313045488
"AR","SIDM00954",1.01693224822549
"AR","SIDM00958",0.260733656583568
"AR","SIDM00960",7.5714308996568
"AR","SIDM00962",2.62128879736672
"AR","SIDM00964",1.62843585555778
"AR","SIDM00966",3.03029023035241
"AR","SIDM00967",3.79819329211911
"AR","SIDM00968",5.02502169516232
"AR","SIDM00969",4.52630713575505
"AR","SIDM00970",4.09086098040808
"AR","SIDM00971",5.2834968346723
"AR","SIDM00973",2.31154014091334
"AR","SIDM00974",5.56631802061287
"AR","SIDM00975",0.303105863315631
"AR","SIDM00976",3.29537974306466
"AR","SIDM00984",0.25106008697248
"AR","SIDM00995",4.70569782865125
"AR","SIDM01006",-1.64764514773837
"AR","SIDM01007",3.24422224661411
"AR","SIDM01011",-1.47972987619548
"AR","SIDM01017",-0.369199115280269
"AR","SIDM01019",3.69325878266798
"AR","SIDM01039",1.16968954220945
"AR","SIDM01041",2.97130853983957
"AR","SIDM01042",1.2018150709196
"AR","SIDM01047",2.20742096204036
"AR","SIDM01050",4.43170132418894
"AR","SIDM01061",1.13897647528462
"AR","SIDM01064",-0.544738551795622
"AR","SIDM01073",-0.0958453188026764
"AR","SIDM01090",1.47473506752028
"AR","SIDM01092",-0.856911711423462
"AR","SIDM01093",4.5110353903154
"AR","SIDM01095",0.549833382076098
"AR","SIDM01097",2.02060455695175
"AR","SIDM01098",3.66237990737663
"AR","SIDM01102",-0.386211019599084
"AR","SIDM01114",4.41264164032942
"AR","SIDM01117",1.30607024561838
"AR","SIDM01118",-0.980204415556394
"AR","SIDM01120",-0.927560927181057
"AR","SIDM01122",0.430214457082104
"AR","SIDM01126",0.426875302589536
"AR","SIDM01132",1.75710802267478
"AR","SIDM01133",-1.28761217765275
"AR","SIDM01140",2.81414869250479
"AR","SIDM01145",0.912023513378864
"AR","SIDM01146",1.84797338669775
"AR","SIDM01149",0.459948388584461
"AR","SIDM01155",5.61874194287556
"AR","SIDM01157",4.44152480840695
"AR","SIDM01159",1.41725044772898
"AR","SIDM01160",4.26480796956699
"AR","SIDM01161",4.85891209584643
"AR","SIDM01162",3.65206147594358
"AR","SIDM01163",0.920737584858563
"AR","SIDM01168",2.3940186781325
"AR","SIDM01173",3.38498735102877
"AR","SIDM01174",7.25503269191092
"AR","SIDM01175",2.25986057618678
"AR","SIDM01177",0.594063742941201
"AR","SIDM01178",2.79964359137345
"AR","SIDM01179",1.48113370474023
"AR","SIDM01183",0.629793011688734
"AR","SIDM01185",5.35114201557176
"AR","SIDM01187",3.15658471135916
"AR","SIDM01197",1.62698503183064
"AR","SIDM01198",-2.38050446812049
"AR","SIDM01203",0.29169719497699
"AR","SIDM01205",1.10630472313798
"AR","SIDM01206",-0.229732834558402
"AR","SIDM01210",0.898118186257939
"AR","SIDM01217",0.539495532565401
"AR","SIDM01218",0.840504081744916
"AR","SIDM01220",1.69303574592714
"AR","SIDM01228",2.33425200535673
"AR","SIDM01229",-1.34554863980725
"AR","SIDM01233",3.02241180491956
"AR","SIDM01237",4.10420443195983
"AR","SIDM01240",3.89228149295608
"AR","SIDM01242",2.09402371175942
"AR","SIDM01245",0.996423440800955
"AR","SIDM01246",2.56019875706119
"AR","SIDM01247",-0.610180097989021
"AR","SIDM01248",3.09355091997485
"AR","SIDM01251",0.844964792700577
"AR","SIDM01257",2.3773551398358
"AR","SIDM01259",-0.624401780354986
"AR","SIDM01483",2.76722452305773
"FOS","SIDM00002",-1.4729575069761
"FOS","SIDM00003",0.117220165627662
"FOS","SIDM00006",2.06904535632422
"FOS","SIDM00007",1.35688117370433
"FOS","SIDM00009",0.942561118609048
"FOS","SIDM00014",2.65528355401269
"FOS","SIDM00018",1.19677393550251
"FOS","SIDM00023",0.765914536351836
"FOS","SIDM00025",1.24178070237819
"FOS","SIDM00026",-3.13940466970919
"FOS","SIDM00027",-3.15098058038643
"FOS","SIDM00040",1.62161674572695
"FOS","SIDM00041",0.560493634943222
"FOS","SIDM00042",-0.316666872060561
"FOS","SIDM00043",5.92867708895619
"FOS","SIDM00044",1.49655942981555
"FOS","SIDM00045",-0.743210361348938
"FOS","SIDM00047",1.77976543179032
"FOS","SIDM00048",3.66038671072024
"FOS","SIDM00049",0.842670053937386
"FOS","SIDM00050",0.170575065543537
"FOS","SIDM00051",9.26930916923747
"FOS","SIDM00052",-0.878649726642249
"FOS","SIDM00053",1.61259660363514
"FOS","SIDM00054",3.78197239123011
"FOS","SIDM00056",5.97980933957949
"FOS","SIDM00057",-0.556356883411258
"FOS","SIDM00064",0.0284921814988858
"FOS","SIDM00068",-0.853275324633993
"FOS","SIDM00070",-0.567484042399819
"FOS","SIDM00077",0.830625152462893
"FOS","SIDM00082",-2.15948424228223
"FOS","SIDM00086",5.54493398288286
"FOS","SIDM00091",1.46650053001057
"FOS","SIDM00094",2.49339862713231
"FOS","SIDM00096",2.59884790850408
"FOS","SIDM00098",1.511212417602
"FOS","SIDM00099",3.88956601594874
"FOS","SIDM00100",1.82667087628307
"FOS","SIDM00101",1.7620736529065
"FOS","SIDM00102",1.61747177929485
"FOS","SIDM00103",2.89944203699498
"FOS","SIDM00104",1.12164147250281
"FOS","SIDM00111",1.75531002162351
"FOS","SIDM00112",3.15327781922973
"FOS","SIDM00113",0.301840942601511
"FOS","SIDM00114",0.188699188375806
"FOS","SIDM00115",0.471717415274239
"FOS","SIDM00118",-2.22767050782862
"FOS","SIDM00120",1.08044624178975
"FOS","SIDM00121",-0.193475549034726
"FOS","SIDM00126",-0.195650368229866
"FOS","SIDM00127",-0.33155438584451
"FOS","SIDM00128",1.0878123855755
"FOS","SIDM00129",3.28011055491607
"FOS","SIDM00136",0.989567615998373
"FOS","SIDM00137",-1.1268805419098
"FOS","SIDM00145",-0.406904638322489
"FOS","SIDM00154",2.52231450807266
"FOS","SIDM00155",-0.643726345027939
"FOS","SIDM00156",-2.70153816985514
"FOS","SIDM00157",-2.67612302455033
"FOS","SIDM00172",3.64067029927075
"FOS","SIDM00174",3.7346197006302
"FOS","SIDM00175",0.506408753716508
"FOS","SIDM00176",1.59418466956386
"FOS","SIDM00179",-0.637093863443336
"FOS","SIDM00180",0.799475609930446
"FOS","SIDM00181",2.9105615120976
"FOS","SIDM00182",1.43909486326172
"FOS","SIDM00183",-1.24439663361476
"FOS","SIDM00184",-1.3053629494404
"FOS","SIDM00185",-1.1668254629446
"FOS","SIDM00186",0.751032083805758
"FOS","SIDM00187",3.60359315567294
"FOS","SIDM00188",2.60095675243368
"FOS","SIDM00189",1.37542855273548
"FOS","SIDM00190",-0.116836587177441
"FOS","SIDM00191",1.14053107458552
"FOS","SIDM00193",2.35746027231345
"FOS","SIDM00195",-0.169228840539472
"FOS","SIDM00196",-3.10660603733132
"FOS","SIDM00197",-3.42401847760675
"FOS","SIDM00198",-1.73048840541182
"FOS","SIDM00199",1.4920360364771
"FOS","SIDM00200",-4.34141942962449
"FOS","SIDM00201",-3.3699746114314
"FOS","SIDM00202",-3.93308230616859
"FOS","SIDM00203",-3.36433719934559
"FOS","SIDM00206",1.46177643345602
"FOS","SIDM00207",1.03997745050376
"FOS","SIDM00208",-1.15277817068572
"FOS","SIDM00209",-0.305138394169395
"FOS","SIDM00211",-1.01512146196032
"FOS","SIDM00214",1.54480751860415
"FOS","SIDM00215",-0.271271721115133
"FOS","SIDM00216",-0.66161626741261
"FOS","SIDM00218",5.07597624124364
"FOS","SIDM00223",-2.10833501151087
"FOS","SIDM00224",2.39635031649163
"FOS","SIDM00225",1.26205672748846
"FOS","SIDM00227",-1.08525291014036
"FOS","SIDM00230",-1.12930241209042
"FOS","SIDM00231",1.77383900281247
"FOS","SIDM00232",1.701231835872
"FOS","SIDM00233",1.0199952956118
"FOS","SIDM00234",-1.74015851868961
"FOS","SIDM00240",3.18988944028041
"FOS","SIDM00241",-1.64256425387438
"FOS","SIDM00242",-0.932142910380162
"FOS","SIDM00243",-1.45420702577926
"FOS","SIDM00244",-2.21911077436105
"FOS","SIDM00245",-2.34401959924688
"FOS","SIDM00251",-0.280164651915398
"FOS","SIDM00252",2.01282367653354
"FOS","SIDM00253",-1.7344683879148
"FOS","SIDM00254",-1.64650916574557
"FOS","SIDM00255",-2.82968188454476
"FOS","SIDM00256",-1.95003348474709
"FOS","SIDM00257",-1.17539277943627
"FOS","SIDM00258",-2.78047165293723
"FOS","SIDM00259",-1.40126004196885
"FOS","SIDM00260",0.672638123589038
"FOS","SIDM00261",-2.1886265125949
"FOS","SIDM00262",-1.74218136310601
"FOS","SIDM00263",-4.35306550706013
"FOS","SIDM00264",-2.07807769839294
"FOS","SIDM00265",-2.44338320231001
"FOS","SIDM00266",0.313510390372002
"FOS","SIDM00267",0.178603163658845
"FOS","SIDM00269",-1.98567998670625
"FOS","SIDM00270",1.57372538066075
"FOS","SIDM00274",-0.421024170911507
"FOS","SIDM00276",2.67101426573502
"FOS","SIDM00277",-1.36215347802329
"FOS","SIDM00281",2.54910491521343
"FOS","SIDM00283",-0.0682594155716946
"FOS","SIDM00285",-3.58507151945082
"FOS","SIDM00287",-2.28945594869999
"FOS","SIDM00289",1.6609563206254
"FOS","SIDM00291",2.19471249016657
"FOS","SIDM00292",-2.22308406627656
"FOS","SIDM00293",-0.977604272249754
"FOS","SIDM00294",-1.71022100715451
"FOS","SIDM00296",-3.58996476207655
"FOS","SIDM00297",1.26262154616977
"FOS","SIDM00299",1.12879066242351
"FOS","SIDM00300",-1.33180438509143
"FOS","SIDM00302",4.40292158111954
"FOS","SIDM00304",-1.61915133076757
"FOS","SIDM00308",2.20818170879136
"FOS","SIDM00309",2.40342574006048
"FOS","SIDM00310",3.01338036386398
"FOS","SIDM00311",5.09710859237914
"FOS","SIDM00316",3.72689167502278
"FOS","SIDM00317",3.04239584054318
"FOS","SIDM00319",1.1346449303962
"FOS","SIDM00320",-2.6592679803729
"FOS","SIDM00323",0.697755997126432
"FOS","SIDM00324",0.7403333565015
"FOS","SIDM00326",0.332879201676306
"FOS","SIDM00328",-0.325279011876474
"FOS","SIDM00330",-1.02421631599763
"FOS","SIDM00332",-2.47800843120793
"FOS","SIDM00343",1.65750615074112
"FOS","SIDM00346",0.696302863276676
"FOS","SIDM00349",2.38142840091973
"FOS","SIDM00350",1.72327539668867
"FOS","SIDM00351",1.11074535384898
"FOS","SIDM00362",-1.41336188269304
"FOS","SIDM00364",1.54332113846767
"FOS","SIDM00365",-2.29437365197801
"FOS","SIDM00367",-1.67521333986757
"FOS","SIDM00371",0.171103426815335
"FOS","SIDM00374",-0.307653445523161
"FOS","SIDM00375",0.828528782867908
"FOS","SIDM00377",3.37856607774572
"FOS","SIDM00379",2.27976046015566
"FOS","SIDM00381",2.4708347674305
"FOS","SIDM00383",-0.61222366790393
"FOS","SIDM00384",2.83318976036097
"FOS","SIDM00388",-2.60472333408631
"FOS","SIDM00389",1.47382398958909
"FOS","SIDM00393",2.21362668212261
"FOS","SIDM00394",2.61894434291266
"FOS","SIDM00397",0.660079543343262
"FOS","SIDM00399",-2.03216306928099
"FOS","SIDM00400",-0.515184214356314
"FOS","SIDM00401",0.536380718910336
"FOS","SIDM00404",-0.546603197346259
"FOS","SIDM00406",0.789067100770839
"FOS","SIDM00407",-1.40417332150131
"FOS","SIDM00410",1.79012195622189
"FOS","SIDM00411",0.255116889715719
"FOS","SIDM00412",-1.72262843108792
"FOS","SIDM00413",0.125385656525409
"FOS","SIDM00414",4.57367354006974
"FOS","SIDM00415",-1.1605717371445
"FOS","SIDM00416",-2.82474709969877
"FOS","SIDM00417",-1.24054687338687
"FOS","SIDM00418",1.58059960034696
"FOS","SIDM00420",3.24681664123493
"FOS","SIDM00422",-0.25660882198925
"FOS","SIDM00424",-0.847326875764644
"FOS","SIDM00427",-1.35212378337453
"FOS","SIDM00438",0.965900931080514
"FOS","SIDM00441",-0.197428707185425
"FOS","SIDM00444",-0.648320079790844
"FOS","SIDM00445",0.376394316399141
"FOS","SIDM00448",1.62084376936278
"FOS","SIDM00459",-1.15548357910155
"FOS","SIDM00465",1.94584461414182
"FOS","SIDM00466",-1.70887608693883
"FOS","SIDM00467",-0.867935559628077
"FOS","SIDM00472",1.42359634951745
"FOS","SIDM00476",0.0148241526008949
"FOS","SIDM00482",-2.07242985959477
"FOS","SIDM00483",1.2287031875
"FOS","SIDM00487",0.235505615878087
"FOS","SIDM00488",3.77917138926435
"FOS","SIDM00489",-0.00896912699862062
"FOS","SIDM00490",-2.63366822335067
"FOS","SIDM00491",5.65327793476151
"FOS","SIDM00496",1.93921544419437
"FOS","SIDM00498",5.54861619668464
"FOS","SIDM00501",1.77854157102486
"FOS","SIDM00504",-0.411494977958471
"FOS","SIDM00507",-3.00185542579279
"FOS","SIDM00508",-1.87888591943729
"FOS","SIDM00510",-1.0622240097821
"FOS","SIDM00516",-0.0529512578893553
"FOS","SIDM00517",0.728641421004735
"FOS","SIDM00518",-0.465642668049489
"FOS","SIDM00519",2.62683723009758
"FOS","SIDM00520",3.71701205359233
"FOS","SIDM00527",2.52658232987352
"FOS","SIDM00528",0.367849593008754
"FOS","SIDM00530",-0.763947774602072
"FOS","SIDM00532",0.941723054959801
"FOS","SIDM00534",1.06671703291991
"FOS","SIDM00535",0.0207275600202725
"FOS","SIDM00537",-2.06637542999313
"FOS","SIDM00538",1.35512839323681
"FOS","SIDM00539",2.22758857865077
"FOS","SIDM00540",3.98495163135235
"FOS","SIDM00541",-0.301661049243895
"FOS","SIDM00542",4.87811686030441
"FOS","SIDM00543",0.695443194278541
"FOS","SIDM00544",-1.34944134688363
"FOS","SIDM00549",0.181346717630756
"FOS","SIDM00550",-0.567592526896102
"FOS","SIDM00551",-2.76957966907403
"FOS","SIDM00553",-1.01359566430848
"FOS","SIDM00561",-0.140787257783946
"FOS","SIDM00562",-2.24722622351095
"FOS","SIDM00565",2.41870031667034
"FOS","SIDM00566",6.45834616942127
"FOS","SIDM00569",-0.604979394562631
"FOS","SIDM00573",0.014024473847618
"FOS","SIDM00574",0.0130782827709739
"FOS","SIDM00576",-0.130163076734154
"FOS","SIDM00577",-1.71160222699042
"FOS","SIDM00579",0.304559804551716
"FOS","SIDM00583",-0.541639638444132
"FOS","SIDM00584",3.16128644628727
"FOS","SIDM00591",3.84459538008534
"FOS","SIDM00592",5.79680008473473
"FOS","SIDM00596",-0.399045618406198
"FOS","SIDM00599",0.349813936412218
"FOS","SIDM00600",-0.516291294810709
"FOS","SIDM00603",-0.597983879207761
"FOS","SIDM00604",4.25913060823941
"FOS","SIDM00606",2.85894748582581
"FOS","SIDM00612",0.47413760856445
"FOS","SIDM00619",-0.576643216994694
"FOS","SIDM00620",-0.153042710142392
"FOS","SIDM00621",-1.23852262843753
"FOS","SIDM00622",1.99695121151618
"FOS","SIDM00623",3.85829610544923
"FOS","SIDM00627",1.75152709391751
"FOS","SIDM00631",-0.786011754476608
"FOS","SIDM00632",0.921582615586506
"FOS","SIDM00636",-0.528373061199845
"FOS","SIDM00638",2.05778154962274
"FOS","SIDM00648",-0.747849479260987
"FOS","SIDM00650",-1.67682730963723
"FOS","SIDM00655",-2.26449613578174
"FOS","SIDM00659",2.44149758616802
"FOS","SIDM00667",2.86224517521113
"FOS","SIDM00668",-2.92486865501828
"FOS","SIDM00677",1.18143478393445
"FOS","SIDM00679",2.50650154692408
"FOS","SIDM00680",-0.223827466370998
"FOS","SIDM00688",0.316949307461138
"FOS","SIDM00690",6.36354471780854
"FOS","SIDM00699",-2.93948496178088
"FOS","SIDM00700",0.850902380889684
"FOS","SIDM00719",-2.18387117345153
"FOS","SIDM00721",-2.31164179034862
"FOS","SIDM00732",0.26660245905218
"FOS","SIDM00737",-2.80628896439591
"FOS","SIDM00758",0.196364464787709
"FOS","SIDM00767",0.938124685629358
"FOS","SIDM00770",-2.03051743154482
"FOS","SIDM00781",-0.121606052349802
"FOS","SIDM00783",-0.385975814112523
"FOS","SIDM00789",0.804157790965382
"FOS","SIDM00792",-0.858503980817777
"FOS","SIDM00793",-4.38886557385926
"FOS","SIDM00794",2.19380763917153
"FOS","SIDM00808",-0.374060240887867
"FOS","SIDM00810",0.06453251138021
"FOS","SIDM00813",0.182885651493508
"FOS","SIDM00814",-1.37428899780443
"FOS","SIDM00815",2.08959668507531
"FOS","SIDM00816",1.65047317726719
"FOS","SIDM00817",0.89728828532045
"FOS","SIDM00818",0.863497310850205
"FOS","SIDM00819",1.87724022373448
"FOS","SIDM00820",3.16652505012736
"FOS","SIDM00821",0.349635264367924
"FOS","SIDM00826",0.125831955138974
"FOS","SIDM00832",-0.568469145608754
"FOS","SIDM00833",-0.0896157826502984
"FOS","SIDM00834",-2.50320823250866
"FOS","SIDM00835",6.74220717024649
"FOS","SIDM00836",0.131970695483512
"FOS","SIDM00837",2.75158295279941
"FOS","SIDM00841",-1.4732557616904
"FOS","SIDM00842",-3.06709720284491
"FOS","SIDM00846",1.09452393184698
"FOS","SIDM00859",0.626999430963731
"FOS","SIDM00863",-1.7358621986151
"FOS","SIDM00864",2.24171195130245
"FOS","SIDM00875",4.12336011665047
"FOS","SIDM00885",0.710629175813835
"FOS","SIDM00889",-1.64028951045051
"FOS","SIDM00895",-2.02564302454095
"FOS","SIDM00896",-1.0841587385431
"FOS","SIDM00900",-1.61800079928568
"FOS","SIDM00905",1.68529794743257
"FOS","SIDM00915",-2.51011655869763
"FOS","SIDM00917",-0.175665509639258
"FOS","SIDM00923",2.99042038613971
"FOS","SIDM00927",-3.45087577662537
"FOS","SIDM00929",4.66252369536907
"FOS","SIDM00930",1.63632486832523
"FOS","SIDM00935",5.23137742863817
"FOS","SIDM00946",1.20296046843231
"FOS","SIDM00948",-0.0761169512712088
"FOS","SIDM00951",-1.35820781045627
"FOS","SIDM00952",-0.0272462498656243
"FOS","SIDM00953",-1.95761827743936
"FOS","SIDM00954",-1.85375339231597
"FOS","SIDM00958",0.986269331264431
"FOS","SIDM00960",4.63211731624652
"FOS","SIDM00962",-0.349161949223059
"FOS","SIDM00964",3.59701526919667
"FOS","SIDM00966",3.12287115068285
"FOS","SIDM00967",3.11619696063693
"FOS","SIDM00968",3.6318634248824
"FOS","SIDM00969",1.84856217568387
"FOS","SIDM00970",1.15336194128018
"FOS","SIDM00971",0.306085702488339
"FOS","SIDM00973",4.32605467892907
"FOS","SIDM00974",0.843397823663137
"FOS","SIDM00975",0.06425732167315
"FOS","SIDM00976",2.69629689466813
"FOS","SIDM00984",0.143037160744605
"FOS","SIDM00995",4.78969780671369
"FOS","SIDM01006",-1.10716357832202
"FOS","SIDM01007",0.852944973761948
"FOS","SIDM01011",-1.02413224489607
"FOS","SIDM01017",-0.275305998866089
"FOS","SIDM01019",-0.287839027109535
"FOS","SIDM01039",-1.12653317938633
"FOS","SIDM01041",1.01122500970465
"FOS","SIDM01042",-1.26707247149052
"FOS","SIDM01047",-0.793758929086897
"FOS","SIDM01050",3.2083342613766
"FOS","SIDM01061",0.651437053233689
"FOS","SIDM01064",0.801739142177533
"FOS","SIDM01073",-1.17980016552515
"FOS","SIDM01090",1.07056811227924
"FOS","SIDM01092",-0.179873469240361
"FOS","SIDM01093",0.699642012629953
"FOS","SIDM01095",0.900932833840804
"FOS","SIDM01097",-2.50259176418019
"FOS","SIDM01098",-0.312762908972377
"FOS","SIDM01102",-1.18397474956274
"FOS","SIDM01114",1.65097578559255
"FOS","SIDM01117",-1.77961678234676
"FOS","SIDM01118",-3.57241310691117
"FOS","SIDM01120",-4.27962687566095
"FOS","SIDM01122",-0.516222039735447
"FOS","SIDM01126",-3.16627578633253
"FOS","SIDM01132",1.64581724357955
"FOS","SIDM01133",-4.27055444259129
"FOS","SIDM01140",-0.153656310152326
"FOS","SIDM01145",-0.579983203680212
"FOS","SIDM01146",-1.16490615255045
"FOS","SIDM01149",-2.66883630762029
"FOS","SIDM01155",4.69570508002191
"FOS","SIDM01157",4.21266935833768
"FOS","SIDM01159",-1.54325334550576
"FOS","SIDM01160",2.15345329764703
"FOS","SIDM01161",6.07636319627312
"FOS","SIDM01162",0.984073242727909
"FOS","SIDM01163",-0.313074778458964
"FOS","SIDM01168",0.872675535924663
"FOS","SIDM01173",1.95578113116586
"FOS","SIDM01174",3.58034568611632
"FOS","SIDM01175",2.47927806408121
"FOS","SIDM01177",-0.114286988363382
"FOS","SIDM01178",2.97860527274271
"FOS","SIDM01179",-0.0130600740308702
"FOS","SIDM01183",-0.961225584392448
"FOS","SIDM01185",2.79281934458861
"FOS","SIDM01187",-0.550463011229786
"FOS","SIDM01197",-0.609855853266589
"FOS","SIDM01198",-2.03949026235529
"FOS","SIDM01203",-2.24697186232456
"FOS","SIDM01205",3.02807002321674
"FOS","SIDM01206",-3.08700645529977
"FOS","SIDM01210",-0.94331081841939
"FOS","SIDM01217",-0.361021610551399
"FOS","SIDM01218",-0.00922551935217815
"FOS","SIDM01220",1.56192950578951
"FOS","SIDM01228",-0.579194159756689
"FOS","SIDM01229",-2.67666994702078
"FOS","SIDM01233",0.972447690563838
"FOS","SIDM01237",3.20622626641194
"FOS","SIDM01240",3.09577378688513
"FOS","SIDM01242",0.138293747613179
"FOS","SIDM01245",-1.26520413162562
"FOS","SIDM01246",-0.74912629090984
"FOS","SIDM01247",-1.29999333243695
"FOS","SIDM01248",-0.449460317351984
"FOS","SIDM01251",2.00717724470201
"FOS","SIDM01257",-2.45822838392382
"FOS","SIDM01259",-1.62080542542205
"FOS","SIDM01483",-0.98768079176545
"FOSL1","SIDM00002",0.562729969078361
"FOSL1","SIDM00003",-0.270002666100026
"FOSL1","SIDM00006",-0.316502660693593
"FOSL1","SIDM00007",1.50956724457024
"FOSL1","SIDM00009",-0.864766268406166
"FOSL1","SIDM00014",-1.15918432822359
"FOSL1","SIDM00018",-3.32368486866618
"FOSL1","SIDM00023",3.14261810056071
"FOSL1","SIDM00025",3.21207991578387
"FOSL1","SIDM00026",-0.814428075423048
"FOSL1","SIDM00027",-0.130717681336405
"FOSL1","SIDM00040",-1.12891145002817
"FOSL1","SIDM00041",0.644496546371903
"FOSL1","SIDM00042",-0.399358571612611
"FOSL1","SIDM00043",0.230143723909151
"FOSL1","SIDM00044",0.710053737210869
"FOSL1","SIDM00045",-0.865747924776106
"FOSL1","SIDM00047",1.70654372243492
"FOSL1","SIDM00048",0.431127165247936
"FOSL1","SIDM00049",1.24400789553558
"FOSL1","SIDM00050",0.440149546610097
"FOSL1","SIDM00051",3.84501703819699
"FOSL1","SIDM00052",0.0716372881633963
"FOSL1","SIDM00053",-1.21677430293781
"FOSL1","SIDM00054",-0.269663351444822
"FOSL1","SIDM00056",0.773682179324588
"FOSL1","SIDM00057",-1.9316168085314
"FOSL1","SIDM00064",0.559925589142964
"FOSL1","SIDM00068",-1.60872298159875
"FOSL1","SIDM00070",-0.412492886283026
"FOSL1","SIDM00077",-1.22034249601664
"FOSL1","SIDM00082",-0.755670417422006
"FOSL1","SIDM00086",1.01483387127283
"FOSL1","SIDM00091",-0.950153162369736
"FOSL1","SIDM00094",1.26691896403249
"FOSL1","SIDM00096",0.274288560909987
"FOSL1","SIDM00098",-0.526818929558438
"FOSL1","SIDM00099",-0.00529168691195894
"FOSL1","SIDM00100",-1.07943248004982
"FOSL1","SIDM00101",0.257819980883889
"FOSL1","SIDM00102",0.00335735879757582
"FOSL1","SIDM00103",-0.177021898367674
"FOSL1","SIDM00104",1.35710304936732
"FOSL1","SIDM00111",1.01237641362121
"FOSL1","SIDM00112",-1.18323693249088
"FOSL1","SIDM00113",0.408159452179617
"FOSL1","SIDM00114",-1.45051558328235
"FOSL1","SIDM00115",0.229341446594065
"FOSL1","SIDM00118",-0.252521726049807
"FOSL1","SIDM00120",1.0776496734138
"FOSL1","SIDM00121",-0.0783361920564395
"FOSL1","SIDM00126",-1.95086343592887
"FOSL1","SIDM00127",0.660444644175479
"FOSL1","SIDM00128",0.642039173912763
"FOSL1","SIDM00129",-1.13344831072668
"FOSL1","SIDM00136",-1.21765379975296
"FOSL1","SIDM00137",-0.0445623728150524
"FOSL1","SIDM00145",0.171685907879794
"FOSL1","SIDM00154",-0.141629145531404
"FOSL1","SIDM00155",0.65798042933824
"FOSL1","SIDM00156",-0.880858824897176
"FOSL1","SIDM00157",0.0807327112297843
"FOSL1","SIDM00172",-0.107340599576669
"FOSL1","SIDM00174",1.38110716207131
"FOSL1","SIDM00175",1.16612343517401
"FOSL1","SIDM00176",2.91222474345953
"FOSL1","SIDM00179",-0.764566287679695
"FOSL1","SIDM00180",0.143250816811459
"FOSL1","SIDM00181",1.95845583118215
"FOSL1","SIDM00182",0.943822762563434
"FOSL1","SIDM00183",0.602358592101036
"FOSL1","SIDM00184",0.747379642676561
"FOSL1","SIDM00185",-0.243278491265607
"FOSL1","SIDM00186",0.0189876201106645
"FOSL1","SIDM00187",0.686226628924512
"FOSL1","SIDM00188",0.332409939573872
"FOSL1","SIDM00189",-0.757827996554349
"FOSL1","SIDM00190",-2.14441520988427
"FOSL1","SIDM00191",-0.194046831804851
"FOSL1","SIDM00193",-0.330515155837364
"FOSL1","SIDM00195",0.754674216341854
"FOSL1","SIDM00196",-0.648457655830829
"FOSL1","SIDM00197",-0.308393324822775
"FOSL1","SIDM00198",0.672416844775185
"FOSL1","SIDM00199",1.04627531291598
"FOSL1","SIDM00200",-1.03607993090464
"FOSL1","SIDM00201",1.04777966114289
"FOSL1","SIDM00202",-0.59138288708491
"FOSL1","SIDM00203",-0.488123528364985
"FOSL1","SIDM00206",1.50454769763282
"FOSL1","SIDM00207",1.92034676904504
"FOSL1","SIDM00208",-0.20718725045517
"FOSL1","SIDM00209",0.785112486761195
"FOSL1","SIDM00211",-0.428108311072625
"FOSL1","SIDM00214",-0.560639105737304
"FOSL1","SIDM00215",-1.13623340596674
"FOSL1","SIDM00216",-0.544569833170651
"FOSL1","SIDM00218",1.68799234948244
"FOSL1","SIDM00223",-0.0481128251900835
"FOSL1","SIDM00224",-0.0787263562108152
"FOSL1","SIDM00225",1.62668222526865
"FOSL1","SIDM00227",0.994558398485002
"FOSL1","SIDM00230",-0.602598980067978
"FOSL1","SIDM00231",-0.622400263144772
"FOSL1","SIDM00232",-0.149943109959156
"FOSL1","SIDM00233",0.413159976938504
"FOSL1","SIDM00234",-1.05802049951072
"FOSL1","SIDM00240",1.19189351506649
"FOSL1","SIDM00241",-0.722264021653767
"FOSL1","SIDM00242",0.123158777575408
"FOSL1","SIDM00243",-0.394276193316574
"FOSL1","SIDM00244",0.581316910947519
"FOSL1","SIDM00245",0.935450729751402
"FOSL1","SIDM00251",-0.972335037556316
"FOSL1","SIDM00252",-0.00979611023480558
"FOSL1","SIDM00253",0.856536528032739
"FOSL1","SIDM00254",-0.11836484929623
"FOSL1","SIDM00255",0.154799684065604
"FOSL1","SIDM00256",-0.440206952923536
"FOSL1","SIDM00257",-0.344492830048672
"FOSL1","SIDM00258",-1.02233924357515
"FOSL1","SIDM00259",-1.29242708695051
"FOSL1","SIDM00260",-0.426007731136329
"FOSL1","SIDM00261",-0.605888925774445
"FOSL1","SIDM00262",0.722790021912435
"FOSL1","SIDM00263",-1.10422326722773
"FOSL1","SIDM00264",-0.123505819982053
"FOSL1","SIDM00265",-1.02436126342601
"FOSL1","SIDM00266",1.52673057281832
"FOSL1","SIDM00267",-2.71619735951779
"FOSL1","SIDM00269",-0.116248752024603
"FOSL1","SIDM00270",2.96181076245641
"FOSL1","SIDM00274",-0.406212072361361
"FOSL1","SIDM00276",-1.29332239809284
"FOSL1","SIDM00277",-0.770793624704593
"FOSL1","SIDM00281",-0.298729135385948
"FOSL1","SIDM00283",-0.505905845908926
"FOSL1","SIDM00285",-0.726746345494553
"FOSL1","SIDM00287",-1.16671386146992
"FOSL1","SIDM00289",-0.659014127170457
"FOSL1","SIDM00291",-0.512048392636426
"FOSL1","SIDM00292",-0.638706008770951
"FOSL1","SIDM00293",0.544570977351928
"FOSL1","SIDM00294",0.119981172289187
"FOSL1","SIDM00296",-1.12806902152258
"FOSL1","SIDM00297",-1.03948019341869
"FOSL1","SIDM00299",0.332705250829461
"FOSL1","SIDM00300",-0.765129057318601
"FOSL1","SIDM00302",0.641671168444203
"FOSL1","SIDM00304",-0.0519325138849947
"FOSL1","SIDM00308",-0.472989166494909
"FOSL1","SIDM00309",-0.638034181640233
"FOSL1","SIDM00310",-0.801430737192768
"FOSL1","SIDM00311",-0.482517885043304
"FOSL1","SIDM00316",1.14382240421053
"FOSL1","SIDM00317",-0.214029345493252
"FOSL1","SIDM00319",1.79352599692308
"FOSL1","SIDM00320",-1.11173036222185
"FOSL1","SIDM00323",-0.331721446137707
"FOSL1","SIDM00324",-0.46519847123258
"FOSL1","SIDM00326",0.0133586439916809
"FOSL1","SIDM00328",-2.32253826282575
"FOSL1","SIDM00330",-1.01238592649958
"FOSL1","SIDM00332",-0.388608026215782
"FOSL1","SIDM00343",0.418654911983507
"FOSL1","SIDM00346",-0.320669476224695
"FOSL1","SIDM00349",0.677921810254941
"FOSL1","SIDM00350",0.449415196079319
"FOSL1","SIDM00351",0.369939636392788
"FOSL1","SIDM00362",-0.527080881131626
"FOSL1","SIDM00364",-0.298297860847139
"FOSL1","SIDM00365",0.230239169654124
"FOSL1","SIDM00367",-0.146883975490655
"FOSL1","SIDM00371",-0.454082579387838
"FOSL1","SIDM00374",-0.00320058743904066
"FOSL1","SIDM00375",5.80787520247892e-05
"FOSL1","SIDM00377",1.79374661588603
"FOSL1","SIDM00379",0.774247306362597
"FOSL1","SIDM00381",0.381242996257195
"FOSL1","SIDM00383",-0.818633554322205
"FOSL1","SIDM00384",0.463609372706794
"FOSL1","SIDM00388",-0.81072067218509
"FOSL1","SIDM00389",-0.790237804476715
"FOSL1","SIDM00393",0.647180226870991
"FOSL1","SIDM00394",5.61143671006305
"FOSL1","SIDM00397",-1.04642961010166
"FOSL1","SIDM00399",-0.587753247392412
"FOSL1","SIDM00400",-0.485125267831481
"FOSL1","SIDM00401",-2.26278397156579
"FOSL1","SIDM00404",-0.844748085821084
"FOSL1","SIDM00406",0.315087238420006
"FOSL1","SIDM00407",-0.611421731761028
"FOSL1","SIDM00410",-0.129122777525506
"FOSL1","SIDM00411",-0.339620095879187
"FOSL1","SIDM00412",-0.633786668893825
"FOSL1","SIDM00413",-0.25558186455469
"FOSL1","SIDM00414",2.38665976099688
"FOSL1","SIDM00415",-0.252962015184292
"FOSL1","SIDM00416",-1.22035251302168
"FOSL1","SIDM00417",-0.410616106033821
"FOSL1","SIDM00418",-1.37364338942475
"FOSL1","SIDM00420",-1.03493427022865
"FOSL1","SIDM00422",-0.208538353879234
"FOSL1","SIDM00424",-0.654757199640497
"FOSL1","SIDM00427",-0.743412672095361
"FOSL1","SIDM00438",-0.546763183267818
"FOSL1","SIDM00441",-0.938856257242364
"FOSL1","SIDM00444",-0.507995767709992
"FOSL1","SIDM00445",1.29226059087163
"FOSL1","SIDM00448",-0.284655375312123
"FOSL1","SIDM00459",-0.0703659319040038
"FOSL1","SIDM00465",-0.677875755316725
"FOSL1","SIDM00466",0.0648152865539639
"FOSL1","SIDM00467",-0.576241327771066
"FOSL1","SIDM00472",2.35376937019635
"FOSL1","SIDM00476",-0.609795552157432
"FOSL1","SIDM00482",-0.207401441975295
"FOSL1","SIDM00483",0.0828113557506722
"FOSL1","SIDM00487",-1.47031348422676
"FOSL1","SIDM00488",0.899143554343747
"FOSL1","SIDM00489",4.11399548945965
"FOSL1","SIDM00490",2.79676647200433
"FOSL1","SIDM00491",5.77170832802086
"FOSL1","SIDM00496",0.198621544042387
"FOSL1","SIDM00498",1.01552553617771
"FOSL1","SIDM00501",3.48517580355756
"FOSL1","SIDM00504",0.0475851010648588
"FOSL1","SIDM00507",-0.0941785764705279
"FOSL1","SIDM00508",0.157851597386843
"FOSL1","SIDM00510",0.128066843620545
"FOSL1","SIDM00516",-0.581005828497711
"FOSL1","SIDM00517",-0.371571555236466
"FOSL1","SIDM00518",-0.0492443326815792
"FOSL1","SIDM00519",2.97921717211943
"FOSL1","SIDM00520",4.29643310055615
"FOSL1","SIDM00527",4.65568592579208
"FOSL1","SIDM00528",1.06844912041928
"FOSL1","SIDM00530",-0.935648192779916
"FOSL1","SIDM00532",0.536086071157863
"FOSL1","SIDM00534",-0.971554569958906
"FOSL1","SIDM00535",-0.7828591408934
"FOSL1","SIDM00537",-0.541518004352251
"FOSL1","SIDM00538",2.32348354439895
"FOSL1","SIDM00539",-1.14538890310086
"FOSL1","SIDM00540",6.61657514674513
"FOSL1","SIDM00541",-1.30152356756385
"FOSL1","SIDM00542",1.41078926238426
"FOSL1","SIDM00543",-0.899673765396265
"FOSL1","SIDM00544",-0.171185845793162
"FOSL1","SIDM00549",-0.900825496547134
"FOSL1","SIDM00550",-0.0782112229504554
"FOSL1","SIDM00551",-0.810156001459306
"FOSL1","SIDM00553",-2.1809731433109
"FOSL1","SIDM00561",-0.64147455655759
"FOSL1","SIDM00562",-0.732364320584503
"FOSL1","SIDM00565",3.20648844483931
"FOSL1","SIDM00566",1.54571261161971
"FOSL1","SIDM00569",1.87571874353695
"FOSL1","SIDM00573",0.612111253772018
"FOSL1","SIDM00574",-0.461480523959146
"FOSL1","SIDM00576",-1.07841882215278
"FOSL1","SIDM00577",-0.00269666645317914
"FOSL1","SIDM00579",-0.0695831127995777
"FOSL1","SIDM00583",-0.194782927726128
"FOSL1","SIDM00584",6.73593017999508
"FOSL1","SIDM00591",-1.15443227084238
"FOSL1","SIDM00592",-1.12553451210909
"FOSL1","SIDM00596",-2.49750210441456
"FOSL1","SIDM00599",-0.0937083773002219
"FOSL1","SIDM00600",0.400970983361151
"FOSL1","SIDM00603",1.04548621540142
"FOSL1","SIDM00604",-1.87171679364258
"FOSL1","SIDM00606",1.93755445318814
"FOSL1","SIDM00612",0.53576750026355
"FOSL1","SIDM00619",0.287148419605058
"FOSL1","SIDM00620",-1.27924564847013
"FOSL1","SIDM00621",-0.47243262498054
"FOSL1","SIDM00622",1.67999655131368
"FOSL1","SIDM00623",0.0319345882764623
"FOSL1","SIDM00627",1.02990785978282
"FOSL1","SIDM00631",3.02527819781418
"FOSL1","SIDM00632",-0.320469250366716
"FOSL1","SIDM00636",-0.66947443957761
"FOSL1","SIDM00638",1.47732185934036
"FOSL1","SIDM00648",0.903501648736698
"FOSL1","SIDM00650",0.218312040845834
"FOSL1","SIDM00655",-0.751323180098535
"FOSL1","SIDM00659",-1.58231085038927
"FOSL1","SIDM00667",2.41633267819465
"FOSL1","SIDM00668",-0.899066427930612
"FOSL1","SIDM00677",-1.04775694958367
"FOSL1","SIDM00679",-0.110094681497056
"FOSL1","SIDM00680",-0.430140115651603
"FOSL1","SIDM00688",-0.201530414175369
"FOSL1","SIDM00690",3.37712919507711
"FOSL1","SIDM00699",0.177985457684119
"FOSL1","SIDM00700",-2.83191534233007
"FOSL1","SIDM00719",-0.715079526823145
"FOSL1","SIDM00721",-0.377339429364714
"FOSL1","SIDM00732",0.419783361431215
"FOSL1","SIDM00737",0.478147428699152
"FOSL1","SIDM00758",0.451089155090108
"FOSL1","SIDM00767",-0.171097214724612
"FOSL1","SIDM00770",0.581827227854234
"FOSL1","SIDM00781",-0.8865127925132
"FOSL1","SIDM00783",-0.286937050492195
"FOSL1","SIDM00789",-1.51260636701964
"FOSL1","SIDM00792",1.40253956618843
"FOSL1","SIDM00793",-1.12537440176355
"FOSL1","SIDM00794",-0.781193258665596
"FOSL1","SIDM00808",-1.15475085439313
"FOSL1","SIDM00810",-0.702835352203994
"FOSL1","SIDM00813",-1.0569090587973
"FOSL1","SIDM00814",-0.956388801439475
"FOSL1","SIDM00815",-0.0600921817538989
"FOSL1","SIDM00816",-0.630654250673189
"FOSL1","SIDM00817",1.11657051152298
"FOSL1","SIDM00818",0.596798304440893
"FOSL1","SIDM00819",0.12199239592992
"FOSL1","SIDM00820",0.303559499265667
"FOSL1","SIDM00821",-0.981254942526845
"FOSL1","SIDM00826",-1.76614560830903
"FOSL1","SIDM00832",-1.61871256758025
"FOSL1","SIDM00833",-0.228078136975141
"FOSL1","SIDM00834",-0.917852862718411
"FOSL1","SIDM00835",0.348930353772621
"FOSL1","SIDM00836",-1.04317526868468
"FOSL1","SIDM00837",0.713812223766377
"FOSL1","SIDM00841",-0.592557855288082
"FOSL1","SIDM00842",-1.06681935053034
"FOSL1","SIDM00846",1.90005946604375
"FOSL1","SIDM00859",0.0700165025879876
"FOSL1","SIDM00863",-1.2784657172445
"FOSL1","SIDM00864",0.22539293948434
"FOSL1","SIDM00875",0.0746531253394693
"FOSL1","SIDM00885",-0.467468932961496
"FOSL1","SIDM00889",-0.400986544692809
"FOSL1","SIDM00895",-0.109002911152778
"FOSL1","SIDM00896",-0.200074479378756
"FOSL1","SIDM00900",-0.654761451868006
"FOSL1","SIDM00905",0.239976777049517
"FOSL1","SIDM00915",0.765318669962705
"FOSL1","SIDM00917",-0.578382902846469
"FOSL1","SIDM00923",2.8532650565465
"FOSL1","SIDM00927",-1.09560343729803
"FOSL1","SIDM00929",3.90531304045692
"FOSL1","SIDM00930",2.20465432872766
"FOSL1","SIDM00935",0.366818446733104
"FOSL1","SIDM00946",0.873589532210968
"FOSL1","SIDM00948",0.169367610500382
"FOSL1","SIDM00951",-0.545583282474447
"FOSL1","SIDM00952",-0.433996507496055
"FOSL1","SIDM00953",0.105850834482539
"FOSL1","SIDM00954",-0.0437046255670438
"FOSL1","SIDM00958",-0.278379983320693
"FOSL1","SIDM00960",-0.162254787264705
"FOSL1","SIDM00962",0.468439380001732
"FOSL1","SIDM00964",2.88845267004065
"FOSL1","SIDM00966",0.730773316712504
"FOSL1","SIDM00967",-1.00136501903738
"FOSL1","SIDM00968",1.78326413448501
"FOSL1","SIDM00969",-0.328007054205069
"FOSL1","SIDM00970",0.344472553822912
"FOSL1","SIDM00971",0.972181740012904
"FOSL1","SIDM00973",-2.28866642765036
"FOSL1","SIDM00974",0.304650056513265
"FOSL1","SIDM00975",-1.31950391845624
"FOSL1","SIDM00976",2.11370886304016
"FOSL1","SIDM00984",-0.868073131133227
"FOSL1","SIDM00995",1.79846401569586
"FOSL1","SIDM01006",-0.172199817228151
"FOSL1","SIDM01007",-0.203621393394879
"FOSL1","SIDM01011",-0.737623227629256
"FOSL1","SIDM01017",1.36127256470648
"FOSL1","SIDM01019",0.675784095739159
"FOSL1","SIDM01039",0.781997908252566
"FOSL1","SIDM01041",0.792941024505506
"FOSL1","SIDM01042",-1.55460091095496
"FOSL1","SIDM01047",-0.922654443074649
"FOSL1","SIDM01050",0.326431329541574
"FOSL1","SIDM01061",1.084653872475
"FOSL1","SIDM01064",0.0463536688756551
"FOSL1","SIDM01073",-0.764732332404163
"FOSL1","SIDM01090",0.14298563873679
"FOSL1","SIDM01092",-0.649320399320312
"FOSL1","SIDM01093",1.24801283784171
"FOSL1","SIDM01095",-0.265017735966507
"FOSL1","SIDM01097",0.0982147699824392
"FOSL1","SIDM01098",-0.138043034130421
"FOSL1","SIDM01102",0.143188730848581
"FOSL1","SIDM01114",1.00830176939518
"FOSL1","SIDM01117",0.0134443588866087
"FOSL1","SIDM01118",-0.0545593776847006
"FOSL1","SIDM01120",-0.74628324197429
"FOSL1","SIDM01122",-0.757098660416163
"FOSL1","SIDM01126",-0.781724061758834
"FOSL1","SIDM01132",0.458757664263199
"FOSL1","SIDM01133",-0.247223927495192
"FOSL1","SIDM01140",-0.440521790153972
"FOSL1","SIDM01145",-1.79132496996648
"FOSL1","SIDM01146",-2.64232218010576
"FOSL1","SIDM01149",0.200603111805485
"FOSL1","SIDM01155",0.961166572179901
"FOSL1","SIDM01157",0.59878129491501
"FOSL1","SIDM01159",-1.3318187037895
"FOSL1","SIDM01160",0.9840462980673
"FOSL1","SIDM01161",2.03618514059106
"FOSL1","SIDM01162",0.601573832448429
"FOSL1","SIDM01163",-0.434931445395493
"FOSL1","SIDM01168",0.245828650317938
"FOSL1","SIDM01173",0.1233563529128
"FOSL1","SIDM01174",7.50416804282059
"FOSL1","SIDM01175",-0.393682491063535
"FOSL1","SIDM01177",-0.0256078886909995
"FOSL1","SIDM01178",1.81306670686098
"FOSL1","SIDM01179",-1.5158276474145
"FOSL1","SIDM01183",-0.295119286227017
"FOSL1","SIDM01185",1.12716088902717
"FOSL1","SIDM01187",-0.00395207139357308
"FOSL1","SIDM01197",-1.12241023898583
"FOSL1","SIDM01198",-0.89110309948924
"FOSL1","SIDM01203",0.0348017750391162
"FOSL1","SIDM01205",-1.05688315584905
"FOSL1","SIDM01206",-0.512875685829199
"FOSL1","SIDM01210",1.04341259696765
"FOSL1","SIDM01217",-0.756174174207437
"FOSL1","SIDM01218",3.50542320015509
"FOSL1","SIDM01220",-0.442870223482225
"FOSL1","SIDM01228",-0.517202268537101
"FOSL1","SIDM01229",-0.662168196501421
"FOSL1","SIDM01233",-0.99101051827529
"FOSL1","SIDM01237",-1.05670179639106
"FOSL1","SIDM01240",1.0830859309156
"FOSL1","SIDM01242",-0.955169551525932
"FOSL1","SIDM01245",-0.486533144048071
"FOSL1","SIDM01246",-0.166487654475096
"FOSL1","SIDM01247",-0.744850240439469
"FOSL1","SIDM01248",0.648374369166888
"FOSL1","SIDM01251",-2.73108764835777
"FOSL1","SIDM01257",-1.02653897926036
"FOSL1","SIDM01259",-0.795112913097536
"FOSL1","SIDM01483",-0.733116234704949
"FOXO1","SIDM00002",-0.213058262577373
"FOXO1","SIDM00003",0.0677427229812068
"FOXO1","SIDM00006",-0.160455121142147
"FOXO1","SIDM00007",0.0856980764325074
"FOXO1","SIDM00009",0.0829149846082849
"FOXO1","SIDM00014",1.62977975419803
"FOXO1","SIDM00018",1.30464150000461
"FOXO1","SIDM00023",-0.454546174692455
"FOXO1","SIDM00025",-1.84124992893049
"FOXO1","SIDM00026",-1.13535009184706
"FOXO1","SIDM00027",-1.36142627768092
"FOXO1","SIDM00040",0.462511577534972
"FOXO1","SIDM00041",-0.575453543114831
"FOXO1","SIDM00042",-0.226905488064644
"FOXO1","SIDM00043",1.10090628581307
"FOXO1","SIDM00044",-0.180794285983297
"FOXO1","SIDM00045",0.894835166126954
"FOXO1","SIDM00047",0.619293286149159
"FOXO1","SIDM00048",0.845922804786157
"FOXO1","SIDM00049",-0.155459490624361
"FOXO1","SIDM00050",1.33824911186596
"FOXO1","SIDM00051",1.59143691559301
"FOXO1","SIDM00052",0.668764177225553
"FOXO1","SIDM00053",2.25517002990196
"FOXO1","SIDM00054",0.0201644267531879
"FOXO1","SIDM00056",0.801320170172849
"FOXO1","SIDM00057",-0.428413599262346
"FOXO1","SIDM00064",-0.608969010647603
"FOXO1","SIDM00068",-0.483503003817959
"FOXO1","SIDM00070",2.0103738111354
"FOXO1","SIDM00077",-0.513626230147947
"FOXO1","SIDM00082",-1.46501864247788
"FOXO1","SIDM00086",3.18948580440831
"FOXO1","SIDM00091",-0.715791307977896
"FOXO1","SIDM00094",-1.96542060213025
"FOXO1","SIDM00096",1.97734965175526
"FOXO1","SIDM00098",0.913181483570616
"FOXO1","SIDM00099",2.70509789207574
"FOXO1","SIDM00100",-0.126492551916316
"FOXO1","SIDM00101",2.57793235920684
"FOXO1","SIDM00102",2.20884851823376
"FOXO1","SIDM00103",2.20772451815804
"FOXO1","SIDM00104",2.07888606687676
"FOXO1","SIDM00111",1.64431224757372
"FOXO1","SIDM00112",1.72922245329504
"FOXO1","SIDM00113",-0.834533069439247
"FOXO1","SIDM00114",0.303109997070154
"FOXO1","SIDM00115",-0.157194122858208
"FOXO1","SIDM00118",-0.89067552976221
"FOXO1","SIDM00120",-0.462567111159081
"FOXO1","SIDM00121",-0.176606819190193
"FOXO1","SIDM00126",-1.13103852984015
"FOXO1","SIDM00127",-0.742142218148666
"FOXO1","SIDM00128",1.73287996004468
"FOXO1","SIDM00129",1.46171628332317
"FOXO1","SIDM00136",0.596621431345703
"FOXO1","SIDM00137",-2.46635120501868
"FOXO1","SIDM00145",0.169252316384343
"FOXO1","SIDM00154",3.06713183758674
"FOXO1","SIDM00155",2.23674601185216
"FOXO1","SIDM00156",-0.672166245311583
"FOXO1","SIDM00157",-1.80981353960484
"FOXO1","SIDM00172",3.99428288314598
"FOXO1","SIDM00174",2.67054373380177
"FOXO1","SIDM00175",-0.446647092018038
"FOXO1","SIDM00176",0.392070851729917
"FOXO1","SIDM00179",-0.651291226393241
"FOXO1","SIDM00180",-0.0324909259857961
"FOXO1","SIDM00181",2.555768642219
"FOXO1","SIDM00182",1.76340904181492
"FOXO1","SIDM00183",-0.539636150180594
"FOXO1","SIDM00184",0.816474267626806
"FOXO1","SIDM00185",0.486009936700785
"FOXO1","SIDM00186",3.2285067870431
"FOXO1","SIDM00187",0.670554320045017
"FOXO1","SIDM00188",0.246471843624952
"FOXO1","SIDM00189",1.0199280883692
"FOXO1","SIDM00190",0.191583027900522
"FOXO1","SIDM00191",0.653982816558708
"FOXO1","SIDM00193",0.350990929721873
"FOXO1","SIDM00195",0.42183462926126
"FOXO1","SIDM00196",-0.229750529807413
"FOXO1","SIDM00197",-0.444773397643841
"FOXO1","SIDM00198",-0.0360220462939577
"FOXO1","SIDM00199",-0.211042159689374
"FOXO1","SIDM00200",-2.15935026996779
"FOXO1","SIDM00201",-0.932552413914088
"FOXO1","SIDM00202",-0.599378725660888
"FOXO1","SIDM00203",-0.0614536823185422
"FOXO1","SIDM00206",1.06039933225757
"FOXO1","SIDM00207",2.7159176004941
"FOXO1","SIDM00208",0.929941627368292
"FOXO1","SIDM00209",-0.413723247680133
"FOXO1","SIDM00211",0.662908550339488
"FOXO1","SIDM00214",0.0379121810565864
"FOXO1","SIDM00215",0.338170300349726
"FOXO1","SIDM00216",1.09971737126211
"FOXO1","SIDM00218",2.03168505308543
"FOXO1","SIDM00223",-0.286341425833046
"FOXO1","SIDM00224",0.252595596981925
"FOXO1","SIDM00225",0.0581993989717689
"FOXO1","SIDM00227",0.107674067533732
"FOXO1","SIDM00230",0.0131257175668568
"FOXO1","SIDM00231",3.2033689820576
"FOXO1","SIDM00232",0.463051895359182
"FOXO1","SIDM00233",-0.0308156921301459
"FOXO1","SIDM00234",0.547442182683189
"FOXO1","SIDM00240",-0.422849282368572
"FOXO1","SIDM00241",-2.47438899544249
"FOXO1","SIDM00242",1.11360118266798
"FOXO1","SIDM00243",0.476005590293643
"FOXO1","SIDM00244",-1.26845555711751
"FOXO1","SIDM00245",0.468200373775933
"FOXO1","SIDM00251",-0.344274980559533
"FOXO1","SIDM00252",-0.871600873747488
"FOXO1","SIDM00253",-1.25633075051752
"FOXO1","SIDM00254",-0.0412412461083967
"FOXO1","SIDM00255",-1.92850575664133
"FOXO1","SIDM00256",-2.42668947973252
"FOXO1","SIDM00257",-1.00731926579727
"FOXO1","SIDM00258",-0.497123132584492
"FOXO1","SIDM00259",-1.03031890964843
"FOXO1","SIDM00260",-0.212891675810635
"FOXO1","SIDM00261",0.190912153482349
"FOXO1","SIDM00262",2.0765666465639
"FOXO1","SIDM00263",-1.56871134797367
"FOXO1","SIDM00264",1.05887523679867
"FOXO1","SIDM00265",0.410066902716236
"FOXO1","SIDM00266",0.633568969598114
"FOXO1","SIDM00267",0.201108647943967
"FOXO1","SIDM00269",1.31518849407008
"FOXO1","SIDM00270",0.602273995526675
"FOXO1","SIDM00274",-0.0345062115155435
"FOXO1","SIDM00276",0.502462695962956
"FOXO1","SIDM00277",0.737386948548785
"FOXO1","SIDM00281",0.0758419124059954
"FOXO1","SIDM00283",0.182019993731363
"FOXO1","SIDM00285",-0.369235964999214
"FOXO1","SIDM00287",-1.1703475747558
"FOXO1","SIDM00289",2.48941367028573
"FOXO1","SIDM00291",1.99925272304729
"FOXO1","SIDM00292",-1.32744173967726
"FOXO1","SIDM00293",-1.00359995934777
"FOXO1","SIDM00294",-1.00684522718803
"FOXO1","SIDM00296",-0.866334453916939
"FOXO1","SIDM00297",-0.116585879623322
"FOXO1","SIDM00299",0.307214022090078
"FOXO1","SIDM00300",2.0888444658373
"FOXO1","SIDM00302",-0.0721621310859092
"FOXO1","SIDM00304",-0.187545281381415
"FOXO1","SIDM00308",0.437783163152465
"FOXO1","SIDM00309",1.45477289371906
"FOXO1","SIDM00310",0.6483577595685
"FOXO1","SIDM00311",2.42221259177536
"FOXO1","SIDM00316",0.379606216993817
"FOXO1","SIDM00317",-1.65630291344774
"FOXO1","SIDM00319",1.92194152149311
"FOXO1","SIDM00320",-0.464902643315264
"FOXO1","SIDM00323",0.0630396433820421
"FOXO1","SIDM00324",-0.310608148673005
"FOXO1","SIDM00326",0.0705277616787272
"FOXO1","SIDM00328",1.65367998667078
"FOXO1","SIDM00330",-2.45991711059968
"FOXO1","SIDM00332",-2.36410373393497
"FOXO1","SIDM00343",1.55446310069355
"FOXO1","SIDM00346",-0.798233285320276
"FOXO1","SIDM00349",-0.417284750350542
"FOXO1","SIDM00350",-1.1923024658086
"FOXO1","SIDM00351",-0.202088597244481
"FOXO1","SIDM00362",-0.826232676181592
"FOXO1","SIDM00364",0.445287580796012
"FOXO1","SIDM00365",-1.80406952440156
"FOXO1","SIDM00367",-1.63392632100372
"FOXO1","SIDM00371",3.41728233454741
"FOXO1","SIDM00374",0.905769892636284
"FOXO1","SIDM00375",1.19062241140241
"FOXO1","SIDM00377",0.531083091389959
"FOXO1","SIDM00379",0.0498980804995932
"FOXO1","SIDM00381",0.975195767937379
"FOXO1","SIDM00383",-0.352074861532831
"FOXO1","SIDM00384",1.05110199897604
"FOXO1","SIDM00388",0.825421668758642
"FOXO1","SIDM00389",-1.23186346088814
"FOXO1","SIDM00393",2.06434880421733
"FOXO1","SIDM00394",0.803944467563687
"FOXO1","SIDM00397",-0.690424003560265
"FOXO1","SIDM00399",-0.810653816939846
"FOXO1","SIDM00400",-0.311559283850392
"FOXO1","SIDM00401",2.06538128957031
"FOXO1","SIDM00404",-0.849280583796026
"FOXO1","SIDM00406",-0.694270260397109
"FOXO1","SIDM00407",-1.37109799287554
"FOXO1","SIDM00410",1.93269783629574
"FOXO1","SIDM00411",0.681795530585541
"FOXO1","SIDM00412",-1.13220223613564
"FOXO1","SIDM00413",-0.59396415690718
"FOXO1","SIDM00414",-0.620335005189037
"FOXO1","SIDM00415",0.232630491247757
"FOXO1","SIDM00416",0.601398737450703
"FOXO1","SIDM00417",-0.669161465441859
"FOXO1","SIDM00418",0.461771646228362
"FOXO1","SIDM00420",0.835679386960143
"FOXO1","SIDM00422",-1.13647538325792
"FOXO1","SIDM00424",-1.12298148080922
"FOXO1","SIDM00427",1.90547259596396
"FOXO1","SIDM00438",1.58128222868893
"FOXO1","SIDM00441",0.208413609433562
"FOXO1","SIDM00444",-0.913696335483958
"FOXO1","SIDM00445",-1.02833516515927
"FOXO1","SIDM00448",1.11925504746735
"FOXO1","SIDM00459",-1.63805681930716
"FOXO1","SIDM00465",1.25536478310261
"FOXO1","SIDM00466",-0.314685512995879
"FOXO1","SIDM00467",0.420275481517546
"FOXO1","SIDM00472",-1.4884192163851
"FOXO1","SIDM00476",-0.144173283449492
"FOXO1","SIDM00482",0.252972662716468
"FOXO1","SIDM00483",-0.138496764973482
"FOXO1","SIDM00487",-1.60095817615601
"FOXO1","SIDM00488",2.18305301169151
"FOXO1","SIDM00489",-0.206307092218799
"FOXO1","SIDM00490",1.03635686044839
"FOXO1","SIDM00491",2.20405697427343
"FOXO1","SIDM00496",0.722508886126319
"FOXO1","SIDM00498",1.18398383068245
"FOXO1","SIDM00501",-0.317583549312056
"FOXO1","SIDM00504",-0.128769369609416
"FOXO1","SIDM00507",-1.02119423808382
"FOXO1","SIDM00508",-0.303613622690453
"FOXO1","SIDM00510",-0.741252417651973
"FOXO1","SIDM00516",1.56689552249899
"FOXO1","SIDM00517",0.230367984277278
"FOXO1","SIDM00518",0.481249258146013
"FOXO1","SIDM00519",2.90210769263343
"FOXO1","SIDM00520",2.38836473277369
"FOXO1","SIDM00527",2.3113042055482
"FOXO1","SIDM00528",-1.80312515090794
"FOXO1","SIDM00530",-0.136590421866289
"FOXO1","SIDM00532",0.415517545810234
"FOXO1","SIDM00534",0.479504620307824
"FOXO1","SIDM00535",-1.21449247816432
"FOXO1","SIDM00537",-0.178109047544781
"FOXO1","SIDM00538",2.96580361436296
"FOXO1","SIDM00539",1.7255135078391
"FOXO1","SIDM00540",2.85971937707667
"FOXO1","SIDM00541",0.242418145163274
"FOXO1","SIDM00542",1.55891216248598
"FOXO1","SIDM00543",0.649564758675888
"FOXO1","SIDM00544",-0.063648334320355
"FOXO1","SIDM00549",-0.273563225190869
"FOXO1","SIDM00550",-0.113868937464556
"FOXO1","SIDM00551",-1.20014566167487
"FOXO1","SIDM00553",0.0792893643999581
"FOXO1","SIDM00561",-0.0782930693012272
"FOXO1","SIDM00562",-0.78687263654563
"FOXO1","SIDM00565",2.24982965663939
"FOXO1","SIDM00566",3.0086363533567
"FOXO1","SIDM00569",-1.10751067749976
"FOXO1","SIDM00573",-0.510688730165468
"FOXO1","SIDM00574",-0.625003399609055
"FOXO1","SIDM00576",0.275381252437787
"FOXO1","SIDM00577",-0.576988304746194
"FOXO1","SIDM00579",-0.168952298222378
"FOXO1","SIDM00583",-0.994051645582904
"FOXO1","SIDM00584",5.7627535946222
"FOXO1","SIDM00591",-0.581444337889411
"FOXO1","SIDM00592",3.57517318096647
"FOXO1","SIDM00596",0.144777893696518
"FOXO1","SIDM00599",2.33767227646469
"FOXO1","SIDM00600",-0.219583135433814
"FOXO1","SIDM00603",-0.116923116539178
"FOXO1","SIDM00604",1.8526561202558
"FOXO1","SIDM00606",0.984320652858976
"FOXO1","SIDM00612",0.996246796502137
"FOXO1","SIDM00619",-0.490528814479253
"FOXO1","SIDM00620",0.998211426345759
"FOXO1","SIDM00621",-0.890687306441574
"FOXO1","SIDM00622",0.282019204854098
"FOXO1","SIDM00623",0.99386837582675
"FOXO1","SIDM00627",0.689513637278052
"FOXO1","SIDM00631",-1.23083695758577
"FOXO1","SIDM00632",1.35957151420027
"FOXO1","SIDM00636",-0.302719221919759
"FOXO1","SIDM00638",1.34699428297447
"FOXO1","SIDM00648",-1.3038347130086
"FOXO1","SIDM00650",-1.13599887007465
"FOXO1","SIDM00655",-0.177193555477163
"FOXO1","SIDM00659",1.25689260247389
"FOXO1","SIDM00667",0.320578896940764
"FOXO1","SIDM00668",-0.717122356082407
"FOXO1","SIDM00677",2.3890009115465
"FOXO1","SIDM00679",0.916223497652622
"FOXO1","SIDM00680",0.0394232249743624
"FOXO1","SIDM00688",0.835678253913284
"FOXO1","SIDM00690",2.31217342658987
"FOXO1","SIDM00699",-0.973964685978312
"FOXO1","SIDM00700",0.5719248421713
"FOXO1","SIDM00719",-1.42876081378906
"FOXO1","SIDM00721",-1.03960194338734
"FOXO1","SIDM00732",-0.152862539243844
"FOXO1","SIDM00737",-1.50623378393093
"FOXO1","SIDM00758",1.69292694865312
"FOXO1","SIDM00767",-2.69745443009485
"FOXO1","SIDM00770",-0.351850605561687
"FOXO1","SIDM00781",-0.535517057513099
"FOXO1","SIDM00783",-1.42862421884795
"FOXO1","SIDM00789",0.0616679695633063
"FOXO1","SIDM00792",0.892206568200015
"FOXO1","SIDM00793",-0.63444770640491
"FOXO1","SIDM00794",1.48983969900408
"FOXO1","SIDM00808",-1.25450522659664
"FOXO1","SIDM00810",3.106534131488
"FOXO1","SIDM00813",0.704722798844828
"FOXO1","SIDM00814",-0.838104285014228
"FOXO1","SIDM00815",1.94170858958385
"FOXO1","SIDM00816",2.44893852319437
"FOXO1","SIDM00817",1.69950287703299
"FOXO1","SIDM00818",0.582836646708604
"FOXO1","SIDM00819",-0.0235592029915731
"FOXO1","SIDM00820",2.3049416628483
"FOXO1","SIDM00821",-0.893462078117938
"FOXO1","SIDM00826",0.168344255887752
"FOXO1","SIDM00832",0.662504404301176
"FOXO1","SIDM00833",0.973228898246626
"FOXO1","SIDM00834",1.10176443555699
"FOXO1","SIDM00835",4.2338321459507
"FOXO1","SIDM00836",-0.992949812608186
"FOXO1","SIDM00837",1.39124550786015
"FOXO1","SIDM00841",1.45999080344906
"FOXO1","SIDM00842",-1.68761345315841
"FOXO1","SIDM00846",-0.278646327020261
"FOXO1","SIDM00859",-0.589291838333325
"FOXO1","SIDM00863",-0.642916227147897
"FOXO1","SIDM00864",-0.329553498336428
"FOXO1","SIDM00875",0.271060287068353
"FOXO1","SIDM00885",-0.330603094639345
"FOXO1","SIDM00889",-1.45218430002438
"FOXO1","SIDM00895",-0.339150064491404
"FOXO1","SIDM00896",0.048604150368887
"FOXO1","SIDM00900",-0.927039529405144
"FOXO1","SIDM00905",-0.676190816718594
"FOXO1","SIDM00915",-1.09154019910004
"FOXO1","SIDM00917",0.842370864267263
"FOXO1","SIDM00923",0.276375543364856
"FOXO1","SIDM00927",-1.50534617312202
"FOXO1","SIDM00929",1.52203556557341
"FOXO1","SIDM00930",0.241553008293232
"FOXO1","SIDM00935",1.66300909237393
"FOXO1","SIDM00946",2.17015422421493
"FOXO1","SIDM00948",-0.330244442463468
"FOXO1","SIDM00951",-0.959574114252453
"FOXO1","SIDM00952",0.114904810244484
"FOXO1","SIDM00953",-0.762656792376559
"FOXO1","SIDM00954",-1.07238237865589
"FOXO1","SIDM00958",-0.350755813469032
"FOXO1","SIDM00960",1.3951230691699
"FOXO1","SIDM00962",1.58680066766342
"FOXO1","SIDM00964",2.24872550435246
"FOXO1","SIDM00966",1.95285473990454
"FOXO1","SIDM00967",-0.3045981854516
"FOXO1","SIDM00968",-1.0920959977001
"FOXO1","SIDM00969",0.85275679816663
"FOXO1","SIDM00970",-1.14878700899045
"FOXO1","SIDM00971",-0.855908458836382
"FOXO1","SIDM00973",1.12218657530335
"FOXO1","SIDM00974",-0.0553163914600297
"FOXO1","SIDM00975",1.16299915110879
"FOXO1","SIDM00976",0.19763058230858
"FOXO1","SIDM00984",1.29158768369966
"FOXO1","SIDM00995",0.508758677372803
"FOXO1","SIDM01006",0.0375024852421847
"FOXO1","SIDM01007",-0.50245623003367
"FOXO1","SIDM01011",-0.960755408523969
"FOXO1","SIDM01017",1.27059865180022
"FOXO1","SIDM01019",0.0949012903811789
"FOXO1","SIDM01039",-0.894552300213543
"FOXO1","SIDM01041",1.48889620560557
"FOXO1","SIDM01042",0.217053021647222
"FOXO1","SIDM01047",1.32638073410245
"FOXO1","SIDM01050",1.1590730898659
"FOXO1","SIDM01061",0.514446409231803
"FOXO1","SIDM01064",-0.390197714850482
"FOXO1","SIDM01073",-0.405669643257986
"FOXO1","SIDM01090",0.172194103340872
"FOXO1","SIDM01092",-0.171603666501574
"FOXO1","SIDM01093",0.129412029897179
"FOXO1","SIDM01095",2.5548874970134
"FOXO1","SIDM01097",-0.521191997055736
"FOXO1","SIDM01098",1.41812917004208
"FOXO1","SIDM01102",-0.69566928793354
"FOXO1","SIDM01114",-0.42553699778445
"FOXO1","SIDM01117",-0.591064594642661
"FOXO1","SIDM01118",-0.993907035793147
"FOXO1","SIDM01120",-2.37689008238972
"FOXO1","SIDM01122",-0.371402937391387
"FOXO1","SIDM01126",-1.92114999849478
"FOXO1","SIDM01132",-1.48751008245122
"FOXO1","SIDM01133",-1.70664379665207
"FOXO1","SIDM01140",1.00431342053845
"FOXO1","SIDM01145",1.00336401504868
"FOXO1","SIDM01146",1.40879961258421
"FOXO1","SIDM01149",-1.00522957479296
"FOXO1","SIDM01155",1.61026861562801
"FOXO1","SIDM01157",0.968514165028304
"FOXO1","SIDM01159",1.05607935853594
"FOXO1","SIDM01160",-0.271276239819058
"FOXO1","SIDM01161",3.07723246560281
"FOXO1","SIDM01162",0.44022607269065
"FOXO1","SIDM01163",0.0711903141079542
"FOXO1","SIDM01168",2.56561003813336
"FOXO1","SIDM01173",-0.182645743373638
"FOXO1","SIDM01174",0.681165000334138
"FOXO1","SIDM01175",-0.857237046868
"FOXO1","SIDM01177",-1.03020068858599
"FOXO1","SIDM01178",1.65505987331082
"FOXO1","SIDM01179",1.05104612915104
"FOXO1","SIDM01183",0.386874601552734
"FOXO1","SIDM01185",1.29950599079981
"FOXO1","SIDM01187",-0.69634979445955
"FOXO1","SIDM01197",1.4293534111892
"FOXO1","SIDM01198",-0.310991987325892
"FOXO1","SIDM01203",0.14120630316844
"FOXO1","SIDM01205",0.0783056064130999
"FOXO1","SIDM01206",-1.50881655665273
"FOXO1","SIDM01210",3.30692544987981
"FOXO1","SIDM01217",0.914644499167296
"FOXO1","SIDM01218",-0.458362438980705
"FOXO1","SIDM01220",1.72202719338255
"FOXO1","SIDM01228",-0.548735218171856
"FOXO1","SIDM01229",-1.36962622548352
"FOXO1","SIDM01233",3.34004023399307
"FOXO1","SIDM01237",5.50237694761227
"FOXO1","SIDM01240",0.327445172289636
"FOXO1","SIDM01242",1.26916831458393
"FOXO1","SIDM01245",-0.50978001783207
"FOXO1","SIDM01246",0.772837078343001
"FOXO1","SIDM01247",-1.06277078963062
"FOXO1","SIDM01248",2.0635315016711
"FOXO1","SIDM01251",-1.45494264641806
"FOXO1","SIDM01257",1.64001092728877
"FOXO1","SIDM01259",-0.0967336778597097
"FOXO1","SIDM01483",-0.0903548827870043
"GATA2","SIDM00002",0.112850774169262
"GATA2","SIDM00003",-0.379916668522637
"GATA2","SIDM00006",-0.184774301774412
"GATA2","SIDM00007",-1.34237855060485
"GATA2","SIDM00009",-1.41147823961094
"GATA2","SIDM00014",1.58914151041245
"GATA2","SIDM00018",6.74706052737375
"GATA2","SIDM00023",-1.93339210496298
"GATA2","SIDM00025",-1.41125220900657
"GATA2","SIDM00026",-0.67138233093009
"GATA2","SIDM00027",0.0606999122193727
"GATA2","SIDM00040",0.0807262133078513
"GATA2","SIDM00041",0.0757895666048495
"GATA2","SIDM00042",0.242067046869847
"GATA2","SIDM00043",-0.52201682040778
"GATA2","SIDM00044",-0.0553172263091335
"GATA2","SIDM00045",-0.627162465850734
"GATA2","SIDM00047",-0.985537903237151
"GATA2","SIDM00048",-0.109851163215385
"GATA2","SIDM00049",0.326361459802231
"GATA2","SIDM00050",-0.815606014084751
"GATA2","SIDM00051",-1.20001988344882
"GATA2","SIDM00052",-1.18052624667337
"GATA2","SIDM00053",-0.550572527432466
"GATA2","SIDM00054",-0.928021362976269
"GATA2","SIDM00056",-0.172113262071893
"GATA2","SIDM00057",-0.694629255827302
"GATA2","SIDM00064",-2.01912907272297
"GATA2","SIDM00068",-0.924685537107427
"GATA2","SIDM00070",-0.985512865338973
"GATA2","SIDM00077",-0.924622696366907
"GATA2","SIDM00082",-1.68752339600237
"GATA2","SIDM00086",0.581540465454249
"GATA2","SIDM00091",-1.92241289081273
"GATA2","SIDM00094",-2.51441458467916
"GATA2","SIDM00096",-1.28747253792157
"GATA2","SIDM00098",0.951677395532145
"GATA2","SIDM00099",0.116736455768098
"GATA2","SIDM00100",-0.0910805699977089
"GATA2","SIDM00101",3.35363925118255
"GATA2","SIDM00102",0.439261915205239
"GATA2","SIDM00103",0.256633951330585
"GATA2","SIDM00104",-0.661522413009099
"GATA2","SIDM00111",0.681637659764303
"GATA2","SIDM00112",-0.0351395295191361
"GATA2","SIDM00113",-1.80135881147149
"GATA2","SIDM00114",-2.76553192184627
"GATA2","SIDM00115",0.257098714912346
"GATA2","SIDM00118",-0.690264343494122
"GATA2","SIDM00120",-1.40826243788433
"GATA2","SIDM00121",1.07171714877373
"GATA2","SIDM00126",-0.100897396780724
"GATA2","SIDM00127",-0.745116089265241
"GATA2","SIDM00128",-1.40247711171085
"GATA2","SIDM00129",1.43377219395252
"GATA2","SIDM00136",-0.57572168496827
"GATA2","SIDM00137",-0.946623330752368
"GATA2","SIDM00145",1.03669549369515
"GATA2","SIDM00154",1.72869898657811
"GATA2","SIDM00155",-0.940723919958262
"GATA2","SIDM00156",-0.569196875591133
"GATA2","SIDM00157",-2.21058164698911
"GATA2","SIDM00172",-0.40543016142259
"GATA2","SIDM00174",0.20414228447748
"GATA2","SIDM00175",-0.730735249034275
"GATA2","SIDM00176",-1.20344731748462
"GATA2","SIDM00179",-1.28916306763506
"GATA2","SIDM00180",-0.810076188449878
"GATA2","SIDM00181",-0.0165315578852593
"GATA2","SIDM00182",-0.135599359823862
"GATA2","SIDM00183",-1.93832053635844
"GATA2","SIDM00184",-0.248565561253225
"GATA2","SIDM00185",1.24953121052461
"GATA2","SIDM00186",-1.588380275477
"GATA2","SIDM00187",-1.58171988395773
"GATA2","SIDM00188",-1.26165258513777
"GATA2","SIDM00189",-0.949873610197341
"GATA2","SIDM00190",0.260039998349225
"GATA2","SIDM00191",-1.19261656201573
"GATA2","SIDM00193",-0.2370475958696
"GATA2","SIDM00195",-0.774648421256386
"GATA2","SIDM00196",-0.498339830961301
"GATA2","SIDM00197",-0.569548503849871
"GATA2","SIDM00198",-0.760741815994813
"GATA2","SIDM00199",-1.28996421318524
"GATA2","SIDM00200",-2.09793591338599
"GATA2","SIDM00201",-1.28080536125046
"GATA2","SIDM00202",-1.95463336903886
"GATA2","SIDM00203",-0.408875529023663
"GATA2","SIDM00206",-1.09816524058547
"GATA2","SIDM00207",-0.329973876978579
"GATA2","SIDM00208",-1.07042219886937
"GATA2","SIDM00209",-1.15501874955944
"GATA2","SIDM00211",0.801026076197674
"GATA2","SIDM00214",0.360730122239246
"GATA2","SIDM00215",-0.211100507219594
"GATA2","SIDM00216",-1.62335924064554
"GATA2","SIDM00218",0.882626649067331
"GATA2","SIDM00223",-0.876590494746012
"GATA2","SIDM00224",1.05297872712008
"GATA2","SIDM00225",0.0918779804117008
"GATA2","SIDM00227",-0.45535047608922
"GATA2","SIDM00230",1.892425421755
"GATA2","SIDM00231",-1.43696523689304
"GATA2","SIDM00232",-0.919742638199192
"GATA2","SIDM00233",-1.16199517944377
"GATA2","SIDM00234",-0.00847936127664523
"GATA2","SIDM00240",-0.467465746460166
"GATA2","SIDM00241",-2.05101216589164
"GATA2","SIDM00242",-0.638504178969226
"GATA2","SIDM00243",-1.03056763433517
"GATA2","SIDM00244",-1.61171540968158
"GATA2","SIDM00245",-1.31617333367157
"GATA2","SIDM00251",-1.05184984598144
"GATA2","SIDM00252",-1.5248472851125
"GATA2","SIDM00253",-1.1575641183351
"GATA2","SIDM00254",-0.656097903169339
"GATA2","SIDM00255",-0.073907949606224
"GATA2","SIDM00256",-1.38953585145175
"GATA2","SIDM00257",-1.98163417262013
"GATA2","SIDM00258",-0.368080853940674
"GATA2","SIDM00259",-1.492199356937
"GATA2","SIDM00260",-1.08892349379029
"GATA2","SIDM00261",-0.88929927445995
"GATA2","SIDM00262",1.38017044962471
"GATA2","SIDM00263",-0.914271158747916
"GATA2","SIDM00264",-0.851311569756229
"GATA2","SIDM00265",-0.725983039254111
"GATA2","SIDM00266",-0.486442170530682
"GATA2","SIDM00267",-0.754160604300107
"GATA2","SIDM00269",0.586179091649846
"GATA2","SIDM00270",-0.816878829737558
"GATA2","SIDM00274",-1.1613544939436
"GATA2","SIDM00276",1.01611168467953
"GATA2","SIDM00277",1.27113859661143
"GATA2","SIDM00281",-0.83065747101128
"GATA2","SIDM00283",-0.665947445410889
"GATA2","SIDM00285",-1.25573900331258
"GATA2","SIDM00287",0.0946694023573007
"GATA2","SIDM00289",1.75764965365018
"GATA2","SIDM00291",1.82268114221596
"GATA2","SIDM00292",-1.47299156107541
"GATA2","SIDM00293",-1.03783514000225
"GATA2","SIDM00294",-1.10225049351952
"GATA2","SIDM00296",-2.09136177397642
"GATA2","SIDM00297",-0.382165057646708
"GATA2","SIDM00299",-0.254604462697162
"GATA2","SIDM00300",-0.926486324103842
"GATA2","SIDM00302",-0.470017368669627
"GATA2","SIDM00304",-0.818236581214476
"GATA2","SIDM00308",18.8465515633384
"GATA2","SIDM00309",-0.140473324940069
"GATA2","SIDM00310",-1.37086027690359
"GATA2","SIDM00311",0.425606158938425
"GATA2","SIDM00316",0.0159826227308605
"GATA2","SIDM00317",-1.6197858290513
"GATA2","SIDM00319",-0.419784561940231
"GATA2","SIDM00320",-1.77913803285802
"GATA2","SIDM00323",1.38590314490381
"GATA2","SIDM00324",-1.41707946841747
"GATA2","SIDM00326",-1.26176553055482
"GATA2","SIDM00328",-1.09148336068721
"GATA2","SIDM00330",-1.07538229582242
"GATA2","SIDM00332",-1.35210919675827
"GATA2","SIDM00343",0.417417202060586
"GATA2","SIDM00346",12.3784585793524
"GATA2","SIDM00349",-0.912681423444051
"GATA2","SIDM00350",-1.49678165060492
"GATA2","SIDM00351",-0.865686643819105
"GATA2","SIDM00362",-1.03183706707252
"GATA2","SIDM00364",-0.528530006752497
"GATA2","SIDM00365",-0.348953319686177
"GATA2","SIDM00367",-1.21581187428291
"GATA2","SIDM00371",1.5026394210697
"GATA2","SIDM00374",-2.13624380137275
"GATA2","SIDM00375",1.88792270878237
"GATA2","SIDM00377",-0.918187114280478
"GATA2","SIDM00379",-0.00585095164330458
"GATA2","SIDM00381",-0.257729812898799
"GATA2","SIDM00383",-2.78892904540645
"GATA2","SIDM00384",1.97491766591104
"GATA2","SIDM00388",-0.96871047981042
"GATA2","SIDM00389",-0.731534467692993
"GATA2","SIDM00393",1.44272946261523
"GATA2","SIDM00394",0.000687534667497695
"GATA2","SIDM00397",11.7813506542755
"GATA2","SIDM00399",-1.6624994367795
"GATA2","SIDM00400",-0.83766219552902
"GATA2","SIDM00401",1.96166244726517
"GATA2","SIDM00404",-1.35536055286198
"GATA2","SIDM00406",0.0635962569528674
"GATA2","SIDM00407",-1.34690486146698
"GATA2","SIDM00410",-0.645953016486828
"GATA2","SIDM00411",-0.214910598299267
"GATA2","SIDM00412",-1.17006481591509
"GATA2","SIDM00413",0.618111184782091
"GATA2","SIDM00414",-0.652902749024914
"GATA2","SIDM00415",-1.44552839551184
"GATA2","SIDM00416",-1.33994767776072
"GATA2","SIDM00417",-1.02036765802035
"GATA2","SIDM00418",0.0483948733132697
"GATA2","SIDM00420",-1.40721227035701
"GATA2","SIDM00422",-1.89095149952613
"GATA2","SIDM00424",-1.57204337947208
"GATA2","SIDM00427",3.52332284873923
"GATA2","SIDM00438",0.532969674800302
"GATA2","SIDM00441",3.03522788651006
"GATA2","SIDM00444",-1.55105734963029
"GATA2","SIDM00445",-0.825083678164471
"GATA2","SIDM00448",1.97917821713638
"GATA2","SIDM00459",-0.991561720393829
"GATA2","SIDM00465",-0.320132091624105
"GATA2","SIDM00466",-1.3818729464451
"GATA2","SIDM00467",-1.50036812383366
"GATA2","SIDM00472",-1.21597004253297
"GATA2","SIDM00476",1.26110117488425
"GATA2","SIDM00482",-1.31682084545931
"GATA2","SIDM00483",-1.48726501581613
"GATA2","SIDM00487",-0.0619912592105342
"GATA2","SIDM00488",-0.0528657366406379
"GATA2","SIDM00489",-2.20630495494006
"GATA2","SIDM00490",-0.856627431637471
"GATA2","SIDM00491",-0.084441218045083
"GATA2","SIDM00496",-2.30755238175068
"GATA2","SIDM00498",2.30728645923494
"GATA2","SIDM00501",-0.967594372780149
"GATA2","SIDM00504",-0.424540144552064
"GATA2","SIDM00507",-1.2433320858856
"GATA2","SIDM00508",-1.3137353219995
"GATA2","SIDM00510",-0.359181047380388
"GATA2","SIDM00516",1.39381567710539
"GATA2","SIDM00517",0.747258791328069
"GATA2","SIDM00518",-0.652222341133356
"GATA2","SIDM00519",1.45754863312569
"GATA2","SIDM00520",0.120350138181531
"GATA2","SIDM00527",1.66293305368507
"GATA2","SIDM00528",-0.771190783151893
"GATA2","SIDM00530",-2.24038413698034
"GATA2","SIDM00532",-0.407116143759033
"GATA2","SIDM00534",-2.81748546996947
"GATA2","SIDM00535",-0.333775155046377
"GATA2","SIDM00537",-0.549231023835325
"GATA2","SIDM00538",0.70811113276594
"GATA2","SIDM00539",1.15421771954238
"GATA2","SIDM00540",-0.72997376668364
"GATA2","SIDM00541",-0.649577222697547
"GATA2","SIDM00542",0.501111451796465
"GATA2","SIDM00543",0.203959490592007
"GATA2","SIDM00544",-1.86163513779664
"GATA2","SIDM00549",-1.14527965247815
"GATA2","SIDM00550",-1.01213522511484
"GATA2","SIDM00551",-1.41542716129906
"GATA2","SIDM00553",3.8444478000144
"GATA2","SIDM00561",0.178673803115181
"GATA2","SIDM00562",-1.89158739217813
"GATA2","SIDM00565",-0.883339846373674
"GATA2","SIDM00566",-0.202844495962631
"GATA2","SIDM00569",-2.60985981554044
"GATA2","SIDM00573",-1.92899933802113
"GATA2","SIDM00574",-1.51620817736163
"GATA2","SIDM00576",0.0910449044618357
"GATA2","SIDM00577",-1.8577014440444
"GATA2","SIDM00579",-0.698744699059297
"GATA2","SIDM00583",-2.00659294221495
"GATA2","SIDM00584",0.162448583987651
"GATA2","SIDM00591",-0.283121481374277
"GATA2","SIDM00592",0.380615746432182
"GATA2","SIDM00596",-2.05850858000682
"GATA2","SIDM00599",-0.277431684024717
"GATA2","SIDM00600",-1.29807584913374
"GATA2","SIDM00603",-0.210647860062677
"GATA2","SIDM00604",0.109994753252922
"GATA2","SIDM00606",-0.535713169024999
"GATA2","SIDM00612",1.59064235252187
"GATA2","SIDM00619",0.0296381002187895
"GATA2","SIDM00620",-1.15044871466088
"GATA2","SIDM00621",-1.00285180443085
"GATA2","SIDM00622",-1.39841603027254
"GATA2","SIDM00623",-0.693213589909624
"GATA2","SIDM00627",-0.978034879233081
"GATA2","SIDM00631",-1.68795670766323
"GATA2","SIDM00632",-0.740733381951592
"GATA2","SIDM00636",-1.52169874140147
"GATA2","SIDM00638",-0.604411227040019
"GATA2","SIDM00648",-1.18502824009181
"GATA2","SIDM00650",-0.457580032118166
"GATA2","SIDM00655",-1.39276564478816
"GATA2","SIDM00659",-0.0931099758449637
"GATA2","SIDM00667",-1.04746614443148
"GATA2","SIDM00668",-0.730848241466026
"GATA2","SIDM00677",0.328093823935609
"GATA2","SIDM00679",0.512320829579306
"GATA2","SIDM00680",-0.697238947785764
"GATA2","SIDM00688",-0.291656737461017
"GATA2","SIDM00690",-0.108184750991933
"GATA2","SIDM00699",-0.883363424279661
"GATA2","SIDM00700",-1.17730183876792
"GATA2","SIDM00719",-0.724095333763435
"GATA2","SIDM00721",-0.467921075434408
"GATA2","SIDM00732",-0.324405657095407
"GATA2","SIDM00737",0.158140380056483
"GATA2","SIDM00758",-0.810279901760474
"GATA2","SIDM00767",-1.17045445843351
"GATA2","SIDM00770",-1.86292575926495
"GATA2","SIDM00781",-1.59277973107653
"GATA2","SIDM00783",0.173161808432239
"GATA2","SIDM00789",-0.528990222668158
"GATA2","SIDM00792",0.724502010608095
"GATA2","SIDM00793",-2.58442946129799
"GATA2","SIDM00794",-1.3174310542889
"GATA2","SIDM00808",-0.889912982401879
"GATA2","SIDM00810",-0.284798426120288
"GATA2","SIDM00813",-1.44997590734277
"GATA2","SIDM00814",-1.65169758888688
"GATA2","SIDM00815",0.781094122046984
"GATA2","SIDM00816",0.696075864480901
"GATA2","SIDM00817",-0.8852855609167
"GATA2","SIDM00818",-1.92845952418552
"GATA2","SIDM00819",-1.36604660110961
"GATA2","SIDM00820",0.24349039094936
"GATA2","SIDM00821",-1.54045348352663
"GATA2","SIDM00826",-0.668232904294495
"GATA2","SIDM00832",-0.232227768703334
"GATA2","SIDM00833",-0.841176330132185
"GATA2","SIDM00834",-0.483691656279699
"GATA2","SIDM00835",2.36856532384267
"GATA2","SIDM00836",-0.0849568371056795
"GATA2","SIDM00837",1.2041863515574
"GATA2","SIDM00841",-0.78759663825202
"GATA2","SIDM00842",0.839549702601886
"GATA2","SIDM00846",-1.59006069105616
"GATA2","SIDM00859",-0.347152270787507
"GATA2","SIDM00863",-2.30721774035518
"GATA2","SIDM00864",0.445930081575141
"GATA2","SIDM00875",0.189200372568133
"GATA2","SIDM00885",-0.194512539712274
"GATA2","SIDM00889",-1.27001428234657
"GATA2","SIDM00895",-1.34297910842452
"GATA2","SIDM00896",-1.59871163436928
"GATA2","SIDM00900",-2.16966636327773
"GATA2","SIDM00905",-1.92670622496342
"GATA2","SIDM00915",-1.38891967311956
"GATA2","SIDM00917",-1.04587173297355
"GATA2","SIDM00923",-0.924473173678015
"GATA2","SIDM00927",-2.32959160937927
"GATA2","SIDM00929",-0.629495714777301
"GATA2","SIDM00930",-0.921026251028797
"GATA2","SIDM00935",0.539851327926204
"GATA2","SIDM00946",2.46721906691325
"GATA2","SIDM00948",-1.51017279817286
"GATA2","SIDM00951",0.79638149577001
"GATA2","SIDM00952",-1.00627122675027
"GATA2","SIDM00953",3.77302644282616
"GATA2","SIDM00954",-0.784400164593925
"GATA2","SIDM00958",-0.317821523842342
"GATA2","SIDM00960",0.281105230092727
"GATA2","SIDM00962",0.861125639545264
"GATA2","SIDM00964",-0.869714030471561
"GATA2","SIDM00966",1.11917116337582
"GATA2","SIDM00967",-0.739482998037868
"GATA2","SIDM00968",-1.04110399615118
"GATA2","SIDM00969",0.237715862669765
"GATA2","SIDM00970",-0.264153095268988
"GATA2","SIDM00971",-1.34297465458321
"GATA2","SIDM00973",3.34921647557921
"GATA2","SIDM00974",1.63403893223095
"GATA2","SIDM00975",-1.60005087562456
"GATA2","SIDM00976",0.954164793592498
"GATA2","SIDM00984",-1.27961893919289
"GATA2","SIDM00995",-1.48378628341647
"GATA2","SIDM01006",0.303148366073174
"GATA2","SIDM01007",0.515268787169099
"GATA2","SIDM01011",-1.1044664800474
"GATA2","SIDM01017",1.79904740204404
"GATA2","SIDM01019",5.88128467804361
"GATA2","SIDM01039",-0.854073898188547
"GATA2","SIDM01041",-0.208600826709134
"GATA2","SIDM01042",-2.13790732319835
"GATA2","SIDM01047",1.33174419199252
"GATA2","SIDM01050",-0.181371956457216
"GATA2","SIDM01061",-0.532174980547761
"GATA2","SIDM01064",-2.27587911492045
"GATA2","SIDM01073",-1.41409696831776
"GATA2","SIDM01090",-0.779637152719388
"GATA2","SIDM01092",-0.995060001232679
"GATA2","SIDM01093",-2.54621210623075
"GATA2","SIDM01095",-0.342066206238893
"GATA2","SIDM01097",-0.891959011496318
"GATA2","SIDM01098",-1.14686252773887
"GATA2","SIDM01102",-1.90570168182669
"GATA2","SIDM01114",-1.0919539944381
"GATA2","SIDM01117",-0.475703136645938
"GATA2","SIDM01118",-1.89834512750022
"GATA2","SIDM01120",-2.47032781937461
"GATA2","SIDM01122",-1.02132146910159
"GATA2","SIDM01126",-1.91989686243273
"GATA2","SIDM01132",3.45897888928399
"GATA2","SIDM01133",-1.55483429497486
"GATA2","SIDM01140",0.0706913472909519
"GATA2","SIDM01145",-0.81460967034643
"GATA2","SIDM01146",-1.39331761242207
"GATA2","SIDM01149",-0.744989365063375
"GATA2","SIDM01155",0.0444113758450419
"GATA2","SIDM01157",-0.307429805382496
"GATA2","SIDM01159",-2.14017202150423
"GATA2","SIDM01160",-1.33501966647499
"GATA2","SIDM01161",-0.513593525169238
"GATA2","SIDM01162",-1.86829961658986
"GATA2","SIDM01163",-0.8538517209934
"GATA2","SIDM01168",0.735978124088663
"GATA2","SIDM01173",1.51302549239358
"GATA2","SIDM01174",-1.01114831908612
"GATA2","SIDM01175",-1.82913684903224
"GATA2","SIDM01177",-0.892026607799066
"GATA2","SIDM01178",-0.974050765145871
"GATA2","SIDM01179",-1.0142469837959
"GATA2","SIDM01183",-0.126280318746115
"GATA2","SIDM01185",-1.17704974089335
"GATA2","SIDM01187",-0.968779801124066
"GATA2","SIDM01197",-1.22840329299602
"GATA2","SIDM01198",-0.230994102156972
"GATA2","SIDM01203",0.0352105984304317
"GATA2","SIDM01205",2.42642926924064
"GATA2","SIDM01206",-2.39319233864862
"GATA2","SIDM01210",-1.25412825126394
"GATA2","SIDM01217",2.26577702362833
"GATA2","SIDM01218",1.14186293003314
"GATA2","SIDM01220",0.602637655354252
"GATA2","SIDM01228",-1.57858005185584
"GATA2","SIDM01229",-2.18514262333586
"GATA2","SIDM01233",-0.0623911850397981
"GATA2","SIDM01237",0.245960890760345
"GATA2","SIDM01240",0.154143520634029
"GATA2","SIDM01242",-0.190558569167374
"GATA2","SIDM01245",0.369982222348512
"GATA2","SIDM01246",-1.11950598036243
"GATA2","SIDM01247",-2.46079753026158
"GATA2","SIDM01248",-0.553360256629944
"GATA2","SIDM01251",-1.17440682235255
"GATA2","SIDM01257",0.222287171264677
"GATA2","SIDM01259",0.468856047911983
"GATA2","SIDM01483",0.00672151515156372
"IRF1","SIDM00002",-4.17745459031091
"IRF1","SIDM00003",-1.18525741313606
"IRF1","SIDM00006",-1.4130264382986
"IRF1","SIDM00007",-2.25849237773892
"IRF1","SIDM00009",11.2696800101331
"IRF1","SIDM00014",0.841831777171125
"IRF1","SIDM00018",-0.917727612672255
"IRF1","SIDM00023",-3.71762535549124
"IRF1","SIDM00025",-2.3365710187979
"IRF1","SIDM00026",-3.53479310218193
"IRF1","SIDM00027",-4.10519261613229
"IRF1","SIDM00040",-0.536354890629085
"IRF1","SIDM00041",-1.13000468246652
"IRF1","SIDM00042",3.02659167724727
"IRF1","SIDM00043",7.95979745779033
"IRF1","SIDM00044",-1.08977196183285
"IRF1","SIDM00045",-1.54078512266708
"IRF1","SIDM00047",0.935738210797904
"IRF1","SIDM00048",4.80357593484749
"IRF1","SIDM00049",0.963104817809889
"IRF1","SIDM00050",-0.955213084913498
"IRF1","SIDM00051",-2.9402631419982
"IRF1","SIDM00052",1.58707707252875
"IRF1","SIDM00053",3.70683688767849
"IRF1","SIDM00054",0.70607522482507
"IRF1","SIDM00056",3.7959744988638
"IRF1","SIDM00057",-0.757240628793855
"IRF1","SIDM00064",-1.17558639080082
"IRF1","SIDM00068",1.70078598505696
"IRF1","SIDM00070",2.10370762672878
"IRF1","SIDM00077",-1.04793120574498
"IRF1","SIDM00082",-1.39451915609828
"IRF1","SIDM00086",1.66257674821275
"IRF1","SIDM00091",0.719821543630816
"IRF1","SIDM00094",-2.05035890817945
"IRF1","SIDM00096",4.3254756676893
"IRF1","SIDM00098",-1.48560561900129
"IRF1","SIDM00099",0.0146553530263919
"IRF1","SIDM00100",-1.92542098272538
"IRF1","SIDM00101",1.37466540661507
"IRF1","SIDM00102",0.204337166014014
"IRF1","SIDM00103",1.2968615941963
"IRF1","SIDM00104",4.66916002001854
"IRF1","SIDM00111",1.45308356368224
"IRF1","SIDM00112",3.36625346888169
"IRF1","SIDM00113",-1.41352035162245
"IRF1","SIDM00114",0.035581627631766
"IRF1","SIDM00115",0.0586330373199744
"IRF1","SIDM00118",-1.50862405911308
"IRF1","SIDM00120",-1.25140450110448
"IRF1","SIDM00121",-1.49614599654887
"IRF1","SIDM00126",-2.42021202416359
"IRF1","SIDM00127",-0.295984807519478
"IRF1","SIDM00128",5.66083924228724
"IRF1","SIDM00129",-1.03476817024933
"IRF1","SIDM00136",0.864053758608122
"IRF1","SIDM00137",-2.78614618433829
"IRF1","SIDM00145",-0.730029154909575
"IRF1","SIDM00154",7.17034394861981
"IRF1","SIDM00155",-0.678185431559667
"IRF1","SIDM00156",-3.16032433951518
"IRF1","SIDM00157",-3.45030315183401
"IRF1","SIDM00172",3.07054330215733
"IRF1","SIDM00174",3.27435748419741
"IRF1","SIDM00175",-0.494631694835441
"IRF1","SIDM00176",-2.32125482780221
"IRF1","SIDM00179",-1.67801973757259
"IRF1","SIDM00180",0.559101208203326
"IRF1","SIDM00181",-1.5069826271723
"IRF1","SIDM00182",0.0972563579479135
"IRF1","SIDM00183",-2.42068599519073
"IRF1","SIDM00184",-0.0440434040085327
"IRF1","SIDM00185",-1.30127348813522
"IRF1","SIDM00186",1.86543291438639
"IRF1","SIDM00187",0.544053745241648
"IRF1","SIDM00188",5.43063693185505
"IRF1","SIDM00189",0.128823753508603
"IRF1","SIDM00190",-1.41526337706702
"IRF1","SIDM00191",1.15411569698513
"IRF1","SIDM00193",1.14135370833858
"IRF1","SIDM00195",-3.26756778360315
"IRF1","SIDM00196",-4.00710399014349
"IRF1","SIDM00197",-4.21731202566761
"IRF1","SIDM00198",-3.27828246591767
"IRF1","SIDM00199",0.171620008855879
"IRF1","SIDM00200",-3.58514120641579
"IRF1","SIDM00201",-3.1668249517038
"IRF1","SIDM00202",-4.25309103286937
"IRF1","SIDM00203",-4.11408785020076
"IRF1","SIDM00206",-1.12473396671309
"IRF1","SIDM00207",-1.65449849600157
"IRF1","SIDM00208",-0.960516535526065
"IRF1","SIDM00209",-0.345891407588574
"IRF1","SIDM00211",0.204345995795744
"IRF1","SIDM00214",-0.390863354218075
"IRF1","SIDM00215",0.968467762644394
"IRF1","SIDM00216",-0.5231756895132
"IRF1","SIDM00218",-0.441093370351316
"IRF1","SIDM00223",-2.96222426899061
"IRF1","SIDM00224",1.35517658071208
"IRF1","SIDM00225",-2.86097681205093
"IRF1","SIDM00227",-1.89283970160061
"IRF1","SIDM00230",-2.03900148088309
"IRF1","SIDM00231",3.85749067212313
"IRF1","SIDM00232",-0.292913595656447
"IRF1","SIDM00233",2.91952745644817
"IRF1","SIDM00234",-0.856701379716905
"IRF1","SIDM00240",-1.20552117231152
"IRF1","SIDM00241",-3.53245866424474
"IRF1","SIDM00242",-3.61907966715993
"IRF1","SIDM00243",-1.42076128706729
"IRF1","SIDM00244",-2.52069905380127
"IRF1","SIDM00245",-2.12774792818674
"IRF1","SIDM00251",1.77510133320624
"IRF1","SIDM00252",-2.19551490167709
"IRF1","SIDM00253",-2.36306276264861
"IRF1","SIDM00254",-2.07895509918523
"IRF1","SIDM00255",-3.15748859477663
"IRF1","SIDM00256",-3.33612433399479
"IRF1","SIDM00257",-3.15950000850436
"IRF1","SIDM00258",-2.6466137191312
"IRF1","SIDM00259",-2.47177870971687
"IRF1","SIDM00260",-0.904520835055047
"IRF1","SIDM00261",-2.39365585859471
"IRF1","SIDM00262",-3.4268357086554
"IRF1","SIDM00263",-2.41373203369327
"IRF1","SIDM00264",-2.79388670843655
"IRF1","SIDM00265",-3.96684130778686
"IRF1","SIDM00266",-3.83873911880613
"IRF1","SIDM00267",-1.81945827776771
"IRF1","SIDM00269",-1.26772654315994
"IRF1","SIDM00270",0.560625649532907
"IRF1","SIDM00274",0.539019760848415
"IRF1","SIDM00276",1.10703092601227
"IRF1","SIDM00277",1.9825279715111
"IRF1","SIDM00281",0.556896111537449
"IRF1","SIDM00283",-0.181995452532607
"IRF1","SIDM00285",-3.51255932634818
"IRF1","SIDM00287",-1.38312773226615
"IRF1","SIDM00289",0.411131956308657
"IRF1","SIDM00291",0.0292715438980263
"IRF1","SIDM00292",-2.34690951194436
"IRF1","SIDM00293",-2.54131390306955
"IRF1","SIDM00294",-2.44233485791964
"IRF1","SIDM00296",-2.64192767880915
"IRF1","SIDM00297",1.1372518607261
"IRF1","SIDM00299",2.81416535741262
"IRF1","SIDM00300",-2.81853280032441
"IRF1","SIDM00302",0.350882061308219
"IRF1","SIDM00304",-1.60178589924032
"IRF1","SIDM00308",0.423617871369423
"IRF1","SIDM00309",2.74850981823594
"IRF1","SIDM00310",5.57273874895754
"IRF1","SIDM00311",4.91902748262164
"IRF1","SIDM00316",0.640360377195445
"IRF1","SIDM00317",0.583842961747149
"IRF1","SIDM00319",0.866099654760209
"IRF1","SIDM00320",-3.16416450618611
"IRF1","SIDM00323",-1.16039779688059
"IRF1","SIDM00324",-2.95812254821752
"IRF1","SIDM00326",-2.23685685044576
"IRF1","SIDM00328",-0.569141686150781
"IRF1","SIDM00330",-2.03905128029895
"IRF1","SIDM00332",-2.94270239137371
"IRF1","SIDM00343",2.58537660206701
"IRF1","SIDM00346",-0.645096736309776
"IRF1","SIDM00349",-1.77412529598229
"IRF1","SIDM00350",-1.85265050737242
"IRF1","SIDM00351",-1.54895997446401
"IRF1","SIDM00362",-0.287736825929855
"IRF1","SIDM00364",-0.768759161099312
"IRF1","SIDM00365",-3.08707941905364
"IRF1","SIDM00367",-1.7818297405624
"IRF1","SIDM00371",1.96210786652167
"IRF1","SIDM00374",8.39577304925022
"IRF1","SIDM00375",0.662223794363176
"IRF1","SIDM00377",-0.440833284281756
"IRF1","SIDM00379",0.232269661570109
"IRF1","SIDM00381",0.317085406605194
"IRF1","SIDM00383",-0.764437122635666
"IRF1","SIDM00384",2.89440990894887
"IRF1","SIDM00388",-1.55834220605976
"IRF1","SIDM00389",1.4515596878196
"IRF1","SIDM00393",0.159964509649377
"IRF1","SIDM00394",-0.228965033665563
"IRF1","SIDM00397",0.552810510044859
"IRF1","SIDM00399",-1.5281102367286
"IRF1","SIDM00400",-2.5101890142593
"IRF1","SIDM00401",-0.349767413484963
"IRF1","SIDM00404",1.37304938617317
"IRF1","SIDM00406",1.15225848415446
"IRF1","SIDM00407",1.85481182293654
"IRF1","SIDM00410",6.25217188472617
"IRF1","SIDM00411",1.35239180953838
"IRF1","SIDM00412",2.04141394969771
"IRF1","SIDM00413",1.06995876220635
"IRF1","SIDM00414",-1.76119859277519
"IRF1","SIDM00415",1.13367000904684
"IRF1","SIDM00416",1.12989953385298
"IRF1","SIDM00417",1.41699104993825
"IRF1","SIDM00418",1.78017817936845
"IRF1","SIDM00420",1.36555838083963
"IRF1","SIDM00422",2.02259247363476
"IRF1","SIDM00424",0.807359138184474
"IRF1","SIDM00427",-1.93074123837735
"IRF1","SIDM00438",0.647255383742818
"IRF1","SIDM00441",-0.471016461707889
"IRF1","SIDM00444",0.127471940913041
"IRF1","SIDM00445",-1.4399255313767
"IRF1","SIDM00448",4.32459115040649
"IRF1","SIDM00459",-0.657494295565048
"IRF1","SIDM00465",-0.685658669822596
"IRF1","SIDM00466",-1.47101832447695
"IRF1","SIDM00467",6.28119545089682
"IRF1","SIDM00472",-3.16247534809537
"IRF1","SIDM00476",-1.60730329096686
"IRF1","SIDM00482",2.4081211404113
"IRF1","SIDM00483",-1.13974268544949
"IRF1","SIDM00487",-1.79767912791137
"IRF1","SIDM00488",4.87262699845222
"IRF1","SIDM00489",-0.764980230664436
"IRF1","SIDM00490",2.56423638497322
"IRF1","SIDM00491",1.97190619218964
"IRF1","SIDM00496",-0.0871243827696171
"IRF1","SIDM00498",0.729939463061196
"IRF1","SIDM00501",-1.83020041332259
"IRF1","SIDM00504",-1.07070684797113
"IRF1","SIDM00507",-3.07012416661972
"IRF1","SIDM00508",-2.85539048543859
"IRF1","SIDM00510",-2.98819715905036
"IRF1","SIDM00516",-1.10565199546706
"IRF1","SIDM00517",-1.87325343605986
"IRF1","SIDM00518",-0.74239811584301
"IRF1","SIDM00519",3.11667391937684
"IRF1","SIDM00520",5.36131527598481
"IRF1","SIDM00527",0.817599260777881
"IRF1","SIDM00528",0.526082125876173
"IRF1","SIDM00530",1.34354484777988
"IRF1","SIDM00532",-0.776047381340034
"IRF1","SIDM00534",0.219955138528459
"IRF1","SIDM00535",-0.448304714154439
"IRF1","SIDM00537",-1.67128923398268
"IRF1","SIDM00538",1.7774196329497
"IRF1","SIDM00539",0.439244682977685
"IRF1","SIDM00540",-0.405871434516217
"IRF1","SIDM00541",-0.25160558504511
"IRF1","SIDM00542",0.0735747544122888
"IRF1","SIDM00543",-0.748474563187802
"IRF1","SIDM00544",-2.29843356782568
"IRF1","SIDM00549",-1.35451699050028
"IRF1","SIDM00550",-2.29565053026464
"IRF1","SIDM00551",-2.69205208301287
"IRF1","SIDM00553",-0.880018048252403
"IRF1","SIDM00561",1.78319327015013
"IRF1","SIDM00562",-3.17680032383969
"IRF1","SIDM00565",3.83960915998719
"IRF1","SIDM00566",5.34538074656245
"IRF1","SIDM00569",-2.26722221143147
"IRF1","SIDM00573",0.144198259828093
"IRF1","SIDM00574",0.36372580313312
"IRF1","SIDM00576",2.57350389137757
"IRF1","SIDM00577",-1.51936589600647
"IRF1","SIDM00579",-2.20835838090883
"IRF1","SIDM00583",-3.10368927864469
"IRF1","SIDM00584",1.41299636838907
"IRF1","SIDM00591",-1.16995387628145
"IRF1","SIDM00592",4.35581049650135
"IRF1","SIDM00596",-2.48784073086291
"IRF1","SIDM00599",-2.16488527118127
"IRF1","SIDM00600",-0.419934222883024
"IRF1","SIDM00603",-0.127945230380829
"IRF1","SIDM00604",1.96433110960964
"IRF1","SIDM00606",-0.834310389865009
"IRF1","SIDM00612",-1.86782218371232
"IRF1","SIDM00619",-1.20709048709431
"IRF1","SIDM00620",-0.867607912852405
"IRF1","SIDM00621",-1.95228915841105
"IRF1","SIDM00622",-1.19496419249098
"IRF1","SIDM00623",2.58629384610638
"IRF1","SIDM00627",0.400403406950799
"IRF1","SIDM00631",-1.93746870433021
"IRF1","SIDM00632",9.52640254338367
"IRF1","SIDM00636",8.98953024849832
"IRF1","SIDM00638",-0.740730583180881
"IRF1","SIDM00648",-1.40944243859935
"IRF1","SIDM00650",-3.41586657253963
"IRF1","SIDM00655",-1.30590319534057
"IRF1","SIDM00659",-0.294071832416217
"IRF1","SIDM00667",0.55103662180761
"IRF1","SIDM00668",2.55401144182263
"IRF1","SIDM00677",2.62730496357913
"IRF1","SIDM00679",0.6718400903338
"IRF1","SIDM00680",0.0425298610142901
"IRF1","SIDM00688",4.9680799520945
"IRF1","SIDM00690",7.28855250710739
"IRF1","SIDM00699",-3.51905742023887
"IRF1","SIDM00700",-0.710024618868994
"IRF1","SIDM00719",-4.04462668553772
"IRF1","SIDM00721",-2.70435254254869
"IRF1","SIDM00732",-1.29576229561806
"IRF1","SIDM00737",-3.62298573281821
"IRF1","SIDM00758",-0.0184750734736541
"IRF1","SIDM00767",-3.37579050359025
"IRF1","SIDM00770",-2.49512657275732
"IRF1","SIDM00781",-1.30107380815014
"IRF1","SIDM00783",-0.73869171669592
"IRF1","SIDM00789",-0.698706963329689
"IRF1","SIDM00792",-2.52924508864983
"IRF1","SIDM00793",-0.594009120431662
"IRF1","SIDM00794",1.45911467616867
"IRF1","SIDM00808",4.65380380305796
"IRF1","SIDM00810",-0.602244706885357
"IRF1","SIDM00813",14.1152752811604
"IRF1","SIDM00814",-2.72195240807312
"IRF1","SIDM00815",-1.4029293846227
"IRF1","SIDM00816",2.81289919899185
"IRF1","SIDM00817",0.575074826791672
"IRF1","SIDM00818",1.40109235743394
"IRF1","SIDM00819",0.854348375148985
"IRF1","SIDM00820",3.12582469484986
"IRF1","SIDM00821",1.60849559302826
"IRF1","SIDM00826",1.20835037892823
"IRF1","SIDM00832",-0.686076932280986
"IRF1","SIDM00833",2.9594249290882
"IRF1","SIDM00834",-1.24267598071032
"IRF1","SIDM00835",2.66545497752445
"IRF1","SIDM00836",-0.410786927376315
"IRF1","SIDM00837",0.259043625075287
"IRF1","SIDM00841",-1.72282317604608
"IRF1","SIDM00842",-1.4520533927025
"IRF1","SIDM00846",-1.6684764880683
"IRF1","SIDM00859",3.04843953060522
"IRF1","SIDM00863",7.32142302117081
"IRF1","SIDM00864",0.0920386571681885
"IRF1","SIDM00875",2.37929751706134
"IRF1","SIDM00885",6.2547253647667
"IRF1","SIDM00889",-3.44102339642885
"IRF1","SIDM00895",2.89770203755752
"IRF1","SIDM00896",2.97618783738728
"IRF1","SIDM00900",5.38563129650766
"IRF1","SIDM00905",2.94661462973745
"IRF1","SIDM00915",-2.83001274223359
"IRF1","SIDM00917",12.34262832068
"IRF1","SIDM00923",-1.74726610173864
"IRF1","SIDM00927",-3.57989705134263
"IRF1","SIDM00929",-2.2794126182445
"IRF1","SIDM00930",-2.31377089207679
"IRF1","SIDM00935",3.25864668474446
"IRF1","SIDM00946",2.56293289894375
"IRF1","SIDM00948",-0.820541446247287
"IRF1","SIDM00951",-0.590937573298608
"IRF1","SIDM00952",6.78926103138069
"IRF1","SIDM00953",-1.8418555256542
"IRF1","SIDM00954",-2.8291242760964
"IRF1","SIDM00958",1.26576451123979
"IRF1","SIDM00960",2.2275951790447
"IRF1","SIDM00962",1.70095146264662
"IRF1","SIDM00964",7.78429217465953
"IRF1","SIDM00966",1.45801840122672
"IRF1","SIDM00967",-0.828570444901483
"IRF1","SIDM00968",-2.17408279588654
"IRF1","SIDM00969",1.7620226454736
"IRF1","SIDM00970",-1.27186010141235
"IRF1","SIDM00971",-1.84990324011376
"IRF1","SIDM00973",3.73983015848847
"IRF1","SIDM00974",0.66129042734369
"IRF1","SIDM00975",0.194922212527021
"IRF1","SIDM00976",0.870152149064262
"IRF1","SIDM00984",10.7233837399308
"IRF1","SIDM00995",0.0173942739476211
"IRF1","SIDM01006",0.149493979499871
"IRF1","SIDM01007",-0.876373880325762
"IRF1","SIDM01011",3.25373197929579
"IRF1","SIDM01017",-0.629804299691101
"IRF1","SIDM01019",0.647205935416307
"IRF1","SIDM01039",-2.08351205092528
"IRF1","SIDM01041",-0.0588013402830612
"IRF1","SIDM01042",-2.41036454593849
"IRF1","SIDM01047",-0.12669752543957
"IRF1","SIDM01050",3.3477508043968
"IRF1","SIDM01061",4.91996599703963
"IRF1","SIDM01064",2.92395678455254
"IRF1","SIDM01073",6.53734897476383
"IRF1","SIDM01090",0.427049509407687
"IRF1","SIDM01092",7.30175701776648
"IRF1","SIDM01093",-0.829569839297625
"IRF1","SIDM01095",-0.95323120578501
"IRF1","SIDM01097",-3.70657399904657
"IRF1","SIDM01098",-2.11071247032653
"IRF1","SIDM01102",5.79981098516809
"IRF1","SIDM01114",0.215912744232083
"IRF1","SIDM01117",-3.34085777192599
"IRF1","SIDM01118",-3.84627864794896
"IRF1","SIDM01120",-3.01743888369688
"IRF1","SIDM01122",-1.41562486849806
"IRF1","SIDM01126",-3.43691612739322
"IRF1","SIDM01132",-1.49334046690013
"IRF1","SIDM01133",-3.78772013916625
"IRF1","SIDM01140",-1.0237212736167
"IRF1","SIDM01145",-1.33952972227215
"IRF1","SIDM01146",-2.18462537919288
"IRF1","SIDM01149",-3.13969554748245
"IRF1","SIDM01155",1.21945712581751
"IRF1","SIDM01157",1.542769924481
"IRF1","SIDM01159",0.920977139049324
"IRF1","SIDM01160",0.448313108286008
"IRF1","SIDM01161",3.57156769465613
"IRF1","SIDM01162",-0.0994038746212403
"IRF1","SIDM01163",-0.286151689882954
"IRF1","SIDM01168",-0.426366467463992
"IRF1","SIDM01173",-1.30458764259614
"IRF1","SIDM01174",-1.75612383173941
"IRF1","SIDM01175",-0.188046693720921
"IRF1","SIDM01177",0.21275173901954
"IRF1","SIDM01178",1.58619219167848
"IRF1","SIDM01179",0.407036077363649
"IRF1","SIDM01183",-3.09483863161035
"IRF1","SIDM01185",-2.91958755639387
"IRF1","SIDM01187",0.253175560850429
"IRF1","SIDM01197",-0.494233488506044
"IRF1","SIDM01198",1.07883060093485
"IRF1","SIDM01203",-2.14832778605352
"IRF1","SIDM01205",-0.464537043354354
"IRF1","SIDM01206",-3.74218790237152
"IRF1","SIDM01210",0.443604462085973
"IRF1","SIDM01217",0.80337282806774
"IRF1","SIDM01218",-0.618192950388043
"IRF1","SIDM01220",-2.58368558247205
"IRF1","SIDM01228",-0.415082671288016
"IRF1","SIDM01229",-1.86075402962746
"IRF1","SIDM01233",-0.500508022872032
"IRF1","SIDM01237",-0.435311038541005
"IRF1","SIDM01240",-1.64959807546911
"IRF1","SIDM01242",1.13817706522641
"IRF1","SIDM01245",-1.59727601569174
"IRF1","SIDM01246",-3.12109094645013
"IRF1","SIDM01247",1.68336523589708
"IRF1","SIDM01248",-1.8977046708246
"IRF1","SIDM01251",2.01660958074461
"IRF1","SIDM01257",-2.08834717945739
"IRF1","SIDM01259",-2.13374875384125
"IRF1","SIDM01483",-2.37709735527227
"MYC","SIDM00002",5.89279989839397
"MYC","SIDM00003",13.4153803089105
"MYC","SIDM00006",8.68155754576833
"MYC","SIDM00007",9.44860220861984
"MYC","SIDM00009",5.22989551816752
"MYC","SIDM00014",8.68313371408189
"MYC","SIDM00018",2.3886033388451
"MYC","SIDM00023",5.10020588220347
"MYC","SIDM00025",8.11721500996329
"MYC","SIDM00026",6.25605541956999
"MYC","SIDM00027",10.5157241733025
"MYC","SIDM00040",7.74521697732853
"MYC","SIDM00041",4.20776942192365
"MYC","SIDM00042",0.0901859551557523
"MYC","SIDM00043",3.1826847411405
"MYC","SIDM00044",0.945817899980252
"MYC","SIDM00045",4.75224640007973
"MYC","SIDM00047",8.55325848743388
"MYC","SIDM00048",7.66150553958598
"MYC","SIDM00049",5.51546603472995
"MYC","SIDM00050",-0.766437045614809
"MYC","SIDM00051",6.52685714097588
"MYC","SIDM00052",5.77092775049654
"MYC","SIDM00053",-0.306333055450825
"MYC","SIDM00054",6.33959459678731
"MYC","SIDM00056",3.07278229156516
"MYC","SIDM00057",1.01793492895954
"MYC","SIDM00064",6.38266755202919
"MYC","SIDM00068",5.84708323665363
"MYC","SIDM00070",6.32167274628239
"MYC","SIDM00077",5.69683359179848
"MYC","SIDM00082",-0.0616855588535874
"MYC","SIDM00086",-0.63965666158492
"MYC","SIDM00091",3.13717284624497
"MYC","SIDM00094",15.8506066369294
"MYC","SIDM00096",9.98541512706156
"MYC","SIDM00098",8.97457408100091
"MYC","SIDM00099",-0.0738756072288194
"MYC","SIDM00100",8.63511717688086
"MYC","SIDM00101",3.48832127602237
"MYC","SIDM00102",2.26409754191162
"MYC","SIDM00103",2.29812802034991
"MYC","SIDM00104",0.0936180166060187
"MYC","SIDM00111",2.73521709136767
"MYC","SIDM00112",1.53686505201549
"MYC","SIDM00113",11.9627099342973
"MYC","SIDM00114",0.307140754446979
"MYC","SIDM00115",3.22204860883494
"MYC","SIDM00118",7.12190474617329
"MYC","SIDM00120",10.8590128767062
"MYC","SIDM00121",7.78943873186284
"MYC","SIDM00126",7.60757108886487
"MYC","SIDM00127",0.714583985934385
"MYC","SIDM00128",1.30554707818506
"MYC","SIDM00129",6.42885848182331
"MYC","SIDM00136",5.91599607720617
"MYC","SIDM00137",7.51578121046056
"MYC","SIDM00145",7.33320856977822
"MYC","SIDM00154",4.73914444308507
"MYC","SIDM00155",0.78387293960074
"MYC","SIDM00156",3.21676182831553
"MYC","SIDM00157",4.59726970691473
"MYC","SIDM00172",1.51012832193774
"MYC","SIDM00174",2.83701486435924
"MYC","SIDM00175",6.87012392363086
"MYC","SIDM00176",4.43139958657944
"MYC","SIDM00179",3.90603429319658
"MYC","SIDM00180",3.11934561867768
"MYC","SIDM00181",7.10773091752177
"MYC","SIDM00182",12.4430465463851
"MYC","SIDM00183",4.81762268663668
"MYC","SIDM00184",4.76388273560041
"MYC","SIDM00185",6.53683997158507
"MYC","SIDM00186",1.24895832245582
"MYC","SIDM00187",13.8465389924284
"MYC","SIDM00188",7.46212072393065
"MYC","SIDM00189",4.94459176220636
"MYC","SIDM00190",5.8191004968366
"MYC","SIDM00191",0.067670451363598
"MYC","SIDM00193",10.4621789424863
"MYC","SIDM00195",6.1498445345399
"MYC","SIDM00196",7.2567044421964
"MYC","SIDM00197",6.14722868419271
"MYC","SIDM00198",5.15118230237915
"MYC","SIDM00199",7.91178669741758
"MYC","SIDM00200",7.22084434000862
"MYC","SIDM00201",2.68739407515219
"MYC","SIDM00202",5.93086909335615
"MYC","SIDM00203",6.23917890265493
"MYC","SIDM00206",4.50704159427311
"MYC","SIDM00207",2.62834619952748
"MYC","SIDM00208",-0.0885788922159593
"MYC","SIDM00209",4.65321076856945
"MYC","SIDM00211",10.5786956968839
"MYC","SIDM00214",11.2273175462319
"MYC","SIDM00215",3.60217619578639
"MYC","SIDM00216",8.55969100344357
"MYC","SIDM00218",5.19777336579262
"MYC","SIDM00223",5.40886401496616
"MYC","SIDM00224",4.34819317970084
"MYC","SIDM00225",8.22853564041885
"MYC","SIDM00227",0.843171507290018
"MYC","SIDM00230",5.7122978203013
"MYC","SIDM00231",11.7596673103672
"MYC","SIDM00232",7.00916188218295
"MYC","SIDM00233",5.4463678636587
"MYC","SIDM00234",0.651923871685637
"MYC","SIDM00240",2.52120375582293
"MYC","SIDM00241",4.66595167087312
"MYC","SIDM00242",8.69270494117552
"MYC","SIDM00243",3.89664613771068
"MYC","SIDM00244",7.52894715564949
"MYC","SIDM00245",7.60641490258101
"MYC","SIDM00251",5.81394868096879
"MYC","SIDM00252",6.74133607880818
"MYC","SIDM00253",7.67117770167305
"MYC","SIDM00254",4.27340089855743
"MYC","SIDM00255",2.06205483812834
"MYC","SIDM00256",4.44096686817874
"MYC","SIDM00257",4.59674421995543
"MYC","SIDM00258",2.73488887442104
"MYC","SIDM00259",4.47258938056972
"MYC","SIDM00260",4.59656882459368
"MYC","SIDM00261",2.25598694628697
"MYC","SIDM00262",7.07181586845023
"MYC","SIDM00263",1.26289050024939
"MYC","SIDM00264",2.54585266625368
"MYC","SIDM00265",5.7442824522422
"MYC","SIDM00266",8.13506857306329
"MYC","SIDM00267",4.82832455717231
"MYC","SIDM00269",2.46347953327071
"MYC","SIDM00270",2.98106089258742
"MYC","SIDM00274",4.15313039265095
"MYC","SIDM00276",7.50733360115751
"MYC","SIDM00277",3.98774223861604
"MYC","SIDM00281",4.91737844967671
"MYC","SIDM00283",11.1815914409024
"MYC","SIDM00285",1.14605536328059
"MYC","SIDM00287",4.55796515569374
"MYC","SIDM00289",5.42416031987413
"MYC","SIDM00291",6.06022403301451
"MYC","SIDM00292",-0.574134437809603
"MYC","SIDM00293",7.53784141718176
"MYC","SIDM00294",6.44625950874202
"MYC","SIDM00296",-0.475518458786697
"MYC","SIDM00297",7.60022479654314
"MYC","SIDM00299",3.42609159481547
"MYC","SIDM00300",8.68170597071288
"MYC","SIDM00302",5.9952385137321
"MYC","SIDM00304",4.0033543487428
"MYC","SIDM00308",8.00846760093486
"MYC","SIDM00309",2.30781356272554
"MYC","SIDM00310",8.37484717523232
"MYC","SIDM00311",9.74380525194097
"MYC","SIDM00316",3.27083879734407
"MYC","SIDM00317",6.67415704742076
"MYC","SIDM00319",4.34158904190653
"MYC","SIDM00320",5.17887305720498
"MYC","SIDM00323",11.8098455485839
"MYC","SIDM00324",10.7645765479554
"MYC","SIDM00326",4.28918182898969
"MYC","SIDM00328",5.21588365587512
"MYC","SIDM00330",-0.334348758112002
"MYC","SIDM00332",1.47660332442054
"MYC","SIDM00343",4.61836924525763
"MYC","SIDM00346",6.75934838432173
"MYC","SIDM00349",6.07414245787531
"MYC","SIDM00350",5.83304246591844
"MYC","SIDM00351",8.00528763033717
"MYC","SIDM00362",2.49621016768119
"MYC","SIDM00364",3.59067772460255
"MYC","SIDM00365",3.07094335706867
"MYC","SIDM00367",2.31491334473326
"MYC","SIDM00371",0.664844183117891
"MYC","SIDM00374",10.8432106946922
"MYC","SIDM00375",3.90060816256324
"MYC","SIDM00377",7.30237055426482
"MYC","SIDM00379",9.21385197144208
"MYC","SIDM00381",8.6494231373929
"MYC","SIDM00383",2.79825179440803
"MYC","SIDM00384",2.45144699285148
"MYC","SIDM00388",6.34339311823095
"MYC","SIDM00389",15.904416901781
"MYC","SIDM00393",6.76893505563911
"MYC","SIDM00394",8.6157460438628
"MYC","SIDM00397",4.82039775000744
"MYC","SIDM00399",1.65275746951407
"MYC","SIDM00400",8.51013732477102
"MYC","SIDM00401",7.61508443980881
"MYC","SIDM00404",5.97777204899843
"MYC","SIDM00406",13.5340606081718
"MYC","SIDM00407",4.28331488916482
"MYC","SIDM00410",1.1610597271268
"MYC","SIDM00411",3.88724590655783
"MYC","SIDM00412",6.41651598522197
"MYC","SIDM00413",-3.03367372969957
"MYC","SIDM00414",15.2133504603233
"MYC","SIDM00415",12.3336494464881
"MYC","SIDM00416",3.51655073228575
"MYC","SIDM00417",0.543498248222283
"MYC","SIDM00418",4.85524279189301
"MYC","SIDM00420",4.74553580366832
"MYC","SIDM00422",-0.641077956255252
"MYC","SIDM00424",8.11087356986284
"MYC","SIDM00427",4.61720873973168
"MYC","SIDM00438",14.8770076231275
"MYC","SIDM00441",11.0830420288735
"MYC","SIDM00444",4.86417949693816
"MYC","SIDM00445",6.17290523998218
"MYC","SIDM00448",7.26659412321768
"MYC","SIDM00459",9.2464912751179
"MYC","SIDM00465",3.12820084619038
"MYC","SIDM00466",-2.25684377285522
"MYC","SIDM00467",5.51516633939702
"MYC","SIDM00472",9.78537095588259
"MYC","SIDM00476",2.75703803353317
"MYC","SIDM00482",9.46914064103089
"MYC","SIDM00483",2.71173379129441
"MYC","SIDM00487",9.40446825658933
"MYC","SIDM00488",2.97621150862997
"MYC","SIDM00489",1.29864384286384
"MYC","SIDM00490",-3.17134505352935
"MYC","SIDM00491",7.05648031932483
"MYC","SIDM00496",1.40617872259615
"MYC","SIDM00498",8.59160519276622
"MYC","SIDM00501",9.68511240765395
"MYC","SIDM00504",0.10950319073538
"MYC","SIDM00507",0.125436524138828
"MYC","SIDM00508",2.3444453568689
"MYC","SIDM00510",9.03285672306465
"MYC","SIDM00516",5.57241929440403
"MYC","SIDM00517",-0.178592962280774
"MYC","SIDM00518",3.95973563860008
"MYC","SIDM00519",1.27767564379358
"MYC","SIDM00520",1.40243872350639
"MYC","SIDM00527",3.75362749626371
"MYC","SIDM00528",7.11981724708262
"MYC","SIDM00530",1.37906632631156
"MYC","SIDM00532",1.6842138203116
"MYC","SIDM00534",7.6051797637958
"MYC","SIDM00535",2.60510417388157
"MYC","SIDM00537",4.49097193055571
"MYC","SIDM00538",5.32276791895311
"MYC","SIDM00539",4.23107671590299
"MYC","SIDM00540",1.48570295423399
"MYC","SIDM00541",4.59417662471067
"MYC","SIDM00542",3.67345595063203
"MYC","SIDM00543",2.12854877071128
"MYC","SIDM00544",10.7046823400053
"MYC","SIDM00549",7.29889754536518
"MYC","SIDM00550",4.86855887270692
"MYC","SIDM00551",1.73033553500622
"MYC","SIDM00553",9.40597254956355
"MYC","SIDM00561",4.17060137560785
"MYC","SIDM00562",11.5513007499831
"MYC","SIDM00565",6.68764631272917
"MYC","SIDM00566",3.25456001354966
"MYC","SIDM00569",3.40496955227424
"MYC","SIDM00573",3.37606495065796
"MYC","SIDM00574",3.34143247102723
"MYC","SIDM00576",7.13876889317525
"MYC","SIDM00577",4.13629460497503
"MYC","SIDM00579",3.35469059244622
"MYC","SIDM00583",10.9682967186244
"MYC","SIDM00584",3.88105374589493
"MYC","SIDM00591",9.16883284722382
"MYC","SIDM00592",2.46761495315393
"MYC","SIDM00596",7.93164601525938
"MYC","SIDM00599",5.22646663533047
"MYC","SIDM00600",5.24232216846954
"MYC","SIDM00603",-8.60934139630103
"MYC","SIDM00604",3.84426316341763
"MYC","SIDM00606",9.77087574205036
"MYC","SIDM00612",4.67413836322816
"MYC","SIDM00619",3.95043934893224
"MYC","SIDM00620",2.70103948052116
"MYC","SIDM00621",3.05024179724789
"MYC","SIDM00622",5.46766043269724
"MYC","SIDM00623",4.53917811181582
"MYC","SIDM00627",0.699554772825876
"MYC","SIDM00631",1.79103916018826
"MYC","SIDM00632",6.66656235126444
"MYC","SIDM00636",5.10940541824468
"MYC","SIDM00638",10.504087677128
"MYC","SIDM00648",11.8918640097453
"MYC","SIDM00650",5.59479516118035
"MYC","SIDM00655",1.36822670393865
"MYC","SIDM00659",5.95364027091833
"MYC","SIDM00667",4.08824163916942
"MYC","SIDM00668",2.24132047232935
"MYC","SIDM00677",5.53323796589368
"MYC","SIDM00679",5.79714533508362
"MYC","SIDM00680",7.23516992859261
"MYC","SIDM00688",7.09608382937611
"MYC","SIDM00690",3.52521400448936
"MYC","SIDM00699",2.64875397640327
"MYC","SIDM00700",8.8337234928479
"MYC","SIDM00719",2.18946094393764
"MYC","SIDM00721",0.0161119990015303
"MYC","SIDM00732",1.24794261144675
"MYC","SIDM00737",6.49917378280242
"MYC","SIDM00758",4.22093079836085
"MYC","SIDM00767",6.66577265948998
"MYC","SIDM00770",4.51041545022726
"MYC","SIDM00781",1.03793681185697
"MYC","SIDM00783",4.20962810783132
"MYC","SIDM00789",8.87114151308445
"MYC","SIDM00792",5.13891547321575
"MYC","SIDM00793",-0.746650313965432
"MYC","SIDM00794",0.656534627609996
"MYC","SIDM00808",5.2153897847385
"MYC","SIDM00810",6.44667600569992
"MYC","SIDM00813",4.37240468237551
"MYC","SIDM00814",2.18892591476406
"MYC","SIDM00815",7.34321719617385
"MYC","SIDM00816",1.16320325241969
"MYC","SIDM00817",9.45070661783399
"MYC","SIDM00818",8.44105294429151
"MYC","SIDM00819",6.60890900066333
"MYC","SIDM00820",2.27425549619438
"MYC","SIDM00821",7.52728320910729
"MYC","SIDM00826",1.10377057625504
"MYC","SIDM00832",6.59274495319166
"MYC","SIDM00833",1.30363822894835
"MYC","SIDM00834",2.74234246739053
"MYC","SIDM00835",5.40456560985286
"MYC","SIDM00836",5.62983460522997
"MYC","SIDM00837",2.89763405195168
"MYC","SIDM00841",8.00836729398512
"MYC","SIDM00842",7.2762116987296
"MYC","SIDM00846",8.82029894796468
"MYC","SIDM00859",10.4602897108002
"MYC","SIDM00863",1.33433788495345
"MYC","SIDM00864",0.702079931390389
"MYC","SIDM00875",7.28871275849176
"MYC","SIDM00885",2.96218836104726
"MYC","SIDM00889",8.42194844812548
"MYC","SIDM00895",3.02807143836235
"MYC","SIDM00896",5.63732822491524
"MYC","SIDM00900",8.89911138984473
"MYC","SIDM00905",5.64520628164877
"MYC","SIDM00915",3.75445340505695
"MYC","SIDM00917",1.4887494212685
"MYC","SIDM00923",12.5310729929392
"MYC","SIDM00927",1.32208496517052
"MYC","SIDM00929",11.3708554545488
"MYC","SIDM00930",13.8745765547388
"MYC","SIDM00935",2.27656616013257
"MYC","SIDM00946",9.10735392673902
"MYC","SIDM00948",7.09274100244425
"MYC","SIDM00951",3.48455931009958
"MYC","SIDM00952",3.95170035586949
"MYC","SIDM00953",5.13988097030474
"MYC","SIDM00954",4.05194725942584
"MYC","SIDM00958",5.38785309112833
"MYC","SIDM00960",8.63761473270054
"MYC","SIDM00962",10.8861942847093
"MYC","SIDM00964",4.4712504601135
"MYC","SIDM00966",0.442927893008485
"MYC","SIDM00967",4.77804301780892
"MYC","SIDM00968",14.1507916684382
"MYC","SIDM00969",2.83704828630848
"MYC","SIDM00970",4.14593253448648
"MYC","SIDM00971",0.933734103360755
"MYC","SIDM00973",3.80488252138001
"MYC","SIDM00974",12.772439975506
"MYC","SIDM00975",-1.21462749758728
"MYC","SIDM00976",7.30966473210029
"MYC","SIDM00984",9.13766426440442
"MYC","SIDM00995",14.3453988623428
"MYC","SIDM01006",2.3294062612171
"MYC","SIDM01007",12.0759161440016
"MYC","SIDM01011",3.44982071232955
"MYC","SIDM01017",11.1933777909815
"MYC","SIDM01019",8.86938441724456
"MYC","SIDM01039",4.85287816155641
"MYC","SIDM01041",10.3375557329616
"MYC","SIDM01042",1.9196042347834
"MYC","SIDM01047",9.71286961585914
"MYC","SIDM01050",2.75916031271227
"MYC","SIDM01061",-0.363964349499521
"MYC","SIDM01064",4.09719249561507
"MYC","SIDM01073",7.38518495581667
"MYC","SIDM01090",9.28938243930007
"MYC","SIDM01092",6.36738198599654
"MYC","SIDM01093",9.48947183512064
"MYC","SIDM01095",3.54764260923987
"MYC","SIDM01097",6.44836685114708
"MYC","SIDM01098",8.11269057397959
"MYC","SIDM01102",5.02611526784745
"MYC","SIDM01114",12.687422366214
"MYC","SIDM01117",4.99236860376159
"MYC","SIDM01118",-0.189060028184652
"MYC","SIDM01120",3.16355319098022
"MYC","SIDM01122",-0.673711197099193
"MYC","SIDM01126",0.598262191311267
"MYC","SIDM01132",5.91082590088018
"MYC","SIDM01133",-1.56187976761329
"MYC","SIDM01140",7.07163686128722
"MYC","SIDM01145",2.81469887749513
"MYC","SIDM01146",4.11369644099154
"MYC","SIDM01149",4.21158926526082
"MYC","SIDM01155",8.20458277509633
"MYC","SIDM01157",6.51704678537992
"MYC","SIDM01159",0.411421076258348
"MYC","SIDM01160",4.59686610775919
"MYC","SIDM01161",1.80241551752184
"MYC","SIDM01162",3.66271067147596
"MYC","SIDM01163",0.348932966698149
"MYC","SIDM01168",1.0884031341287
"MYC","SIDM01173",4.50634598613303
"MYC","SIDM01174",10.2277576840196
"MYC","SIDM01175",7.17326693657409
"MYC","SIDM01177",13.7207249242598
"MYC","SIDM01178",2.14160385042827
"MYC","SIDM01179",-0.367673586814802
"MYC","SIDM01183",4.02245736870937
"MYC","SIDM01185",3.01014895600006
"MYC","SIDM01187",0.970700286087474
"MYC","SIDM01197",2.72461468263986
"MYC","SIDM01198",2.51850951766774
"MYC","SIDM01203",4.44560901033568
"MYC","SIDM01205",6.21351692681454
"MYC","SIDM01206",2.70290069440736
"MYC","SIDM01210",0.79395576563077
"MYC","SIDM01217",5.00265105429879
"MYC","SIDM01218",6.28821509730752
"MYC","SIDM01220",4.22904067961982
"MYC","SIDM01228",8.22859760724102
"MYC","SIDM01229",2.11941565187745
"MYC","SIDM01233",1.58505472523145
"MYC","SIDM01237",2.01745582983224
"MYC","SIDM01240",9.91326286623801
"MYC","SIDM01242",3.65175618204604
"MYC","SIDM01245",5.32847006453676
"MYC","SIDM01246",8.99103904862356
"MYC","SIDM01247",3.08730519542575
"MYC","SIDM01248",3.68909594941974
"MYC","SIDM01251",7.35421521625251
"MYC","SIDM01257",5.30496103719223
"MYC","SIDM01259",4.34359398743785
"MYC","SIDM01483",10.1429747092067
"NFATC1","SIDM00002",-1.19833646919671
"NFATC1","SIDM00003",0.0125879445278008
"NFATC1","SIDM00006",1.03003229481008
"NFATC1","SIDM00007",-0.441136333017976
"NFATC1","SIDM00009",3.13785301861862
"NFATC1","SIDM00014",0.284050552109652
"NFATC1","SIDM00018",-0.358236011921772
"NFATC1","SIDM00023",-0.797623336077038
"NFATC1","SIDM00025",-2.16223068457843
"NFATC1","SIDM00026",-2.20732462332412
"NFATC1","SIDM00027",-2.56763448983374
"NFATC1","SIDM00040",-0.768535635090604
"NFATC1","SIDM00041",-0.911721603230131
"NFATC1","SIDM00042",0.49385739542884
"NFATC1","SIDM00043",-0.556961690541528
"NFATC1","SIDM00044",-0.242003040943458
"NFATC1","SIDM00045",-0.614789273718379
"NFATC1","SIDM00047",0.905967640178098
"NFATC1","SIDM00048",0.712545887992053
"NFATC1","SIDM00049",-2.27365048048018
"NFATC1","SIDM00050",0.06965499804733
"NFATC1","SIDM00051",4.19302035614111
"NFATC1","SIDM00052",-1.7359631544616
"NFATC1","SIDM00053",0.516140428351304
"NFATC1","SIDM00054",0.52042836185225
"NFATC1","SIDM00056",4.47478503315034
"NFATC1","SIDM00057",0.473848407368814
"NFATC1","SIDM00064",-1.41840921176082
"NFATC1","SIDM00068",0.34308280994632
"NFATC1","SIDM00070",-1.53969291152884
"NFATC1","SIDM00077",-0.310352029451199
"NFATC1","SIDM00082",-0.936402822711102
"NFATC1","SIDM00086",5.10891445995546
"NFATC1","SIDM00091",-0.0459333032892671
"NFATC1","SIDM00094",0.0405102947445539
"NFATC1","SIDM00096",0.0383570513350608
"NFATC1","SIDM00098",-0.436041741569845
"NFATC1","SIDM00099",1.03979628231087
"NFATC1","SIDM00100",-0.161329445101617
"NFATC1","SIDM00101",0.296519944918712
"NFATC1","SIDM00102",-0.74693065100166
"NFATC1","SIDM00103",-0.0612844400925543
"NFATC1","SIDM00104",-0.479149362601143
"NFATC1","SIDM00111",0.228338162738761
"NFATC1","SIDM00112",1.09702916736148
"NFATC1","SIDM00113",-0.696869715993881
"NFATC1","SIDM00114",-1.63089234876964
"NFATC1","SIDM00115",-0.428271932879077
"NFATC1","SIDM00118",-2.09798706914159
"NFATC1","SIDM00120",-0.456138593796971
"NFATC1","SIDM00121",0.272719230662579
"NFATC1","SIDM00126",-0.526173471374402
"NFATC1","SIDM00127",-1.83946012057055
"NFATC1","SIDM00128",0.103768928986219
"NFATC1","SIDM00129",3.67907450980105
"NFATC1","SIDM00136",-0.119481505525223
"NFATC1","SIDM00137",0.203238346309458
"NFATC1","SIDM00145",2.33043483082513
"NFATC1","SIDM00154",0.63137867313788
"NFATC1","SIDM00155",-0.788813663113265
"NFATC1","SIDM00156",-2.35895574865908
"NFATC1","SIDM00157",-2.39002359863412
"NFATC1","SIDM00172",-0.23869086694472
"NFATC1","SIDM00174",2.83334062268647
"NFATC1","SIDM00175",2.1050525400426
"NFATC1","SIDM00176",0.887138643256562
"NFATC1","SIDM00179",1.25630354868083
"NFATC1","SIDM00180",-1.16114492185614
"NFATC1","SIDM00181",0.996901262619662
"NFATC1","SIDM00182",1.05789600488877
"NFATC1","SIDM00183",-1.55817415218876
"NFATC1","SIDM00184",-0.130771634814646
"NFATC1","SIDM00185",0.537165670709991
"NFATC1","SIDM00186",0.847023226778234
"NFATC1","SIDM00187",1.23793459638302
"NFATC1","SIDM00188",0.627730360939519
"NFATC1","SIDM00189",0.702169865211828
"NFATC1","SIDM00190",-0.469708832811249
"NFATC1","SIDM00191",0.48521966708822
"NFATC1","SIDM00193",0.574949687811208
"NFATC1","SIDM00195",-0.333065202791858
"NFATC1","SIDM00196",-2.08083751232353
"NFATC1","SIDM00197",-1.66535335021642
"NFATC1","SIDM00198",-1.03384849946447
"NFATC1","SIDM00199",-0.148764077283133
"NFATC1","SIDM00200",-2.31034052877071
"NFATC1","SIDM00201",-0.862879739666977
"NFATC1","SIDM00202",-1.34699494352342
"NFATC1","SIDM00203",-2.02536996411562
"NFATC1","SIDM00206",1.32062644315077
"NFATC1","SIDM00207",0.994540821683153
"NFATC1","SIDM00208",-0.458204909362934
"NFATC1","SIDM00209",-0.985798750604467
"NFATC1","SIDM00211",-0.0326862706467891
"NFATC1","SIDM00214",-0.298726431833399
"NFATC1","SIDM00215",0.250640270281998
"NFATC1","SIDM00216",0.72077029269652
"NFATC1","SIDM00218",1.49277489939287
"NFATC1","SIDM00223",-1.49583213884381
"NFATC1","SIDM00224",0.276816218445729
"NFATC1","SIDM00225",1.1687897699857
"NFATC1","SIDM00227",0.138541893166785
"NFATC1","SIDM00230",-1.7136308142855
"NFATC1","SIDM00231",2.00979858851961
"NFATC1","SIDM00232",1.53222931445797
"NFATC1","SIDM00233",-1.30961876245146
"NFATC1","SIDM00234",-1.25732264823775
"NFATC1","SIDM00240",0.680033649748629
"NFATC1","SIDM00241",-1.37919442764471
"NFATC1","SIDM00242",-1.03620471671073
"NFATC1","SIDM00243",-1.02677857544631
"NFATC1","SIDM00244",-1.22480379539681
"NFATC1","SIDM00245",-1.32644126750174
"NFATC1","SIDM00251",-0.118896260696024
"NFATC1","SIDM00252",-0.512029005223509
"NFATC1","SIDM00253",-1.85238186922261
"NFATC1","SIDM00254",-1.43364662008623
"NFATC1","SIDM00255",-2.0692167438884
"NFATC1","SIDM00256",-2.12083446431836
"NFATC1","SIDM00257",-2.19305529066056
"NFATC1","SIDM00258",-0.493792454360113
"NFATC1","SIDM00259",-1.94834265183662
"NFATC1","SIDM00260",-0.483711091184103
"NFATC1","SIDM00261",-0.410122230900004
"NFATC1","SIDM00262",-0.186069638335458
"NFATC1","SIDM00263",-3.12451892910163
"NFATC1","SIDM00264",-0.100351854651046
"NFATC1","SIDM00265",-1.57348637721654
"NFATC1","SIDM00266",-0.979929433599846
"NFATC1","SIDM00267",-1.15620283863285
"NFATC1","SIDM00269",-0.121777814914929
"NFATC1","SIDM00270",-0.116224504637217
"NFATC1","SIDM00274",-0.66102819377603
"NFATC1","SIDM00276",-0.945352597353798
"NFATC1","SIDM00277",0.172454223448993
"NFATC1","SIDM00281",-0.197962991757428
"NFATC1","SIDM00283",-0.658720394204036
"NFATC1","SIDM00285",-1.90834946181871
"NFATC1","SIDM00287",-0.277768879678463
"NFATC1","SIDM00289",1.60437491459353
"NFATC1","SIDM00291",1.48115714944008
"NFATC1","SIDM00292",-1.9198584235124
"NFATC1","SIDM00293",-0.920170692895422
"NFATC1","SIDM00294",-1.62634338048055
"NFATC1","SIDM00296",-2.47536991778204
"NFATC1","SIDM00297",-0.951630598880778
"NFATC1","SIDM00299",-0.673639628250837
"NFATC1","SIDM00300",-1.47961418091871
"NFATC1","SIDM00302",0.829409848485234
"NFATC1","SIDM00304",-1.92884914016249
"NFATC1","SIDM00308",-0.359641714693581
"NFATC1","SIDM00309",0.655386789793779
"NFATC1","SIDM00310",0.110133278153385
"NFATC1","SIDM00311",2.16089919458748
"NFATC1","SIDM00316",3.05213814606182
"NFATC1","SIDM00317",0.112535174612542
"NFATC1","SIDM00319",1.59056589570121
"NFATC1","SIDM00320",-1.7955016508174
"NFATC1","SIDM00323",-0.22081704598623
"NFATC1","SIDM00324",-0.873720463013361
"NFATC1","SIDM00326",-0.638615549770719
"NFATC1","SIDM00328",-1.0123813942071
"NFATC1","SIDM00330",-1.92381611748174
"NFATC1","SIDM00332",-1.71068458042666
"NFATC1","SIDM00343",1.02571040470603
"NFATC1","SIDM00346",0.0363197996061233
"NFATC1","SIDM00349",-0.111638632604064
"NFATC1","SIDM00350",-1.41673673982104
"NFATC1","SIDM00351",-0.72360165607467
"NFATC1","SIDM00362",-0.713182164759279
"NFATC1","SIDM00364",0.546684811686943
"NFATC1","SIDM00365",-2.03745291089618
"NFATC1","SIDM00367",0.793999362415205
"NFATC1","SIDM00371",1.08028683618944
"NFATC1","SIDM00374",1.21922642984616
"NFATC1","SIDM00375",0.00664920564006356
"NFATC1","SIDM00377",1.38502480120991
"NFATC1","SIDM00379",1.35771837235304
"NFATC1","SIDM00381",-0.184982859107594
"NFATC1","SIDM00383",-0.787480598829976
"NFATC1","SIDM00384",1.1328215973613
"NFATC1","SIDM00388",0.324613950524596
"NFATC1","SIDM00389",0.294499976693409
"NFATC1","SIDM00393",-0.0766145920373754
"NFATC1","SIDM00394",2.68597098887071
"NFATC1","SIDM00397",-0.9235810264446
"NFATC1","SIDM00399",0.0994741041633398
"NFATC1","SIDM00400",0.390508099889454
"NFATC1","SIDM00401",1.90474458743455
"NFATC1","SIDM00404",-0.415715872281331
"NFATC1","SIDM00406",0.639148270480076
"NFATC1","SIDM00407",-0.818264676417736
"NFATC1","SIDM00410",2.29639618436439
"NFATC1","SIDM00411",0.100011156904785
"NFATC1","SIDM00412",-0.549616579121304
"NFATC1","SIDM00413",-0.274996696879269
"NFATC1","SIDM00414",0.868178018457802
"NFATC1","SIDM00415",-0.354278581652487
"NFATC1","SIDM00416",-1.35261700922513
"NFATC1","SIDM00417",0.639083494594722
"NFATC1","SIDM00418",1.08363074230583
"NFATC1","SIDM00420",2.97062286587803
"NFATC1","SIDM00422",0.858991188612942
"NFATC1","SIDM00424",-0.577521251473828
"NFATC1","SIDM00427",0.423114701823428
"NFATC1","SIDM00438",0.00937002575342353
"NFATC1","SIDM00441",-1.12825416032894
"NFATC1","SIDM00444",-0.976352394520103
"NFATC1","SIDM00445",0.0998434262567164
"NFATC1","SIDM00448",3.53015069302879
"NFATC1","SIDM00459",-1.67292558753212
"NFATC1","SIDM00465",-1.09180938043839
"NFATC1","SIDM00466",-1.47866682904946
"NFATC1","SIDM00467",3.42943411952554
"NFATC1","SIDM00472",-1.72697837149776
"NFATC1","SIDM00476",0.174291956275596
"NFATC1","SIDM00482",0.31650155058498
"NFATC1","SIDM00483",-1.28340763358828
"NFATC1","SIDM00487",-0.697464998872605
"NFATC1","SIDM00488",1.1189178313915
"NFATC1","SIDM00489",-1.93363090484209
"NFATC1","SIDM00490",-0.358522198953895
"NFATC1","SIDM00491",0.227242123785172
"NFATC1","SIDM00496",-0.985785461388004
"NFATC1","SIDM00498",3.00507253184003
"NFATC1","SIDM00501",-1.13938309713345
"NFATC1","SIDM00504",-0.434895261742542
"NFATC1","SIDM00507",-1.90477536502207
"NFATC1","SIDM00508",-0.856998590402651
"NFATC1","SIDM00510",-1.15506155851505
"NFATC1","SIDM00516",0.316357205489239
"NFATC1","SIDM00517",-1.21231362508639
"NFATC1","SIDM00518",-0.295285485805054
"NFATC1","SIDM00519",2.13112514866357
"NFATC1","SIDM00520",1.30778704203942
"NFATC1","SIDM00527",2.11457118054902
"NFATC1","SIDM00528",-0.373677754305393
"NFATC1","SIDM00530",-1.5328939791927
"NFATC1","SIDM00532",0.51198517825203
"NFATC1","SIDM00534",-1.23882534031712
"NFATC1","SIDM00535",1.05934899772829
"NFATC1","SIDM00537",-1.00879246770806
"NFATC1","SIDM00538",-0.471845925096884
"NFATC1","SIDM00539",0.940764511167436
"NFATC1","SIDM00540",-0.414478038655484
"NFATC1","SIDM00541",-0.593859602289729
"NFATC1","SIDM00542",3.95890608899809
"NFATC1","SIDM00543",0.516813592905038
"NFATC1","SIDM00544",-1.31118845118802
"NFATC1","SIDM00549",-0.837488705830833
"NFATC1","SIDM00550",-0.973104833851172
"NFATC1","SIDM00551",-1.5400139481439
"NFATC1","SIDM00553",-0.534387291343808
"NFATC1","SIDM00561",1.82115406356616
"NFATC1","SIDM00562",-2.02608206369558
"NFATC1","SIDM00565",1.1755640028148
"NFATC1","SIDM00566",3.48470259051321
"NFATC1","SIDM00569",-0.908013446515167
"NFATC1","SIDM00573",1.34650748018006
"NFATC1","SIDM00574",0.373636812792618
"NFATC1","SIDM00576",1.17520518650771
"NFATC1","SIDM00577",-2.08312456358099
"NFATC1","SIDM00579",-1.29068435754011
"NFATC1","SIDM00583",-1.25989370140127
"NFATC1","SIDM00584",2.08878229360755
"NFATC1","SIDM00591",-0.378543126317236
"NFATC1","SIDM00592",1.5511934261677
"NFATC1","SIDM00596",-1.21299411135173
"NFATC1","SIDM00599",0.215294317669965
"NFATC1","SIDM00600",-0.100422400640685
"NFATC1","SIDM00603",-0.841503346067374
"NFATC1","SIDM00604",-0.571938365748019
"NFATC1","SIDM00606",-0.50001341085791
"NFATC1","SIDM00612",0.0964832571073834
"NFATC1","SIDM00619",-1.74078310267322
"NFATC1","SIDM00620",-0.427797230329328
"NFATC1","SIDM00621",-0.881434377517915
"NFATC1","SIDM00622",1.31822239427598
"NFATC1","SIDM00623",4.43891372870526
"NFATC1","SIDM00627",0.152799801021986
"NFATC1","SIDM00631",-1.4083036578352
"NFATC1","SIDM00632",3.80567265184555
"NFATC1","SIDM00636",1.36620029671145
"NFATC1","SIDM00638",-0.116230208664509
"NFATC1","SIDM00648",0.635256960891687
"NFATC1","SIDM00650",-0.735280118580018
"NFATC1","SIDM00655",-1.38141414986284
"NFATC1","SIDM00659",1.25701392440323
"NFATC1","SIDM00667",3.83387870320415
"NFATC1","SIDM00668",-0.726225775298792
"NFATC1","SIDM00677",1.6460694116461
"NFATC1","SIDM00679",-0.640404401958799
"NFATC1","SIDM00680",1.82417315785099
"NFATC1","SIDM00688",0.725668487725599
"NFATC1","SIDM00690",0.103192989343755
"NFATC1","SIDM00699",-1.52028466270987
"NFATC1","SIDM00700",-0.452473963660507
"NFATC1","SIDM00719",-1.2763375165921
"NFATC1","SIDM00721",-1.67971172306671
"NFATC1","SIDM00732",-0.70211944963723
"NFATC1","SIDM00737",-1.98028330480305
"NFATC1","SIDM00758",-0.470417216736036
"NFATC1","SIDM00767",0.377216669078096
"NFATC1","SIDM00770",-0.361553843866226
"NFATC1","SIDM00781",-0.902535605334972
"NFATC1","SIDM00783",-1.0739944818853
"NFATC1","SIDM00789",-0.576326269067967
"NFATC1","SIDM00792",-0.972965269077318
"NFATC1","SIDM00793",-2.23086684878337
"NFATC1","SIDM00794",-0.285624576294477
"NFATC1","SIDM00808",-0.167932232029731
"NFATC1","SIDM00810",-1.34057621564003
"NFATC1","SIDM00813",2.52029861595422
"NFATC1","SIDM00814",-1.71089213721834
"NFATC1","SIDM00815",0.427511665574327
"NFATC1","SIDM00816",0.823028319808459
"NFATC1","SIDM00817",1.70916496300688
"NFATC1","SIDM00818",1.50459226517419
"NFATC1","SIDM00819",0.489802081803589
"NFATC1","SIDM00820",2.40056577067464
"NFATC1","SIDM00821",-0.911925951870504
"NFATC1","SIDM00826",-0.487733776239062
"NFATC1","SIDM00832",-0.917597249724828
"NFATC1","SIDM00833",0.0603059675872193
"NFATC1","SIDM00834",-0.424599944795105
"NFATC1","SIDM00835",2.65994298718974
"NFATC1","SIDM00836",-0.14691457928542
"NFATC1","SIDM00837",1.11741278606469
"NFATC1","SIDM00841",-0.946410406063957
"NFATC1","SIDM00842",-0.615227647276007
"NFATC1","SIDM00846",-0.872228668401874
"NFATC1","SIDM00859",0.548236713220291
"NFATC1","SIDM00863",-1.69772695548426
"NFATC1","SIDM00864",-0.966223717544922
"NFATC1","SIDM00875",-0.102207318048114
"NFATC1","SIDM00885",-0.679837204019291
"NFATC1","SIDM00889",-0.864640562906908
"NFATC1","SIDM00895",-2.78277109746423
"NFATC1","SIDM00896",-0.392758670986908
"NFATC1","SIDM00900",0.101905929098018
"NFATC1","SIDM00905",-0.717987282745877
"NFATC1","SIDM00915",-1.95963952006428
"NFATC1","SIDM00917",1.40714385442064
"NFATC1","SIDM00923",-0.328322976786017
"NFATC1","SIDM00927",-2.61311451095206
"NFATC1","SIDM00929",1.86058223479934
"NFATC1","SIDM00930",-0.571407385837894
"NFATC1","SIDM00935",1.80985857075604
"NFATC1","SIDM00946",2.26649110173267
"NFATC1","SIDM00948",-0.104634838623874
"NFATC1","SIDM00951",-1.29173084965193
"NFATC1","SIDM00952",0.329624591143283
"NFATC1","SIDM00953",-1.54775571920953
"NFATC1","SIDM00954",-0.804176653490131
"NFATC1","SIDM00958",0.848325490908782
"NFATC1","SIDM00960",0.472691159578984
"NFATC1","SIDM00962",0.713470950658355
"NFATC1","SIDM00964",0.74568115401853
"NFATC1","SIDM00966",2.9319652228323
"NFATC1","SIDM00967",-0.503437102577848
"NFATC1","SIDM00968",1.4018541416271
"NFATC1","SIDM00969",1.89683128699889
"NFATC1","SIDM00970",-0.935707322738015
"NFATC1","SIDM00971",-0.974819206614629
"NFATC1","SIDM00973",3.23618215835438
"NFATC1","SIDM00974",3.44645910149259
"NFATC1","SIDM00975",1.72458933449442
"NFATC1","SIDM00976",1.90053454177259
"NFATC1","SIDM00984",0.874105367396017
"NFATC1","SIDM00995",1.1525609451911
"NFATC1","SIDM01006",-0.303314780820616
"NFATC1","SIDM01007",0.559712391747226
"NFATC1","SIDM01011",-1.25648086208678
"NFATC1","SIDM01017",0.919892864202157
"NFATC1","SIDM01019",-0.885030505282494
"NFATC1","SIDM01039",-0.806271031730498
"NFATC1","SIDM01041",0.89884183249902
"NFATC1","SIDM01042",-1.01582037611989
"NFATC1","SIDM01047",-0.479583424815102
"NFATC1","SIDM01050",-0.751277111822207
"NFATC1","SIDM01061",-0.802344485560015
"NFATC1","SIDM01064",2.37494107541811
"NFATC1","SIDM01073",3.0235689374004
"NFATC1","SIDM01090",0.748593636416187
"NFATC1","SIDM01092",-0.609574157917146
"NFATC1","SIDM01093",0.812936752292543
"NFATC1","SIDM01095",1.14365746978073
"NFATC1","SIDM01097",-0.812097188892988
"NFATC1","SIDM01098",-1.96950355793794
"NFATC1","SIDM01102",0.200051932068092
"NFATC1","SIDM01114",-0.143845067131788
"NFATC1","SIDM01117",-2.01998745565067
"NFATC1","SIDM01118",-2.16784978548246
"NFATC1","SIDM01120",-1.52799075140832
"NFATC1","SIDM01122",-0.0459440196021935
"NFATC1","SIDM01126",-2.00510850187599
"NFATC1","SIDM01132",0.479365136386315
"NFATC1","SIDM01133",-2.15106225018459
"NFATC1","SIDM01140",-1.59504087089174
"NFATC1","SIDM01145",-0.546996588279547
"NFATC1","SIDM01146",-0.309238527305859
"NFATC1","SIDM01149",-1.83367017360635
"NFATC1","SIDM01155",1.77255348089653
"NFATC1","SIDM01157",0.0364142589492412
"NFATC1","SIDM01159",-0.840647822556211
"NFATC1","SIDM01160",-0.449250827098388
"NFATC1","SIDM01161",0.810023063136529
"NFATC1","SIDM01162",0.472200959810568
"NFATC1","SIDM01163",0.0582712133474513
"NFATC1","SIDM01168",1.18956337558291
"NFATC1","SIDM01173",2.58705369867646
"NFATC1","SIDM01174",2.09830903575536
"NFATC1","SIDM01175",0.438978465975169
"NFATC1","SIDM01177",-1.06347818817638
"NFATC1","SIDM01178",0.327641007383498
"NFATC1","SIDM01179",-0.240287321101246
"NFATC1","SIDM01183",-1.07520635882226
"NFATC1","SIDM01185",1.05019655867859
"NFATC1","SIDM01187",-0.476908382368971
"NFATC1","SIDM01197",-0.153946702782658
"NFATC1","SIDM01198",-1.18798498011599
"NFATC1","SIDM01203",-0.738408770305032
"NFATC1","SIDM01205",-0.0925194319942487
"NFATC1","SIDM01206",-2.3740251140454
"NFATC1","SIDM01210",-1.48897671744928
"NFATC1","SIDM01217",2.32877382459381
"NFATC1","SIDM01218",-0.621997608682733
"NFATC1","SIDM01220",1.80972050105482
"NFATC1","SIDM01228",-1.11193657258031
"NFATC1","SIDM01229",-2.48280636204789
"NFATC1","SIDM01233",1.39268168503063
"NFATC1","SIDM01237",2.2627375083981
"NFATC1","SIDM01240",4.30383905620533
"NFATC1","SIDM01242",1.63680789393631
"NFATC1","SIDM01245",-0.598387789243384
"NFATC1","SIDM01246",-1.57540630930943
"NFATC1","SIDM01247",-0.560768728987339
"NFATC1","SIDM01248",1.06545076085625
"NFATC1","SIDM01251",1.91450378945691
"NFATC1","SIDM01257",0.821809331434432
"NFATC1","SIDM01259",0.584748927916527
"NFATC1","SIDM01483",-1.0796068364315
"NFKB1","SIDM00002",-3.16234583503754
"NFKB1","SIDM00003",-1.76635049522917
"NFKB1","SIDM00006",-1.5495815492266
"NFKB1","SIDM00007",-0.710537701352845
"NFKB1","SIDM00009",7.86287697181704
"NFKB1","SIDM00014",1.03915915351252
"NFKB1","SIDM00018",-1.6442836977211
"NFKB1","SIDM00023",-1.80344818297422
"NFKB1","SIDM00025",-2.72560898281382
"NFKB1","SIDM00026",-3.4326237441001
"NFKB1","SIDM00027",-4.33565980607438
"NFKB1","SIDM00040",2.77323932578588
"NFKB1","SIDM00041",-0.698024926474333
"NFKB1","SIDM00042",0.541266755037878
"NFKB1","SIDM00043",10.0450620975057
"NFKB1","SIDM00044",-1.83933401219516
"NFKB1","SIDM00045",2.28233885851997
"NFKB1","SIDM00047",2.83329452163794
"NFKB1","SIDM00048",4.56558700616666
"NFKB1","SIDM00049",0.498365418353111
"NFKB1","SIDM00050",0.67457653966377
"NFKB1","SIDM00051",-1.63893011478761
"NFKB1","SIDM00052",-0.427820242023631
"NFKB1","SIDM00053",3.32879969918738
"NFKB1","SIDM00054",2.18636113487669
"NFKB1","SIDM00056",7.27474683575911
"NFKB1","SIDM00057",-2.00829664632714
"NFKB1","SIDM00064",-2.05505811713046
"NFKB1","SIDM00068",1.46692995050926
"NFKB1","SIDM00070",0.509583894605601
"NFKB1","SIDM00077",0.00923371916332279
"NFKB1","SIDM00082",-4.02889034223721
"NFKB1","SIDM00086",4.7740759402328
"NFKB1","SIDM00091",0.435996075269067
"NFKB1","SIDM00094",-0.0268767498233536
"NFKB1","SIDM00096",4.00335725457298
"NFKB1","SIDM00098",1.00476861615755
"NFKB1","SIDM00099",-0.125983610308488
"NFKB1","SIDM00100",0.0657333888364537
"NFKB1","SIDM00101",-0.119282420308921
"NFKB1","SIDM00102",0.270273839354053
"NFKB1","SIDM00103",0.781594883867993
"NFKB1","SIDM00104",2.20651922846372
"NFKB1","SIDM00111",0.736533237791766
"NFKB1","SIDM00112",2.7937903084708
"NFKB1","SIDM00113",-0.280659711994714
"NFKB1","SIDM00114",0.304535850004104
"NFKB1","SIDM00115",0.144869553167276
"NFKB1","SIDM00118",0.438189076646021
"NFKB1","SIDM00120",0.587993026952434
"NFKB1","SIDM00121",-0.023626079994096
"NFKB1","SIDM00126",-3.39500676541749
"NFKB1","SIDM00127",-0.287484080175866
"NFKB1","SIDM00128",3.42549953857779
"NFKB1","SIDM00129",-0.187170351362334
"NFKB1","SIDM00136",0.942878403761972
"NFKB1","SIDM00137",0.528290251181426
"NFKB1","SIDM00145",-0.183199218387305
"NFKB1","SIDM00154",6.94036596668759
"NFKB1","SIDM00155",-1.06435709735
"NFKB1","SIDM00156",-3.15234019220899
"NFKB1","SIDM00157",-5.04455571918102
"NFKB1","SIDM00172",4.16890151662372
"NFKB1","SIDM00174",4.42564346724661
"NFKB1","SIDM00175",-3.93916773568321
"NFKB1","SIDM00176",-1.00319063034486
"NFKB1","SIDM00179",-3.28548819824957
"NFKB1","SIDM00180",-0.88190103803697
"NFKB1","SIDM00181",1.4111077010271
"NFKB1","SIDM00182",3.284037629615
"NFKB1","SIDM00183",-4.54504756954931
"NFKB1","SIDM00184",-2.71512018735921
"NFKB1","SIDM00185",-3.94080270112253
"NFKB1","SIDM00186",3.32007631375435
"NFKB1","SIDM00187",5.21448602204865
"NFKB1","SIDM00188",3.91966497067153
"NFKB1","SIDM00189",-1.77388488055118
"NFKB1","SIDM00190",-2.93405470179203
"NFKB1","SIDM00191",0.685687871145345
"NFKB1","SIDM00193",1.0827254175459
"NFKB1","SIDM00195",-1.18935106465837
"NFKB1","SIDM00196",-4.65144411384699
"NFKB1","SIDM00197",-5.10124527453697
"NFKB1","SIDM00198",-2.91078361876729
"NFKB1","SIDM00199",0.41704616910897
"NFKB1","SIDM00200",-5.54379498287779
"NFKB1","SIDM00201",-3.55684872443631
"NFKB1","SIDM00202",-3.41587225537966
"NFKB1","SIDM00203",-3.99893741327941
"NFKB1","SIDM00206",0.198275482006563
"NFKB1","SIDM00207",-1.45369861048961
"NFKB1","SIDM00208",-0.8593566712637
"NFKB1","SIDM00209",1.39567622493078
"NFKB1","SIDM00211",-1.00914736190577
"NFKB1","SIDM00214",0.855580299206792
"NFKB1","SIDM00215",1.22089311142847
"NFKB1","SIDM00216",-0.2569812686741
"NFKB1","SIDM00218",1.75616331252302
"NFKB1","SIDM00223",-2.89736577815011
"NFKB1","SIDM00224",0.698082766761569
"NFKB1","SIDM00225",-0.719822041957866
"NFKB1","SIDM00227",-1.89478194870724
"NFKB1","SIDM00230",-2.1828427967626
"NFKB1","SIDM00231",2.91367387024956
"NFKB1","SIDM00232",0.120341235951865
"NFKB1","SIDM00233",1.68292954112893
"NFKB1","SIDM00234",-4.1030052454386
"NFKB1","SIDM00240",0.773506854641152
"NFKB1","SIDM00241",-3.59677276293429
"NFKB1","SIDM00242",-4.04284208442762
"NFKB1","SIDM00243",-2.78429109940707
"NFKB1","SIDM00244",-3.57660233995173
"NFKB1","SIDM00245",-1.80222991349582
"NFKB1","SIDM00251",-0.87654770686678
"NFKB1","SIDM00252",0.277573924885501
"NFKB1","SIDM00253",-4.11782465242368
"NFKB1","SIDM00254",-3.43198379253355
"NFKB1","SIDM00255",-3.95746348411903
"NFKB1","SIDM00256",-3.86274645450771
"NFKB1","SIDM00257",-4.43134752700276
"NFKB1","SIDM00258",-1.34371515959294
"NFKB1","SIDM00259",-3.76459404539504
"NFKB1","SIDM00260",0.772472153685799
"NFKB1","SIDM00261",-3.16778824684738
"NFKB1","SIDM00262",-2.32533168886408
"NFKB1","SIDM00263",-4.61651725431859
"NFKB1","SIDM00264",-2.11639718866314
"NFKB1","SIDM00265",-2.97567929366532
"NFKB1","SIDM00266",-1.71201560575512
"NFKB1","SIDM00267",-0.994357219160022
"NFKB1","SIDM00269",-1.80627732417671
"NFKB1","SIDM00270",1.15896859678353
"NFKB1","SIDM00274",-0.533540310078817
"NFKB1","SIDM00276",1.67808718431699
"NFKB1","SIDM00277",-0.282293000065158
"NFKB1","SIDM00281",2.03041754532655
"NFKB1","SIDM00283",-0.133993810896952
"NFKB1","SIDM00285",-3.59677490728565
"NFKB1","SIDM00287",-1.7575162783044
"NFKB1","SIDM00289",-0.229242923483411
"NFKB1","SIDM00291",-2.14880405132813
"NFKB1","SIDM00292",-3.654948895395
"NFKB1","SIDM00293",-3.74259744910875
"NFKB1","SIDM00294",-3.50972408243701
"NFKB1","SIDM00296",-4.10866531204566
"NFKB1","SIDM00297",1.18403793944605
"NFKB1","SIDM00299",0.455841469426378
"NFKB1","SIDM00300",-2.138256180924
"NFKB1","SIDM00302",2.81452140827867
"NFKB1","SIDM00304",-1.53977420680331
"NFKB1","SIDM00308",-0.830325478284703
"NFKB1","SIDM00309",2.27985314578489
"NFKB1","SIDM00310",3.73464511354257
"NFKB1","SIDM00311",3.35569553882697
"NFKB1","SIDM00316",2.82006752215692
"NFKB1","SIDM00317",1.44872588907997
"NFKB1","SIDM00319",2.21172406667133
"NFKB1","SIDM00320",-3.4170363357554
"NFKB1","SIDM00323",-2.23480326587357
"NFKB1","SIDM00324",-2.92835544196572
"NFKB1","SIDM00326",-1.8988828861809
"NFKB1","SIDM00328",1.1729285106358
"NFKB1","SIDM00330",-3.76503489133492
"NFKB1","SIDM00332",-3.26083273588932
"NFKB1","SIDM00343",1.4513073818471
"NFKB1","SIDM00346",-1.05417371234697
"NFKB1","SIDM00349",0.9181824706636
"NFKB1","SIDM00350",-0.727261962800283
"NFKB1","SIDM00351",0.389163745219786
"NFKB1","SIDM00362",-0.512946956582792
"NFKB1","SIDM00364",-0.0881398409716758
"NFKB1","SIDM00365",-3.68996297825172
"NFKB1","SIDM00367",-1.94641630132162
"NFKB1","SIDM00371",2.54648135388146
"NFKB1","SIDM00374",6.72193529789242
"NFKB1","SIDM00375",1.6945460020271
"NFKB1","SIDM00377",-0.0477442839178381
"NFKB1","SIDM00379",2.47770675635248
"NFKB1","SIDM00381",3.65512482722958
"NFKB1","SIDM00383",-0.605613026289753
"NFKB1","SIDM00384",4.29241648922945
"NFKB1","SIDM00388",-2.72242488607651
"NFKB1","SIDM00389",1.21173507447276
"NFKB1","SIDM00393",2.38240738200888
"NFKB1","SIDM00394",6.93601526316527
"NFKB1","SIDM00397",-0.791514737683832
"NFKB1","SIDM00399",-3.49963121757306
"NFKB1","SIDM00400",-0.673117273337727
"NFKB1","SIDM00401",-1.94952299970316
"NFKB1","SIDM00404",0.615243308952896
"NFKB1","SIDM00406",2.43391189507916
"NFKB1","SIDM00407",1.0901240762745
"NFKB1","SIDM00410",3.87789098051011
"NFKB1","SIDM00411",0.488117955963982
"NFKB1","SIDM00412",2.61793293689284
"NFKB1","SIDM00413",0.598739549544297
"NFKB1","SIDM00414",2.3576720397064
"NFKB1","SIDM00415",-0.236407830130286
"NFKB1","SIDM00416",0.198906452139648
"NFKB1","SIDM00417",1.16927984400984
"NFKB1","SIDM00418",1.43581076333058
"NFKB1","SIDM00420",2.3025912662372
"NFKB1","SIDM00422",0.250586733915316
"NFKB1","SIDM00424",0.257477591383146
"NFKB1","SIDM00427",-0.750055436111554
"NFKB1","SIDM00438",0.913526781589863
"NFKB1","SIDM00441",1.02465674046493
"NFKB1","SIDM00444",-2.86369018442588
"NFKB1","SIDM00445",0.418261296021019
"NFKB1","SIDM00448",5.42746651558223
"NFKB1","SIDM00459",0.677602405352716
"NFKB1","SIDM00465",1.79731577771944
"NFKB1","SIDM00466",-0.351599565189365
"NFKB1","SIDM00467",4.20312647012251
"NFKB1","SIDM00472",-1.14520920475207
"NFKB1","SIDM00476",-0.475326518443333
"NFKB1","SIDM00482",2.01446214359439
"NFKB1","SIDM00483",-1.00320098473455
"NFKB1","SIDM00487",-1.27652838166195
"NFKB1","SIDM00488",7.88570165698283
"NFKB1","SIDM00489",-0.700483107397807
"NFKB1","SIDM00490",-0.431924679977296
"NFKB1","SIDM00491",4.79277109072832
"NFKB1","SIDM00496",0.592370548467201
"NFKB1","SIDM00498",4.0993465634472
"NFKB1","SIDM00501",0.305652032788816
"NFKB1","SIDM00504",-2.39884805860062
"NFKB1","SIDM00507",-3.51591885643034
"NFKB1","SIDM00508",-3.1800433886193
"NFKB1","SIDM00510",-3.66843739596005
"NFKB1","SIDM00516",-1.50772672098133
"NFKB1","SIDM00517",-0.455971512840544
"NFKB1","SIDM00518",-0.490465331756014
"NFKB1","SIDM00519",2.88093108841357
"NFKB1","SIDM00520",3.19008234850701
"NFKB1","SIDM00527",1.17097262549704
"NFKB1","SIDM00528",-0.998659906931913
"NFKB1","SIDM00530",-0.841605368024457
"NFKB1","SIDM00532",-0.22401363262647
"NFKB1","SIDM00534",0.976245173488115
"NFKB1","SIDM00535",-2.9950618273384
"NFKB1","SIDM00537",-1.11254930626598
"NFKB1","SIDM00538",4.07386830448776
"NFKB1","SIDM00539",1.59797046360402
"NFKB1","SIDM00540",1.4575639185584
"NFKB1","SIDM00541",-0.818826740523884
"NFKB1","SIDM00542",-0.393076571585613
"NFKB1","SIDM00543",-0.815914548033435
"NFKB1","SIDM00544",-3.16132227207213
"NFKB1","SIDM00549",-1.57574415706908
"NFKB1","SIDM00550",-1.80521009992253
"NFKB1","SIDM00551",-3.22690335400981
"NFKB1","SIDM00553",-1.01611611290987
"NFKB1","SIDM00561",4.80365450158528
"NFKB1","SIDM00562",-3.11475286487616
"NFKB1","SIDM00565",2.72054329052593
"NFKB1","SIDM00566",7.64589368785331
"NFKB1","SIDM00569",-2.17010310222646
"NFKB1","SIDM00573",-0.734614083353535
"NFKB1","SIDM00574",-0.104393246353416
"NFKB1","SIDM00576",-0.556276495072008
"NFKB1","SIDM00577",-2.88452519926865
"NFKB1","SIDM00579",-3.51114813559586
"NFKB1","SIDM00583",-1.005457722235
"NFKB1","SIDM00584",3.33524667071088
"NFKB1","SIDM00591",1.29660308657714
"NFKB1","SIDM00592",8.07881485246533
"NFKB1","SIDM00596",-2.22257147865268
"NFKB1","SIDM00599",-2.33759547873066
"NFKB1","SIDM00600",-0.425886087108357
"NFKB1","SIDM00603",-0.397869582863901
"NFKB1","SIDM00604",1.44609493106736
"NFKB1","SIDM00606",2.49500579803503
"NFKB1","SIDM00612",-0.593572957699307
"NFKB1","SIDM00619",-2.70072599403911
"NFKB1","SIDM00620",-0.488956844136557
"NFKB1","SIDM00621",-3.42162879683503
"NFKB1","SIDM00622",0.707914130214447
"NFKB1","SIDM00623",8.20469226553342
"NFKB1","SIDM00627",1.08160829970508
"NFKB1","SIDM00631",-0.793458989326976
"NFKB1","SIDM00632",7.55339606916466
"NFKB1","SIDM00636",5.38871755435622
"NFKB1","SIDM00638",2.00856703839578
"NFKB1","SIDM00648",-2.48833660286645
"NFKB1","SIDM00650",-4.37876719848333
"NFKB1","SIDM00655",-3.17894581704511
"NFKB1","SIDM00659",1.06435805638354
"NFKB1","SIDM00667",3.56557019598237
"NFKB1","SIDM00668",0.413134274115015
"NFKB1","SIDM00677",1.70274299615476
"NFKB1","SIDM00679",5.9534881993595
"NFKB1","SIDM00680",1.79082411661067
"NFKB1","SIDM00688",3.94525299768647
"NFKB1","SIDM00690",7.20339503640407
"NFKB1","SIDM00699",-4.08930591759928
"NFKB1","SIDM00700",-1.2362454395695
"NFKB1","SIDM00719",-4.3041684253447
"NFKB1","SIDM00721",-2.89381408264319
"NFKB1","SIDM00732",-1.63976452047944
"NFKB1","SIDM00737",-4.20761831800569
"NFKB1","SIDM00758",1.96111789656906
"NFKB1","SIDM00767",-3.37044382088622
"NFKB1","SIDM00770",-1.26614303757403
"NFKB1","SIDM00781",-0.089422128594774
"NFKB1","SIDM00783",-0.74166120234003
"NFKB1","SIDM00789",-0.697973467414175
"NFKB1","SIDM00792",0.0794151952904829
"NFKB1","SIDM00793",-0.666945950872645
"NFKB1","SIDM00794",1.68198966441845
"NFKB1","SIDM00808",4.08915916828856
"NFKB1","SIDM00810",-1.09487502946967
"NFKB1","SIDM00813",8.97052847986301
"NFKB1","SIDM00814",-3.78789279010434
"NFKB1","SIDM00815",0.832642094857496
"NFKB1","SIDM00816",1.02816478164709
"NFKB1","SIDM00817",1.32105674920725
"NFKB1","SIDM00818",1.97300301481476
"NFKB1","SIDM00819",1.43154179828515
"NFKB1","SIDM00820",3.17164475757156
"NFKB1","SIDM00821",-0.199467100858544
"NFKB1","SIDM00826",2.23009381613038
"NFKB1","SIDM00832",-0.358056322943793
"NFKB1","SIDM00833",0.949297132947589
"NFKB1","SIDM00834",-1.55734728555347
"NFKB1","SIDM00835",6.45340137920587
"NFKB1","SIDM00836",0.319373506488394
"NFKB1","SIDM00837",0.874962831376711
"NFKB1","SIDM00841",-2.46311649926791
"NFKB1","SIDM00842",-2.12326947829926
"NFKB1","SIDM00846",1.04918461679633
"NFKB1","SIDM00859",4.45297291868008
"NFKB1","SIDM00863",2.74214709769746
"NFKB1","SIDM00864",1.46147935839956
"NFKB1","SIDM00875",2.87037221052585
"NFKB1","SIDM00885",1.95142345156544
"NFKB1","SIDM00889",-4.06217103441311
"NFKB1","SIDM00895",-1.39321000175208
"NFKB1","SIDM00896",1.52448790019486
"NFKB1","SIDM00900",2.21253965020614
"NFKB1","SIDM00905",3.58554250686112
"NFKB1","SIDM00915",-4.39589382857293
"NFKB1","SIDM00917",6.91472673025931
"NFKB1","SIDM00923",0.786302481767266
"NFKB1","SIDM00927",-4.7508153629393
"NFKB1","SIDM00929",0.799596521017378
"NFKB1","SIDM00930",0.814134899425138
"NFKB1","SIDM00935",5.75104949507957
"NFKB1","SIDM00946",1.80489313778414
"NFKB1","SIDM00948",-0.0411648228172496
"NFKB1","SIDM00951",-1.80463966256576
"NFKB1","SIDM00952",2.5633888887176
"NFKB1","SIDM00953",-2.33122498597473
"NFKB1","SIDM00954",-3.52584019150426
"NFKB1","SIDM00958",2.97591847067408
"NFKB1","SIDM00960",4.94081654744115
"NFKB1","SIDM00962",0.342809656007185
"NFKB1","SIDM00964",4.11893391213696
"NFKB1","SIDM00966",1.92635979757002
"NFKB1","SIDM00967",1.38334007605335
"NFKB1","SIDM00968",1.46414639064244
"NFKB1","SIDM00969",3.02793933355974
"NFKB1","SIDM00970",-0.17813338252295
"NFKB1","SIDM00971",-0.0167777492787246
"NFKB1","SIDM00973",3.71087084198565
"NFKB1","SIDM00974",-1.49318979661336
"NFKB1","SIDM00975",-0.459992315610626
"NFKB1","SIDM00976",1.58886475524476
"NFKB1","SIDM00984",6.096957291583
"NFKB1","SIDM00995",2.76236100940048
"NFKB1","SIDM01006",-1.07772271831685
"NFKB1","SIDM01007",-0.701190379985557
"NFKB1","SIDM01011",3.428508365286
"NFKB1","SIDM01017",-0.755943935315927
"NFKB1","SIDM01019",-0.854703592359956
"NFKB1","SIDM01039",-1.478946166931
"NFKB1","SIDM01041",2.87046540454189
"NFKB1","SIDM01042",-2.92689419834391
"NFKB1","SIDM01047",-0.804675802238986
"NFKB1","SIDM01050",4.06125149374786
"NFKB1","SIDM01061",0.909077708454917
"NFKB1","SIDM01064",4.02064056378621
"NFKB1","SIDM01073",4.37839210803565
"NFKB1","SIDM01090",-0.90195346051692
"NFKB1","SIDM01092",5.13176650470202
"NFKB1","SIDM01093",0.401233510619056
"NFKB1","SIDM01095",0.0395638966783484
"NFKB1","SIDM01097",-0.873860376278843
"NFKB1","SIDM01098",-3.41571716941508
"NFKB1","SIDM01102",2.94891242275351
"NFKB1","SIDM01114",0.365768453537138
"NFKB1","SIDM01117",-3.18966139747609
"NFKB1","SIDM01118",-4.10311867348201
"NFKB1","SIDM01120",-4.86531796474412
"NFKB1","SIDM01122",-1.72755011273261
"NFKB1","SIDM01126",-5.2185189461006
"NFKB1","SIDM01132",-1.30669612455693
"NFKB1","SIDM01133",-3.95383079466091
"NFKB1","SIDM01140",-2.70657940735516
"NFKB1","SIDM01145",1.47760916535742
"NFKB1","SIDM01146",-2.27905906448541
"NFKB1","SIDM01149",-4.46316444760617
"NFKB1","SIDM01155",3.49640945322126
"NFKB1","SIDM01157",4.49861929055571
"NFKB1","SIDM01159",-1.73927141639776
"NFKB1","SIDM01160",1.06873029759343
"NFKB1","SIDM01161",4.02340851015869
"NFKB1","SIDM01162",0.51051212580626
"NFKB1","SIDM01163",-1.69745681729137
"NFKB1","SIDM01168",-0.0209591321520506
"NFKB1","SIDM01173",0.567088790268858
"NFKB1","SIDM01174",0.126641275028952
"NFKB1","SIDM01175",0.352821947980396
"NFKB1","SIDM01177",0.463672389752813
"NFKB1","SIDM01178",0.768123081262864
"NFKB1","SIDM01179",-0.260176121349475
"NFKB1","SIDM01183",-2.49897315662487
"NFKB1","SIDM01185",-0.26429694884123
"NFKB1","SIDM01187",-0.352518626195959
"NFKB1","SIDM01197",0.306030855213613
"NFKB1","SIDM01198",-1.54038239514403
"NFKB1","SIDM01203",-2.55465740427517
"NFKB1","SIDM01205",-1.21122505125319
"NFKB1","SIDM01206",-4.68985402082976
"NFKB1","SIDM01210",-1.64951679625448
"NFKB1","SIDM01217",0.502323862995463
"NFKB1","SIDM01218",-1.12325135323392
"NFKB1","SIDM01220",0.0601828159100021
"NFKB1","SIDM01228",-1.53303769021593
"NFKB1","SIDM01229",-3.99010609154045
"NFKB1","SIDM01233",0.442009151505333
"NFKB1","SIDM01237",2.9573162097994
"NFKB1","SIDM01240",-1.81900809880009
"NFKB1","SIDM01242",-2.77920667967433
"NFKB1","SIDM01245",-0.264506626846843
"NFKB1","SIDM01246",-4.33486869272502
"NFKB1","SIDM01247",0.47977388465877
"NFKB1","SIDM01248",-0.280773044926848
"NFKB1","SIDM01251",3.64709905597107
"NFKB1","SIDM01257",-0.988594989328008
"NFKB1","SIDM01259",-2.53383378182268
"NFKB1","SIDM01483",-2.17413501214028
"RELA","SIDM00002",-2.72158251888259
"RELA","SIDM00003",-2.07749677828543
"RELA","SIDM00006",-0.579017623954354
"RELA","SIDM00007",0.180532705950615
"RELA","SIDM00009",8.01525922056958
"RELA","SIDM00014",0.369126573605009
"RELA","SIDM00018",-0.735338259320673
"RELA","SIDM00023",0.258270017140929
"RELA","SIDM00025",-2.27487897965982
"RELA","SIDM00026",-2.83093740310924
"RELA","SIDM00027",-3.58623109843832
"RELA","SIDM00040",1.91845469480838
"RELA","SIDM00041",-0.234903594152175
"RELA","SIDM00042",1.36822689344147
"RELA","SIDM00043",10.558882219366
"RELA","SIDM00044",-0.266307066873933
"RELA","SIDM00045",1.3402853738046
"RELA","SIDM00047",2.53008136400309
"RELA","SIDM00048",6.04936585910447
"RELA","SIDM00049",-0.532340036796087
"RELA","SIDM00050",0.797805873164914
"RELA","SIDM00051",2.72441457377537
"RELA","SIDM00052",-1.39544332259111
"RELA","SIDM00053",3.53671292838399
"RELA","SIDM00054",2.87697097491758
"RELA","SIDM00056",9.32799746793598
"RELA","SIDM00057",-1.40925238158682
"RELA","SIDM00064",-1.08460173786876
"RELA","SIDM00068",-0.889080617941215
"RELA","SIDM00070",-0.0629290774869097
"RELA","SIDM00077",1.44986571003505
"RELA","SIDM00082",-3.68377728663995
"RELA","SIDM00086",5.0390414099849
"RELA","SIDM00091",-0.221986067513132
"RELA","SIDM00094",2.44677257752958
"RELA","SIDM00096",4.24574426381777
"RELA","SIDM00098",2.29121530813953
"RELA","SIDM00099",2.50697546356932
"RELA","SIDM00100",1.14482876443275
"RELA","SIDM00101",2.00622098662513
"RELA","SIDM00102",1.07282081437016
"RELA","SIDM00103",3.12862541786635
"RELA","SIDM00104",2.77820545244165
"RELA","SIDM00111",1.25650754424176
"RELA","SIDM00112",3.43525489675772
"RELA","SIDM00113",1.34893811506101
"RELA","SIDM00114",-0.857987661876433
"RELA","SIDM00115",0.642141185986722
"RELA","SIDM00118",-0.658290529260666
"RELA","SIDM00120",1.38172897523578
"RELA","SIDM00121",-1.18780561282288
"RELA","SIDM00126",-1.95341704587649
"RELA","SIDM00127",0.390758364797558
"RELA","SIDM00128",4.40165421659572
"RELA","SIDM00129",-0.0833117524165683
"RELA","SIDM00136",0.651410669070868
"RELA","SIDM00137",1.20885132410047
"RELA","SIDM00145",-1.55496326870432
"RELA","SIDM00154",6.68366612444881
"RELA","SIDM00155",-0.480872660032688
"RELA","SIDM00156",-3.79148598687589
"RELA","SIDM00157",-3.42382304020356
"RELA","SIDM00172",4.59961409288452
"RELA","SIDM00174",6.59874156544366
"RELA","SIDM00175",-2.45492692625354
"RELA","SIDM00176",1.63038533993001
"RELA","SIDM00179",-2.26789360020919
"RELA","SIDM00180",0.12803590602478
"RELA","SIDM00181",2.84342999927425
"RELA","SIDM00182",2.99233821983892
"RELA","SIDM00183",-2.79486389868043
"RELA","SIDM00184",-1.71413142862153
"RELA","SIDM00185",-3.07401318318837
"RELA","SIDM00186",2.10430763840417
"RELA","SIDM00187",4.96921522822444
"RELA","SIDM00188",4.05484336171231
"RELA","SIDM00189",-1.07145981090668
"RELA","SIDM00190",-2.53569609864932
"RELA","SIDM00191",1.07292597873444
"RELA","SIDM00193",1.33078452843751
"RELA","SIDM00195",-0.717035440286408
"RELA","SIDM00196",-3.91178671821869
"RELA","SIDM00197",-4.70452124847138
"RELA","SIDM00198",-1.72700311068584
"RELA","SIDM00199",2.58965934346089
"RELA","SIDM00200",-5.21466899991868
"RELA","SIDM00201",-2.30108255804128
"RELA","SIDM00202",-2.50359174524621
"RELA","SIDM00203",-3.58001814040417
"RELA","SIDM00206",1.87591419994929
"RELA","SIDM00207",1.56362454116665
"RELA","SIDM00208",-1.54170460826093
"RELA","SIDM00209",1.55344898481095
"RELA","SIDM00211",0.090291501169407
"RELA","SIDM00214",1.47935827008721
"RELA","SIDM00215",-1.07785289319539
"RELA","SIDM00216",-0.934941592667996
"RELA","SIDM00218",2.654067764871
"RELA","SIDM00223",-2.17740986807587
"RELA","SIDM00224",1.67399639033565
"RELA","SIDM00225",0.742960155878198
"RELA","SIDM00227",-1.22055726762349
"RELA","SIDM00230",-0.238416880298679
"RELA","SIDM00231",4.15029852270134
"RELA","SIDM00232",1.4146253392692
"RELA","SIDM00233",2.01776846918263
"RELA","SIDM00234",-4.33460728825863
"RELA","SIDM00240",2.18071619232927
"RELA","SIDM00241",-3.49843842484916
"RELA","SIDM00242",-3.50923323542556
"RELA","SIDM00243",-2.34526083019604
"RELA","SIDM00244",-2.05878234485306
"RELA","SIDM00245",-1.36806175862651
"RELA","SIDM00251",-1.37025775896807
"RELA","SIDM00252",1.70470585093866
"RELA","SIDM00253",-2.84916753979463
"RELA","SIDM00254",-2.69326295445846
"RELA","SIDM00255",-3.81318092827954
"RELA","SIDM00256",-3.37550520919068
"RELA","SIDM00257",-3.09233751094319
"RELA","SIDM00258",-1.73247386030765
"RELA","SIDM00259",-3.41154699872817
"RELA","SIDM00260",-0.426105458312436
"RELA","SIDM00261",-3.16987784446368
"RELA","SIDM00262",-2.30193475397695
"RELA","SIDM00263",-5.08782201708634
"RELA","SIDM00264",-2.47503882478703
"RELA","SIDM00265",-2.61374982252102
"RELA","SIDM00266",-0.338676468511684
"RELA","SIDM00267",-1.44274664952111
"RELA","SIDM00269",-1.02522237745438
"RELA","SIDM00270",1.76521066139289
"RELA","SIDM00274",-0.98215681921492
"RELA","SIDM00276",2.28244585826099
"RELA","SIDM00277",0.448970806386832
"RELA","SIDM00281",3.07009992020517
"RELA","SIDM00283",-0.463451150651747
"RELA","SIDM00285",-3.04989956224107
"RELA","SIDM00287",-1.55205319513926
"RELA","SIDM00289",-0.260887038383372
"RELA","SIDM00291",-1.45772443553233
"RELA","SIDM00292",-3.04992640476119
"RELA","SIDM00293",-2.89269070771046
"RELA","SIDM00294",-2.85572822297717
"RELA","SIDM00296",-3.32448476203827
"RELA","SIDM00297",2.0888898845684
"RELA","SIDM00299",2.26841637927259
"RELA","SIDM00300",-0.53654467647218
"RELA","SIDM00302",4.66216947065277
"RELA","SIDM00304",-1.06686746720513
"RELA","SIDM00308",-0.865048450176351
"RELA","SIDM00309",3.89061068090923
"RELA","SIDM00310",4.84793496358243
"RELA","SIDM00311",6.93785162537539
"RELA","SIDM00316",4.37214514020055
"RELA","SIDM00317",3.59182047053794
"RELA","SIDM00319",3.53897940193067
"RELA","SIDM00320",-2.82885690275994
"RELA","SIDM00323",-1.15863463921518
"RELA","SIDM00324",-1.48379630546995
"RELA","SIDM00326",-0.832517340242347
"RELA","SIDM00328",1.06705473286044
"RELA","SIDM00330",-3.31951032812044
"RELA","SIDM00332",-2.9962794137516
"RELA","SIDM00343",3.80476164049858
"RELA","SIDM00346",-0.820413688431371
"RELA","SIDM00349",2.05206256341105
"RELA","SIDM00350",1.07740422084227
"RELA","SIDM00351",1.82256596738341
"RELA","SIDM00362",-1.77747301702576
"RELA","SIDM00364",-0.274152353553461
"RELA","SIDM00365",-3.24190943368433
"RELA","SIDM00367",-2.54919288640369
"RELA","SIDM00371",2.80431340530103
"RELA","SIDM00374",6.83940646922303
"RELA","SIDM00375",2.24037116935355
"RELA","SIDM00377",3.28425010604232
"RELA","SIDM00379",4.23027383598391
"RELA","SIDM00381",3.91264842985471
"RELA","SIDM00383",-1.90204717798211
"RELA","SIDM00384",4.06797287106629
"RELA","SIDM00388",-3.04371203942871
"RELA","SIDM00389",1.36305910799383
"RELA","SIDM00393",3.43555567992521
"RELA","SIDM00394",7.59964121930436
"RELA","SIDM00397",-0.219399664006263
"RELA","SIDM00399",-2.10670085727482
"RELA","SIDM00400",-0.368372367997294
"RELA","SIDM00401",-0.120044108952561
"RELA","SIDM00404",-0.225280803901229
"RELA","SIDM00406",2.86993183758755
"RELA","SIDM00407",0.479722661842388
"RELA","SIDM00410",3.843501853725
"RELA","SIDM00411",1.8424502221356
"RELA","SIDM00412",1.95197379593631
"RELA","SIDM00413",-0.406942336541174
"RELA","SIDM00414",5.14604230818086
"RELA","SIDM00415",-1.30801047556988
"RELA","SIDM00416",-1.51861988326128
"RELA","SIDM00417",1.15015409948175
"RELA","SIDM00418",2.19485836259695
"RELA","SIDM00420",4.18416853732602
"RELA","SIDM00422",-0.0814110660306615
"RELA","SIDM00424",-0.943550374169238
"RELA","SIDM00427",-0.744832979312592
"RELA","SIDM00438",0.489232315790583
"RELA","SIDM00441",1.45095216339519
"RELA","SIDM00444",-2.54942424889916
"RELA","SIDM00445",0.421275555684382
"RELA","SIDM00448",4.12486911335062
"RELA","SIDM00459",-0.360446355615173
"RELA","SIDM00465",1.92132639055631
"RELA","SIDM00466",-1.06985897972706
"RELA","SIDM00467",5.1118666111953
"RELA","SIDM00472",-0.311740529582122
"RELA","SIDM00476",-0.412351525135671
"RELA","SIDM00482",2.43438781646185
"RELA","SIDM00483",1.22149839413011
"RELA","SIDM00487",-2.58363210708735
"RELA","SIDM00488",8.99636935426342
"RELA","SIDM00489",0.583428727430465
"RELA","SIDM00490",0.126510371459179
"RELA","SIDM00491",5.79138348622039
"RELA","SIDM00496",1.34049311828312
"RELA","SIDM00498",3.84848161055539
"RELA","SIDM00501",2.04360022361324
"RELA","SIDM00504",-1.50778093040141
"RELA","SIDM00507",-2.68681435071091
"RELA","SIDM00508",-2.6596505907318
"RELA","SIDM00510",-2.91215017332121
"RELA","SIDM00516",-0.337630102833836
"RELA","SIDM00517",-0.120093127225314
"RELA","SIDM00518",0.0512290483856729
"RELA","SIDM00519",3.86244020833125
"RELA","SIDM00520",6.3667540781665
"RELA","SIDM00527",2.1151266291235
"RELA","SIDM00528",-1.47598005814395
"RELA","SIDM00530",-0.569254617492344
"RELA","SIDM00532",2.44658561944499
"RELA","SIDM00534",1.2202600144093
"RELA","SIDM00535",-3.73953098345132
"RELA","SIDM00537",-2.6604612410272
"RELA","SIDM00538",2.84778361093685
"RELA","SIDM00539",0.703156968218546
"RELA","SIDM00540",3.55282712267364
"RELA","SIDM00541",-1.76394381208821
"RELA","SIDM00542",2.35465225985834
"RELA","SIDM00543",-0.108925465631547
"RELA","SIDM00544",-2.39715796090795
"RELA","SIDM00549",-1.16729799546252
"RELA","SIDM00550",-0.865267875539114
"RELA","SIDM00551",-3.80036134504048
"RELA","SIDM00553",-0.40080081971433
"RELA","SIDM00561",3.09029972037241
"RELA","SIDM00562",-2.9646753438914
"RELA","SIDM00565",5.04418799875729
"RELA","SIDM00566",8.59589234069821
"RELA","SIDM00569",-1.57221237884323
"RELA","SIDM00573",0.601190853435342
"RELA","SIDM00574",0.402791811417631
"RELA","SIDM00576",0.838854770161312
"RELA","SIDM00577",-2.12889506903141
"RELA","SIDM00579",-2.45885756063542
"RELA","SIDM00583",-0.461558335976214
"RELA","SIDM00584",6.01138490471793
"RELA","SIDM00591",3.50811767671623
"RELA","SIDM00592",8.62601783988685
"RELA","SIDM00596",-1.45416208879725
"RELA","SIDM00599",-0.288230603602245
"RELA","SIDM00600",0.541580789445195
"RELA","SIDM00603",-0.702509591548971
"RELA","SIDM00604",3.22815751700129
"RELA","SIDM00606",3.94807961912569
"RELA","SIDM00612",1.76085211946684
"RELA","SIDM00619",-1.84705302286519
"RELA","SIDM00620",0.940424375726747
"RELA","SIDM00621",-3.31440345829467
"RELA","SIDM00622",2.98166545301943
"RELA","SIDM00623",6.27242393977233
"RELA","SIDM00627",1.69867900586061
"RELA","SIDM00631",-0.922665157320303
"RELA","SIDM00632",6.61616962187386
"RELA","SIDM00636",5.41873945922891
"RELA","SIDM00638",2.512243515773
"RELA","SIDM00648",-1.75776928779652
"RELA","SIDM00650",-2.05244285036882
"RELA","SIDM00655",-3.26774665468454
"RELA","SIDM00659",2.90915285816068
"RELA","SIDM00667",5.26497846872583
"RELA","SIDM00668",0.245738271556832
"RELA","SIDM00677",1.11395967534086
"RELA","SIDM00679",5.72049442364343
"RELA","SIDM00680",0.876069912680927
"RELA","SIDM00688",2.87558578938623
"RELA","SIDM00690",9.09854562504681
"RELA","SIDM00699",-3.02253588824706
"RELA","SIDM00700",-0.719688264529686
"RELA","SIDM00719",-3.67165259862233
"RELA","SIDM00721",-2.76630027040626
"RELA","SIDM00732",-1.14436191350757
"RELA","SIDM00737",-3.08567249705504
"RELA","SIDM00758",1.85433280871995
"RELA","SIDM00767",-1.93521815607702
"RELA","SIDM00770",-1.8309948342367
"RELA","SIDM00781",-1.2271234062824
"RELA","SIDM00783",0.0782621115240518
"RELA","SIDM00789",-1.70193438593918
"RELA","SIDM00792",0.188690122359364
"RELA","SIDM00793",-3.22578949779794
"RELA","SIDM00794",1.62278465556051
"RELA","SIDM00808",4.59428063790229
"RELA","SIDM00810",-1.73246473244232
"RELA","SIDM00813",9.1366601531306
"RELA","SIDM00814",-4.6731315413043
"RELA","SIDM00815",1.06356899032893
"RELA","SIDM00816",1.98540444770866
"RELA","SIDM00817",2.08933777759255
"RELA","SIDM00818",2.28980818569854
"RELA","SIDM00819",1.57603359363154
"RELA","SIDM00820",3.9134771649611
"RELA","SIDM00821",0.545353532995659
"RELA","SIDM00826",0.416141081613018
"RELA","SIDM00832",-2.14226858124967
"RELA","SIDM00833",0.718403079287149
"RELA","SIDM00834",-3.81570080818129
"RELA","SIDM00835",5.71209398020556
"RELA","SIDM00836",-1.05262122443846
"RELA","SIDM00837",-0.0670647285259101
"RELA","SIDM00841",-2.62612387510499
"RELA","SIDM00842",-3.70866000048688
"RELA","SIDM00846",0.841928069887104
"RELA","SIDM00859",4.54893790222854
"RELA","SIDM00863",2.29490544155062
"RELA","SIDM00864",2.70138990615833
"RELA","SIDM00875",3.81173678027176
"RELA","SIDM00885",1.80740529241159
"RELA","SIDM00889",-3.82591804488916
"RELA","SIDM00895",-1.18165453044769
"RELA","SIDM00896",0.569421271597418
"RELA","SIDM00900",3.06129603232031
"RELA","SIDM00905",4.18387503135957
"RELA","SIDM00915",-3.07330134037161
"RELA","SIDM00917",5.90661190270533
"RELA","SIDM00923",3.39504132703597
"RELA","SIDM00927",-4.57514976310292
"RELA","SIDM00929",3.34552801905165
"RELA","SIDM00930",1.46441300159453
"RELA","SIDM00935",6.38031180843348
"RELA","SIDM00946",1.42993294085064
"RELA","SIDM00948",-0.299324421738181
"RELA","SIDM00951",-2.16673343629257
"RELA","SIDM00952",1.55145738786715
"RELA","SIDM00953",-2.49092183512015
"RELA","SIDM00954",-3.31777232473739
"RELA","SIDM00958",3.63630260089241
"RELA","SIDM00960",5.64719679422407
"RELA","SIDM00962",1.10862234914253
"RELA","SIDM00964",4.76133283043589
"RELA","SIDM00966",3.88718347611205
"RELA","SIDM00967",1.82993743543689
"RELA","SIDM00968",3.63366347666029
"RELA","SIDM00969",4.37818511373157
"RELA","SIDM00970",1.28175255453383
"RELA","SIDM00971",0.263823366040074
"RELA","SIDM00973",3.95073910341035
"RELA","SIDM00974",0.00178367180407638
"RELA","SIDM00975",-0.600042206227168
"RELA","SIDM00976",3.32828885606126
"RELA","SIDM00984",6.17716634600934
"RELA","SIDM00995",4.36055239053886
"RELA","SIDM01006",-1.35637814264208
"RELA","SIDM01007",-0.627825033053259
"RELA","SIDM01011",2.92541197873063
"RELA","SIDM01017",-0.0693993011449742
"RELA","SIDM01019",-1.53799211635925
"RELA","SIDM01039",-2.00745526780279
"RELA","SIDM01041",2.5228265232381
"RELA","SIDM01042",-3.58516950986251
"RELA","SIDM01047",-0.195543607292856
"RELA","SIDM01050",4.44374058369125
"RELA","SIDM01061",1.21332592321
"RELA","SIDM01064",3.98574908720556
"RELA","SIDM01073",4.39499224845635
"RELA","SIDM01090",0.690128764275805
"RELA","SIDM01092",5.39995157751933
"RELA","SIDM01093",2.08045653598949
"RELA","SIDM01095",1.73772281957856
"RELA","SIDM01097",-1.49362320037366
"RELA","SIDM01098",-1.97750686812499
"RELA","SIDM01102",2.03159196290787
"RELA","SIDM01114",1.42003817967123
"RELA","SIDM01117",-3.52934151766201
"RELA","SIDM01118",-3.7083121053504
"RELA","SIDM01120",-4.6180173987322
"RELA","SIDM01122",-2.35442052581073
"RELA","SIDM01126",-4.57988622240087
"RELA","SIDM01132",-0.556431545976062
"RELA","SIDM01133",-3.78506832274327
"RELA","SIDM01140",-2.79414306308118
"RELA","SIDM01145",0.531458804521077
"RELA","SIDM01146",-2.89625716445761
"RELA","SIDM01149",-3.50570330529559
"RELA","SIDM01155",4.72319761086447
"RELA","SIDM01157",7.0262389204767
"RELA","SIDM01159",-1.06825451529453
"RELA","SIDM01160",3.0701940876111
"RELA","SIDM01161",5.57193508848415
"RELA","SIDM01162",0.96659038321431
"RELA","SIDM01163",-0.985535657722401
"RELA","SIDM01168",0.74400982141488
"RELA","SIDM01173",0.798444191803955
"RELA","SIDM01174",0.909411984428766
"RELA","SIDM01175",2.19326912896963
"RELA","SIDM01177",0.102474524456502
"RELA","SIDM01178",2.43272305717712
"RELA","SIDM01179",-0.485224228866095
"RELA","SIDM01183",-2.05388576155124
"RELA","SIDM01185",0.734477544876221
"RELA","SIDM01187",-0.207405046741628
"RELA","SIDM01197",-0.949417909262345
"RELA","SIDM01198",-1.97865047653938
"RELA","SIDM01203",-3.16054318610234
"RELA","SIDM01205",0.319534653569222
"RELA","SIDM01206",-3.91863204494911
"RELA","SIDM01210",-0.440269961181479
"RELA","SIDM01217",1.01956461462902
"RELA","SIDM01218",-1.42956048520792
"RELA","SIDM01220",-0.00856731966722138
"RELA","SIDM01228",-1.16218268931599
"RELA","SIDM01229",-3.34713849786294
"RELA","SIDM01233",0.236738926340257
"RELA","SIDM01237",1.86203816830043
"RELA","SIDM01240",-0.615513085484315
"RELA","SIDM01242",-0.61605415364056
"RELA","SIDM01245",-0.783790148005534
"RELA","SIDM01246",-3.09930370857622
"RELA","SIDM01247",-0.986700841047417
"RELA","SIDM01248",0.0581031843118113
"RELA","SIDM01251",3.74514155167279
"RELA","SIDM01257",-2.455134580097
"RELA","SIDM01259",-3.0530010908404
"RELA","SIDM01483",-1.67388673053389
"SOX2","SIDM00002",0.547749032625365
"SOX2","SIDM00003",-1.27358033401796
"SOX2","SIDM00006",0.780413813160733
"SOX2","SIDM00007",0.36220488311001
"SOX2","SIDM00009",-1.73560056267302
"SOX2","SIDM00014",2.58411914732514
"SOX2","SIDM00018",-1.70314327309154
"SOX2","SIDM00023",-0.991837789754158
"SOX2","SIDM00025",-1.26971982781834
"SOX2","SIDM00026",-2.04434499710158
"SOX2","SIDM00027",-1.53698776731517
"SOX2","SIDM00040",-1.1476470842731
"SOX2","SIDM00041",-1.39274383865842
"SOX2","SIDM00042",-0.320915677867672
"SOX2","SIDM00043",-0.330333484903318
"SOX2","SIDM00044",-0.161443791426774
"SOX2","SIDM00045",1.77066614400628
"SOX2","SIDM00047",1.14987734025152
"SOX2","SIDM00048",0.214291441999123
"SOX2","SIDM00049",4.11431421716439
"SOX2","SIDM00050",-0.300879830431648
"SOX2","SIDM00051",1.80446220705695
"SOX2","SIDM00052",-0.414653924040715
"SOX2","SIDM00053",1.14532850167731
"SOX2","SIDM00054",-0.752947740284559
"SOX2","SIDM00056",-1.07138152606032
"SOX2","SIDM00057",-1.53831686017502
"SOX2","SIDM00064",-1.03972492473755
"SOX2","SIDM00068",0.922074887920392
"SOX2","SIDM00070",-2.05382931239794
"SOX2","SIDM00077",-0.553045320561578
"SOX2","SIDM00082",-1.39889382907503
"SOX2","SIDM00086",0.837710804903313
"SOX2","SIDM00091",1.96872932524899
"SOX2","SIDM00094",-0.242224679759599
"SOX2","SIDM00096",-2.16775345301977
"SOX2","SIDM00098",-0.111620709726226
"SOX2","SIDM00099",0.796647676427342
"SOX2","SIDM00100",0.623185115359377
"SOX2","SIDM00101",-0.12774513852291
"SOX2","SIDM00102",-0.406530719079778
"SOX2","SIDM00103",0.35923451680515
"SOX2","SIDM00104",-0.852692408289932
"SOX2","SIDM00111",3.75246447667709
"SOX2","SIDM00112",-0.312102532717996
"SOX2","SIDM00113",-0.776554965063555
"SOX2","SIDM00114",-1.02188853619897
"SOX2","SIDM00115",1.11333610180551
"SOX2","SIDM00118",-0.224207013867733
"SOX2","SIDM00120",-0.574830323010151
"SOX2","SIDM00121",-2.6803771868535
"SOX2","SIDM00126",-0.227530310368334
"SOX2","SIDM00127",-0.674813780381109
"SOX2","SIDM00128",0.844994281043782
"SOX2","SIDM00129",-0.782232850700573
"SOX2","SIDM00136",2.68627618337755
"SOX2","SIDM00137",0.745280173961113
"SOX2","SIDM00145",-2.31506101899439
"SOX2","SIDM00154",0.0451829407029742
"SOX2","SIDM00155",1.36869291334076
"SOX2","SIDM00156",-1.84266215465811
"SOX2","SIDM00157",-0.105027052561707
"SOX2","SIDM00172",-0.719411274826211
"SOX2","SIDM00174",2.11140213994303
"SOX2","SIDM00175",-1.08056177479642
"SOX2","SIDM00176",-0.039819786572917
"SOX2","SIDM00179",-0.912022341075045
"SOX2","SIDM00180",-0.342871597981407
"SOX2","SIDM00181",1.36545478135738
"SOX2","SIDM00182",-1.68488420565747
"SOX2","SIDM00183",-0.42168007382659
"SOX2","SIDM00184",-2.12020566339972
"SOX2","SIDM00185",-0.878094811330979
"SOX2","SIDM00186",-0.947849401262497
"SOX2","SIDM00187",-0.0283798908281982
"SOX2","SIDM00188",-1.32820536309971
"SOX2","SIDM00189",-2.27538846585659
"SOX2","SIDM00190",-1.33749604211357
"SOX2","SIDM00191",-0.714491560786541
"SOX2","SIDM00193",0.313300440240675
"SOX2","SIDM00195",-0.319928930679767
"SOX2","SIDM00196",-0.263211503854355
"SOX2","SIDM00197",-2.14827900948474
"SOX2","SIDM00198",-2.69833789125826
"SOX2","SIDM00199",0.342787018450372
"SOX2","SIDM00200",-2.29450151243312
"SOX2","SIDM00201",-0.0674892002777479
"SOX2","SIDM00202",-1.22368156990304
"SOX2","SIDM00203",-1.23084718851022
"SOX2","SIDM00206",-0.664376335934448
"SOX2","SIDM00207",-0.262661898021329
"SOX2","SIDM00208",0.630422921576835
"SOX2","SIDM00209",-1.85266557351823
"SOX2","SIDM00211",-1.0669495937776
"SOX2","SIDM00214",2.01292101844034
"SOX2","SIDM00215",2.20773778154992
"SOX2","SIDM00216",2.399135154284
"SOX2","SIDM00218",2.32355377195915
"SOX2","SIDM00223",-1.41799220932612
"SOX2","SIDM00224",-0.531987955491974
"SOX2","SIDM00225",0.814032542374096
"SOX2","SIDM00227",-1.05857629330626
"SOX2","SIDM00230",1.23852349505762
"SOX2","SIDM00231",0.198665696329185
"SOX2","SIDM00232",1.41390317904075
"SOX2","SIDM00233",-2.02632378691446
"SOX2","SIDM00234",-0.0506831850582684
"SOX2","SIDM00240",3.0937933777618
"SOX2","SIDM00241",-1.83565913514542
"SOX2","SIDM00242",1.23805009559751
"SOX2","SIDM00243",11.8517910893997
"SOX2","SIDM00244",-1.61449769109281
"SOX2","SIDM00245",0.0839012585612523
"SOX2","SIDM00251",1.38105073321806
"SOX2","SIDM00252",-0.503796303290343
"SOX2","SIDM00253",0.15220571501567
"SOX2","SIDM00254",-0.824427086747715
"SOX2","SIDM00255",-0.65292332308523
"SOX2","SIDM00256",-1.33584860926002
"SOX2","SIDM00257",-1.81806720188425
"SOX2","SIDM00258",1.75127143680381
"SOX2","SIDM00259",-1.79950901517201
"SOX2","SIDM00260",-0.400791050374502
"SOX2","SIDM00261",-1.12943672730965
"SOX2","SIDM00262",0.836280156766305
"SOX2","SIDM00263",-2.51051079395581
"SOX2","SIDM00264",-0.827977061779447
"SOX2","SIDM00265",-2.41217075358987
"SOX2","SIDM00266",-1.65694411844798
"SOX2","SIDM00267",-0.259797490477083
"SOX2","SIDM00269",0.12810522548282
"SOX2","SIDM00270",0.620155613157866
"SOX2","SIDM00274",-0.575238615910062
"SOX2","SIDM00276",-0.69517518144386
"SOX2","SIDM00277",-1.6484432112137
"SOX2","SIDM00281",-0.796876967428219
"SOX2","SIDM00283",-2.14710687725105
"SOX2","SIDM00285",0.317502149657419
"SOX2","SIDM00287",-2.61638947507351
"SOX2","SIDM00289",-2.50377699247531
"SOX2","SIDM00291",-0.946790207722984
"SOX2","SIDM00292",-2.20499142637766
"SOX2","SIDM00293",-1.81981630289814
"SOX2","SIDM00294",-1.08958495782794
"SOX2","SIDM00296",-0.26238876691699
"SOX2","SIDM00297",-0.363355720582496
"SOX2","SIDM00299",-0.0912353914611505
"SOX2","SIDM00300",1.07013178525871
"SOX2","SIDM00302",1.11825688654779
"SOX2","SIDM00304",-1.1191135095937
"SOX2","SIDM00308",-0.918064221136131
"SOX2","SIDM00309",0.187435339432353
"SOX2","SIDM00310",0.473711639238638
"SOX2","SIDM00311",2.38540000578429
"SOX2","SIDM00316",2.89927577699724
"SOX2","SIDM00317",0.80273043272425
"SOX2","SIDM00319",-0.914647155486071
"SOX2","SIDM00320",-0.670019703759305
"SOX2","SIDM00323",-2.18269273878812
"SOX2","SIDM00324",-0.629533664232909
"SOX2","SIDM00326",0.22134399782175
"SOX2","SIDM00328",1.75236543950797
"SOX2","SIDM00330",-2.32323170063853
"SOX2","SIDM00332",-1.19567164598991
"SOX2","SIDM00343",-0.228890311156462
"SOX2","SIDM00346",-1.20371697501433
"SOX2","SIDM00349",-0.103723583900531
"SOX2","SIDM00350",0.938417971668737
"SOX2","SIDM00351",0.208568534653532
"SOX2","SIDM00362",-2.34596204757794
"SOX2","SIDM00364",-2.1568160533543
"SOX2","SIDM00365",-1.12280706705712
"SOX2","SIDM00367",-0.848953600131775
"SOX2","SIDM00371",3.44843684974261
"SOX2","SIDM00374",-2.24033553071252
"SOX2","SIDM00375",2.32814662105161
"SOX2","SIDM00377",0.134617814298152
"SOX2","SIDM00379",-0.267509471207832
"SOX2","SIDM00381",0.084116492749659
"SOX2","SIDM00383",-0.172679588984889
"SOX2","SIDM00384",-1.95733657465788
"SOX2","SIDM00388",-2.23872895179733
"SOX2","SIDM00389",-2.59208616167825
"SOX2","SIDM00393",1.29700927039183
"SOX2","SIDM00394",-0.425769836039352
"SOX2","SIDM00397",-1.63430326933686
"SOX2","SIDM00399",0.309222702642529
"SOX2","SIDM00400",-2.43526985313239
"SOX2","SIDM00401",-1.55651197742621
"SOX2","SIDM00404",-2.25726247251999
"SOX2","SIDM00406",-2.43010912893889
"SOX2","SIDM00407",-2.33850432669243
"SOX2","SIDM00410",-1.42607132220379
"SOX2","SIDM00411",1.9456974043864
"SOX2","SIDM00412",-2.5622353851158
"SOX2","SIDM00413",-0.944588443908832
"SOX2","SIDM00414",0.805338771809028
"SOX2","SIDM00415",-2.47490017858917
"SOX2","SIDM00416",-2.22998328801468
"SOX2","SIDM00417",-1.61035410367463
"SOX2","SIDM00418",0.071422789188546
"SOX2","SIDM00420",1.27251294727181
"SOX2","SIDM00422",-0.0459984158885587
"SOX2","SIDM00424",-2.85358420611073
"SOX2","SIDM00427",-0.475032564967498
"SOX2","SIDM00438",-2.10743461253763
"SOX2","SIDM00441",-1.62821338204609
"SOX2","SIDM00444",-0.645408158332073
"SOX2","SIDM00445",0.0916395788149477
"SOX2","SIDM00448",-1.27101878786614
"SOX2","SIDM00459",-2.3362027976832
"SOX2","SIDM00465",-1.67972616472892
"SOX2","SIDM00466",-1.53918960967905
"SOX2","SIDM00467",-1.69320930355211
"SOX2","SIDM00472",0.237331077203137
"SOX2","SIDM00476",-0.552458360809945
"SOX2","SIDM00482",-2.69599541628912
"SOX2","SIDM00483",6.41899326535357
"SOX2","SIDM00487",0.467372640473846
"SOX2","SIDM00488",0.594331193557577
"SOX2","SIDM00489",-0.785797558671225
"SOX2","SIDM00490",-0.611027711657676
"SOX2","SIDM00491",1.93046480201964
"SOX2","SIDM00496",-0.967266774128582
"SOX2","SIDM00498",0.25321408428983
"SOX2","SIDM00501",0.241178905723319
"SOX2","SIDM00504",-1.25513188854262
"SOX2","SIDM00507",-1.59406369428468
"SOX2","SIDM00508",-1.51784021705494
"SOX2","SIDM00510",-0.165642757394115
"SOX2","SIDM00516",0.568494127914385
"SOX2","SIDM00517",-0.394354869886258
"SOX2","SIDM00518",-0.236710490771206
"SOX2","SIDM00519",0.0856741304849028
"SOX2","SIDM00520",0.239852157901341
"SOX2","SIDM00527",0.312411793675453
"SOX2","SIDM00528",0.46426340553327
"SOX2","SIDM00530",-0.591287127490662
"SOX2","SIDM00532",0.00699145594955654
"SOX2","SIDM00534",1.62099144733189
"SOX2","SIDM00535",-1.08843353375832
"SOX2","SIDM00537",0.977174334165249
"SOX2","SIDM00538",1.36851648229014
"SOX2","SIDM00539",-0.0303366541506069
"SOX2","SIDM00540",0.519807347923211
"SOX2","SIDM00541",2.48250319920687
"SOX2","SIDM00542",-0.152334139775079
"SOX2","SIDM00543",0.519863664377808
"SOX2","SIDM00544",0.168908290684937
"SOX2","SIDM00549",-3.35207506458209
"SOX2","SIDM00550",0.295299457932374
"SOX2","SIDM00551",-1.1466231193855
"SOX2","SIDM00553",-1.66886322000005
"SOX2","SIDM00561",-1.66852091374347
"SOX2","SIDM00562",-1.30134704451114
"SOX2","SIDM00565",0.466681405170337
"SOX2","SIDM00566",0.772032105337557
"SOX2","SIDM00569",-1.28539636028424
"SOX2","SIDM00573",-0.203960653494001
"SOX2","SIDM00574",-0.834008239786759
"SOX2","SIDM00576",-1.65678503755217
"SOX2","SIDM00577",-1.2732282545258
"SOX2","SIDM00579",-2.28592302173875
"SOX2","SIDM00583",0.057694845628735
"SOX2","SIDM00584",-0.183081707556834
"SOX2","SIDM00591",-0.150955878381492
"SOX2","SIDM00592",-0.271300287884476
"SOX2","SIDM00596",-1.30174575414196
"SOX2","SIDM00599",0.566068986447194
"SOX2","SIDM00600",-1.56537569175152
"SOX2","SIDM00603",-0.0239196360229886
"SOX2","SIDM00604",-0.498908722099639
"SOX2","SIDM00606",1.28161408791267
"SOX2","SIDM00612",1.06631518035107
"SOX2","SIDM00619",-1.49097374072184
"SOX2","SIDM00620",-1.41509921049915
"SOX2","SIDM00621",-1.09962700502728
"SOX2","SIDM00622",0.110111637232496
"SOX2","SIDM00623",1.05285945488581
"SOX2","SIDM00627",1.07542041951202
"SOX2","SIDM00631",0.563284065072694
"SOX2","SIDM00632",-0.93958718572312
"SOX2","SIDM00636",-2.04698404767453
"SOX2","SIDM00638",-0.604296719569164
"SOX2","SIDM00648",0.641993758080582
"SOX2","SIDM00650",2.11927665145707
"SOX2","SIDM00655",13.0665853502417
"SOX2","SIDM00659",0.251757781287131
"SOX2","SIDM00667",0.559228917227625
"SOX2","SIDM00668",-1.96698131108502
"SOX2","SIDM00677",0.784517889110211
"SOX2","SIDM00679",-1.31026930930814
"SOX2","SIDM00680",2.55997680048763
"SOX2","SIDM00688",-2.0340267165144
"SOX2","SIDM00690",2.31799388052845
"SOX2","SIDM00699",-0.240884984828516
"SOX2","SIDM00700",-0.906163324958929
"SOX2","SIDM00719",-1.07107916431249
"SOX2","SIDM00721",-0.654061920354593
"SOX2","SIDM00732",-0.494955458777696
"SOX2","SIDM00737",-1.40204582016138
"SOX2","SIDM00758",0.590777541700657
"SOX2","SIDM00767",-0.466454344507163
"SOX2","SIDM00770",-1.20281251054033
"SOX2","SIDM00781",1.45346875631014
"SOX2","SIDM00783",-0.457468325726911
"SOX2","SIDM00789",0.73030553285013
"SOX2","SIDM00792",-0.204062897054445
"SOX2","SIDM00793",-3.63782006463365
"SOX2","SIDM00794",-0.835323483995328
"SOX2","SIDM00808",-2.16332327618323
"SOX2","SIDM00810",1.59726486280495
"SOX2","SIDM00813",-2.02745902924076
"SOX2","SIDM00814",-0.515195955400127
"SOX2","SIDM00815",0.0398702521420199
"SOX2","SIDM00816",-0.776468347991773
"SOX2","SIDM00817",-0.0583942456977986
"SOX2","SIDM00818",0.715062006988738
"SOX2","SIDM00819",-0.24944469691843
"SOX2","SIDM00820",-0.200211003364043
"SOX2","SIDM00821",-0.971760038606032
"SOX2","SIDM00826",0.623028882557152
"SOX2","SIDM00832",2.16814733509536
"SOX2","SIDM00833",-0.525372370272439
"SOX2","SIDM00834",1.0883878506679
"SOX2","SIDM00835",1.43798348783939
"SOX2","SIDM00836",1.95886515646597
"SOX2","SIDM00837",0.57329096551683
"SOX2","SIDM00841",-2.47913449425915
"SOX2","SIDM00842",1.32055330634927
"SOX2","SIDM00846",-0.780355927392254
"SOX2","SIDM00859",-2.1791876431709
"SOX2","SIDM00863",-3.07564003372281
"SOX2","SIDM00864",-0.164357043488804
"SOX2","SIDM00875",1.04206117755934
"SOX2","SIDM00885",0.418629063927504
"SOX2","SIDM00889",0.342126912269308
"SOX2","SIDM00895",-2.20646857193537
"SOX2","SIDM00896",-1.93064154805956
"SOX2","SIDM00900",-2.55347822768589
"SOX2","SIDM00905",-0.56704256818837
"SOX2","SIDM00915",-0.400452222508812
"SOX2","SIDM00917",-1.41514630526929
"SOX2","SIDM00923",-0.18620574344244
"SOX2","SIDM00927",-1.35201936589632
"SOX2","SIDM00929",0.430052087848777
"SOX2","SIDM00930",0.235512247748517
"SOX2","SIDM00935",0.209959283814708
"SOX2","SIDM00946",-1.56795263802562
"SOX2","SIDM00948",-2.35420972013182
"SOX2","SIDM00951",-2.47237260615744
"SOX2","SIDM00952",-1.86884457487922
"SOX2","SIDM00953",2.70083637100435
"SOX2","SIDM00954",-1.36134399717633
"SOX2","SIDM00958",-2.21996928399769
"SOX2","SIDM00960",1.76916591476103
"SOX2","SIDM00962",-2.3559913429753
"SOX2","SIDM00964",-0.15974317434107
"SOX2","SIDM00966",1.09066692056007
"SOX2","SIDM00967",-0.6771766731515
"SOX2","SIDM00968",1.09622123645773
"SOX2","SIDM00969",-0.225758464464061
"SOX2","SIDM00970",1.40137550562747
"SOX2","SIDM00971",-0.24009034658936
"SOX2","SIDM00973",-0.321149791896937
"SOX2","SIDM00974",-1.72094817327247
"SOX2","SIDM00975",-0.47185290251649
"SOX2","SIDM00976",-0.594041125383421
"SOX2","SIDM00984",-1.31106461347125
"SOX2","SIDM00995",1.15432648871893
"SOX2","SIDM01006",-0.802259440932465
"SOX2","SIDM01007",-0.797809795260419
"SOX2","SIDM01011",-1.58394525241472
"SOX2","SIDM01017",-2.72808547231154
"SOX2","SIDM01019",-0.588202735898901
"SOX2","SIDM01039",-0.770668283527418
"SOX2","SIDM01041",-1.63352007252608
"SOX2","SIDM01042",-1.51864708490637
"SOX2","SIDM01047",-1.32670256820478
"SOX2","SIDM01050",0.661771256500565
"SOX2","SIDM01061",0.216824899476924
"SOX2","SIDM01064",-2.08817753376867
"SOX2","SIDM01073",-1.63432425316405
"SOX2","SIDM01090",-0.936136982306909
"SOX2","SIDM01092",-2.43934174442783
"SOX2","SIDM01093",-1.4632951478853
"SOX2","SIDM01095",0.0362358931308539
"SOX2","SIDM01097",-1.49315165000404
"SOX2","SIDM01098",-3.29041458175081
"SOX2","SIDM01102",-2.45243487509178
"SOX2","SIDM01114",-0.71895086669004
"SOX2","SIDM01117",-1.32975365923155
"SOX2","SIDM01118",-2.97940746821696
"SOX2","SIDM01120",-0.785243966165451
"SOX2","SIDM01122",2.21703048251664
"SOX2","SIDM01126",-1.03714466921415
"SOX2","SIDM01132",0.00767770258451345
"SOX2","SIDM01133",-1.45305160265523
"SOX2","SIDM01140",10.7438727472636
"SOX2","SIDM01145",0.565689773035788
"SOX2","SIDM01146",1.42494174771513
"SOX2","SIDM01149",-0.0767987686984777
"SOX2","SIDM01155",0.539665616233735
"SOX2","SIDM01157",0.233852371944275
"SOX2","SIDM01159",-0.797143098375998
"SOX2","SIDM01160",-0.160766563602058
"SOX2","SIDM01161",-0.0775721642708444
"SOX2","SIDM01162",-0.301799229405033
"SOX2","SIDM01163",0.891047007175791
"SOX2","SIDM01168",1.39785458035834
"SOX2","SIDM01173",0.746494001554103
"SOX2","SIDM01174",-0.381017931232491
"SOX2","SIDM01175",-0.785442526022883
"SOX2","SIDM01177",-3.04506005782568
"SOX2","SIDM01178",1.05790026745704
"SOX2","SIDM01179",-1.46583919507721
"SOX2","SIDM01183",-1.18787341473253
"SOX2","SIDM01185",0.82941498756402
"SOX2","SIDM01187",-1.11492327393534
"SOX2","SIDM01197",0.063579987501091
"SOX2","SIDM01198",-2.29772113405998
"SOX2","SIDM01203",5.93211958362728
"SOX2","SIDM01205",-1.00083813602888
"SOX2","SIDM01206",-0.238029384436782
"SOX2","SIDM01210",1.8588653089796
"SOX2","SIDM01217",-2.45012610708094
"SOX2","SIDM01218",0.141758685648932
"SOX2","SIDM01220",-0.652731567571821
"SOX2","SIDM01228",-0.265485736442335
"SOX2","SIDM01229",-1.32721865676611
"SOX2","SIDM01233",2.23415985539811
"SOX2","SIDM01237",0.465088267459927
"SOX2","SIDM01240",-0.874946102515382
"SOX2","SIDM01242",-1.1683524678163
"SOX2","SIDM01245",-2.80189075976659
"SOX2","SIDM01246",-1.77424859621059
"SOX2","SIDM01247",-1.84991593609686
"SOX2","SIDM01248",0.776503123408467
"SOX2","SIDM01251",-3.10271620727622
"SOX2","SIDM01257",2.33039565029196
"SOX2","SIDM01259",-2.68183502403746
"SOX2","SIDM01483",-0.842091840901432
"SPI1","SIDM00002",-2.65169404792346
"SPI1","SIDM00003",-1.78675725368717
"SPI1","SIDM00006",0.165955053780645
"SPI1","SIDM00007",-0.987047686698874
"SPI1","SIDM00009",8.71402967089086
"SPI1","SIDM00014",-0.817528440152135
"SPI1","SIDM00018",4.80818256208439
"SPI1","SIDM00023",-3.27091833749272
"SPI1","SIDM00025",-1.54881707993535
"SPI1","SIDM00026",-3.85652256912989
"SPI1","SIDM00027",-2.25601483342382
"SPI1","SIDM00040",-0.294061602237476
"SPI1","SIDM00041",-1.903161943187
"SPI1","SIDM00042",-0.702727210380946
"SPI1","SIDM00043",2.23194583804155
"SPI1","SIDM00044",-0.36353530599679
"SPI1","SIDM00045",-0.713470253501842
"SPI1","SIDM00047",-1.04301833293049
"SPI1","SIDM00048",0.426325925053854
"SPI1","SIDM00049",-0.546833830935057
"SPI1","SIDM00050",0.418723407460852
"SPI1","SIDM00051",0.576067790454189
"SPI1","SIDM00052",-1.82628103051438
"SPI1","SIDM00053",0.883057117760029
"SPI1","SIDM00054",0.0263544391309267
"SPI1","SIDM00056",5.79463437353112
"SPI1","SIDM00057",-1.49585678904685
"SPI1","SIDM00064",-2.21548963897431
"SPI1","SIDM00068",-0.88265294503797
"SPI1","SIDM00070",1.10620978197051
"SPI1","SIDM00077",-1.94927299667969
"SPI1","SIDM00082",-2.60689082713538
"SPI1","SIDM00086",2.00373014861752
"SPI1","SIDM00091",-1.81658205525546
"SPI1","SIDM00094",-0.538798568585777
"SPI1","SIDM00096",3.63059149017044
"SPI1","SIDM00098",-0.0165997483342626
"SPI1","SIDM00099",0.0318413716642304
"SPI1","SIDM00100",-0.574191048649321
"SPI1","SIDM00101",1.70314690630234
"SPI1","SIDM00102",1.10673220814571
"SPI1","SIDM00103",2.06147026417885
"SPI1","SIDM00104",1.59245319648841
"SPI1","SIDM00111",-0.485165383930016
"SPI1","SIDM00112",-0.681763581394455
"SPI1","SIDM00113",-0.965149547094707
"SPI1","SIDM00114",-2.43171403529791
"SPI1","SIDM00115",-1.50163736268826
"SPI1","SIDM00118",-2.22606409732075
"SPI1","SIDM00120",-0.506697666960828
"SPI1","SIDM00121",1.17207631389664
"SPI1","SIDM00126",-1.32152489863478
"SPI1","SIDM00127",-2.54710686457677
"SPI1","SIDM00128",1.90005103060066
"SPI1","SIDM00129",2.75179084854695
"SPI1","SIDM00136",-1.15348914650634
"SPI1","SIDM00137",-2.95914661705166
"SPI1","SIDM00145",0.781617271408006
"SPI1","SIDM00154",2.65558390039422
"SPI1","SIDM00155",-2.07668644512866
"SPI1","SIDM00156",-2.13928139295722
"SPI1","SIDM00157",-3.15914289558289
"SPI1","SIDM00172",0.68375057526494
"SPI1","SIDM00174",1.40740413973345
"SPI1","SIDM00175",-2.34870435264035
"SPI1","SIDM00176",-0.725567447300117
"SPI1","SIDM00179",-2.2847438447096
"SPI1","SIDM00180",-1.39980402629883
"SPI1","SIDM00181",0.142245742691554
"SPI1","SIDM00182",-0.270227022148166
"SPI1","SIDM00183",-1.41699999608059
"SPI1","SIDM00184",-1.60201725669476
"SPI1","SIDM00185",-1.60668381275385
"SPI1","SIDM00186",0.426475140747718
"SPI1","SIDM00187",2.09330669049272
"SPI1","SIDM00188",1.46329078116677
"SPI1","SIDM00189",-1.78617709800853
"SPI1","SIDM00190",-2.78437292064499
"SPI1","SIDM00191",-1.94311006243528
"SPI1","SIDM00193",0.436170519162364
"SPI1","SIDM00195",-1.65418562716429
"SPI1","SIDM00196",-3.17561670022855
"SPI1","SIDM00197",-4.13157623388058
"SPI1","SIDM00198",-0.115075792754604
"SPI1","SIDM00199",1.04946292662134
"SPI1","SIDM00200",-4.51422768434924
"SPI1","SIDM00201",-0.150573243387107
"SPI1","SIDM00202",-3.56299373937391
"SPI1","SIDM00203",-3.28429359166575
"SPI1","SIDM00206",-1.58426265979082
"SPI1","SIDM00207",-1.66398178577591
"SPI1","SIDM00208",-0.958829697503711
"SPI1","SIDM00209",-0.701035713724233
"SPI1","SIDM00211",2.54629468440063
"SPI1","SIDM00214",-1.29424449690918
"SPI1","SIDM00215",0.11159596430155
"SPI1","SIDM00216",-0.441901416124289
"SPI1","SIDM00218",1.46064454328905
"SPI1","SIDM00223",-2.07524107361696
"SPI1","SIDM00224",0.560163783371624
"SPI1","SIDM00225",-1.44024962241286
"SPI1","SIDM00227",-2.49684621838965
"SPI1","SIDM00230",-1.63831074932745
"SPI1","SIDM00231",1.27760339150034
"SPI1","SIDM00232",-1.72079300121835
"SPI1","SIDM00233",0.611675080576383
"SPI1","SIDM00234",-1.95634405960404
"SPI1","SIDM00240",1.1790392669785
"SPI1","SIDM00241",-2.81324105593116
"SPI1","SIDM00242",-2.75515484040892
"SPI1","SIDM00243",-1.46478458032337
"SPI1","SIDM00244",-3.68011806827562
"SPI1","SIDM00245",-2.98392692787153
"SPI1","SIDM00251",-0.603627947137397
"SPI1","SIDM00252",-1.43954969785171
"SPI1","SIDM00253",-3.77310994177927
"SPI1","SIDM00254",-2.86528901449468
"SPI1","SIDM00255",-2.57033419160627
"SPI1","SIDM00256",-3.86548819104166
"SPI1","SIDM00257",-3.36753033354207
"SPI1","SIDM00258",-2.49471051628411
"SPI1","SIDM00259",-2.39891150665835
"SPI1","SIDM00260",-1.51056868102309
"SPI1","SIDM00261",-2.20420014181418
"SPI1","SIDM00262",-1.47225885088095
"SPI1","SIDM00263",-3.71511631252801
"SPI1","SIDM00264",-1.44950219969341
"SPI1","SIDM00265",-2.39420604951692
"SPI1","SIDM00266",-1.40172232012168
"SPI1","SIDM00267",-2.63962050464122
"SPI1","SIDM00269",-1.29556212786449
"SPI1","SIDM00270",-1.85359635531447
"SPI1","SIDM00274",-1.84995150592331
"SPI1","SIDM00276",-0.776009960688094
"SPI1","SIDM00277",7.663742974994
"SPI1","SIDM00281",-0.567331404334993
"SPI1","SIDM00283",2.16965981635102
"SPI1","SIDM00285",-2.99369758561363
"SPI1","SIDM00287",0.864342479701819
"SPI1","SIDM00289",2.59146248854476
"SPI1","SIDM00291",-0.597909557086704
"SPI1","SIDM00292",-4.55040684658328
"SPI1","SIDM00293",-3.60153497022235
"SPI1","SIDM00294",-1.86048933568708
"SPI1","SIDM00296",-2.97339655225918
"SPI1","SIDM00297",-1.67321680154861
"SPI1","SIDM00299",0.208980922676188
"SPI1","SIDM00300",-2.93086770496844
"SPI1","SIDM00302",0.237202337612865
"SPI1","SIDM00304",-2.84467389684815
"SPI1","SIDM00308",-0.746579100907645
"SPI1","SIDM00309",1.05058826082885
"SPI1","SIDM00310",2.68697031745447
"SPI1","SIDM00311",3.82927075866809
"SPI1","SIDM00316",2.22857762325522
"SPI1","SIDM00317",0.834242492878708
"SPI1","SIDM00319",0.190850362138082
"SPI1","SIDM00320",-2.94875013396145
"SPI1","SIDM00323",1.01743775148372
"SPI1","SIDM00324",-3.17831876554489
"SPI1","SIDM00326",-0.953763128647005
"SPI1","SIDM00328",-0.725554383797382
"SPI1","SIDM00330",-2.46315920814678
"SPI1","SIDM00332",-2.31961459273123
"SPI1","SIDM00343",1.19497888312602
"SPI1","SIDM00346",1.76902075478479
"SPI1","SIDM00349",-0.188763216708626
"SPI1","SIDM00350",-2.08381547252951
"SPI1","SIDM00351",-1.08219424639679
"SPI1","SIDM00362",0.879352573472318
"SPI1","SIDM00364",0.887937769931433
"SPI1","SIDM00365",-2.64716359948368
"SPI1","SIDM00367",-1.40660984118765
"SPI1","SIDM00371",0.340274183947502
"SPI1","SIDM00374",8.09401085472685
"SPI1","SIDM00375",-0.33142400405211
"SPI1","SIDM00377",0.512498424337518
"SPI1","SIDM00379",-0.580230316691111
"SPI1","SIDM00381",0.285217849204262
"SPI1","SIDM00383",-2.35410196904383
"SPI1","SIDM00384",5.06064274092884
"SPI1","SIDM00388",-0.272549006075222
"SPI1","SIDM00389",5.32270034335261
"SPI1","SIDM00393",-1.07835665196008
"SPI1","SIDM00394",2.08954087541744
"SPI1","SIDM00397",4.97419252425919
"SPI1","SIDM00399",-3.05383633446977
"SPI1","SIDM00400",-0.224680639440531
"SPI1","SIDM00401",-0.939369906928367
"SPI1","SIDM00404",2.88118506015926
"SPI1","SIDM00406",3.29134404788211
"SPI1","SIDM00407",3.98563176288047
"SPI1","SIDM00410",3.28791218310444
"SPI1","SIDM00411",-0.648481761255201
"SPI1","SIDM00412",2.0109150814441
"SPI1","SIDM00413",3.64917516171503
"SPI1","SIDM00414",0.707300040778607
"SPI1","SIDM00415",1.57201132815959
"SPI1","SIDM00416",0.310141582329817
"SPI1","SIDM00417",0.0539443444699606
"SPI1","SIDM00418",0.602964238096043
"SPI1","SIDM00420",0.0759448910683808
"SPI1","SIDM00422",0.805396443928539
"SPI1","SIDM00424",1.22970578070163
"SPI1","SIDM00427",-0.976920249828575
"SPI1","SIDM00438",4.63941648293525
"SPI1","SIDM00441",8.25974444704965
"SPI1","SIDM00444",-2.77866225935018
"SPI1","SIDM00445",-0.247459940412719
"SPI1","SIDM00448",2.3170205025087
"SPI1","SIDM00459",1.29071175072556
"SPI1","SIDM00465",0.289085977494921
"SPI1","SIDM00466",-0.0398169279766344
"SPI1","SIDM00467",5.96251460631512
"SPI1","SIDM00472",-1.04078941277077
"SPI1","SIDM00476",-1.38953020462074
"SPI1","SIDM00482",4.55763579741185
"SPI1","SIDM00483",-0.0874007690970514
"SPI1","SIDM00487",-0.94776567662528
"SPI1","SIDM00488",0.648825560118628
"SPI1","SIDM00489",-3.26740727335463
"SPI1","SIDM00490",-1.94563897343136
"SPI1","SIDM00491",-1.63388683678769
"SPI1","SIDM00496",-0.164864467957457
"SPI1","SIDM00498",-0.396812253980531
"SPI1","SIDM00501",-0.644673330904538
"SPI1","SIDM00504",-1.33631194533497
"SPI1","SIDM00507",-3.05671149111681
"SPI1","SIDM00508",-2.26399597126184
"SPI1","SIDM00510",-3.1506423613167
"SPI1","SIDM00516",0.0880003657829996
"SPI1","SIDM00517",-2.63549263322294
"SPI1","SIDM00518",-1.44417769168367
"SPI1","SIDM00519",2.9624968377617
"SPI1","SIDM00520",3.47387038322318
"SPI1","SIDM00527",0.0373771915741262
"SPI1","SIDM00528",-0.63062205516397
"SPI1","SIDM00530",-1.31524100103273
"SPI1","SIDM00532",-0.632085560900177
"SPI1","SIDM00534",-0.238264321683059
"SPI1","SIDM00535",-1.00087399754897
"SPI1","SIDM00537",-1.72697533631099
"SPI1","SIDM00538",-1.32921984602406
"SPI1","SIDM00539",-0.549782913705847
"SPI1","SIDM00540",-1.39651621247327
"SPI1","SIDM00541",-0.635231522885849
"SPI1","SIDM00542",1.63858427604161
"SPI1","SIDM00543",-0.508336017853724
"SPI1","SIDM00544",-2.33452615812577
"SPI1","SIDM00549",0.565151085469589
"SPI1","SIDM00550",-1.91693299289485
"SPI1","SIDM00551",-3.85574837408342
"SPI1","SIDM00553",11.6317686171499
"SPI1","SIDM00561",3.84937195428319
"SPI1","SIDM00562",-0.585185490347163
"SPI1","SIDM00565",0.169240303519964
"SPI1","SIDM00566",3.83970342842732
"SPI1","SIDM00569",-3.10857578780281
"SPI1","SIDM00573",-1.42405293863534
"SPI1","SIDM00574",-1.46184139945349
"SPI1","SIDM00576",8.29858466385807
"SPI1","SIDM00577",-5.15178771474861
"SPI1","SIDM00579",-4.12344712813881
"SPI1","SIDM00583",-2.91415205316929
"SPI1","SIDM00584",1.53087698154189
"SPI1","SIDM00591",-1.69681476454952
"SPI1","SIDM00592",2.20162873773771
"SPI1","SIDM00596",-2.70960210042796
"SPI1","SIDM00599",-1.4029936690687
"SPI1","SIDM00600",-0.699526048575705
"SPI1","SIDM00603",-1.00403844166045
"SPI1","SIDM00604",-0.0860129613577746
"SPI1","SIDM00606",-1.8065469313124
"SPI1","SIDM00612",-0.672317999711333
"SPI1","SIDM00619",-2.28574632745613
"SPI1","SIDM00620",-0.724636004383142
"SPI1","SIDM00621",-0.57771958391834
"SPI1","SIDM00622",-0.182839717368101
"SPI1","SIDM00623",4.25571871242824
"SPI1","SIDM00627",-0.331741232723682
"SPI1","SIDM00631",-1.53757692283329
"SPI1","SIDM00632",8.3277604340415
"SPI1","SIDM00636",4.59092846341621
"SPI1","SIDM00638",-1.00225791449749
"SPI1","SIDM00648",-2.36962865305269
"SPI1","SIDM00650",-2.99334964008205
"SPI1","SIDM00655",-2.45885751711363
"SPI1","SIDM00659",-0.910118432482563
"SPI1","SIDM00667",3.40695759327599
"SPI1","SIDM00668",2.52241561952588
"SPI1","SIDM00677",1.68144349319365
"SPI1","SIDM00679",-0.136548518714417
"SPI1","SIDM00680",-0.956865069551807
"SPI1","SIDM00688",0.714503436843277
"SPI1","SIDM00690",2.54898998999215
"SPI1","SIDM00699",-2.47125273175213
"SPI1","SIDM00700",-1.35627538623652
"SPI1","SIDM00719",-3.99909122711414
"SPI1","SIDM00721",-3.21152227262301
"SPI1","SIDM00732",-1.73046852100966
"SPI1","SIDM00737",-2.56068790006598
"SPI1","SIDM00758",-1.56119134904327
"SPI1","SIDM00767",-1.78947096135928
"SPI1","SIDM00770",-3.30331965682731
"SPI1","SIDM00781",-3.06966775564025
"SPI1","SIDM00783",-2.14640748562505
"SPI1","SIDM00789",-1.07020227830204
"SPI1","SIDM00792",-0.735343500575572
"SPI1","SIDM00793",-2.83085035003629
"SPI1","SIDM00794",-1.33737333241247
"SPI1","SIDM00808",3.21587474593546
"SPI1","SIDM00810",-2.52407393235172
"SPI1","SIDM00813",7.1325897324976
"SPI1","SIDM00814",-3.98996345823373
"SPI1","SIDM00815",-0.616811499566297
"SPI1","SIDM00816",-0.622088333870586
"SPI1","SIDM00817",-0.420670800277204
"SPI1","SIDM00818",-0.0400515094532485
"SPI1","SIDM00819",-1.3416998671414
"SPI1","SIDM00820",0.444676243106854
"SPI1","SIDM00821",-1.19154891546338
"SPI1","SIDM00826",-0.475037130105417
"SPI1","SIDM00832",-0.931272062231573
"SPI1","SIDM00833",-1.31878665577566
"SPI1","SIDM00834",-0.535330084095969
"SPI1","SIDM00835",0.106818716281178
"SPI1","SIDM00836",0.348263621571531
"SPI1","SIDM00837",-0.540565774216292
"SPI1","SIDM00841",-3.54287545275578
"SPI1","SIDM00842",-3.31300840803495
"SPI1","SIDM00846",-1.35252044741774
"SPI1","SIDM00859",6.51821110134423
"SPI1","SIDM00863",1.16216582452708
"SPI1","SIDM00864",-0.586476063697708
"SPI1","SIDM00875",0.496558672042381
"SPI1","SIDM00885",1.33347359594297
"SPI1","SIDM00889",-3.58821169108225
"SPI1","SIDM00895",-1.08245793930737
"SPI1","SIDM00896",0.066702273894868
"SPI1","SIDM00900",2.6762535737025
"SPI1","SIDM00905",1.2138754023771
"SPI1","SIDM00915",-2.93087072418085
"SPI1","SIDM00917",7.15950398018196
"SPI1","SIDM00923",-0.848288183415966
"SPI1","SIDM00927",-4.1066993165478
"SPI1","SIDM00929",-0.0921668907167855
"SPI1","SIDM00930",-1.01195353445993
"SPI1","SIDM00935",1.66358429144745
"SPI1","SIDM00946",3.13481608897838
"SPI1","SIDM00948",-0.765108164018655
"SPI1","SIDM00951",-1.15255906837301
"SPI1","SIDM00952",1.9928812564914
"SPI1","SIDM00953",-1.6122992743475
"SPI1","SIDM00954",-2.42642945686704
"SPI1","SIDM00958",0.823145240992587
"SPI1","SIDM00960",1.67415985608854
"SPI1","SIDM00962",4.47832594082148
"SPI1","SIDM00964",0.942061781749037
"SPI1","SIDM00966",1.7818929369642
"SPI1","SIDM00967",-1.93176569820919
"SPI1","SIDM00968",0.538308839397744
"SPI1","SIDM00969",0.725183320515994
"SPI1","SIDM00970",-1.50275672754328
"SPI1","SIDM00971",-0.994983440355122
"SPI1","SIDM00973",0.54290054412833
"SPI1","SIDM00974",-0.978596288121478
"SPI1","SIDM00975",-1.20288907166818
"SPI1","SIDM00976",-0.82859718121204
"SPI1","SIDM00984",6.91755952600519
"SPI1","SIDM00995",-0.346944477424435
"SPI1","SIDM01006",2.45437318066675
"SPI1","SIDM01007",0.87904873062341
"SPI1","SIDM01011",4.23646154889593
"SPI1","SIDM01017",1.8626748735734
"SPI1","SIDM01019",2.63386755547249
"SPI1","SIDM01039",-2.23372433098567
"SPI1","SIDM01041",-0.520199638518006
"SPI1","SIDM01042",-3.16786453500848
"SPI1","SIDM01047",3.01936614821555
"SPI1","SIDM01050",-0.343144989856463
"SPI1","SIDM01061",0.31086411572353
"SPI1","SIDM01064",1.71213386972559
"SPI1","SIDM01073",4.88549280131211
"SPI1","SIDM01090",-1.06958302483172
"SPI1","SIDM01092",7.58060760363863
"SPI1","SIDM01093",-1.01315905385295
"SPI1","SIDM01095",-0.553553219421344
"SPI1","SIDM01097",-2.49365331417595
"SPI1","SIDM01098",-4.12725359231442
"SPI1","SIDM01102",2.80354516860355
"SPI1","SIDM01114",-0.566618453235591
"SPI1","SIDM01117",-3.77429498392967
"SPI1","SIDM01118",-4.56629822214278
"SPI1","SIDM01120",-4.19021548602954
"SPI1","SIDM01122",-2.16317368421918
"SPI1","SIDM01126",-3.93023387446353
"SPI1","SIDM01132",0.491512565292217
"SPI1","SIDM01133",-3.84232464334355
"SPI1","SIDM01140",-1.96795015692409
"SPI1","SIDM01145",-1.59533370085378
"SPI1","SIDM01146",-0.543395032998489
"SPI1","SIDM01149",-3.74762660601187
"SPI1","SIDM01155",1.52818124684192
"SPI1","SIDM01157",2.050167320974
"SPI1","SIDM01159",-1.56518015408744
"SPI1","SIDM01160",0.326100070379315
"SPI1","SIDM01161",2.5905478363287
"SPI1","SIDM01162",-1.04171305134117
"SPI1","SIDM01163",-2.51052948302673
"SPI1","SIDM01168",-0.601799290685001
"SPI1","SIDM01173",1.3118349932786
"SPI1","SIDM01174",0.403740264075775
"SPI1","SIDM01175",-0.62475002535018
"SPI1","SIDM01177",2.49405885110903
"SPI1","SIDM01178",0.779997514835722
"SPI1","SIDM01179",-1.1851505880728
"SPI1","SIDM01183",-2.3841089761533
"SPI1","SIDM01185",0.464490936686071
"SPI1","SIDM01187",-0.400140193986518
"SPI1","SIDM01197",-0.846445053382249
"SPI1","SIDM01198",-1.02746814534664
"SPI1","SIDM01203",-2.61944055526619
"SPI1","SIDM01205",7.5786224233194
"SPI1","SIDM01206",-3.82948015265238
"SPI1","SIDM01210",-2.4017673900222
"SPI1","SIDM01217",2.8132929268711
"SPI1","SIDM01218",-0.859654243956637
"SPI1","SIDM01220",-1.03475885782039
"SPI1","SIDM01228",-1.76972096023895
"SPI1","SIDM01229",-3.53757177627604
"SPI1","SIDM01233",1.49022975612215
"SPI1","SIDM01237",3.40726752965919
"SPI1","SIDM01240",0.650005887750294
"SPI1","SIDM01242",0.105090774512603
"SPI1","SIDM01245",-0.203840315498529
"SPI1","SIDM01246",-0.00409502693693885
"SPI1","SIDM01247",-0.510982893856432
"SPI1","SIDM01248",-1.69809562611023
"SPI1","SIDM01251",1.2181195127257
"SPI1","SIDM01257",-0.750008561757846
"SPI1","SIDM01259",-1.86275616993775
"SPI1","SIDM01483",-1.69946543726556
"STAT1","SIDM00002",-1.00561200475887
"STAT1","SIDM00003",1.40820689502494
"STAT1","SIDM00006",1.08209600642582
"STAT1","SIDM00007",0.674470990170852
"STAT1","SIDM00009",8.61259303405166
"STAT1","SIDM00014",2.68580427430816
"STAT1","SIDM00018",0.104557858360446
"STAT1","SIDM00023",-0.58652774783584
"STAT1","SIDM00025",-0.291400254592609
"STAT1","SIDM00026",-1.94904460104113
"STAT1","SIDM00027",-2.14977215796733
"STAT1","SIDM00040",1.96630524129978
"STAT1","SIDM00041",1.33084490363459
"STAT1","SIDM00042",2.22928795517112
"STAT1","SIDM00043",10.293059291462
"STAT1","SIDM00044",1.34441186160676
"STAT1","SIDM00045",0.0939646231263622
"STAT1","SIDM00047",3.84823170502593
"STAT1","SIDM00048",8.08381206939902
"STAT1","SIDM00049",2.14341703493894
"STAT1","SIDM00050",1.56972443877133
"STAT1","SIDM00051",3.56361785743257
"STAT1","SIDM00052",3.30799427023379
"STAT1","SIDM00053",7.2330437149861
"STAT1","SIDM00054",2.67489305378907
"STAT1","SIDM00056",3.26670391389879
"STAT1","SIDM00057",1.71536906756728
"STAT1","SIDM00064",0.882466926687892
"STAT1","SIDM00068",1.53472284711064
"STAT1","SIDM00070",2.14491672486057
"STAT1","SIDM00077",2.99291815137057
"STAT1","SIDM00082",-1.64098502773842
"STAT1","SIDM00086",6.55386314830594
"STAT1","SIDM00091",1.63808482939421
"STAT1","SIDM00094",1.24970811366102
"STAT1","SIDM00096",9.97151931965695
"STAT1","SIDM00098",2.6447909399995
"STAT1","SIDM00099",1.21332738703172
"STAT1","SIDM00100",1.627381097522
"STAT1","SIDM00101",2.66149596599221
"STAT1","SIDM00102",2.25981799977619
"STAT1","SIDM00103",2.8236259559323
"STAT1","SIDM00104",4.83718401063431
"STAT1","SIDM00111",1.6827121532019
"STAT1","SIDM00112",2.20460188154217
"STAT1","SIDM00113",1.82667954858594
"STAT1","SIDM00114",1.39068814205685
"STAT1","SIDM00115",2.61383219971823
"STAT1","SIDM00118",1.25286599193928
"STAT1","SIDM00120",3.31569795077657
"STAT1","SIDM00121",-0.151673037979458
"STAT1","SIDM00126",-1.20385575270151
"STAT1","SIDM00127",0.735544152433383
"STAT1","SIDM00128",9.34002031317006
"STAT1","SIDM00129",1.98934991393953
"STAT1","SIDM00136",0.833720194853087
"STAT1","SIDM00137",1.73581777661479
"STAT1","SIDM00145",0.42562556777439
"STAT1","SIDM00154",11.7618442069209
"STAT1","SIDM00155",0.122444332653334
"STAT1","SIDM00156",-2.78681676379907
"STAT1","SIDM00157",-2.85466029839141
"STAT1","SIDM00172",6.4644976281241
"STAT1","SIDM00174",6.23572944824293
"STAT1","SIDM00175",0.62708013105754
"STAT1","SIDM00176",1.27148287430523
"STAT1","SIDM00179",-0.522669661658889
"STAT1","SIDM00180",2.54676582336941
"STAT1","SIDM00181",3.56997998122658
"STAT1","SIDM00182",4.37306087762539
"STAT1","SIDM00183",-2.6217834456884
"STAT1","SIDM00184",0.536008919121116
"STAT1","SIDM00185",-0.647976866735559
"STAT1","SIDM00186",2.6065031620981
"STAT1","SIDM00187",5.82289473598613
"STAT1","SIDM00188",8.1549451900933
"STAT1","SIDM00189",4.52624169018063
"STAT1","SIDM00190",0.586366865446756
"STAT1","SIDM00191",3.04575840904495
"STAT1","SIDM00193",2.12142516080153
"STAT1","SIDM00195",0.214293610899037
"STAT1","SIDM00196",-1.82399534282297
"STAT1","SIDM00197",-2.32093766160096
"STAT1","SIDM00198",0.675022046254637
"STAT1","SIDM00199",5.97373291869046
"STAT1","SIDM00200",-2.79748915229369
"STAT1","SIDM00201",0.106691049243147
"STAT1","SIDM00202",-0.655141260374347
"STAT1","SIDM00203",-2.44904402052046
"STAT1","SIDM00206",3.65212159526723
"STAT1","SIDM00207",3.13861028682764
"STAT1","SIDM00208",2.05347591875791
"STAT1","SIDM00209",2.62388008178695
"STAT1","SIDM00211",2.33721209025283
"STAT1","SIDM00214",1.09198035546698
"STAT1","SIDM00215",-0.22798518323222
"STAT1","SIDM00216",-0.921177997557182
"STAT1","SIDM00218",2.20478537910393
"STAT1","SIDM00223",-2.28374996941475
"STAT1","SIDM00224",3.53406192512765
"STAT1","SIDM00225",2.34132125735996
"STAT1","SIDM00227",0.218036273163828
"STAT1","SIDM00230",-1.0859764974421
"STAT1","SIDM00231",7.64925780604938
"STAT1","SIDM00232",3.0259149874179
"STAT1","SIDM00233",2.92364633517758
"STAT1","SIDM00234",-1.2663351733632
"STAT1","SIDM00240",0.766521002785895
"STAT1","SIDM00241",-1.06059364689798
"STAT1","SIDM00242",-1.29550395119659
"STAT1","SIDM00243",-1.75531003306167
"STAT1","SIDM00244",-1.81449362267387
"STAT1","SIDM00245",0.487340906987454
"STAT1","SIDM00251",4.78205996558763
"STAT1","SIDM00252",1.13666822140323
"STAT1","SIDM00253",-1.66844758590907
"STAT1","SIDM00254",-0.750517976204171
"STAT1","SIDM00255",-2.62903988673881
"STAT1","SIDM00256",-3.9607781415314
"STAT1","SIDM00257",-2.44713499142104
"STAT1","SIDM00258",-2.23241609874198
"STAT1","SIDM00259",-1.37832529562972
"STAT1","SIDM00260",1.37473706370188
"STAT1","SIDM00261",-0.411730967456879
"STAT1","SIDM00262",-1.87131587166686
"STAT1","SIDM00263",-3.13237707785264
"STAT1","SIDM00264",0.488306352600941
"STAT1","SIDM00265",-1.29226150593306
"STAT1","SIDM00266",-0.951384560229104
"STAT1","SIDM00267",-1.49128843358573
"STAT1","SIDM00269",0.605043693982617
"STAT1","SIDM00270",1.7540856359743
"STAT1","SIDM00274",-0.119649376494947
"STAT1","SIDM00276",2.77542552091234
"STAT1","SIDM00277",2.26253816174543
"STAT1","SIDM00281",2.05310902328465
"STAT1","SIDM00283",1.49877186058422
"STAT1","SIDM00285",-2.93741842847511
"STAT1","SIDM00287",-0.405787788813823
"STAT1","SIDM00289",3.43927595108257
"STAT1","SIDM00291",2.4637814328296
"STAT1","SIDM00292",-2.74596307917302
"STAT1","SIDM00293",-2.71405575881987
"STAT1","SIDM00294",-2.15426774494621
"STAT1","SIDM00296",-3.8115590740714
"STAT1","SIDM00297",4.14874677570448
"STAT1","SIDM00299",7.69927227547075
"STAT1","SIDM00300",-1.34401008937516
"STAT1","SIDM00302",4.59883459820208
"STAT1","SIDM00304",1.35436162453811
"STAT1","SIDM00308",1.90438367396109
"STAT1","SIDM00309",3.06720807348102
"STAT1","SIDM00310",7.46749383861085
"STAT1","SIDM00311",9.82874091075583
"STAT1","SIDM00316",4.59855663093904
"STAT1","SIDM00317",3.66637529094998
"STAT1","SIDM00319",3.79855136962923
"STAT1","SIDM00320",-2.49424220377813
"STAT1","SIDM00323",0.320975783691919
"STAT1","SIDM00324",-1.50801891873843
"STAT1","SIDM00326",0.576346553343108
"STAT1","SIDM00328",1.85728542284981
"STAT1","SIDM00330",-2.920265753137
"STAT1","SIDM00332",-1.99564576436452
"STAT1","SIDM00343",7.31567590412289
"STAT1","SIDM00346",3.60815137198463
"STAT1","SIDM00349",3.4375130540632
"STAT1","SIDM00350",-0.354449670912623
"STAT1","SIDM00351",2.01673504464289
"STAT1","SIDM00362",-0.70786850856307
"STAT1","SIDM00364",1.01668190981554
"STAT1","SIDM00365",-3.20803025471739
"STAT1","SIDM00367",-0.425740640893285
"STAT1","SIDM00371",4.44281298849803
"STAT1","SIDM00374",6.88480612296149
"STAT1","SIDM00375",0.837761121981426
"STAT1","SIDM00377",2.74648299330983
"STAT1","SIDM00379",2.69084896747317
"STAT1","SIDM00381",3.65160354901447
"STAT1","SIDM00383",-1.2522791209014
"STAT1","SIDM00384",7.5466876177726
"STAT1","SIDM00388",-2.1361671978316
"STAT1","SIDM00389",1.26653812527965
"STAT1","SIDM00393",2.22386800884339
"STAT1","SIDM00394",3.54022408398308
"STAT1","SIDM00397",2.04755686972773
"STAT1","SIDM00399",-1.72629526817977
"STAT1","SIDM00400",0.503776399921197
"STAT1","SIDM00401",2.37465720819581
"STAT1","SIDM00404",1.09757036763324
"STAT1","SIDM00406",3.16601810609059
"STAT1","SIDM00407",1.30018939854827
"STAT1","SIDM00410",5.73657374489595
"STAT1","SIDM00411",2.78997128455614
"STAT1","SIDM00412",3.42441203650361
"STAT1","SIDM00413",-0.118848698297393
"STAT1","SIDM00414",1.63685650453649
"STAT1","SIDM00415",-0.556758565956067
"STAT1","SIDM00416",0.40936549364057
"STAT1","SIDM00417",2.13218395772783
"STAT1","SIDM00418",6.90366409318515
"STAT1","SIDM00420",2.73198962911272
"STAT1","SIDM00422",2.25075834005938
"STAT1","SIDM00424",1.02939085928976
"STAT1","SIDM00427",0.102373731096036
"STAT1","SIDM00438",0.450607819736586
"STAT1","SIDM00441",1.42432817191831
"STAT1","SIDM00444",0.445883352801116
"STAT1","SIDM00445",0.981993462499059
"STAT1","SIDM00448",4.19998176110549
"STAT1","SIDM00459",-0.193372824100517
"STAT1","SIDM00465",2.11432180738381
"STAT1","SIDM00466",0.515191336231404
"STAT1","SIDM00467",5.19698471402719
"STAT1","SIDM00472",1.0239795758317
"STAT1","SIDM00476",-0.988585128959881
"STAT1","SIDM00482",3.31181295156023
"STAT1","SIDM00483",1.42185971823877
"STAT1","SIDM00487",-1.1186327851056
"STAT1","SIDM00488",5.62704898778899
"STAT1","SIDM00489",-0.658840822539522
"STAT1","SIDM00490",3.13699047276935
"STAT1","SIDM00491",2.39735390767525
"STAT1","SIDM00496",0.942772313685373
"STAT1","SIDM00498",2.46386950105589
"STAT1","SIDM00501",1.04183203905195
"STAT1","SIDM00504",1.10690588587725
"STAT1","SIDM00507",-3.39469719555024
"STAT1","SIDM00508",-1.79415268510798
"STAT1","SIDM00510",-2.1194811543948
"STAT1","SIDM00516",2.17308318847738
"STAT1","SIDM00517",-0.0922172897673953
"STAT1","SIDM00518",-0.359986367392156
"STAT1","SIDM00519",3.3824483123215
"STAT1","SIDM00520",7.69389353948607
"STAT1","SIDM00527",2.32748118305364
"STAT1","SIDM00528",-1.20705663195342
"STAT1","SIDM00530",2.90477913911433
"STAT1","SIDM00532",3.36014367773254
"STAT1","SIDM00534",2.0156071289482
"STAT1","SIDM00535",-0.303490791298712
"STAT1","SIDM00537",-1.04670358612205
"STAT1","SIDM00538",4.32932244097075
"STAT1","SIDM00539",2.7358441457139
"STAT1","SIDM00540",3.29510899099918
"STAT1","SIDM00541",0.770140837555542
"STAT1","SIDM00542",3.66835128929749
"STAT1","SIDM00543",2.08115955069252
"STAT1","SIDM00544",-1.67064376914827
"STAT1","SIDM00549",-1.53556932402292
"STAT1","SIDM00550",-0.757711647996544
"STAT1","SIDM00551",-1.71100196112155
"STAT1","SIDM00553",0.900831595764023
"STAT1","SIDM00561",2.50644535921729
"STAT1","SIDM00562",-1.14962431687001
"STAT1","SIDM00565",8.4711595483096
"STAT1","SIDM00566",8.67634159079484
"STAT1","SIDM00569",-0.275344073744384
"STAT1","SIDM00573",2.48360044536292
"STAT1","SIDM00574",2.36506692711393
"STAT1","SIDM00576",1.86343596640481
"STAT1","SIDM00577",0.142360638009538
"STAT1","SIDM00579",-1.55661865405039
"STAT1","SIDM00583",0.647657717950461
"STAT1","SIDM00584",7.14879902096323
"STAT1","SIDM00591",0.568662996366492
"STAT1","SIDM00592",7.20194285631298
"STAT1","SIDM00596",0.253201584812632
"STAT1","SIDM00599",-0.472907143573765
"STAT1","SIDM00600",1.55972558471136
"STAT1","SIDM00603",-1.06758799588197
"STAT1","SIDM00604",2.76088729854573
"STAT1","SIDM00606",2.57468452661128
"STAT1","SIDM00612",3.2497272710424
"STAT1","SIDM00619",-0.672861517227094
"STAT1","SIDM00620",2.96073108565538
"STAT1","SIDM00621",-0.35496149931008
"STAT1","SIDM00622",4.84736500532968
"STAT1","SIDM00623",4.44566828968715
"STAT1","SIDM00627",0.734865702748264
"STAT1","SIDM00631",2.13583335605922
"STAT1","SIDM00632",6.81648980274326
"STAT1","SIDM00636",8.2614660281216
"STAT1","SIDM00638",1.11982881959669
"STAT1","SIDM00648",-0.898876734259711
"STAT1","SIDM00650",-3.05248968595954
"STAT1","SIDM00655",-2.47853804208523
"STAT1","SIDM00659",4.02424219858096
"STAT1","SIDM00667",1.14826015434651
"STAT1","SIDM00668",0.669641572357818
"STAT1","SIDM00677",2.91697364370921
"STAT1","SIDM00679",2.61333439810232
"STAT1","SIDM00680",-0.116681470231266
"STAT1","SIDM00688",4.409456472724
"STAT1","SIDM00690",6.18380365063898
"STAT1","SIDM00699",-3.25524458582916
"STAT1","SIDM00700",0.709059088541779
"STAT1","SIDM00719",-2.13230037316218
"STAT1","SIDM00721",-2.7686096491598
"STAT1","SIDM00732",1.4563632105089
"STAT1","SIDM00737",-2.00318426870723
"STAT1","SIDM00758",1.62942057854453
"STAT1","SIDM00767",-0.529893508201083
"STAT1","SIDM00770",-2.08159647541295
"STAT1","SIDM00781",-0.641489049117024
"STAT1","SIDM00783",1.0447980167706
"STAT1","SIDM00789",0.0628959620725413
"STAT1","SIDM00792",-0.782123759592386
"STAT1","SIDM00793",-0.843966556253428
"STAT1","SIDM00794",3.01814036462194
"STAT1","SIDM00808",3.34358798281482
"STAT1","SIDM00810",-1.03576015206742
"STAT1","SIDM00813",8.40241281359314
"STAT1","SIDM00814",-2.32854419726316
"STAT1","SIDM00815",3.21708446147654
"STAT1","SIDM00816",2.20125034449514
"STAT1","SIDM00817",2.80927044169349
"STAT1","SIDM00818",3.76189779478367
"STAT1","SIDM00819",4.56157742747436
"STAT1","SIDM00820",4.36677447502807
"STAT1","SIDM00821",4.08019513404382
"STAT1","SIDM00826",1.59525457017673
"STAT1","SIDM00832",-0.574008602402655
"STAT1","SIDM00833",4.12050052838574
"STAT1","SIDM00834",-1.1096844958664
"STAT1","SIDM00835",4.42918580940221
"STAT1","SIDM00836",-0.311905441103931
"STAT1","SIDM00837",0.440749468995121
"STAT1","SIDM00841",-1.1613668215388
"STAT1","SIDM00842",-1.3244452530595
"STAT1","SIDM00846",1.26160261139733
"STAT1","SIDM00859",2.81917353936628
"STAT1","SIDM00863",4.55536757967238
"STAT1","SIDM00864",-0.0167031253240227
"STAT1","SIDM00875",2.28792866852615
"STAT1","SIDM00885",6.580582065574
"STAT1","SIDM00889",-2.27359212138293
"STAT1","SIDM00895",1.26544920531872
"STAT1","SIDM00896",2.56507718496068
"STAT1","SIDM00900",4.93062475196971
"STAT1","SIDM00905",8.09805255272903
"STAT1","SIDM00915",-2.08689878663096
"STAT1","SIDM00917",6.57045957817581
"STAT1","SIDM00923",2.06350822773961
"STAT1","SIDM00927",-3.96966543969428
"STAT1","SIDM00929",2.76349455123563
"STAT1","SIDM00930",1.69229493512211
"STAT1","SIDM00935",5.93407824046994
"STAT1","SIDM00946",2.26797725865166
"STAT1","SIDM00948",0.0860007529087321
"STAT1","SIDM00951",0.351694963621407
"STAT1","SIDM00952",5.31132320609432
"STAT1","SIDM00953",-1.96678237386547
"STAT1","SIDM00954",-1.64008754208146
"STAT1","SIDM00958",3.11008261596008
"STAT1","SIDM00960",3.95530219207514
"STAT1","SIDM00962",2.30938235444593
"STAT1","SIDM00964",14.07424913024
"STAT1","SIDM00966",2.69441677185803
"STAT1","SIDM00967",0.671866801619148
"STAT1","SIDM00968",2.0701261186062
"STAT1","SIDM00969",4.29976684647515
"STAT1","SIDM00970",1.45722257664453
"STAT1","SIDM00971",-0.567666505068974
"STAT1","SIDM00973",2.84338848201541
"STAT1","SIDM00974",4.02348297015001
"STAT1","SIDM00975",1.10878860681803
"STAT1","SIDM00976",6.55940970567523
"STAT1","SIDM00984",7.34803178672425
"STAT1","SIDM00995",4.74519044484124
"STAT1","SIDM01006",0.524220379490449
"STAT1","SIDM01007",0.264510737675345
"STAT1","SIDM01011",3.62811821369921
"STAT1","SIDM01017",1.66361053507213
"STAT1","SIDM01019",0.29722738520725
"STAT1","SIDM01039",-1.9357424050653
"STAT1","SIDM01041",3.74128897078448
"STAT1","SIDM01042",-2.81494628364981
"STAT1","SIDM01047",3.17890179651503
"STAT1","SIDM01050",5.104456349503
"STAT1","SIDM01061",5.21514999345968
"STAT1","SIDM01064",4.38266290790661
"STAT1","SIDM01073",4.87343953250015
"STAT1","SIDM01090",2.19992879496471
"STAT1","SIDM01092",7.31645947923894
"STAT1","SIDM01093",2.26712969855548
"STAT1","SIDM01095",-1.09982921877876
"STAT1","SIDM01097",-1.83061278831537
"STAT1","SIDM01098",0.839756818449277
"STAT1","SIDM01102",2.42859496630621
"STAT1","SIDM01114",3.18543411334867
"STAT1","SIDM01117",-3.16788909338018
"STAT1","SIDM01118",-3.43638157835099
"STAT1","SIDM01120",-3.01843508608231
"STAT1","SIDM01122",-1.34442909269234
"STAT1","SIDM01126",-3.72435044043578
"STAT1","SIDM01132",0.340861452165687
"STAT1","SIDM01133",-3.95121808829177
"STAT1","SIDM01140",-0.371588046345861
"STAT1","SIDM01145",-1.39435446317577
"STAT1","SIDM01146",-0.409231190083755
"STAT1","SIDM01149",-3.26960770865275
"STAT1","SIDM01155",4.56025626928646
"STAT1","SIDM01157",8.19847107461786
"STAT1","SIDM01159",1.20847919214405
"STAT1","SIDM01160",2.71833538681303
"STAT1","SIDM01161",8.47628315300156
"STAT1","SIDM01162",1.64462346281627
"STAT1","SIDM01163",-0.429578867447807
"STAT1","SIDM01168",0.298155660130422
"STAT1","SIDM01173",0.335479869714587
"STAT1","SIDM01174",4.54803216455554
"STAT1","SIDM01175",4.07085574904469
"STAT1","SIDM01177",0.611163555409412
"STAT1","SIDM01178",7.39075960716312
"STAT1","SIDM01179",-0.536490307367928
"STAT1","SIDM01183",-2.83529512480231
"STAT1","SIDM01185",1.90806156316759
"STAT1","SIDM01187",0.806372372465041
"STAT1","SIDM01197",-1.07428308728672
"STAT1","SIDM01198",0.340661876738006
"STAT1","SIDM01203",-1.95681035658804
"STAT1","SIDM01205",1.59314118891813
"STAT1","SIDM01206",-3.36031586435438
"STAT1","SIDM01210",0.691170521519783
"STAT1","SIDM01217",2.28017153270746
"STAT1","SIDM01218",-1.047284502369
"STAT1","SIDM01220",1.3541185415171
"STAT1","SIDM01228",-0.576678379741414
"STAT1","SIDM01229",-3.14708788994726
"STAT1","SIDM01233",1.22745358859086
"STAT1","SIDM01237",1.10442936551508
"STAT1","SIDM01240",0.440188266939636
"STAT1","SIDM01242",2.75183536546365
"STAT1","SIDM01245",-0.640379956945957
"STAT1","SIDM01246",-1.16480786031258
"STAT1","SIDM01247",0.642711788862269
"STAT1","SIDM01248",0.876014391845508
"STAT1","SIDM01251",1.06989150193839
"STAT1","SIDM01257",-0.623080589099994
"STAT1","SIDM01259",0.992141418477465
"STAT1","SIDM01483",1.19137906456998
"STAT2","SIDM00002",-2.34976382512838
"STAT2","SIDM00003",-2.32072828753227
"STAT2","SIDM00006",-0.920632829749743
"STAT2","SIDM00007",0.881913590913225
"STAT2","SIDM00009",5.15095111482907
"STAT2","SIDM00014",1.26063081005327
"STAT2","SIDM00018",-1.61872181886501
"STAT2","SIDM00023",-1.89990534214178
"STAT2","SIDM00025",-1.66181833002655
"STAT2","SIDM00026",-2.46595339312531
"STAT2","SIDM00027",-2.60857006110535
"STAT2","SIDM00040",-0.596683069707139
"STAT2","SIDM00041",-0.767516160533759
"STAT2","SIDM00042",2.81486658881384
"STAT2","SIDM00043",6.76986708142531
"STAT2","SIDM00044",0.395613096519634
"STAT2","SIDM00045",1.72486314326927
"STAT2","SIDM00047",0.897905204468887
"STAT2","SIDM00048",3.73921635293468
"STAT2","SIDM00049",0.182870586381166
"STAT2","SIDM00050",0.86100870416506
"STAT2","SIDM00051",1.95564589074797
"STAT2","SIDM00052",0.183862370186557
"STAT2","SIDM00053",8.08225566806555
"STAT2","SIDM00054",3.73680574695397
"STAT2","SIDM00056",0.365698048794869
"STAT2","SIDM00057",-1.40530071799225
"STAT2","SIDM00064",0.0524352604887561
"STAT2","SIDM00068",1.32814683889714
"STAT2","SIDM00070",0.455246950067269
"STAT2","SIDM00077",-0.624193518585232
"STAT2","SIDM00082",-0.124937146308762
"STAT2","SIDM00086",3.70689337035521
"STAT2","SIDM00091",0.350165201519179
"STAT2","SIDM00094",0.498072155830756
"STAT2","SIDM00096",0.793115369400365
"STAT2","SIDM00098",-0.783964739426918
"STAT2","SIDM00099",-0.00824420293179026
"STAT2","SIDM00100",0.0311346099403126
"STAT2","SIDM00101",0.801738877746728
"STAT2","SIDM00102",-0.275798444962356
"STAT2","SIDM00103",1.05104943483411
"STAT2","SIDM00104",1.5983397404878
"STAT2","SIDM00111",1.45898636019016
"STAT2","SIDM00112",2.23469014731731
"STAT2","SIDM00113",0.225705487579009
"STAT2","SIDM00114",-0.676913977012894
"STAT2","SIDM00115",1.32231891171028
"STAT2","SIDM00118",0.665628645870466
"STAT2","SIDM00120",-0.145083647051177
"STAT2","SIDM00121",-1.6233814808419
"STAT2","SIDM00126",-1.9674567146781
"STAT2","SIDM00127",-0.471790957733174
"STAT2","SIDM00128",5.33902543687551
"STAT2","SIDM00129",-1.01103934453077
"STAT2","SIDM00136",0.457641069473832
"STAT2","SIDM00137",0.793789559321283
"STAT2","SIDM00145",-1.68249036130407
"STAT2","SIDM00154",6.2956193801238
"STAT2","SIDM00155",-0.933143125953438
"STAT2","SIDM00156",-1.31521557335484
"STAT2","SIDM00157",-2.11190007519319
"STAT2","SIDM00172",1.70358734217218
"STAT2","SIDM00174",1.46007757165689
"STAT2","SIDM00175",-1.75567441303929
"STAT2","SIDM00176",-0.181216111394688
"STAT2","SIDM00179",-1.13800575219499
"STAT2","SIDM00180",0.0484233381148435
"STAT2","SIDM00181",1.11957554382958
"STAT2","SIDM00182",1.5988551667982
"STAT2","SIDM00183",-1.06606770623757
"STAT2","SIDM00184",-1.2488804734597
"STAT2","SIDM00185",-2.09809633550493
"STAT2","SIDM00186",1.73438998353492
"STAT2","SIDM00187",1.91950459522572
"STAT2","SIDM00188",5.03443888165117
"STAT2","SIDM00189",0.981959533668941
"STAT2","SIDM00190",-1.92807317786651
"STAT2","SIDM00191",3.00540290098614
"STAT2","SIDM00193",0.925035367614779
"STAT2","SIDM00195",-1.38905697707248
"STAT2","SIDM00196",-2.30694073684277
"STAT2","SIDM00197",-2.55742919560082
"STAT2","SIDM00198",-1.28363577352699
"STAT2","SIDM00199",0.940346712920751
"STAT2","SIDM00200",-2.33334835891576
"STAT2","SIDM00201",-1.50412474786967
"STAT2","SIDM00202",-2.1008622155288
"STAT2","SIDM00203",-2.59238880826328
"STAT2","SIDM00206",0.255477812624081
"STAT2","SIDM00207",0.881742581898224
"STAT2","SIDM00208",-0.077825381736089
"STAT2","SIDM00209",1.94884039985378
"STAT2","SIDM00211",-0.88892514954963
"STAT2","SIDM00214",-0.0151731858647855
"STAT2","SIDM00215",-0.614330960570955
"STAT2","SIDM00216",-1.50553683103909
"STAT2","SIDM00218",-0.195709979979901
"STAT2","SIDM00223",-1.2411583170625
"STAT2","SIDM00224",-0.152151831005432
"STAT2","SIDM00225",-0.655739867190452
"STAT2","SIDM00227",-1.02118310610404
"STAT2","SIDM00230",-0.806161560346357
"STAT2","SIDM00231",3.61861151786378
"STAT2","SIDM00232",0.758238621303447
"STAT2","SIDM00233",0.608697043165627
"STAT2","SIDM00234",-0.526117250625027
"STAT2","SIDM00240",-1.07410801465462
"STAT2","SIDM00241",-1.21852845863272
"STAT2","SIDM00242",-1.80181024285153
"STAT2","SIDM00243",-1.45465306331732
"STAT2","SIDM00244",-1.99443458891348
"STAT2","SIDM00245",-0.429543048486544
"STAT2","SIDM00251",3.52909719697671
"STAT2","SIDM00252",1.82994741328107
"STAT2","SIDM00253",-2.23442030922807
"STAT2","SIDM00254",-0.986564331570594
"STAT2","SIDM00255",-2.09380466687413
"STAT2","SIDM00256",-1.44638435159058
"STAT2","SIDM00257",-1.73094468053274
"STAT2","SIDM00258",-1.61585886438122
"STAT2","SIDM00259",-1.39294705073322
"STAT2","SIDM00260",0.996668709788047
"STAT2","SIDM00261",-1.59458451190771
"STAT2","SIDM00262",-0.0646726380850626
"STAT2","SIDM00263",-1.50223140918934
"STAT2","SIDM00264",-0.648315544966576
"STAT2","SIDM00265",-2.19544496608093
"STAT2","SIDM00266",-1.64150702589412
"STAT2","SIDM00267",-1.56379198380022
"STAT2","SIDM00269",-0.411090687834539
"STAT2","SIDM00270",0.618191542467029
"STAT2","SIDM00274",0.476968998826616
"STAT2","SIDM00276",1.78610383376492
"STAT2","SIDM00277",0.114175153299148
"STAT2","SIDM00281",-0.313661029292843
"STAT2","SIDM00283",-2.44405255375775
"STAT2","SIDM00285",-1.87234601924186
"STAT2","SIDM00287",-1.19601526046864
"STAT2","SIDM00289",-0.360075099747643
"STAT2","SIDM00291",0.285572221752954
"STAT2","SIDM00292",-1.04523641876566
"STAT2","SIDM00293",0.0767653870661843
"STAT2","SIDM00294",-1.69345535105969
"STAT2","SIDM00296",-1.36586554201029
"STAT2","SIDM00297",1.0863616209518
"STAT2","SIDM00299",4.8239822183728
"STAT2","SIDM00300",-1.66298841527192
"STAT2","SIDM00302",0.46094280604307
"STAT2","SIDM00304",0.424803704305053
"STAT2","SIDM00308",-0.79170415908355
"STAT2","SIDM00309",1.2881540631802
"STAT2","SIDM00310",4.91704855159597
"STAT2","SIDM00311",4.41763809293249
"STAT2","SIDM00316",0.850583626920515
"STAT2","SIDM00317",2.94254021578045
"STAT2","SIDM00319",2.13646445659526
"STAT2","SIDM00320",-1.40027852328655
"STAT2","SIDM00323",-0.767454695902154
"STAT2","SIDM00324",-2.64821437039009
"STAT2","SIDM00326",-1.22697425852034
"STAT2","SIDM00328",1.61148865839138
"STAT2","SIDM00330",-1.02454838128588
"STAT2","SIDM00332",-0.926164842866459
"STAT2","SIDM00343",3.92578376760796
"STAT2","SIDM00346",-1.10894283482539
"STAT2","SIDM00349",-0.323252151080099
"STAT2","SIDM00350",-0.959313537078937
"STAT2","SIDM00351",1.31183165827136
"STAT2","SIDM00362",-1.59439931357438
"STAT2","SIDM00364",-0.00156987220294965
"STAT2","SIDM00365",-1.02154316796719
"STAT2","SIDM00367",2.78818068015336
"STAT2","SIDM00371",2.52180678166372
"STAT2","SIDM00374",2.04626805685801
"STAT2","SIDM00375",0.914086573524069
"STAT2","SIDM00377",-0.304152850743011
"STAT2","SIDM00379",0.780281216612344
"STAT2","SIDM00381",0.517484462476778
"STAT2","SIDM00383",-0.550056324022565
"STAT2","SIDM00384",-0.495909987164375
"STAT2","SIDM00388",-2.15858077036877
"STAT2","SIDM00389",-1.36577466252986
"STAT2","SIDM00393",1.22914442153494
"STAT2","SIDM00394",3.89736533194971
"STAT2","SIDM00397",-1.18114047854805
"STAT2","SIDM00399",-1.60618005788166
"STAT2","SIDM00400",-1.00211298958143
"STAT2","SIDM00401",-1.72329000080085
"STAT2","SIDM00404",-0.973871663260175
"STAT2","SIDM00406",-1.44473951133922
"STAT2","SIDM00407",-0.471190239268164
"STAT2","SIDM00410",2.99681841780985
"STAT2","SIDM00411",1.90397951549874
"STAT2","SIDM00412",-1.10119562871994
"STAT2","SIDM00413",-0.250087947295372
"STAT2","SIDM00414",0.330044193183059
"STAT2","SIDM00415",-1.98752487071543
"STAT2","SIDM00416",-1.71626977721353
"STAT2","SIDM00417",0.647797890344938
"STAT2","SIDM00418",4.39257739186047
"STAT2","SIDM00420",1.96157093647447
"STAT2","SIDM00422",1.34465280302763
"STAT2","SIDM00424",0.350413415961736
"STAT2","SIDM00427",-0.800139961877192
"STAT2","SIDM00438",-1.73580021175202
"STAT2","SIDM00441",-1.27083459873552
"STAT2","SIDM00444",-1.32975272234856
"STAT2","SIDM00445",-1.02220375830033
"STAT2","SIDM00448",1.54913299299395
"STAT2","SIDM00459",-2.02650721476228
"STAT2","SIDM00465",-0.256633360430883
"STAT2","SIDM00466",-0.301460111556906
"STAT2","SIDM00467",1.67793501246663
"STAT2","SIDM00472",-0.910130265700861
"STAT2","SIDM00476",-0.289446819014334
"STAT2","SIDM00482",-1.73843026256196
"STAT2","SIDM00483",-0.377657612309578
"STAT2","SIDM00487",-1.17721537832164
"STAT2","SIDM00488",5.36840963356982
"STAT2","SIDM00489",0.170375045844189
"STAT2","SIDM00490",-0.231813884276185
"STAT2","SIDM00491",-0.393639325446804
"STAT2","SIDM00496",1.20669047460451
"STAT2","SIDM00498",2.27497039742921
"STAT2","SIDM00501",-0.745644825502451
"STAT2","SIDM00504",-0.0168927882191686
"STAT2","SIDM00507",-0.189268375149367
"STAT2","SIDM00508",-1.49913417330234
"STAT2","SIDM00510",-1.23734296877303
"STAT2","SIDM00516",-1.72410217179296
"STAT2","SIDM00517",-1.70455469419331
"STAT2","SIDM00518",-0.426501299895476
"STAT2","SIDM00519",0.576951825564232
"STAT2","SIDM00520",5.97003241816797
"STAT2","SIDM00527",0.443101080828178
"STAT2","SIDM00528",-0.78428047181995
"STAT2","SIDM00530",1.28539648603716
"STAT2","SIDM00532",0.409223836237663
"STAT2","SIDM00534",-0.721886429284013
"STAT2","SIDM00535",-1.19579239370928
"STAT2","SIDM00537",-0.536019669069141
"STAT2","SIDM00538",2.03790099017693
"STAT2","SIDM00539",1.46072208288252
"STAT2","SIDM00540",-0.747232443894862
"STAT2","SIDM00541",-0.268403228080868
"STAT2","SIDM00542",1.87781433367164
"STAT2","SIDM00543",-2.23098098110226
"STAT2","SIDM00544",-2.07008991312573
"STAT2","SIDM00549",-1.65263224340424
"STAT2","SIDM00550",-0.954681165086136
"STAT2","SIDM00551",-1.6466490962429
"STAT2","SIDM00553",-1.9424167635788
"STAT2","SIDM00561",-1.12498233319566
"STAT2","SIDM00562",-2.43656359019901
"STAT2","SIDM00565",3.95230351407397
"STAT2","SIDM00566",6.99398597279156
"STAT2","SIDM00569",1.00207193859637
"STAT2","SIDM00573",0.743890117622721
"STAT2","SIDM00574",0.182503505833203
"STAT2","SIDM00576",-0.517260163468044
"STAT2","SIDM00577",-1.9154666150373
"STAT2","SIDM00579",-1.34477744232135
"STAT2","SIDM00583",-1.14687787999808
"STAT2","SIDM00584",1.16229633016779
"STAT2","SIDM00591",0.953885900603581
"STAT2","SIDM00592",3.73646507803346
"STAT2","SIDM00596",-1.78458693536769
"STAT2","SIDM00599",-1.1421602983583
"STAT2","SIDM00600",0.169881104555596
"STAT2","SIDM00603",0.470625833529212
"STAT2","SIDM00604",1.00469159549081
"STAT2","SIDM00606",0.419393578675944
"STAT2","SIDM00612",-0.301603748152322
"STAT2","SIDM00619",-0.701222125085052
"STAT2","SIDM00620",0.0317798030044853
"STAT2","SIDM00621",-1.24873758234805
"STAT2","SIDM00622",1.11258073947644
"STAT2","SIDM00623",1.36343029337352
"STAT2","SIDM00627",-0.686011457966588
"STAT2","SIDM00631",-0.283402226487376
"STAT2","SIDM00632",2.22179064717244
"STAT2","SIDM00636",3.04876480695295
"STAT2","SIDM00638",-1.42244225959668
"STAT2","SIDM00648",1.42559366416428
"STAT2","SIDM00650",-1.77343347390082
"STAT2","SIDM00655",-1.077535613151
"STAT2","SIDM00659",2.01936710805797
"STAT2","SIDM00667",1.02372316113889
"STAT2","SIDM00668",0.120251564052802
"STAT2","SIDM00677",0.132036472410957
"STAT2","SIDM00679",1.33921289371559
"STAT2","SIDM00680",0.249313712554636
"STAT2","SIDM00688",2.44203644523319
"STAT2","SIDM00690",2.67424837536728
"STAT2","SIDM00699",-1.29061604349473
"STAT2","SIDM00700",0.602394038443597
"STAT2","SIDM00719",-1.20041663518682
"STAT2","SIDM00721",-1.50246242386918
"STAT2","SIDM00732",0.996513551362048
"STAT2","SIDM00737",-1.43582091838033
"STAT2","SIDM00758",3.5032276419046
"STAT2","SIDM00767",-1.12936099568507
"STAT2","SIDM00770",-1.27462692986811
"STAT2","SIDM00781",0.104750977867094
"STAT2","SIDM00783",-0.758580735985173
"STAT2","SIDM00789",-0.172799815667168
"STAT2","SIDM00792",-1.01278335347036
"STAT2","SIDM00793",-0.943133346295573
"STAT2","SIDM00794",0.268833926458656
"STAT2","SIDM00808",0.516643199352814
"STAT2","SIDM00810",-1.33837484570812
"STAT2","SIDM00813",4.97886434016299
"STAT2","SIDM00814",-0.572994120942453
"STAT2","SIDM00815",2.32411195397774
"STAT2","SIDM00816",1.09800729695751
"STAT2","SIDM00817",0.718079604885485
"STAT2","SIDM00818",1.89367428850013
"STAT2","SIDM00819",0.736854702188902
"STAT2","SIDM00820",3.60629162951001
"STAT2","SIDM00821",2.81355073825266
"STAT2","SIDM00826",0.551176018195217
"STAT2","SIDM00832",-0.420520851855804
"STAT2","SIDM00833",6.01548563444577
"STAT2","SIDM00834",-0.646662602365818
"STAT2","SIDM00835",4.07720017161593
"STAT2","SIDM00836",-0.807648503867318
"STAT2","SIDM00837",0.00833129209175523
"STAT2","SIDM00841",-0.390767233655556
"STAT2","SIDM00842",-0.134739663907673
"STAT2","SIDM00846",-1.75038915372734
"STAT2","SIDM00859",-1.04932597154239
"STAT2","SIDM00863",2.83912050372756
"STAT2","SIDM00864",0.44140035850353
"STAT2","SIDM00875",1.5303023185036
"STAT2","SIDM00885",7.44447820713648
"STAT2","SIDM00889",-1.54893180850876
"STAT2","SIDM00895",1.20551715431004
"STAT2","SIDM00896",1.39020555314673
"STAT2","SIDM00900",1.95915105152799
"STAT2","SIDM00905",4.3480203754603
"STAT2","SIDM00915",-1.37119312964372
"STAT2","SIDM00917",5.63680999441858
"STAT2","SIDM00923",-1.03657212544781
"STAT2","SIDM00927",-1.6850958245953
"STAT2","SIDM00929",0.783320359133604
"STAT2","SIDM00930",0.369821364767212
"STAT2","SIDM00935",5.14541136106472
"STAT2","SIDM00946",-0.999801621555442
"STAT2","SIDM00948",-0.545515142029271
"STAT2","SIDM00951",-1.54167111336742
"STAT2","SIDM00952",4.3568887880938
"STAT2","SIDM00953",-0.357904896886369
"STAT2","SIDM00954",-1.05998173475821
"STAT2","SIDM00958",-0.517790169143797
"STAT2","SIDM00960",2.34634515640493
"STAT2","SIDM00962",-0.642751493471751
"STAT2","SIDM00964",12.4549375038389
"STAT2","SIDM00966",1.10350287211359
"STAT2","SIDM00967",-0.59044889301151
"STAT2","SIDM00968",0.668064703614247
"STAT2","SIDM00969",1.92186350445523
"STAT2","SIDM00970",-0.94891454215734
"STAT2","SIDM00971",-0.422568910639159
"STAT2","SIDM00973",-1.16881702847018
"STAT2","SIDM00974",0.279468454563193
"STAT2","SIDM00975",-0.919838494209199
"STAT2","SIDM00976",3.1868831696418
"STAT2","SIDM00984",2.06890778267766
"STAT2","SIDM00995",-0.00312416913309017
"STAT2","SIDM01006",-0.610742909237774
"STAT2","SIDM01007",-1.94956785246747
"STAT2","SIDM01011",0.0730889231671648
"STAT2","SIDM01017",-1.08689387604154
"STAT2","SIDM01019",3.25829573053039
"STAT2","SIDM01039",-1.28473155461707
"STAT2","SIDM01041",1.46214988202282
"STAT2","SIDM01042",-1.36610994031785
"STAT2","SIDM01047",-1.37038222496471
"STAT2","SIDM01050",4.82430773980755
"STAT2","SIDM01061",4.05244176352376
"STAT2","SIDM01064",1.13828817237497
"STAT2","SIDM01073",1.8406333106752
"STAT2","SIDM01090",0.829773685771896
"STAT2","SIDM01092",1.59244436500517
"STAT2","SIDM01093",-1.17861460133092
"STAT2","SIDM01095",1.03799438475809
"STAT2","SIDM01097",-1.42838253134214
"STAT2","SIDM01098",-1.61165970167194
"STAT2","SIDM01102",1.6942791747504
"STAT2","SIDM01114",0.687173248767403
"STAT2","SIDM01117",-2.12494568329921
"STAT2","SIDM01118",-1.51274497279936
"STAT2","SIDM01120",-1.48011388013792
"STAT2","SIDM01122",-0.922385880787536
"STAT2","SIDM01126",-1.48477210898845
"STAT2","SIDM01132",0.672555926393941
"STAT2","SIDM01133",-1.88421360285274
"STAT2","SIDM01140",-1.03712704120158
"STAT2","SIDM01145",-0.34979927621004
"STAT2","SIDM01146",-0.78766693103227
"STAT2","SIDM01149",-1.71777730440187
"STAT2","SIDM01155",1.25174806898165
"STAT2","SIDM01157",2.69981237739137
"STAT2","SIDM01159",-0.980871705838789
"STAT2","SIDM01160",1.3000820977163
"STAT2","SIDM01161",3.8623697203817
"STAT2","SIDM01162",0.629679360127973
"STAT2","SIDM01163",-0.740568265036632
"STAT2","SIDM01168",0.240891471521275
"STAT2","SIDM01173",-0.51079095656228
"STAT2","SIDM01174",0.630736651653289
"STAT2","SIDM01175",0.190873696675991
"STAT2","SIDM01177",-1.87577604775356
"STAT2","SIDM01178",2.23377020398723
"STAT2","SIDM01179",3.13528373452271
"STAT2","SIDM01183",-1.75592505320464
"STAT2","SIDM01185",2.3444120842547
"STAT2","SIDM01187",1.04977647182335
"STAT2","SIDM01197",0.434608050120601
"STAT2","SIDM01198",-1.06098305754907
"STAT2","SIDM01203",-1.66523082489784
"STAT2","SIDM01205",-1.1853278229105
"STAT2","SIDM01206",-1.89954267997629
"STAT2","SIDM01210",-0.721484662783091
"STAT2","SIDM01217",0.119976944970122
"STAT2","SIDM01218",-0.30655244106744
"STAT2","SIDM01220",-0.393357362524271
"STAT2","SIDM01228",-2.09154359731904
"STAT2","SIDM01229",-1.98190066732673
"STAT2","SIDM01233",1.55673993882922
"STAT2","SIDM01237",-0.22338921451098
"STAT2","SIDM01240",-1.62499792619469
"STAT2","SIDM01242",0.692054480767596
"STAT2","SIDM01245",-1.1573598691716
"STAT2","SIDM01246",-0.278540492206071
"STAT2","SIDM01247",-0.753017718306285
"STAT2","SIDM01248",-0.558360117258782
"STAT2","SIDM01251",-0.0180821891413284
"STAT2","SIDM01257",-0.860419183653937
"STAT2","SIDM01259",-1.0256238754369
"STAT2","SIDM01483",-2.75278145683923
"STAT3","SIDM00002",-1.86539172281026
"STAT3","SIDM00003",-0.427077394739579
"STAT3","SIDM00006",3.34796692375657
"STAT3","SIDM00007",2.08902747207017
"STAT3","SIDM00009",0.0309698095530713
"STAT3","SIDM00014",0.121544202767641
"STAT3","SIDM00018",-1.03128639073203
"STAT3","SIDM00023",0.122653433321491
"STAT3","SIDM00025",0.0172802223851279
"STAT3","SIDM00026",-2.32791923457184
"STAT3","SIDM00027",-1.76145757386629
"STAT3","SIDM00040",3.2941890539698
"STAT3","SIDM00041",0.383235691065269
"STAT3","SIDM00042",1.44220897220587
"STAT3","SIDM00043",5.73092799873212
"STAT3","SIDM00044",0.26643774016404
"STAT3","SIDM00045",-0.779355977480075
"STAT3","SIDM00047",0.49655771556409
"STAT3","SIDM00048",2.92252927294909
"STAT3","SIDM00049",0.749223541352332
"STAT3","SIDM00050",-0.029237154642169
"STAT3","SIDM00051",3.23784350120476
"STAT3","SIDM00052",0.47912571380488
"STAT3","SIDM00053",4.06083135909192
"STAT3","SIDM00054",1.56557225030707
"STAT3","SIDM00056",5.09155886670147
"STAT3","SIDM00057",-2.34106224906795
"STAT3","SIDM00064",-1.00997788992831
"STAT3","SIDM00068",0.0294137880859747
"STAT3","SIDM00070",0.806781764611587
"STAT3","SIDM00077",1.52254853828349
"STAT3","SIDM00082",-2.90547523283046
"STAT3","SIDM00086",4.98087940810445
"STAT3","SIDM00091",0.369139224895931
"STAT3","SIDM00094",1.91954513677694
"STAT3","SIDM00096",6.69836013010661
"STAT3","SIDM00098",0.139690443085253
"STAT3","SIDM00099",0.72429839913811
"STAT3","SIDM00100",1.16696071313302
"STAT3","SIDM00101",0.131517037782265
"STAT3","SIDM00102",0.545819270414166
"STAT3","SIDM00103",1.09617686126115
"STAT3","SIDM00104",1.31800020185514
"STAT3","SIDM00111",1.40349429291483
"STAT3","SIDM00112",1.014947137664
"STAT3","SIDM00113",1.98409414508831
"STAT3","SIDM00114",-0.13997802218472
"STAT3","SIDM00115",1.32366624793991
"STAT3","SIDM00118",-0.917547159674037
"STAT3","SIDM00120",1.97709740172965
"STAT3","SIDM00121",1.25535670413428
"STAT3","SIDM00126",-0.619758632332202
"STAT3","SIDM00127",-0.888017937459466
"STAT3","SIDM00128",3.90959935688381
"STAT3","SIDM00129",0.339794188686486
"STAT3","SIDM00136",-0.509765263525852
"STAT3","SIDM00137",2.7004016222847
"STAT3","SIDM00145",-1.01076702929655
"STAT3","SIDM00154",2.29726224671761
"STAT3","SIDM00155",1.17755019406942
"STAT3","SIDM00156",-3.17355142758048
"STAT3","SIDM00157",-1.61512024036029
"STAT3","SIDM00172",3.19580675088945
"STAT3","SIDM00174",6.22322832437582
"STAT3","SIDM00175",-1.12378995240292
"STAT3","SIDM00176",2.50150899358974
"STAT3","SIDM00179",-1.02105859523819
"STAT3","SIDM00180",0.766106266466542
"STAT3","SIDM00181",2.06117621124269
"STAT3","SIDM00182",3.08902266103522
"STAT3","SIDM00183",-0.313704080604
"STAT3","SIDM00184",-1.49996741461984
"STAT3","SIDM00185",-1.63321600833578
"STAT3","SIDM00186",1.91720642799356
"STAT3","SIDM00187",4.47529661807355
"STAT3","SIDM00188",3.19145754301124
"STAT3","SIDM00189",0.230986575093809
"STAT3","SIDM00190",-0.837972761749534
"STAT3","SIDM00191",1.02801315572988
"STAT3","SIDM00193",1.04766571757585
"STAT3","SIDM00195",0.351305390051486
"STAT3","SIDM00196",-1.61691425156644
"STAT3","SIDM00197",-2.46533707643182
"STAT3","SIDM00198",-0.267284602062942
"STAT3","SIDM00199",2.731709536037
"STAT3","SIDM00200",-3.33789147658133
"STAT3","SIDM00201",-0.436683798136373
"STAT3","SIDM00202",-0.994035161646958
"STAT3","SIDM00203",-2.1831949660451
"STAT3","SIDM00206",0.868083708590876
"STAT3","SIDM00207",1.18885931526465
"STAT3","SIDM00208",-0.758447414798106
"STAT3","SIDM00209",1.33703603314314
"STAT3","SIDM00211",1.51753190212986
"STAT3","SIDM00214",1.06211817753497
"STAT3","SIDM00215",-0.472301996726183
"STAT3","SIDM00216",-1.26214855520328
"STAT3","SIDM00218",2.08702684512719
"STAT3","SIDM00223",-2.42829551674892
"STAT3","SIDM00224",0.0626979154570672
"STAT3","SIDM00225",2.06057468743101
"STAT3","SIDM00227",-0.34851022053479
"STAT3","SIDM00230",-1.69081695583627
"STAT3","SIDM00231",4.20341652329997
"STAT3","SIDM00232",1.89704735584175
"STAT3","SIDM00233",1.94592091903685
"STAT3","SIDM00234",-1.6912859113723
"STAT3","SIDM00240",2.57445628781585
"STAT3","SIDM00241",-1.85687295026864
"STAT3","SIDM00242",-0.206557250561675
"STAT3","SIDM00243",0.970333447017598
"STAT3","SIDM00244",-1.03818263294484
"STAT3","SIDM00245",0.0153124585830696
"STAT3","SIDM00251",0.638091995519953
"STAT3","SIDM00252",1.5810416962094
"STAT3","SIDM00253",-1.79145770941867
"STAT3","SIDM00254",-1.17302175490851
"STAT3","SIDM00255",-2.59232696410866
"STAT3","SIDM00256",-1.49286869849867
"STAT3","SIDM00257",-2.98206811359076
"STAT3","SIDM00258",-3.06299772904379
"STAT3","SIDM00259",-2.08079882053324
"STAT3","SIDM00260",-0.423963069654203
"STAT3","SIDM00261",-0.849423555615266
"STAT3","SIDM00262",1.09633517238641
"STAT3","SIDM00263",-3.88707771479342
"STAT3","SIDM00264",-0.42621797864851
"STAT3","SIDM00265",-1.85742231183101
"STAT3","SIDM00266",-0.405344981115349
"STAT3","SIDM00267",-1.34280886647458
"STAT3","SIDM00269",0.0615644836723365
"STAT3","SIDM00270",2.01454029862025
"STAT3","SIDM00274",-0.600583820171238
"STAT3","SIDM00276",1.53183381512728
"STAT3","SIDM00277",0.799152468083697
"STAT3","SIDM00281",2.11456696960547
"STAT3","SIDM00283",1.47243957542118
"STAT3","SIDM00285",-2.71233781857243
"STAT3","SIDM00287",-2.04372911708661
"STAT3","SIDM00289",1.37100020575954
"STAT3","SIDM00291",0.426668736178776
"STAT3","SIDM00292",-4.07741946083761
"STAT3","SIDM00293",-2.01871984437172
"STAT3","SIDM00294",-1.90588422355687
"STAT3","SIDM00296",-3.08107772794343
"STAT3","SIDM00297",1.55418237545169
"STAT3","SIDM00299",1.62990656462995
"STAT3","SIDM00300",0.641035017663115
"STAT3","SIDM00302",1.93300320487386
"STAT3","SIDM00304",-1.41576745974987
"STAT3","SIDM00308",-0.549231491007736
"STAT3","SIDM00309",2.30630727728729
"STAT3","SIDM00310",2.86837097666578
"STAT3","SIDM00311",4.88914243866023
"STAT3","SIDM00316",4.92424397520283
"STAT3","SIDM00317",1.8800084952033
"STAT3","SIDM00319",0.913418898733967
"STAT3","SIDM00320",-2.84795130801729
"STAT3","SIDM00323",-0.265217447761347
"STAT3","SIDM00324",-1.90357323666966
"STAT3","SIDM00326",-0.113928847962542
"STAT3","SIDM00328",1.78256124921417
"STAT3","SIDM00330",-1.80275400389661
"STAT3","SIDM00332",-1.43851855705396
"STAT3","SIDM00343",4.85679385674253
"STAT3","SIDM00346",0.289086183364276
"STAT3","SIDM00349",2.86379017713609
"STAT3","SIDM00350",0.438513194156971
"STAT3","SIDM00351",3.31531764663383
"STAT3","SIDM00362",-1.64779855297203
"STAT3","SIDM00364",-0.884347312281112
"STAT3","SIDM00365",-2.47163737415791
"STAT3","SIDM00367",-0.0895661311775912
"STAT3","SIDM00371",2.73771216097479
"STAT3","SIDM00374",2.417489054784
"STAT3","SIDM00375",2.8513958690884
"STAT3","SIDM00377",2.11807423162487
"STAT3","SIDM00379",2.97815685375594
"STAT3","SIDM00381",3.40704244697696
"STAT3","SIDM00383",-1.21057175539658
"STAT3","SIDM00384",4.31219454190021
"STAT3","SIDM00388",-2.41742182461801
"STAT3","SIDM00389",1.48380385391242
"STAT3","SIDM00393",2.52878644476356
"STAT3","SIDM00394",8.17027024161815
"STAT3","SIDM00397",-0.0355666579329322
"STAT3","SIDM00399",0.366563521045907
"STAT3","SIDM00400",0.227019316464646
"STAT3","SIDM00401",-0.0510994970719074
"STAT3","SIDM00404",-0.607474513473566
"STAT3","SIDM00406",1.4256679675857
"STAT3","SIDM00407",-1.56646994644483
"STAT3","SIDM00410",2.93775943139369
"STAT3","SIDM00411",2.67640903833886
"STAT3","SIDM00412",-0.327329536955365
"STAT3","SIDM00413",-0.536167895710154
"STAT3","SIDM00414",4.04461549196266
"STAT3","SIDM00415",-1.06174149456269
"STAT3","SIDM00416",-1.89054959797544
"STAT3","SIDM00417",0.00628921550753149
"STAT3","SIDM00418",1.83363228488313
"STAT3","SIDM00420",1.86266243505974
"STAT3","SIDM00422",1.73856634122239
"STAT3","SIDM00424",-0.507282562778023
"STAT3","SIDM00427",-0.79073476468357
"STAT3","SIDM00438",1.07451542231184
"STAT3","SIDM00441",0.510396807819921
"STAT3","SIDM00444",0.044599343302107
"STAT3","SIDM00445",1.10254104376848
"STAT3","SIDM00448",-1.18460352933343
"STAT3","SIDM00459",-1.06477869156439
"STAT3","SIDM00465",2.30736177151255
"STAT3","SIDM00466",-1.32181524857678
"STAT3","SIDM00467",0.445992263170218
"STAT3","SIDM00472",1.12078708082716
"STAT3","SIDM00476",0.935140329150874
"STAT3","SIDM00482",-1.4048322644615
"STAT3","SIDM00483",1.51934393284533
"STAT3","SIDM00487",-0.545747378546723
"STAT3","SIDM00488",3.64712245847658
"STAT3","SIDM00489",0.0556681180958101
"STAT3","SIDM00490",0.273094862885039
"STAT3","SIDM00491",4.49485780006997
"STAT3","SIDM00496",-0.543180594532201
"STAT3","SIDM00498",3.16541923950069
"STAT3","SIDM00501",0.929261323603344
"STAT3","SIDM00504",-1.3786216531505
"STAT3","SIDM00507",-3.13524361044909
"STAT3","SIDM00508",-1.06416371274923
"STAT3","SIDM00510",-1.98607559219813
"STAT3","SIDM00516",0.578580595013532
"STAT3","SIDM00517",-0.244746222199559
"STAT3","SIDM00518",-0.908859965955705
"STAT3","SIDM00519",3.69657978802843
"STAT3","SIDM00520",3.57519291947102
"STAT3","SIDM00527",1.23309410333005
"STAT3","SIDM00528",1.22715516066688
"STAT3","SIDM00530",-0.132644475166142
"STAT3","SIDM00532",1.84044932071699
"STAT3","SIDM00534",0.0655910410699928
"STAT3","SIDM00535",-2.30979269408593
"STAT3","SIDM00537",-2.76221794768656
"STAT3","SIDM00538",3.18545372702767
"STAT3","SIDM00539",0.551832592565088
"STAT3","SIDM00540",1.91420618765077
"STAT3","SIDM00541",-1.09853426703385
"STAT3","SIDM00542",3.55626894349958
"STAT3","SIDM00543",0.192723690370023
"STAT3","SIDM00544",-1.34609204216862
"STAT3","SIDM00549",-1.80059907094117
"STAT3","SIDM00550",0.409005928354335
"STAT3","SIDM00551",-1.9683540012999
"STAT3","SIDM00553",1.04403179963112
"STAT3","SIDM00561",0.0556173867632243
"STAT3","SIDM00562",-0.427169964838577
"STAT3","SIDM00565",4.12132207469857
"STAT3","SIDM00566",6.00013484273319
"STAT3","SIDM00569",-0.892969218614394
"STAT3","SIDM00573",2.70018696256718
"STAT3","SIDM00574",0.0324212872061291
"STAT3","SIDM00576",2.05772391803241
"STAT3","SIDM00577",-0.519678073317843
"STAT3","SIDM00579",0.00238392551412719
"STAT3","SIDM00583",1.71058828437904
"STAT3","SIDM00584",7.58096662433099
"STAT3","SIDM00591",2.87750267417489
"STAT3","SIDM00592",4.63569341518819
"STAT3","SIDM00596",-1.73950235250796
"STAT3","SIDM00599",-0.315220750158497
"STAT3","SIDM00600",0.121295424424045
"STAT3","SIDM00603",-0.854172539710402
"STAT3","SIDM00604",1.06250051837206
"STAT3","SIDM00606",6.70343467298416
"STAT3","SIDM00612",4.89087750044942
"STAT3","SIDM00619",-1.42033411959709
"STAT3","SIDM00620",-0.381483263976514
"STAT3","SIDM00621",-0.591447394477124
"STAT3","SIDM00622",2.41113579030507
"STAT3","SIDM00623",4.19121610912982
"STAT3","SIDM00627",1.80878843443577
"STAT3","SIDM00631",1.62297109929971
"STAT3","SIDM00632",2.13661611619686
"STAT3","SIDM00636",0.515784708270589
"STAT3","SIDM00638",3.81441291065475
"STAT3","SIDM00648",-0.388833129348124
"STAT3","SIDM00650",-1.7883333163245
"STAT3","SIDM00655",-0.748789300258033
"STAT3","SIDM00659",2.18123928878992
"STAT3","SIDM00667",2.33845510004369
"STAT3","SIDM00668",-2.76925708340122
"STAT3","SIDM00677",-2.55335643591572
"STAT3","SIDM00679",5.38211750864387
"STAT3","SIDM00680",-1.35391266130915
"STAT3","SIDM00688",3.32083783097006
"STAT3","SIDM00690",6.16715627068543
"STAT3","SIDM00699",-2.41417294618498
"STAT3","SIDM00700",0.270022663637595
"STAT3","SIDM00719",-2.40004615122879
"STAT3","SIDM00721",-1.504606992887
"STAT3","SIDM00732",-1.17594276996133
"STAT3","SIDM00737",-2.04139102101281
"STAT3","SIDM00758",1.4622775692265
"STAT3","SIDM00767",0.378382180182954
"STAT3","SIDM00770",-2.27682018763386
"STAT3","SIDM00781",-2.09540995551154
"STAT3","SIDM00783",-0.00189934793393496
"STAT3","SIDM00789",-0.511602070451136
"STAT3","SIDM00792",-0.614292231029261
"STAT3","SIDM00793",-3.86097647931343
"STAT3","SIDM00794",1.00775978926446
"STAT3","SIDM00808",-0.701111495114382
"STAT3","SIDM00810",-0.424313770662714
"STAT3","SIDM00813",-0.308581561956058
"STAT3","SIDM00814",-2.899706203958
"STAT3","SIDM00815",2.2014768537937
"STAT3","SIDM00816",2.74710878146727
"STAT3","SIDM00817",2.6964242592286
"STAT3","SIDM00818",1.5791820756401
"STAT3","SIDM00819",2.41220957293503
"STAT3","SIDM00820",2.76460480278449
"STAT3","SIDM00821",0.891005754344801
"STAT3","SIDM00826",-0.900149919373957
"STAT3","SIDM00832",-1.51152027046023
"STAT3","SIDM00833",-0.50965631463962
"STAT3","SIDM00834",-2.05199016401503
"STAT3","SIDM00835",1.26210814766808
"STAT3","SIDM00836",-0.964091352784925
"STAT3","SIDM00837",0.120680640935085
"STAT3","SIDM00841",-2.65968554096758
"STAT3","SIDM00842",-0.161050832766084
"STAT3","SIDM00846",0.924458075768316
"STAT3","SIDM00859",0.414142482385398
"STAT3","SIDM00863",-2.81359296701741
"STAT3","SIDM00864",0.375219042277903
"STAT3","SIDM00875",1.55484421633362
"STAT3","SIDM00885",2.58756514813447
"STAT3","SIDM00889",-0.871646824511812
"STAT3","SIDM00895",-0.475461904249192
"STAT3","SIDM00896",0.918918908143188
"STAT3","SIDM00900",-0.484957425675649
"STAT3","SIDM00905",4.80036836865265
"STAT3","SIDM00915",-2.91378851603922
"STAT3","SIDM00917",-0.750787572073171
"STAT3","SIDM00923",3.14436601093091
"STAT3","SIDM00927",-3.30160750030933
"STAT3","SIDM00929",3.5135099417423
"STAT3","SIDM00930",2.54272044833501
"STAT3","SIDM00935",3.45345852596684
"STAT3","SIDM00946",4.00785988418625
"STAT3","SIDM00948",-0.269400636601691
"STAT3","SIDM00951",-0.96233487950825
"STAT3","SIDM00952",1.63113176569993
"STAT3","SIDM00953",-1.98182226950522
"STAT3","SIDM00954",-0.115242378908482
"STAT3","SIDM00958",2.59298504774483
"STAT3","SIDM00960",1.26061372318796
"STAT3","SIDM00962",1.47035947715781
"STAT3","SIDM00964",1.71025619220285
"STAT3","SIDM00966",2.70349818449603
"STAT3","SIDM00967",2.34375233336461
"STAT3","SIDM00968",3.11471563688208
"STAT3","SIDM00969",1.77938941497098
"STAT3","SIDM00970",1.15604866089631
"STAT3","SIDM00971",1.80625395084346
"STAT3","SIDM00973",2.57606340319343
"STAT3","SIDM00974",-0.676091513557119
"STAT3","SIDM00975",-0.707563987385308
"STAT3","SIDM00976",4.99172840103538
"STAT3","SIDM00984",0.0402029364882749
"STAT3","SIDM00995",3.26439402093619
"STAT3","SIDM01006",-1.83763961345929
"STAT3","SIDM01007",0.141256555605046
"STAT3","SIDM01011",-0.68806278293807
"STAT3","SIDM01017",0.109257815415507
"STAT3","SIDM01019",-0.11161651143805
"STAT3","SIDM01039",-0.522196023830655
"STAT3","SIDM01041",2.64763018083617
"STAT3","SIDM01042",-1.37442760967667
"STAT3","SIDM01047",0.800403924674478
"STAT3","SIDM01050",1.19524901074892
"STAT3","SIDM01061",0.95100295899144
"STAT3","SIDM01064",4.0314675132558
"STAT3","SIDM01073",-0.369701472345899
"STAT3","SIDM01090",0.393612839509249
"STAT3","SIDM01092",-0.466144856010031
"STAT3","SIDM01093",3.45429127788511
"STAT3","SIDM01095",-0.304965352583782
"STAT3","SIDM01097",0.242789002210644
"STAT3","SIDM01098",0.879074748767731
"STAT3","SIDM01102",-1.79231878701793
"STAT3","SIDM01114",2.4931183776734
"STAT3","SIDM01117",-2.31698182846663
"STAT3","SIDM01118",-2.91128012097495
"STAT3","SIDM01120",-3.78777678213052
"STAT3","SIDM01122",-0.652148877528402
"STAT3","SIDM01126",-3.27264533279061
"STAT3","SIDM01132",2.06603021246836
"STAT3","SIDM01133",-3.31553181903398
"STAT3","SIDM01140",1.93382967936424
"STAT3","SIDM01145",-1.68010874820825
"STAT3","SIDM01146",-1.86572519599461
"STAT3","SIDM01149",-1.65747665196953
"STAT3","SIDM01155",3.62715096338157
"STAT3","SIDM01157",3.73712912594292
"STAT3","SIDM01159",-0.937933653200735
"STAT3","SIDM01160",0.800136612540175
"STAT3","SIDM01161",4.34607186551507
"STAT3","SIDM01162",0.988970880108817
"STAT3","SIDM01163",-0.745250419400729
"STAT3","SIDM01168",-0.119319978808939
"STAT3","SIDM01173",2.05922082325466
"STAT3","SIDM01174",5.63998660007972
"STAT3","SIDM01175",-0.0836635931765101
"STAT3","SIDM01177",0.0585125160545692
"STAT3","SIDM01178",3.15915853343995
"STAT3","SIDM01179",0.782961150764967
"STAT3","SIDM01183",-2.52232184061778
"STAT3","SIDM01185",-0.282468775619232
"STAT3","SIDM01187",1.52700296461446
"STAT3","SIDM01197",-1.48987322539093
"STAT3","SIDM01198",-3.36816320674293
"STAT3","SIDM01203",0.42956741097064
"STAT3","SIDM01205",-1.10823449081447
"STAT3","SIDM01206",-2.84865900368315
"STAT3","SIDM01210",-0.574663424962997
"STAT3","SIDM01217",-0.325727666986023
"STAT3","SIDM01218",-0.641321275756853
"STAT3","SIDM01220",3.26966691474821
"STAT3","SIDM01228",-0.7779861308083
"STAT3","SIDM01229",-2.75061690341928
"STAT3","SIDM01233",1.33536703449387
"STAT3","SIDM01237",5.96415518521167
"STAT3","SIDM01240",1.60015273804461
"STAT3","SIDM01242",-1.43416949352994
"STAT3","SIDM01245",2.21122402482149
"STAT3","SIDM01246",-0.925778038153289
"STAT3","SIDM01247",-1.51717982574872
"STAT3","SIDM01248",0.691251831091002
"STAT3","SIDM01251",2.11847046141403
"STAT3","SIDM01257",1.88650809256368
"STAT3","SIDM01259",-2.33774772297027
"STAT3","SIDM01483",-0.38474671412099
"STAT4","SIDM00002",-0.884604900080114
"STAT4","SIDM00003",-0.298422335503056
"STAT4","SIDM00006",-0.935379878143056
"STAT4","SIDM00007",-1.94854162030162
"STAT4","SIDM00009",1.08938563750278
"STAT4","SIDM00014",-0.750862859353304
"STAT4","SIDM00018",0.192924254599529
"STAT4","SIDM00023",-1.71154694665668
"STAT4","SIDM00025",-0.944010652815383
"STAT4","SIDM00026",-0.424592126010505
"STAT4","SIDM00027",0.22324064856731
"STAT4","SIDM00040",-0.696753669582023
"STAT4","SIDM00041",-1.62892312458536
"STAT4","SIDM00042",-0.942983885152534
"STAT4","SIDM00043",-1.55161593328515
"STAT4","SIDM00044",-1.29295642338776
"STAT4","SIDM00045",-0.468843118340354
"STAT4","SIDM00047",-1.61302056831466
"STAT4","SIDM00048",-0.258249322072196
"STAT4","SIDM00049",1.82064656404297
"STAT4","SIDM00050",-1.58283108556286
"STAT4","SIDM00051",-1.46248809390858
"STAT4","SIDM00052",-1.79537037063631
"STAT4","SIDM00053",-0.91969304468503
"STAT4","SIDM00054",-1.90739281997879
"STAT4","SIDM00056",-0.396366737678554
"STAT4","SIDM00057",-0.532101304624647
"STAT4","SIDM00064",-2.11466350533983
"STAT4","SIDM00068",2.97837134993043
"STAT4","SIDM00070",2.63264201497433
"STAT4","SIDM00077",-1.73941578698211
"STAT4","SIDM00082",-1.30723459026843
"STAT4","SIDM00086",-1.03780974196901
"STAT4","SIDM00091",-0.701748691708489
"STAT4","SIDM00094",-1.8510389536401
"STAT4","SIDM00096",2.91778609630322
"STAT4","SIDM00098",-1.22153312606945
"STAT4","SIDM00099",-1.02602744839976
"STAT4","SIDM00100",-1.00900205666725
"STAT4","SIDM00101",-1.08312332438501
"STAT4","SIDM00102",-1.13332952395226
"STAT4","SIDM00103",-0.877278871865755
"STAT4","SIDM00104",-0.997036778948008
"STAT4","SIDM00111",-1.40409903969235
"STAT4","SIDM00112",-1.3695694659648
"STAT4","SIDM00113",-1.2575128103671
"STAT4","SIDM00114",-0.129330024446959
"STAT4","SIDM00115",-0.713062496791762
"STAT4","SIDM00118",-1.36098620537598
"STAT4","SIDM00120",-1.30850015047543
"STAT4","SIDM00121",1.4559657847448
"STAT4","SIDM00126",-1.23169909753514
"STAT4","SIDM00127",-1.05872172698028
"STAT4","SIDM00128",-1.42330471748714
"STAT4","SIDM00129",0.257789281343063
"STAT4","SIDM00136",-0.095157277021691
"STAT4","SIDM00137",-1.13431772089523
"STAT4","SIDM00145",1.10422771284159
"STAT4","SIDM00154",-0.260666877297269
"STAT4","SIDM00155",-1.19741664810586
"STAT4","SIDM00156",-1.19412009573306
"STAT4","SIDM00157",-1.32057204779557
"STAT4","SIDM00172",-1.5071147413649
"STAT4","SIDM00174",-1.29533455183468
"STAT4","SIDM00175",-1.05498547711644
"STAT4","SIDM00176",-1.3347715301129
"STAT4","SIDM00179",-1.11072077166458
"STAT4","SIDM00180",-1.30405215574794
"STAT4","SIDM00181",-1.52011796538278
"STAT4","SIDM00182",-0.897161600800716
"STAT4","SIDM00183",-1.4513291574717
"STAT4","SIDM00184",-1.372581582713
"STAT4","SIDM00185",-1.33228713823414
"STAT4","SIDM00186",-1.21112283463005
"STAT4","SIDM00187",-1.36533798178
"STAT4","SIDM00188",-1.3701516884238
"STAT4","SIDM00189",-2.09396340106944
"STAT4","SIDM00190",-0.332582742713264
"STAT4","SIDM00191",-1.59879098413618
"STAT4","SIDM00193",-0.255074079549444
"STAT4","SIDM00195",0.0145692836107509
"STAT4","SIDM00196",-1.32566171372544
"STAT4","SIDM00197",-1.32758065912089
"STAT4","SIDM00198",-0.0691046919914805
"STAT4","SIDM00199",-1.31203872208454
"STAT4","SIDM00200",-0.064557421508789
"STAT4","SIDM00201",-0.869553163520149
"STAT4","SIDM00202",-0.963119667171579
"STAT4","SIDM00203",-0.518350175817589
"STAT4","SIDM00206",-0.892365387162201
"STAT4","SIDM00207",-1.74845683440151
"STAT4","SIDM00208",-1.12718734566532
"STAT4","SIDM00209",-2.08275961780261
"STAT4","SIDM00211",0.371769366687361
"STAT4","SIDM00214",-0.358121122443395
"STAT4","SIDM00215",-0.18468615106871
"STAT4","SIDM00216",-0.809448479409503
"STAT4","SIDM00218",-0.516707503266003
"STAT4","SIDM00223",-1.68667911472331
"STAT4","SIDM00224",-0.721235974075739
"STAT4","SIDM00225",-1.15811633189933
"STAT4","SIDM00227",-0.404361995621677
"STAT4","SIDM00230",-0.937856149792287
"STAT4","SIDM00231",-1.00298853334734
"STAT4","SIDM00232",-1.34057219831912
"STAT4","SIDM00233",3.02312872653772
"STAT4","SIDM00234",-0.787431182899519
"STAT4","SIDM00240",-1.39751802763629
"STAT4","SIDM00241",-1.0850400914599
"STAT4","SIDM00242",-1.01986296329529
"STAT4","SIDM00243",-1.23158405383644
"STAT4","SIDM00244",-0.558802314871836
"STAT4","SIDM00245",-0.198650515378775
"STAT4","SIDM00251",-0.0497006051528253
"STAT4","SIDM00252",-1.97145800353186
"STAT4","SIDM00253",-1.35665328742197
"STAT4","SIDM00254",-1.26392683341317
"STAT4","SIDM00255",-1.34104041775461
"STAT4","SIDM00256",-1.58312758474927
"STAT4","SIDM00257",-1.9139654430735
"STAT4","SIDM00258",-0.628174352592201
"STAT4","SIDM00259",-1.36661204050161
"STAT4","SIDM00260",-1.04391407169014
"STAT4","SIDM00261",-0.823650185842771
"STAT4","SIDM00262",-1.1119172755965
"STAT4","SIDM00263",-1.38060291389541
"STAT4","SIDM00264",-0.110444965994496
"STAT4","SIDM00265",-0.104395812152221
"STAT4","SIDM00266",-1.34692320486464
"STAT4","SIDM00267",-1.53865709807682
"STAT4","SIDM00269",0.0891281355112034
"STAT4","SIDM00270",-1.44695560065346
"STAT4","SIDM00274",-0.793160798467107
"STAT4","SIDM00276",-1.22775663398864
"STAT4","SIDM00277",1.77730496037127
"STAT4","SIDM00281",-1.48402071862085
"STAT4","SIDM00283",0.242538788221536
"STAT4","SIDM00285",-1.38164049511565
"STAT4","SIDM00287",-0.711316306498421
"STAT4","SIDM00289",1.62092446075386
"STAT4","SIDM00291",-0.101821649417269
"STAT4","SIDM00292",-1.56850378137878
"STAT4","SIDM00293",1.23333593909568
"STAT4","SIDM00294",-1.17249378979276
"STAT4","SIDM00296",-1.15221403464707
"STAT4","SIDM00297",-1.02146841374833
"STAT4","SIDM00299",-1.61178721930948
"STAT4","SIDM00300",-1.39723566375049
"STAT4","SIDM00302",-0.9002659655964
"STAT4","SIDM00304",-1.95165446602729
"STAT4","SIDM00308",0.897261690598687
"STAT4","SIDM00309",-1.24077122947947
"STAT4","SIDM00310",-0.852997955611443
"STAT4","SIDM00311",-0.542106614207084
"STAT4","SIDM00316",-0.145723920280787
"STAT4","SIDM00317",-1.1011449685279
"STAT4","SIDM00319",0.263133488784794
"STAT4","SIDM00320",-1.70715684228351
"STAT4","SIDM00323",0.816633056436681
"STAT4","SIDM00324",-1.65679973208115
"STAT4","SIDM00326",-1.51079318392075
"STAT4","SIDM00328",-0.698826383043324
"STAT4","SIDM00330",-1.64205372461274
"STAT4","SIDM00332",-1.45946626746862
"STAT4","SIDM00343",-1.12494325032308
"STAT4","SIDM00346",1.95244065507952
"STAT4","SIDM00349",-0.414873517470926
"STAT4","SIDM00350",-0.970904708280896
"STAT4","SIDM00351",0.795808789556907
"STAT4","SIDM00362",-0.212496811002038
"STAT4","SIDM00364",1.61969058654537
"STAT4","SIDM00365",-1.2104614911981
"STAT4","SIDM00367",1.89981825292508
"STAT4","SIDM00371",-0.486220931097026
"STAT4","SIDM00374",-0.69545816213878
"STAT4","SIDM00375",-0.413578253069135
"STAT4","SIDM00377",-1.08139091822627
"STAT4","SIDM00379",-1.0989167448042
"STAT4","SIDM00381",-0.573612389584501
"STAT4","SIDM00383",-1.26250457473961
"STAT4","SIDM00384",-0.508882039841548
"STAT4","SIDM00388",-0.859266798481108
"STAT4","SIDM00389",-0.339728630497775
"STAT4","SIDM00393",0.57458711827642
"STAT4","SIDM00394",-1.02981091819336
"STAT4","SIDM00397",1.72537801598924
"STAT4","SIDM00399",-0.747039973920666
"STAT4","SIDM00400",-0.190668794804739
"STAT4","SIDM00401",-0.613776479089477
"STAT4","SIDM00404",-0.05895513077505
"STAT4","SIDM00406",-0.488141942815309
"STAT4","SIDM00407",-0.44667092345589
"STAT4","SIDM00410",8.01377257205765
"STAT4","SIDM00411",1.43657034006778
"STAT4","SIDM00412",3.26594691584124
"STAT4","SIDM00413",0.162974376075387
"STAT4","SIDM00414",-1.04569010363593
"STAT4","SIDM00415",-0.605180522652915
"STAT4","SIDM00416",-1.26884452460396
"STAT4","SIDM00417",2.71720143821794
"STAT4","SIDM00418",-1.11155462968726
"STAT4","SIDM00420",-0.963363083509031
"STAT4","SIDM00422",0.469761623991009
"STAT4","SIDM00424",1.38158929994954
"STAT4","SIDM00427",-1.23546852299566
"STAT4","SIDM00438",-0.0388779284271778
"STAT4","SIDM00441",-0.305620972313673
"STAT4","SIDM00444",-0.255789118842296
"STAT4","SIDM00445",-1.61727016962483
"STAT4","SIDM00448",0.445037829487466
"STAT4","SIDM00459",-0.808621713686339
"STAT4","SIDM00465",-1.16471294850146
"STAT4","SIDM00466",-0.622329359145443
"STAT4","SIDM00467",-0.112735748839936
"STAT4","SIDM00472",-0.858429072083664
"STAT4","SIDM00476",-1.15737835753013
"STAT4","SIDM00482",0.615559585251578
"STAT4","SIDM00483",-1.40843572736024
"STAT4","SIDM00487",-1.08353730688514
"STAT4","SIDM00488",-0.507954328942161
"STAT4","SIDM00489",-1.1805216207411
"STAT4","SIDM00490",-0.949366275240108
"STAT4","SIDM00491",-1.28099709236774
"STAT4","SIDM00496",-1.27825925648215
"STAT4","SIDM00498",-0.0984682159556683
"STAT4","SIDM00501",-0.417546671441029
"STAT4","SIDM00504",-1.81326108201631
"STAT4","SIDM00507",-0.946864486187992
"STAT4","SIDM00508",-1.04363695493929
"STAT4","SIDM00510",-1.70457019659753
"STAT4","SIDM00516",1.41587597903258
"STAT4","SIDM00517",-2.06230912441516
"STAT4","SIDM00518",-1.15259608366163
"STAT4","SIDM00519",-1.22882246767488
"STAT4","SIDM00520",-0.843342616398192
"STAT4","SIDM00527",-1.13283125767939
"STAT4","SIDM00528",-0.133397248607662
"STAT4","SIDM00530",-0.812543450370514
"STAT4","SIDM00532",-1.09410060724872
"STAT4","SIDM00534",-0.625102104331003
"STAT4","SIDM00535",-1.32780781382887
"STAT4","SIDM00537",-1.33318147587841
"STAT4","SIDM00538",0.512716250020896
"STAT4","SIDM00539",-0.799517798578702
"STAT4","SIDM00540",-1.23373091766477
"STAT4","SIDM00541",-0.402155973830877
"STAT4","SIDM00542",-0.368766407028087
"STAT4","SIDM00543",2.0931517849985
"STAT4","SIDM00544",-1.34606201729853
"STAT4","SIDM00549",0.792718203453222
"STAT4","SIDM00550",-1.61430611484336
"STAT4","SIDM00551",-1.77378343734451
"STAT4","SIDM00553",2.0031000963807
"STAT4","SIDM00561",0.447779349574749
"STAT4","SIDM00562",-0.742211442998288
"STAT4","SIDM00565",-0.744361082767881
"STAT4","SIDM00566",0.532300607630586
"STAT4","SIDM00569",-1.55959084208473
"STAT4","SIDM00573",-0.307561173582619
"STAT4","SIDM00574",-1.47778768464827
"STAT4","SIDM00576",1.00054472082866
"STAT4","SIDM00577",-1.75767760432113
"STAT4","SIDM00579",-1.27064386638497
"STAT4","SIDM00583",-2.08633906124474
"STAT4","SIDM00584",-1.05585279005237
"STAT4","SIDM00591",-1.46591654626865
"STAT4","SIDM00592",0.25246715429533
"STAT4","SIDM00596",-1.30299424107087
"STAT4","SIDM00599",-0.267795493006123
"STAT4","SIDM00600",-1.90580126396723
"STAT4","SIDM00603",-0.354361893122261
"STAT4","SIDM00604",-1.39734719072232
"STAT4","SIDM00606",-0.926064740067399
"STAT4","SIDM00612",-1.66294800341575
"STAT4","SIDM00619",-1.62502462536295
"STAT4","SIDM00620",-1.58155324292874
"STAT4","SIDM00621",-0.880317872410034
"STAT4","SIDM00622",-0.824855665753904
"STAT4","SIDM00623",8.05621641318643
"STAT4","SIDM00627",-0.831190618955645
"STAT4","SIDM00631",-0.84326295749463
"STAT4","SIDM00632",-0.379771751627511
"STAT4","SIDM00636",3.75995657425838
"STAT4","SIDM00638",-1.27957042380286
"STAT4","SIDM00648",2.35670080422138
"STAT4","SIDM00650",-1.37879431081117
"STAT4","SIDM00655",-1.22589586544782
"STAT4","SIDM00659",-1.26051724665855
"STAT4","SIDM00667",-1.38507367825209
"STAT4","SIDM00668",-0.557282246188964
"STAT4","SIDM00677",-0.20662573021025
"STAT4","SIDM00679",-0.84824067198763
"STAT4","SIDM00680",-0.56999868921649
"STAT4","SIDM00688",5.65308055793279
"STAT4","SIDM00690",-0.5526480231111
"STAT4","SIDM00699",-1.04201526400131
"STAT4","SIDM00700",0.875722953042168
"STAT4","SIDM00719",-1.76794051625094
"STAT4","SIDM00721",-1.66492098091363
"STAT4","SIDM00732",-1.43984559256863
"STAT4","SIDM00737",-1.45221702847682
"STAT4","SIDM00758",-1.3084151141187
"STAT4","SIDM00767",-1.54838997901933
"STAT4","SIDM00770",-0.42436901468221
"STAT4","SIDM00781",-0.206139768708697
"STAT4","SIDM00783",-0.935285695931773
"STAT4","SIDM00789",-1.17257846772351
"STAT4","SIDM00792",-1.41503839070227
"STAT4","SIDM00793",-1.33746139311957
"STAT4","SIDM00794",-1.18534228559724
"STAT4","SIDM00808",-0.711523427403528
"STAT4","SIDM00810",-1.07919753801983
"STAT4","SIDM00813",1.39133055555482
"STAT4","SIDM00814",-0.853669148964615
"STAT4","SIDM00815",-1.02217330491924
"STAT4","SIDM00816",-0.93097110904661
"STAT4","SIDM00817",-1.43431708793203
"STAT4","SIDM00818",-1.50324945209744
"STAT4","SIDM00819",-1.06453000117639
"STAT4","SIDM00820",-1.37364848085118
"STAT4","SIDM00821",-1.52861416223172
"STAT4","SIDM00826",-0.44223437790159
"STAT4","SIDM00832",-0.496114567623795
"STAT4","SIDM00833",-0.620373792781407
"STAT4","SIDM00834",0.67576578954989
"STAT4","SIDM00835",-0.192108405472069
"STAT4","SIDM00836",0.511060415761326
"STAT4","SIDM00837",-0.0620101386910873
"STAT4","SIDM00841",-0.041589944748377
"STAT4","SIDM00842",0.363193029994665
"STAT4","SIDM00846",-1.81161339885335
"STAT4","SIDM00859",0.31172669466612
"STAT4","SIDM00863",-1.21162547034841
"STAT4","SIDM00864",0.121220860042146
"STAT4","SIDM00875",-0.801343095216787
"STAT4","SIDM00885",-0.644526848571535
"STAT4","SIDM00889",-1.31838821873321
"STAT4","SIDM00895",3.13015519317495
"STAT4","SIDM00896",1.89090113564389
"STAT4","SIDM00900",0.024667723215013
"STAT4","SIDM00905",-1.28595462472091
"STAT4","SIDM00915",-1.47621585746093
"STAT4","SIDM00917",0.781754973309284
"STAT4","SIDM00923",-0.328571602656048
"STAT4","SIDM00927",-1.58693362989031
"STAT4","SIDM00929",-0.632570901593507
"STAT4","SIDM00930",-1.36074536470332
"STAT4","SIDM00935",-0.572583145226551
"STAT4","SIDM00946",1.88351049945751
"STAT4","SIDM00948",-0.282026697194129
"STAT4","SIDM00951",-0.093625504656388
"STAT4","SIDM00952",5.85111891970034
"STAT4","SIDM00953",-0.418446834013765
"STAT4","SIDM00954",0.484664292888554
"STAT4","SIDM00958",2.24781559883821
"STAT4","SIDM00960",1.79171945384294
"STAT4","SIDM00962",1.57357162484265
"STAT4","SIDM00964",-0.929861563048835
"STAT4","SIDM00966",-0.350743779390316
"STAT4","SIDM00967",-1.41160145227595
"STAT4","SIDM00968",-0.822442011604961
"STAT4","SIDM00969",0.0183686550859124
"STAT4","SIDM00970",-1.00201884010082
"STAT4","SIDM00971",-0.126073701475055
"STAT4","SIDM00973",-1.4017775210088
"STAT4","SIDM00974",-0.836323310556652
"STAT4","SIDM00975",-1.63500232311642
"STAT4","SIDM00976",-0.160496446189145
"STAT4","SIDM00984",1.53217302919774
"STAT4","SIDM00995",-1.33342744935743
"STAT4","SIDM01006",-0.157063601849673
"STAT4","SIDM01007",1.5680140229112
"STAT4","SIDM01011",-0.175949429633163
"STAT4","SIDM01017",-0.0350138489591195
"STAT4","SIDM01019",0.117157731591305
"STAT4","SIDM01039",-1.32448718545616
"STAT4","SIDM01041",-0.871332882226733
"STAT4","SIDM01042",-0.965546249230668
"STAT4","SIDM01047",3.50909407862185
"STAT4","SIDM01050",-0.352278035391022
"STAT4","SIDM01061",-0.716783794863505
"STAT4","SIDM01064",1.24541937773886
"STAT4","SIDM01073",0.464454242197423
"STAT4","SIDM01090",-0.637858013056001
"STAT4","SIDM01092",2.33882638749184
"STAT4","SIDM01093",-1.95885616929404
"STAT4","SIDM01095",-0.876942201055189
"STAT4","SIDM01097",0.695558056104463
"STAT4","SIDM01098",-2.19552635314724
"STAT4","SIDM01102",-0.64401430254466
"STAT4","SIDM01114",-0.380222394628886
"STAT4","SIDM01117",-1.28807021102018
"STAT4","SIDM01118",-1.19446310882109
"STAT4","SIDM01120",-1.78638362747387
"STAT4","SIDM01122",-0.610091967068849
"STAT4","SIDM01126",-1.62672242629833
"STAT4","SIDM01132",-1.19635773378268
"STAT4","SIDM01133",-1.73375029790703
"STAT4","SIDM01140",-0.552164153236064
"STAT4","SIDM01145",-0.863539238337524
"STAT4","SIDM01146",-0.150968490418824
"STAT4","SIDM01149",-0.480878509101702
"STAT4","SIDM01155",-1.26738335955429
"STAT4","SIDM01157",-0.944087783610021
"STAT4","SIDM01159",-1.50880961957716
"STAT4","SIDM01160",-0.354042790788491
"STAT4","SIDM01161",-0.576344345012968
"STAT4","SIDM01162",-0.602319189300815
"STAT4","SIDM01163",-0.685398337199894
"STAT4","SIDM01168",-0.236544332273256
"STAT4","SIDM01173",-0.517473944700752
"STAT4","SIDM01174",-1.6212968670748
"STAT4","SIDM01175",-0.313580671319515
"STAT4","SIDM01177",-0.772150507019509
"STAT4","SIDM01178",-1.37489466307311
"STAT4","SIDM01179",-1.53707392309288
"STAT4","SIDM01183",-1.38454162047955
"STAT4","SIDM01185",-1.0615200691781
"STAT4","SIDM01187",-0.917251048527689
"STAT4","SIDM01197",-0.841162009569399
"STAT4","SIDM01198",-0.33736412632026
"STAT4","SIDM01203",-1.26131334524713
"STAT4","SIDM01205",0.544385475293351
"STAT4","SIDM01206",-1.95458773914574
"STAT4","SIDM01210",-1.71852526096368
"STAT4","SIDM01217",2.21751546039378
"STAT4","SIDM01218",-0.89790889913323
"STAT4","SIDM01220",-1.66704287874283
"STAT4","SIDM01228",-1.51558367220953
"STAT4","SIDM01229",-1.53035128923292
"STAT4","SIDM01233",-0.224457847372361
"STAT4","SIDM01237",-0.67746292251776
"STAT4","SIDM01240",-0.720960117788996
"STAT4","SIDM01242",-1.06924601124674
"STAT4","SIDM01245",-0.122128634316267
"STAT4","SIDM01246",-0.0504478291241326
"STAT4","SIDM01247",-0.436746532216045
"STAT4","SIDM01248",-1.15647671010193
"STAT4","SIDM01251",0.062442058424005
"STAT4","SIDM01257",-0.793945898726604
"STAT4","SIDM01259",-0.93754661172694
"STAT4","SIDM01483",-0.479106688890829
"STAT6","SIDM00002",-2.02884792230296
"STAT6","SIDM00003",-2.90236209089911
"STAT6","SIDM00006",-1.6494450314678
"STAT6","SIDM00007",-2.36630600776668
"STAT6","SIDM00009",1.23623113834853
"STAT6","SIDM00014",-0.8882139649037
"STAT6","SIDM00018",-0.191076696554296
"STAT6","SIDM00023",-1.63904248051819
"STAT6","SIDM00025",0.031817151094652
"STAT6","SIDM00026",-2.44042851456085
"STAT6","SIDM00027",-3.22466672505706
"STAT6","SIDM00040",0.480859119869783
"STAT6","SIDM00041",0.140289065531793
"STAT6","SIDM00042",-0.67574423841082
"STAT6","SIDM00043",3.51318387439768
"STAT6","SIDM00044",-0.897147070887024
"STAT6","SIDM00045",0.182574613656323
"STAT6","SIDM00047",-1.38757695896923
"STAT6","SIDM00048",0.584619051989703
"STAT6","SIDM00049",0.891200673218325
"STAT6","SIDM00050",0.484751585898951
"STAT6","SIDM00051",2.56132266404004
"STAT6","SIDM00052",-2.07789656973204
"STAT6","SIDM00053",0.653441995175875
"STAT6","SIDM00054",-1.12180506245141
"STAT6","SIDM00056",1.19681159955155
"STAT6","SIDM00057",-1.58609878076485
"STAT6","SIDM00064",-1.94023931324259
"STAT6","SIDM00068",1.59555008842204
"STAT6","SIDM00070",-0.381662072208075
"STAT6","SIDM00077",-1.27264537408501
"STAT6","SIDM00082",-2.42200912950186
"STAT6","SIDM00086",3.25479491561475
"STAT6","SIDM00091",-0.24173684540046
"STAT6","SIDM00094",-1.5090644527945
"STAT6","SIDM00096",8.42672164651218
"STAT6","SIDM00098",-1.36092615629131
"STAT6","SIDM00099",0.0912467388854315
"STAT6","SIDM00100",-0.912437088620453
"STAT6","SIDM00101",-1.38570726715674
"STAT6","SIDM00102",-1.21321895096169
"STAT6","SIDM00103",-0.24017083900171
"STAT6","SIDM00104",-0.869131535463731
"STAT6","SIDM00111",-1.50905369234464
"STAT6","SIDM00112",-0.151538355659699
"STAT6","SIDM00113",-1.40375714091415
"STAT6","SIDM00114",-0.655174880574464
"STAT6","SIDM00115",-0.412507007465679
"STAT6","SIDM00118",-1.56703514166228
"STAT6","SIDM00120",-1.3102397585411
"STAT6","SIDM00121",-0.413421213153354
"STAT6","SIDM00126",-2.32594480257352
"STAT6","SIDM00127",-1.68077917576307
"STAT6","SIDM00128",1.38638259412592
"STAT6","SIDM00129",-1.07567263460986
"STAT6","SIDM00136",0.105369865678761
"STAT6","SIDM00137",-0.195097427013915
"STAT6","SIDM00145",0.0631515646290355
"STAT6","SIDM00154",2.03410250880741
"STAT6","SIDM00155",-0.987570240853525
"STAT6","SIDM00156",-2.6628743883213
"STAT6","SIDM00157",-2.69885964855789
"STAT6","SIDM00172",0.700750368305655
"STAT6","SIDM00174",1.41159425012043
"STAT6","SIDM00175",-1.45326851305106
"STAT6","SIDM00176",-0.310809256374266
"STAT6","SIDM00179",-2.54253684481741
"STAT6","SIDM00180",-1.20448915378382
"STAT6","SIDM00181",-0.294688942582049
"STAT6","SIDM00182",-3.36728582303188
"STAT6","SIDM00183",-1.80271856135553
"STAT6","SIDM00184",-1.72804453836507
"STAT6","SIDM00185",-2.13836537171978
"STAT6","SIDM00186",-0.414318366964294
"STAT6","SIDM00187",-1.11040937659522
"STAT6","SIDM00188",0.136068557723671
"STAT6","SIDM00189",-3.06757808845255
"STAT6","SIDM00190",-1.19392064468188
"STAT6","SIDM00191",-0.767100366163338
"STAT6","SIDM00193",-0.315174567598419
"STAT6","SIDM00195",-1.75310893870988
"STAT6","SIDM00196",-2.72990865909928
"STAT6","SIDM00197",-2.63411393825983
"STAT6","SIDM00198",-1.4063785797109
"STAT6","SIDM00199",-0.796599876786648
"STAT6","SIDM00200",-3.38630086375815
"STAT6","SIDM00201",-1.44188545866523
"STAT6","SIDM00202",-3.2281775842973
"STAT6","SIDM00203",-2.74604230695294
"STAT6","SIDM00206",0.43329960603945
"STAT6","SIDM00207",-0.596389337010881
"STAT6","SIDM00208",-0.334955130207082
"STAT6","SIDM00209",-1.37899591730829
"STAT6","SIDM00211",-1.89646484088813
"STAT6","SIDM00214",-0.994505733029255
"STAT6","SIDM00215",-0.00209852823092387
"STAT6","SIDM00216",-0.355729610978522
"STAT6","SIDM00218",0.266524658857641
"STAT6","SIDM00223",-2.30228143197301
"STAT6","SIDM00224",-1.17629648142096
"STAT6","SIDM00225",-2.89740612406721
"STAT6","SIDM00227",-0.207164222333127
"STAT6","SIDM00230",-1.82922520655791
"STAT6","SIDM00231",-0.844012214440364
"STAT6","SIDM00232",-0.847524859672964
"STAT6","SIDM00233",2.02491160711741
"STAT6","SIDM00234",-0.303480805648536
"STAT6","SIDM00240",0.459015582458293
"STAT6","SIDM00241",-0.465186398188408
"STAT6","SIDM00242",-1.28863912528382
"STAT6","SIDM00243",-1.03456882807329
"STAT6","SIDM00244",-2.26014316771903
"STAT6","SIDM00245",-1.95449189687846
"STAT6","SIDM00251",0.03794526500972
"STAT6","SIDM00252",-1.54101572834157
"STAT6","SIDM00253",-2.28277963756752
"STAT6","SIDM00254",-2.24612737267879
"STAT6","SIDM00255",-1.19105181667745
"STAT6","SIDM00256",-2.18943687256872
"STAT6","SIDM00257",-1.12951485074578
"STAT6","SIDM00258",-0.610784708104238
"STAT6","SIDM00259",-0.943147577765503
"STAT6","SIDM00260",0.0949213843302692
"STAT6","SIDM00261",-2.04833352847324
"STAT6","SIDM00262",-0.883033198732334
"STAT6","SIDM00263",-3.20214659789796
"STAT6","SIDM00264",-1.453218078923
"STAT6","SIDM00265",-1.95908079978024
"STAT6","SIDM00266",-1.91522211988088
"STAT6","SIDM00267",-1.99616207947903
"STAT6","SIDM00269",-0.708184145836226
"STAT6","SIDM00270",1.72314751237231
"STAT6","SIDM00274",-1.17870324429296
"STAT6","SIDM00276",-0.672731654193132
"STAT6","SIDM00277",1.30035601125031
"STAT6","SIDM00281",-1.1283391097523
"STAT6","SIDM00283",0.830657840305134
"STAT6","SIDM00285",-2.03277215118506
"STAT6","SIDM00287",-2.30471865523084
"STAT6","SIDM00289",-1.830572592467
"STAT6","SIDM00291",-0.999161751486211
"STAT6","SIDM00292",-3.08580492294958
"STAT6","SIDM00293",-3.67141109672967
"STAT6","SIDM00294",-1.41346458817794
"STAT6","SIDM00296",-2.33873067630643
"STAT6","SIDM00297",-1.04721259976544
"STAT6","SIDM00299",-1.89504059377486
"STAT6","SIDM00300",-2.48066813680209
"STAT6","SIDM00302",-0.0684820236802965
"STAT6","SIDM00304",-1.68782957325054
"STAT6","SIDM00308",0.0909444464894956
"STAT6","SIDM00309",-1.07214870043015
"STAT6","SIDM00310",-0.937216282760414
"STAT6","SIDM00311",-2.1303104899899
"STAT6","SIDM00316",2.52435682037794
"STAT6","SIDM00317",-0.916490459533362
"STAT6","SIDM00319",-1.51686497900191
"STAT6","SIDM00320",-2.01973226515003
"STAT6","SIDM00323",-0.0657291396163185
"STAT6","SIDM00324",-1.84421547581071
"STAT6","SIDM00326",-1.37800915749144
"STAT6","SIDM00328",-0.934472693858211
"STAT6","SIDM00330",-1.25046133610671
"STAT6","SIDM00332",-0.794441000070167
"STAT6","SIDM00343",0.0993616154600845
"STAT6","SIDM00346",0.779139075290117
"STAT6","SIDM00349",0.290322046539135
"STAT6","SIDM00350",-1.83544703127642
"STAT6","SIDM00351",0.0735256974563079
"STAT6","SIDM00362",-1.33789482721869
"STAT6","SIDM00364",-1.12265575942486
"STAT6","SIDM00365",-2.47264947987142
"STAT6","SIDM00367",-1.71543778459217
"STAT6","SIDM00371",0.381749002747827
"STAT6","SIDM00374",2.06008457473088
"STAT6","SIDM00375",0.215709030187283
"STAT6","SIDM00377",1.33402335429354
"STAT6","SIDM00379",-0.363695045760458
"STAT6","SIDM00381",2.03552921743754
"STAT6","SIDM00383",-0.88308868157684
"STAT6","SIDM00384",4.9782390846857
"STAT6","SIDM00388",-2.10101703039962
"STAT6","SIDM00389",-1.18222246620669
"STAT6","SIDM00393",0.105632045328004
"STAT6","SIDM00394",3.86692453933879
"STAT6","SIDM00397",2.2766615862868
"STAT6","SIDM00399",-1.97431953134791
"STAT6","SIDM00400",-0.457825334182709
"STAT6","SIDM00401",-2.44271779887709
"STAT6","SIDM00404",-2.37332054875
"STAT6","SIDM00406",0.355295713055613
"STAT6","SIDM00407",0.00414212643805982
"STAT6","SIDM00410",-1.47160404688118
"STAT6","SIDM00411",-0.0349790036605145
"STAT6","SIDM00412",0.146767945296015
"STAT6","SIDM00413",1.51534991499097
"STAT6","SIDM00414",-0.562674193847756
"STAT6","SIDM00415",-0.834006241189753
"STAT6","SIDM00416",-1.24824857121921
"STAT6","SIDM00417",1.44015425487074
"STAT6","SIDM00418",1.92653402204888
"STAT6","SIDM00420",0.63632947871507
"STAT6","SIDM00422",0.884355341420845
"STAT6","SIDM00424",-1.45112536113571
"STAT6","SIDM00427",-1.64396708524008
"STAT6","SIDM00438",-0.440793589295687
"STAT6","SIDM00441",0.735161720489737
"STAT6","SIDM00444",-1.11034320797263
"STAT6","SIDM00445",-1.33560322139434
"STAT6","SIDM00448",1.30003184802094
"STAT6","SIDM00459",-0.489876050167084
"STAT6","SIDM00465",-0.899820768453914
"STAT6","SIDM00466",-1.8279243158276
"STAT6","SIDM00467",2.89531851600589
"STAT6","SIDM00472",-2.22872079016219
"STAT6","SIDM00476",-0.912442777089069
"STAT6","SIDM00482",1.09563130975472
"STAT6","SIDM00483",0.442317391978818
"STAT6","SIDM00487",-1.36213797258324
"STAT6","SIDM00488",-1.45265905865588
"STAT6","SIDM00489",-0.882810529969979
"STAT6","SIDM00490",-0.954661773442722
"STAT6","SIDM00491",0.644652060864023
"STAT6","SIDM00496",-0.820218558651139
"STAT6","SIDM00498",0.719119654437674
"STAT6","SIDM00501",-1.71694455787572
"STAT6","SIDM00504",0.0584351533899669
"STAT6","SIDM00507",-1.78067823692035
"STAT6","SIDM00508",-1.79257500017669
"STAT6","SIDM00510",-1.50176005601253
"STAT6","SIDM00516",-1.16981218554632
"STAT6","SIDM00517",-0.650280086418939
"STAT6","SIDM00518",-1.43693937647127
"STAT6","SIDM00519",1.87023864633443
"STAT6","SIDM00520",-2.55188296873995
"STAT6","SIDM00527",-1.69132261674176
"STAT6","SIDM00528",1.07698734792046
"STAT6","SIDM00530",-0.662609334122491
"STAT6","SIDM00532",0.696469229323045
"STAT6","SIDM00534",-0.980970570312141
"STAT6","SIDM00535",-1.37906921586697
"STAT6","SIDM00537",0.0263270636872364
"STAT6","SIDM00538",1.3193716720174
"STAT6","SIDM00539",0.943125006797632
"STAT6","SIDM00540",-0.20750605275925
"STAT6","SIDM00541",-1.35107132041957
"STAT6","SIDM00542",3.46631981119591
"STAT6","SIDM00543",-0.773970122184757
"STAT6","SIDM00544",-1.67205960280204
"STAT6","SIDM00549",-1.66658373818597
"STAT6","SIDM00550",-0.338022224069885
"STAT6","SIDM00551",-1.80359707304086
"STAT6","SIDM00553",0.567352985314528
"STAT6","SIDM00561",0.59407207687213
"STAT6","SIDM00562",-1.56244990100676
"STAT6","SIDM00565",-0.822401905377534
"STAT6","SIDM00566",2.60967989241461
"STAT6","SIDM00569",-1.003592055504
"STAT6","SIDM00573",2.94326674311257
"STAT6","SIDM00574",-0.241127396967027
"STAT6","SIDM00576",0.526052674672879
"STAT6","SIDM00577",0.152531037162083
"STAT6","SIDM00579",-1.33002769070388
"STAT6","SIDM00583",-2.45336571277551
"STAT6","SIDM00584",4.89481616444657
"STAT6","SIDM00591",2.79228372234585
"STAT6","SIDM00592",3.15748597462703
"STAT6","SIDM00596",-2.10131301272524
"STAT6","SIDM00599",-0.674218239186475
"STAT6","SIDM00600",0.111177516167955
"STAT6","SIDM00603",-0.303626792073589
"STAT6","SIDM00604",-0.543077373251034
"STAT6","SIDM00606",0.121848406328689
"STAT6","SIDM00612",-2.21513133404633
"STAT6","SIDM00619",-1.77439557618241
"STAT6","SIDM00620",0.351924740198544
"STAT6","SIDM00621",-0.771375130134464
"STAT6","SIDM00622",0.215831657761591
"STAT6","SIDM00623",1.67065797392028
"STAT6","SIDM00627",0.24157814946821
"STAT6","SIDM00631",-0.468460647265912
"STAT6","SIDM00632",1.37617547418573
"STAT6","SIDM00636",0.65199072654176
"STAT6","SIDM00638",-0.00731536535857122
"STAT6","SIDM00648",-2.97361110655868
"STAT6","SIDM00650",-1.87738052335969
"STAT6","SIDM00655",-1.27500653407382
"STAT6","SIDM00659",0.194884193945966
"STAT6","SIDM00667",0.735878264056521
"STAT6","SIDM00668",-0.0448650878071056
"STAT6","SIDM00677",-0.628065351860691
"STAT6","SIDM00679",1.59961575922758
"STAT6","SIDM00680",0.391634473926871
"STAT6","SIDM00688",0.824914782343941
"STAT6","SIDM00690",0.477598887396819
"STAT6","SIDM00699",-1.17357522236585
"STAT6","SIDM00700",-2.36276761972242
"STAT6","SIDM00719",-1.96025469154624
"STAT6","SIDM00721",-1.09441356106506
"STAT6","SIDM00732",0.238541167259749
"STAT6","SIDM00737",-2.14120814485868
"STAT6","SIDM00758",0.293763051187775
"STAT6","SIDM00767",0.528225689089194
"STAT6","SIDM00770",-0.497723470259602
"STAT6","SIDM00781",-0.800022281242493
"STAT6","SIDM00783",-1.10128712447203
"STAT6","SIDM00789",-1.08564903760222
"STAT6","SIDM00792",-0.624154218047006
"STAT6","SIDM00793",-1.76609760638642
"STAT6","SIDM00794",0.418125472014376
"STAT6","SIDM00808",0.293018567030105
"STAT6","SIDM00810",-2.02638257086573
"STAT6","SIDM00813",2.45072713540267
"STAT6","SIDM00814",-2.54823572117804
"STAT6","SIDM00815",-0.751983640767511
"STAT6","SIDM00816",0.47173631515548
"STAT6","SIDM00817",1.33216122880648
"STAT6","SIDM00818",-0.0122474338247428
"STAT6","SIDM00819",0.840353166977738
"STAT6","SIDM00820",0.675115896937878
"STAT6","SIDM00821",-1.92450966354994
"STAT6","SIDM00826",-0.611996965178796
"STAT6","SIDM00832",-0.453956343326942
"STAT6","SIDM00833",-0.840101320739616
"STAT6","SIDM00834",-0.359959270039152
"STAT6","SIDM00835",0.954441786714383
"STAT6","SIDM00836",-0.285609936538486
"STAT6","SIDM00837",0.413376460906767
"STAT6","SIDM00841",-0.741266234305576
"STAT6","SIDM00842",-1.60783352656114
"STAT6","SIDM00846",1.0829590568445
"STAT6","SIDM00859",-0.745900258148213
"STAT6","SIDM00863",-1.61697958640976
"STAT6","SIDM00864",0.626399088475693
"STAT6","SIDM00875",0.521310358874822
"STAT6","SIDM00885",-0.957607511440355
"STAT6","SIDM00889",-2.61451360852469
"STAT6","SIDM00895",0.579327479561087
"STAT6","SIDM00896",-0.451256767297742
"STAT6","SIDM00900",0.185965438019205
"STAT6","SIDM00905",-0.567231547298709
"STAT6","SIDM00915",-1.906131850555
"STAT6","SIDM00917",2.62841913392153
"STAT6","SIDM00923",-0.927059276773792
"STAT6","SIDM00927",-2.60640128388531
"STAT6","SIDM00929",-0.645813729963691
"STAT6","SIDM00930",-1.09726318513652
"STAT6","SIDM00935",2.41262053974912
"STAT6","SIDM00946",2.33532972456235
"STAT6","SIDM00948",-0.71253332614481
"STAT6","SIDM00951",-0.239725232664002
"STAT6","SIDM00952",-0.845843364181115
"STAT6","SIDM00953",-1.36483329023605
"STAT6","SIDM00954",-1.9885142970384
"STAT6","SIDM00958",0.903554433111214
"STAT6","SIDM00960",1.83807446952133
"STAT6","SIDM00962",-0.379873715778842
"STAT6","SIDM00964",2.1802493014623
"STAT6","SIDM00966",0.715507240768836
"STAT6","SIDM00967",-1.32085882696563
"STAT6","SIDM00968",-0.849949860903235
"STAT6","SIDM00969",-1.12200776959699
"STAT6","SIDM00970",0.0658296656655919
"STAT6","SIDM00971",0.199709190022387
"STAT6","SIDM00973",2.19671141599499
"STAT6","SIDM00974",-2.71696080181274
"STAT6","SIDM00975",-2.40365837108467
"STAT6","SIDM00976",1.42836764062115
"STAT6","SIDM00984",2.56769465073266
"STAT6","SIDM00995",0.900318074396614
"STAT6","SIDM01006",0.173133331526825
"STAT6","SIDM01007",-0.636158522052935
"STAT6","SIDM01011",1.62342499795973
"STAT6","SIDM01017",-0.25672758014357
"STAT6","SIDM01019",1.07483794751612
"STAT6","SIDM01039",-1.33994291777208
"STAT6","SIDM01041",-3.37640142509764
"STAT6","SIDM01042",-0.528778034505631
"STAT6","SIDM01047",0.165289508055589
"STAT6","SIDM01050",0.600877846388675
"STAT6","SIDM01061",-0.182367356087365
"STAT6","SIDM01064",5.73897282966624
"STAT6","SIDM01073",-0.0263414301309212
"STAT6","SIDM01090",-0.556029106897467
"STAT6","SIDM01092",1.81672415476297
"STAT6","SIDM01093",-1.55445181816667
"STAT6","SIDM01095",-1.13858307420996
"STAT6","SIDM01097",-1.96959703056103
"STAT6","SIDM01098",-1.41411250383299
"STAT6","SIDM01102",1.03320061328747
"STAT6","SIDM01114",-0.0278694964801647
"STAT6","SIDM01117",-1.54387828958208
"STAT6","SIDM01118",-2.33631127499525
"STAT6","SIDM01120",-3.14498448166727
"STAT6","SIDM01122",-1.09305662170946
"STAT6","SIDM01126",-2.19073978313388
"STAT6","SIDM01132",-0.404680381360238
"STAT6","SIDM01133",-2.2972971982195
"STAT6","SIDM01140",-1.74552463189943
"STAT6","SIDM01145",-1.37636705347289
"STAT6","SIDM01146",-0.591237553608233
"STAT6","SIDM01149",-2.328750360144
"STAT6","SIDM01155",-0.442214411474067
"STAT6","SIDM01157",-0.313880813157255
"STAT6","SIDM01159",-0.703702620254169
"STAT6","SIDM01160",3.10957866261011
"STAT6","SIDM01161",-1.24299640715129
"STAT6","SIDM01162",-0.492203589269069
"STAT6","SIDM01163",-0.387543079253959
"STAT6","SIDM01168",0.333346500447508
"STAT6","SIDM01173",-0.430140578384365
"STAT6","SIDM01174",3.39166700203529
"STAT6","SIDM01175",-1.3929750787006
"STAT6","SIDM01177",-1.71652895372947
"STAT6","SIDM01178",0.46872655534858
"STAT6","SIDM01179",-0.977037437694423
"STAT6","SIDM01183",0.491359270970808
"STAT6","SIDM01185",-1.3627830421367
"STAT6","SIDM01187",0.968472443841668
"STAT6","SIDM01197",1.03251171158574
"STAT6","SIDM01198",-0.985956168151298
"STAT6","SIDM01203",-1.49821009917667
"STAT6","SIDM01205",0.716379530826983
"STAT6","SIDM01206",-2.84854431775279
"STAT6","SIDM01210",-1.2740120767791
"STAT6","SIDM01217",-1.15852241621605
"STAT6","SIDM01218",-0.095257912963656
"STAT6","SIDM01220",-1.206567736594
"STAT6","SIDM01228",-2.08680467651747
"STAT6","SIDM01229",-1.97453335723059
"STAT6","SIDM01233",-1.07859109030504
"STAT6","SIDM01237",-0.051870664383409
"STAT6","SIDM01240",-1.41620281921753
"STAT6","SIDM01242",-2.11031553144092
"STAT6","SIDM01245",2.12165858751689
"STAT6","SIDM01246",-0.682708523586911
"STAT6","SIDM01247",0.627566135841565
"STAT6","SIDM01248",-1.5197120875643
"STAT6","SIDM01251",0.25950956544589
"STAT6","SIDM01257",-1.2877798677706
"STAT6","SIDM01259",-2.03083635158311
"STAT6","SIDM01483",-2.76953644082331
"TBX21","SIDM00002",-1.55014022480786
"TBX21","SIDM00003",-0.762694896084801
"TBX21","SIDM00006",-0.89100819987999
"TBX21","SIDM00007",-1.68394151155898
"TBX21","SIDM00009",7.00834095078282
"TBX21","SIDM00014",-0.555505530505469
"TBX21","SIDM00018",0.0412285638936073
"TBX21","SIDM00023",-1.67535512086536
"TBX21","SIDM00025",-1.46585613143142
"TBX21","SIDM00026",-1.63978830425236
"TBX21","SIDM00027",-1.07046432778223
"TBX21","SIDM00040",-0.88842508332081
"TBX21","SIDM00041",-1.38549556713548
"TBX21","SIDM00042",-0.547181790843588
"TBX21","SIDM00043",-1.01523445301218
"TBX21","SIDM00044",-0.449436312614869
"TBX21","SIDM00045",-0.898923459607796
"TBX21","SIDM00047",0.390180040925376
"TBX21","SIDM00048",-0.642444047568599
"TBX21","SIDM00049",-0.608688095329505
"TBX21","SIDM00050",-1.3404577711728
"TBX21","SIDM00051",-1.28570067428312
"TBX21","SIDM00052",-1.33119478115597
"TBX21","SIDM00053",-0.384198986163115
"TBX21","SIDM00054",-1.54075148742446
"TBX21","SIDM00056",0.726552497551887
"TBX21","SIDM00057",-0.904738730555705
"TBX21","SIDM00064",-0.927209486969531
"TBX21","SIDM00068",-1.22650272969411
"TBX21","SIDM00070",0.148018949637084
"TBX21","SIDM00077",-1.33188481369602
"TBX21","SIDM00082",-1.30074436683643
"TBX21","SIDM00086",-0.311051644421539
"TBX21","SIDM00091",0.279065941081011
"TBX21","SIDM00094",-1.54656415783312
"TBX21","SIDM00096",7.25200117161288
"TBX21","SIDM00098",-0.46351967398073
"TBX21","SIDM00099",-0.443931148410866
"TBX21","SIDM00100",-1.21047378790183
"TBX21","SIDM00101",-0.931947484977512
"TBX21","SIDM00102",-0.71388059571119
"TBX21","SIDM00103",-0.645924552183959
"TBX21","SIDM00104",-0.850059317626374
"TBX21","SIDM00111",-0.738674209717841
"TBX21","SIDM00112",-0.782298712341661
"TBX21","SIDM00113",-0.517865925610935
"TBX21","SIDM00114",-0.820826640280092
"TBX21","SIDM00115",-1.11057771234914
"TBX21","SIDM00118",-1.16817007087853
"TBX21","SIDM00120",-1.60538653447571
"TBX21","SIDM00121",-1.65346861675548
"TBX21","SIDM00126",-0.547549222151345
"TBX21","SIDM00127",-1.48270321941153
"TBX21","SIDM00128",-0.755066458703093
"TBX21","SIDM00129",0.286750613714673
"TBX21","SIDM00136",0.035072906595012
"TBX21","SIDM00137",-0.968676035944821
"TBX21","SIDM00145",0.210399678152313
"TBX21","SIDM00154",0.463218403266135
"TBX21","SIDM00155",-1.19972015905575
"TBX21","SIDM00156",-1.32412444169813
"TBX21","SIDM00157",-0.145431078167312
"TBX21","SIDM00172",-0.825217046677724
"TBX21","SIDM00174",-0.394362032088725
"TBX21","SIDM00175",-0.56749231825357
"TBX21","SIDM00176",-1.48637977073961
"TBX21","SIDM00179",-0.954582955790195
"TBX21","SIDM00180",-0.00447908267435207
"TBX21","SIDM00181",-0.702263541374407
"TBX21","SIDM00182",-1.17353982231116
"TBX21","SIDM00183",-0.0204736824312676
"TBX21","SIDM00184",-0.310405058758947
"TBX21","SIDM00185",-0.38341497392656
"TBX21","SIDM00186",0.165893833218707
"TBX21","SIDM00187",-0.0337885128202157
"TBX21","SIDM00188",-0.603045779889126
"TBX21","SIDM00189",-2.25520885613429
"TBX21","SIDM00190",-0.973095425896887
"TBX21","SIDM00191",-0.63835234178534
"TBX21","SIDM00193",-0.532751977343155
"TBX21","SIDM00195",-0.863838575944194
"TBX21","SIDM00196",-0.271862728527705
"TBX21","SIDM00197",-0.804001415167753
"TBX21","SIDM00198",0.0755111338114652
"TBX21","SIDM00199",-1.78943769804448
"TBX21","SIDM00200",-1.88608875904047
"TBX21","SIDM00201",1.23764740092073
"TBX21","SIDM00202",-1.91936036930174
"TBX21","SIDM00203",-1.19983825338451
"TBX21","SIDM00206",-1.06452836977998
"TBX21","SIDM00207",-1.99971985299811
"TBX21","SIDM00208",-1.21035522749902
"TBX21","SIDM00209",-1.78692346658381
"TBX21","SIDM00211",0.314104916252211
"TBX21","SIDM00214",-0.593338204800598
"TBX21","SIDM00215",-0.578613531913111
"TBX21","SIDM00216",-0.539078305078118
"TBX21","SIDM00218",-0.618719981458404
"TBX21","SIDM00223",-0.922481757912767
"TBX21","SIDM00224",0.449819903072753
"TBX21","SIDM00225",0.396599927436529
"TBX21","SIDM00227",-1.37257945451349
"TBX21","SIDM00230",-0.615313696379825
"TBX21","SIDM00231",-1.14439880897933
"TBX21","SIDM00232",-0.850813660622555
"TBX21","SIDM00233",0.718336337561331
"TBX21","SIDM00234",-0.939452876327913
"TBX21","SIDM00240",-1.38303383946466
"TBX21","SIDM00241",-1.15941467519752
"TBX21","SIDM00242",-1.38304170213222
"TBX21","SIDM00243",-0.703666194032339
"TBX21","SIDM00244",-0.620732480721679
"TBX21","SIDM00245",-0.627832717799636
"TBX21","SIDM00251",-0.490964051845855
"TBX21","SIDM00252",-1.6792758053045
"TBX21","SIDM00253",1.03456618235926
"TBX21","SIDM00254",-0.590589511349585
"TBX21","SIDM00255",0.157354745743412
"TBX21","SIDM00256",-0.323608098078066
"TBX21","SIDM00257",-0.74241897825651
"TBX21","SIDM00258",-0.492013680361382
"TBX21","SIDM00259",0.643888028037718
"TBX21","SIDM00260",-0.752307985376032
"TBX21","SIDM00261",-0.106069582654397
"TBX21","SIDM00262",-0.29556529067003
"TBX21","SIDM00263",-1.90347983778694
"TBX21","SIDM00264",-1.82807373549327
"TBX21","SIDM00265",-1.20232819751358
"TBX21","SIDM00266",-1.68048568748008
"TBX21","SIDM00267",-0.321341067486061
"TBX21","SIDM00269",-1.16533736911701
"TBX21","SIDM00270",-0.0304516088359012
"TBX21","SIDM00274",-0.605054810842472
"TBX21","SIDM00276",-0.956638185315871
"TBX21","SIDM00277",1.96750765137268
"TBX21","SIDM00281",-1.03394180647899
"TBX21","SIDM00283",2.09200673906115
"TBX21","SIDM00285",-0.327855611929799
"TBX21","SIDM00287",-0.0620762154278462
"TBX21","SIDM00289",0.0573077140117843
"TBX21","SIDM00291",0.940911765250184
"TBX21","SIDM00292",-1.65504238182021
"TBX21","SIDM00293",0.935187826119747
"TBX21","SIDM00294",0.0686372933117604
"TBX21","SIDM00296",-1.12868576076181
"TBX21","SIDM00297",-0.955338677092304
"TBX21","SIDM00299",-0.730725618972489
"TBX21","SIDM00300",-1.05777084873739
"TBX21","SIDM00302",-0.963367909599269
"TBX21","SIDM00304",-1.17996548142064
"TBX21","SIDM00308",0.0885057035395819
"TBX21","SIDM00309",-1.26400468485562
"TBX21","SIDM00310",-0.635261429348357
"TBX21","SIDM00311",-1.11388408138456
"TBX21","SIDM00316",0.335233200312636
"TBX21","SIDM00317",-0.0115147523035045
"TBX21","SIDM00319",-1.6471973486547
"TBX21","SIDM00320",-1.54209685404552
"TBX21","SIDM00323",1.08690312806009
"TBX21","SIDM00324",0.92999654038153
"TBX21","SIDM00326",-0.141253827686821
"TBX21","SIDM00328",-0.12562386331277
"TBX21","SIDM00330",0.158536825319538
"TBX21","SIDM00332",0.242778520299493
"TBX21","SIDM00343",-1.63397177571693
"TBX21","SIDM00346",-1.08825364099049
"TBX21","SIDM00349",-0.738918694759419
"TBX21","SIDM00350",-1.54780470730973
"TBX21","SIDM00351",-0.783338200783012
"TBX21","SIDM00362",0.883543929664392
"TBX21","SIDM00364",-0.205391485150064
"TBX21","SIDM00365",-0.481759491311352
"TBX21","SIDM00367",1.5675011858825
"TBX21","SIDM00371",0.249060960124914
"TBX21","SIDM00374",4.26275139783117
"TBX21","SIDM00375",0.496918655596308
"TBX21","SIDM00377",-0.767990741559217
"TBX21","SIDM00379",-0.587181452839387
"TBX21","SIDM00381",-0.497544087105025
"TBX21","SIDM00383",-0.762193340155183
"TBX21","SIDM00384",2.30510563161099
"TBX21","SIDM00388",-0.336781878490621
"TBX21","SIDM00389",2.03280307429289
"TBX21","SIDM00393",-0.946037336074898
"TBX21","SIDM00394",0.183522418437421
"TBX21","SIDM00397",0.821197263058622
"TBX21","SIDM00399",-1.38095765208374
"TBX21","SIDM00400",-0.437757386966021
"TBX21","SIDM00401",-1.23833457855764
"TBX21","SIDM00404",2.96007473146581
"TBX21","SIDM00406",3.93309670383529
"TBX21","SIDM00407",2.2560620973679
"TBX21","SIDM00410",7.30227191485422
"TBX21","SIDM00411",-0.702512138961078
"TBX21","SIDM00412",4.67073863717681
"TBX21","SIDM00413",2.36586511389061
"TBX21","SIDM00414",-1.27297165321781
"TBX21","SIDM00415",1.4419920348705
"TBX21","SIDM00416",0.266083421122698
"TBX21","SIDM00417",3.61058785627239
"TBX21","SIDM00418",-0.382489565510047
"TBX21","SIDM00420",-0.0590313360268028
"TBX21","SIDM00422",3.23659761078108
"TBX21","SIDM00424",0.551636810651395
"TBX21","SIDM00427",-0.242727584498004
"TBX21","SIDM00438",3.37121394624315
"TBX21","SIDM00441",1.75432223437835
"TBX21","SIDM00444",-1.2848284543294
"TBX21","SIDM00445",-0.71310515531637
"TBX21","SIDM00448",4.5565638059133
"TBX21","SIDM00459",1.98829316593579
"TBX21","SIDM00465",0.149889679065637
"TBX21","SIDM00466",-0.804604528266485
"TBX21","SIDM00467",2.87879213953093
"TBX21","SIDM00472",-1.30618760631529
"TBX21","SIDM00476",-0.549726806089651
"TBX21","SIDM00482",2.85783566154932
"TBX21","SIDM00483",-1.69856198937055
"TBX21","SIDM00487",-0.720970579760406
"TBX21","SIDM00488",-1.08190134778578
"TBX21","SIDM00489",-0.829989529010648
"TBX21","SIDM00490",-1.33604832744274
"TBX21","SIDM00491",-0.953994337256141
"TBX21","SIDM00496",-0.941057186249699
"TBX21","SIDM00498",-0.681901349406592
"TBX21","SIDM00501",-1.5603923350056
"TBX21","SIDM00504",-1.52882101658795
"TBX21","SIDM00507",-0.685755356674916
"TBX21","SIDM00508",-1.27746991464025
"TBX21","SIDM00510",0.122919517509271
"TBX21","SIDM00516",-0.37872303352518
"TBX21","SIDM00517",-1.38896309395137
"TBX21","SIDM00518",-0.740579428033162
"TBX21","SIDM00519",-0.675245217985226
"TBX21","SIDM00520",-0.859874850912611
"TBX21","SIDM00527",-0.313658271492276
"TBX21","SIDM00528",-0.190262657467253
"TBX21","SIDM00530",-1.28724734880024
"TBX21","SIDM00532",-1.54550871081994
"TBX21","SIDM00534",-0.37210502683084
"TBX21","SIDM00535",0.424269364563893
"TBX21","SIDM00537",-0.93922499202279
"TBX21","SIDM00538",-0.288031126117672
"TBX21","SIDM00539",-0.713630281938714
"TBX21","SIDM00540",-1.48600541338985
"TBX21","SIDM00541",1.3215263291539
"TBX21","SIDM00542",-1.30293550938177
"TBX21","SIDM00543",-0.235158752773611
"TBX21","SIDM00544",-0.0488550658317348
"TBX21","SIDM00549",0.220512053255789
"TBX21","SIDM00550",-0.595029772081205
"TBX21","SIDM00551",-1.5575338014991
"TBX21","SIDM00553",1.09468371063096
"TBX21","SIDM00561",2.79831581557574
"TBX21","SIDM00562",-1.80824936371719
"TBX21","SIDM00565",-1.2632246623751
"TBX21","SIDM00566",-0.107058125464155
"TBX21","SIDM00569",-1.72447283891752
"TBX21","SIDM00573",-0.942547299183764
"TBX21","SIDM00574",-1.63032231193098
"TBX21","SIDM00576",0.820570912865041
"TBX21","SIDM00577",-0.314383427450946
"TBX21","SIDM00579",-0.405560807936824
"TBX21","SIDM00583",-1.50654144839208
"TBX21","SIDM00584",-0.875270222437435
"TBX21","SIDM00591",-1.07918756689478
"TBX21","SIDM00592",-0.281888941574521
"TBX21","SIDM00596",-0.786176296090164
"TBX21","SIDM00599",-0.522622677889082
"TBX21","SIDM00600",-1.36481347433974
"TBX21","SIDM00603",-0.405138550994147
"TBX21","SIDM00604",-1.07848149344794
"TBX21","SIDM00606",-0.415992407349224
"TBX21","SIDM00612",-1.86287973910269
"TBX21","SIDM00619",-1.12886436563317
"TBX21","SIDM00620",-1.90115138152686
"TBX21","SIDM00621",-0.86151908978545
"TBX21","SIDM00622",-1.61737203573393
"TBX21","SIDM00623",4.91580092881274
"TBX21","SIDM00627",-0.836690755000804
"TBX21","SIDM00631",-0.980274124482397
"TBX21","SIDM00632",3.20683392019654
"TBX21","SIDM00636",10.7098065087896
"TBX21","SIDM00638",-0.275060280652732
"TBX21","SIDM00648",0.474406413744601
"TBX21","SIDM00650",-0.24245143547924
"TBX21","SIDM00655",-1.15550195840243
"TBX21","SIDM00659",-1.36729052224668
"TBX21","SIDM00667",-1.06918868041467
"TBX21","SIDM00668",2.5379017552307
"TBX21","SIDM00677",-0.677253267797765
"TBX21","SIDM00679",-0.516607646905927
"TBX21","SIDM00680",-0.648553983192896
"TBX21","SIDM00688",2.44106443998243
"TBX21","SIDM00690",-1.08372054531291
"TBX21","SIDM00699",-0.2744277211264
"TBX21","SIDM00700",-1.17112207782536
"TBX21","SIDM00719",-0.861001038508366
"TBX21","SIDM00721",-1.32229338654341
"TBX21","SIDM00732",-1.28903892698725
"TBX21","SIDM00737",0.653085230191813
"TBX21","SIDM00758",-0.853584385003188
"TBX21","SIDM00767",0.0728695832499123
"TBX21","SIDM00770",-0.632780161316906
"TBX21","SIDM00781",-1.33115408916906
"TBX21","SIDM00783",-1.20821769206444
"TBX21","SIDM00789",-0.550901049897519
"TBX21","SIDM00792",-1.23604523517617
"TBX21","SIDM00793",-0.807754042425818
"TBX21","SIDM00794",-1.21608576635757
"TBX21","SIDM00808",3.14013643242706
"TBX21","SIDM00810",-0.633074540555323
"TBX21","SIDM00813",5.81292302360773
"TBX21","SIDM00814",-1.12426147336422
"TBX21","SIDM00815",-0.809878381435243
"TBX21","SIDM00816",-0.746910075206855
"TBX21","SIDM00817",-1.10167488979243
"TBX21","SIDM00818",-0.87095651953935
"TBX21","SIDM00819",-1.26171103765891
"TBX21","SIDM00820",-0.703661969855752
"TBX21","SIDM00821",-1.42683999221061
"TBX21","SIDM00826",-0.3774789210024
"TBX21","SIDM00832",-0.332907511601105
"TBX21","SIDM00833",-0.676943690685164
"TBX21","SIDM00834",-0.27779501589205
"TBX21","SIDM00835",-0.230361939985826
"TBX21","SIDM00836",-1.06778897757003
"TBX21","SIDM00837",-0.890964879916767
"TBX21","SIDM00841",-0.965341864342646
"TBX21","SIDM00842",-0.535064552527585
"TBX21","SIDM00846",0.267267858306713
"TBX21","SIDM00859",3.30022932854758
"TBX21","SIDM00863",1.29235345518858
"TBX21","SIDM00864",-1.17625981166562
"TBX21","SIDM00875",-0.47338315284179
"TBX21","SIDM00885",0.56522929630957
"TBX21","SIDM00889",-0.0461801653685819
"TBX21","SIDM00895",0.434095587819383
"TBX21","SIDM00896",2.22746137134603
"TBX21","SIDM00900",3.78382138099879
"TBX21","SIDM00905",-1.3828768523043
"TBX21","SIDM00915",0.251242289597628
"TBX21","SIDM00917",3.10968410553038
"TBX21","SIDM00923",-0.916706670349764
"TBX21","SIDM00927",-1.74473401362628
"TBX21","SIDM00929",-0.994603194302076
"TBX21","SIDM00930",-1.12078148720639
"TBX21","SIDM00935",-0.226345261119807
"TBX21","SIDM00946",3.61308064439559
"TBX21","SIDM00948",-0.195306322310684
"TBX21","SIDM00951",-1.05233796287912
"TBX21","SIDM00952",0.466957809577987
"TBX21","SIDM00953",-0.885012916061815
"TBX21","SIDM00954",-0.0563729968168639
"TBX21","SIDM00958",4.79903938537921
"TBX21","SIDM00960",0.78095727223957
"TBX21","SIDM00962",1.12344704886414
"TBX21","SIDM00964",-1.80552343381959
"TBX21","SIDM00966",0.15200036116639
"TBX21","SIDM00967",0.902297129523246
"TBX21","SIDM00968",-0.978876156249379
"TBX21","SIDM00969",-0.4666510965042
"TBX21","SIDM00970",0.0444831109983799
"TBX21","SIDM00971",0.0914408310372451
"TBX21","SIDM00973",-1.16973838785558
"TBX21","SIDM00974",-0.495208588085149
"TBX21","SIDM00975",-0.530500451732326
"TBX21","SIDM00976",-1.01755445041173
"TBX21","SIDM00984",4.86420111763625
"TBX21","SIDM00995",-1.51083205104729
"TBX21","SIDM01006",1.70226840380769
"TBX21","SIDM01007",0.572551499811735
"TBX21","SIDM01011",1.95194058523836
"TBX21","SIDM01017",1.4275856849482
"TBX21","SIDM01019",-0.125392797346654
"TBX21","SIDM01039",-0.995209463013955
"TBX21","SIDM01041",-1.19409789020038
"TBX21","SIDM01042",-0.506013261687726
"TBX21","SIDM01047",1.17136418990277
"TBX21","SIDM01050",1.44203104803598
"TBX21","SIDM01061",-0.598385632699828
"TBX21","SIDM01064",2.39614824847442
"TBX21","SIDM01073",4.77909717379368
"TBX21","SIDM01090",-0.412544183390208
"TBX21","SIDM01092",6.72514013490544
"TBX21","SIDM01093",-1.15093703640154
"TBX21","SIDM01095",-0.689513132418194
"TBX21","SIDM01097",-1.1644009554535
"TBX21","SIDM01098",-0.919765514190923
"TBX21","SIDM01102",1.6808375540868
"TBX21","SIDM01114",-0.678850301197034
"TBX21","SIDM01117",-1.53736487733653
"TBX21","SIDM01118",-1.06524064879059
"TBX21","SIDM01120",-1.4388749203955
"TBX21","SIDM01122",-1.17428501572006
"TBX21","SIDM01126",-1.11969729597253
"TBX21","SIDM01132",-0.0315362943666557
"TBX21","SIDM01133",-0.00338235983975345
"TBX21","SIDM01140",-1.25869093999997
"TBX21","SIDM01145",-1.17643485312328
"TBX21","SIDM01146",-0.930105442074326
"TBX21","SIDM01149",-1.09203825765268
"TBX21","SIDM01155",-1.00785587958822
"TBX21","SIDM01157",-1.18527683612061
"TBX21","SIDM01159",-1.63778203170459
"TBX21","SIDM01160",-0.347545179454614
"TBX21","SIDM01161",-1.23575911615815
"TBX21","SIDM01162",-1.06225137154659
"TBX21","SIDM01163",-0.495892642085186
"TBX21","SIDM01168",-0.351606764641365
"TBX21","SIDM01173",-0.503781547709613
"TBX21","SIDM01174",-0.501019757960001
"TBX21","SIDM01175",-1.29982860751739
"TBX21","SIDM01177",1.81279910748823
"TBX21","SIDM01178",-0.929266564057374
"TBX21","SIDM01179",-1.13811239416967
"TBX21","SIDM01183",-1.58951814858864
"TBX21","SIDM01185",-1.50949537245704
"TBX21","SIDM01187",0.0121653045471737
"TBX21","SIDM01197",-0.179974655512563
"TBX21","SIDM01198",0.519764410716535
"TBX21","SIDM01203",-0.0398589786642244
"TBX21","SIDM01205",0.304248587812358
"TBX21","SIDM01206",-0.341334844039446
"TBX21","SIDM01210",-1.99161687459616
"TBX21","SIDM01217",0.0459178546642604
"TBX21","SIDM01218",-0.973044903015252
"TBX21","SIDM01220",-0.37682034743876
"TBX21","SIDM01228",0.130652265385607
"TBX21","SIDM01229",-0.492293119296737
"TBX21","SIDM01233",-0.693037522164123
"TBX21","SIDM01237",-0.921553473594774
"TBX21","SIDM01240",0.154475752592451
"TBX21","SIDM01242",-0.238863749953256
"TBX21","SIDM01245",0.0482905268424343
"TBX21","SIDM01246",0.604737241351594
"TBX21","SIDM01247",0.619302217897818
"TBX21","SIDM01248",-1.77889233956772
"TBX21","SIDM01251",-1.28512619620755
"TBX21","SIDM01257",-0.484435788083425
"TBX21","SIDM01259",-0.393442002100775
"TBX21","SIDM01483",-0.775796895872137
